status,algorithm,run_label,instance,dataset,seed,final_score,elapsed_s
ok,Greedy+MILP,baseline_milp,input/real_world/B1.5k_L20_D40.txt,real_world,1,326351,
ok,Greedy,baseline_milp,input/real_world/B1.5k_L20_D40.txt,real_world,1,326351,
ok,MILP1,baseline_milp,input/real_world/B1.5k_L20_D40.txt,real_world,1,345553,
ok,SAT,baseline_milp,input/real_world/B1.5k_L20_D40.txt,real_world,1,344479,
ok,SA,baseline_milp,input/real_world/B1.5k_L20_D40.txt,real_world,1,345553,
ok,MILP2,baseline_milp,input/real_world/B1.5k_L20_D40.txt,real_world,1,326351,
ok,Greedy+MILP,baseline_milp,input/real_world/B1000k_L115_D230.txt,real_world,1,44975266,
ok,Greedy,baseline_milp,input/real_world/B1000k_L115_D230.txt,real_world,1,44975266,
missing,MILP1,baseline_milp,input/real_world/B1000k_L115_D230.txt,real_world,1,,
ok,SAT,baseline_milp,input/real_world/B1000k_L115_D230.txt,real_world,1,45256249,
ok,SA,baseline_milp,input/real_world/B1000k_L115_D230.txt,real_world,1,45256249,
ok,MILP2,baseline_milp,input/real_world/B1000k_L115_D230.txt,real_world,1,47749748,
ok,Greedy+MILP,baseline_milp,input/real_world/B100_L9_D18.txt,real_world,1,4838,
ok,Greedy,baseline_milp,input/real_world/B100_L9_D18.txt,real_world,1,4838,
ok,MILP1,baseline_milp,input/real_world/B100_L9_D18.txt,real_world,1,4916,
ok,SAT,baseline_milp,input/real_world/B100_L9_D18.txt,real_world,1,4656,
ok,SA,baseline_milp,input/real_world/B100_L9_D18.txt,real_world,1,4794,
ok,MILP2,baseline_milp,input/real_world/B100_L9_D18.txt,real_world,1,4794,
ok,Greedy+MILP,baseline_milp,input/real_world/B100k_L600_D28.txt,real_world,1,64503,
ok,Greedy,baseline_milp,input/real_world/B100k_L600_D28.txt,real_world,1,64503,
ok,MILP1,baseline_milp,input/real_world/B100k_L600_D28.txt,real_world,1,113874,
ok,SAT,baseline_milp,input/real_world/B100k_L600_D28.txt,real_world,1,123730,
ok,SA,baseline_milp,input/real_world/B100k_L600_D28.txt,real_world,1,123730,
ok,MILP2,baseline_milp,input/real_world/B100k_L600_D28.txt,real_world,1,121749,
ok,Greedy+MILP,baseline_milp,input/real_world/B1200k_L120_D240.txt,real_world,1,42791612,
ok,Greedy,baseline_milp,input/real_world/B1200k_L120_D240.txt,real_world,1,42791612,
missing,MILP1,baseline_milp,input/real_world/B1200k_L120_D240.txt,real_world,1,,
ok,SAT,baseline_milp,input/real_world/B1200k_L120_D240.txt,real_world,1,43089159,
ok,SA,baseline_milp,input/real_world/B1200k_L120_D240.txt,real_world,1,41692373,
ok,MILP2,baseline_milp,input/real_world/B1200k_L120_D240.txt,real_world,1,41692373,
ok,Greedy+MILP,baseline_milp,input/real_world/B120k_L80_D160.txt,real_world,1,26908280,
ok,Greedy,baseline_milp,input/real_world/B120k_L80_D160.txt,real_world,1,26908280,
missing,MILP1,baseline_milp,input/real_world/B120k_L80_D160.txt,real_world,1,,
ok,SAT,baseline_milp,input/real_world/B120k_L80_D160.txt,real_world,1,28495033,
ok,SA,baseline_milp,input/real_world/B120k_L80_D160.txt,real_world,1,28495033,
ok,MILP2,baseline_milp,input/real_world/B120k_L80_D160.txt,real_world,1,28411538,
ok,Greedy+MILP,baseline_milp,input/real_world/B12k_L45_D90.txt,real_world,1,3779970,
ok,Greedy,baseline_milp,input/real_world/B12k_L45_D90.txt,real_world,1,3779970,
missing,MILP1,baseline_milp,input/real_world/B12k_L45_D90.txt,real_world,1,,
ok,SAT,baseline_milp,input/real_world/B12k_L45_D90.txt,real_world,1,4639712,
ok,SA,baseline_milp,input/real_world/B12k_L45_D90.txt,real_world,1,4685628,
ok,MILP2,baseline_milp,input/real_world/B12k_L45_D90.txt,real_world,1,4685628,
ok,Greedy+MILP,baseline_milp,input/real_world/B1400k_L125_D250.txt,real_world,1,44898675,
ok,Greedy,baseline_milp,input/real_world/B1400k_L125_D250.txt,real_world,1,44898675,
missing,MILP1,baseline_milp,input/real_world/B1400k_L125_D250.txt,real_world,1,,
ok,SAT,baseline_milp,input/real_world/B1400k_L125_D250.txt,real_world,1,39041494,
ok,SA,baseline_milp,input/real_world/B1400k_L125_D250.txt,real_world,1,39041494,
ok,MILP2,baseline_milp,input/real_world/B1400k_L125_D250.txt,real_world,1,39041494,
ok,Greedy+MILP,baseline_milp,input/real_world/B150_L8_D10.txt,real_world,1,8481,
ok,Greedy,baseline_milp,input/real_world/B150_L8_D10.txt,real_world,1,8481,
ok,MILP1,baseline_milp,input/real_world/B150_L8_D10.txt,real_world,1,8454,
ok,SAT,baseline_milp,input/real_world/B150_L8_D10.txt,real_world,1,8481,
ok,SA,baseline_milp,input/real_world/B150_L8_D10.txt,real_world,1,8481,
ok,MILP2,baseline_milp,input/real_world/B150_L8_D10.txt,real_world,1,8481,
ok,Greedy+MILP,baseline_milp,input/real_world/B1600k_L130_D260.txt,real_world,1,45692832,
ok,Greedy,baseline_milp,input/real_world/B1600k_L130_D260.txt,real_world,1,45692832,
missing,MILP1,baseline_milp,input/real_world/B1600k_L130_D260.txt,real_world,1,,
ok,SAT,baseline_milp,input/real_world/B1600k_L130_D260.txt,real_world,1,37806285,
ok,SA,baseline_milp,input/real_world/B1600k_L130_D260.txt,real_world,1,37806285,
ok,MILP2,baseline_milp,input/real_world/B1600k_L130_D260.txt,real_world,1,37806285,
ok,Greedy+MILP,baseline_milp,input/real_world/B1800k_L135_D270.txt,real_world,1,57146652,
ok,Greedy,baseline_milp,input/real_world/B1800k_L135_D270.txt,real_world,1,57146652,
missing,MILP1,baseline_milp,input/real_world/B1800k_L135_D270.txt,real_world,1,,
ok,SAT,baseline_milp,input/real_world/B1800k_L135_D270.txt,real_world,1,57550484,
ok,SA,baseline_milp,input/real_world/B1800k_L135_D270.txt,real_world,1,56194617,
ok,MILP2,baseline_milp,input/real_world/B1800k_L135_D270.txt,real_world,1,56194617,
ok,Greedy+MILP,baseline_milp,input/real_world/B180k_L85_D170.txt,real_world,1,30326321,
ok,Greedy,baseline_milp,input/real_world/B180k_L85_D170.txt,real_world,1,30326321,
missing,MILP1,baseline_milp,input/real_world/B180k_L85_D170.txt,real_world,1,,
ok,SAT,baseline_milp,input/real_world/B180k_L85_D170.txt,real_world,1,27926030,
ok,SA,baseline_milp,input/real_world/B180k_L85_D170.txt,real_world,1,31504169,
ok,MILP2,baseline_milp,input/real_world/B180k_L85_D170.txt,real_world,1,31504169,
ok,Greedy+MILP,baseline_milp,input/real_world/B18k_L50_D100.txt,real_world,1,6027559,
ok,Greedy,baseline_milp,input/real_world/B18k_L50_D100.txt,real_world,1,6027559,
missing,MILP1,baseline_milp,input/real_world/B18k_L50_D100.txt,real_world,1,,
ok,SAT,baseline_milp,input/real_world/B18k_L50_D100.txt,real_world,1,6247405,
ok,SA,baseline_milp,input/real_world/B18k_L50_D100.txt,real_world,1,6817337,
ok,MILP2,baseline_milp,input/real_world/B18k_L50_D100.txt,real_world,1,6817337,
ok,Greedy+MILP,baseline_milp,input/real_world/B1k_L18_D17.txt,real_world,1,116176,
ok,Greedy,baseline_milp,input/real_world/B1k_L18_D17.txt,real_world,1,116176,
ok,MILP1,baseline_milp,input/real_world/B1k_L18_D17.txt,real_world,1,110125,
ok,SAT,baseline_milp,input/real_world/B1k_L18_D17.txt,real_world,1,127579,
ok,SA,baseline_milp,input/real_world/B1k_L18_D17.txt,real_world,1,102814,
ok,MILP2,baseline_milp,input/real_world/B1k_L18_D17.txt,real_world,1,69397,
ok,Greedy+MILP,baseline_milp,input/real_world/B2.5k_L25_D50.txt,real_world,1,554046,
ok,Greedy,baseline_milp,input/real_world/B2.5k_L25_D50.txt,real_world,1,554046,
ok,MILP1,baseline_milp,input/real_world/B2.5k_L25_D50.txt,real_world,1,662465,
ok,SAT,baseline_milp,input/real_world/B2.5k_L25_D50.txt,real_world,1,591214,
ok,SA,baseline_milp,input/real_world/B2.5k_L25_D50.txt,real_world,1,615177,
ok,MILP2,baseline_milp,input/real_world/B2.5k_L25_D50.txt,real_world,1,591214,
ok,Greedy+MILP,baseline_milp,input/real_world/B2000k_L140_D280.txt,real_world,1,50245011,
ok,Greedy,baseline_milp,input/real_world/B2000k_L140_D280.txt,real_world,1,50245011,
missing,MILP1,baseline_milp,input/real_world/B2000k_L140_D280.txt,real_world,1,,
ok,SAT,baseline_milp,input/real_world/B2000k_L140_D280.txt,real_world,1,49660568,
ok,SA,baseline_milp,input/real_world/B2000k_L140_D280.txt,real_world,1,49660568,
ok,MILP2,baseline_milp,input/real_world/B2000k_L140_D280.txt,real_world,1,49660568,
ok,Greedy+MILP,baseline_milp,input/real_world/B240k_L90_D180.txt,real_world,1,27840091,
ok,Greedy,baseline_milp,input/real_world/B240k_L90_D180.txt,real_world,1,27840091,
missing,MILP1,baseline_milp,input/real_world/B240k_L90_D180.txt,real_world,1,,
ok,SAT,baseline_milp,input/real_world/B240k_L90_D180.txt,real_world,1,28275299,
ok,SA,baseline_milp,input/real_world/B240k_L90_D180.txt,real_world,1,28275299,
ok,MILP2,baseline_milp,input/real_world/B240k_L90_D180.txt,real_world,1,28275299,
ok,Greedy+MILP,baseline_milp,input/real_world/B25k_L55_D110.txt,real_world,1,8075887,
ok,Greedy,baseline_milp,input/real_world/B25k_L55_D110.txt,real_world,1,8075887,
missing,MILP1,baseline_milp,input/real_world/B25k_L55_D110.txt,real_world,1,,
ok,SAT,baseline_milp,input/real_world/B25k_L55_D110.txt,real_world,1,7011691,
ok,SA,baseline_milp,input/real_world/B25k_L55_D110.txt,real_world,1,7637327,
ok,MILP2,baseline_milp,input/real_world/B25k_L55_D110.txt,real_world,1,7637327,
ok,Greedy+MILP,baseline_milp,input/real_world/B300_L11_D20.txt,real_world,1,20683,
ok,Greedy,baseline_milp,input/real_world/B300_L11_D20.txt,real_world,1,20683,
ok,MILP1,baseline_milp,input/real_world/B300_L11_D20.txt,real_world,1,22085,
ok,SAT,baseline_milp,input/real_world/B300_L11_D20.txt,real_world,1,20683,
ok,SA,baseline_milp,input/real_world/B300_L11_D20.txt,real_world,1,20683,
ok,MILP2,baseline_milp,input/real_world/B300_L11_D20.txt,real_world,1,20683,
ok,Greedy+MILP,baseline_milp,input/real_world/B300k_L95_D190.txt,real_world,1,27347642,
ok,Greedy,baseline_milp,input/real_world/B300k_L95_D190.txt,real_world,1,27347642,
missing,MILP1,baseline_milp,input/real_world/B300k_L95_D190.txt,real_world,1,,
ok,SAT,baseline_milp,input/real_world/B300k_L95_D190.txt,real_world,1,26273080,
ok,SA,baseline_milp,input/real_world/B300k_L95_D190.txt,real_world,1,26273080,
ok,MILP2,baseline_milp,input/real_world/B300k_L95_D190.txt,real_world,1,27565871,
ok,Greedy+MILP,baseline_milp,input/real_world/B35k_L60_D120.txt,real_world,1,10700619,
ok,Greedy,baseline_milp,input/real_world/B35k_L60_D120.txt,real_world,1,10700619,
missing,MILP1,baseline_milp,input/real_world/B35k_L60_D120.txt,real_world,1,,
ok,SAT,baseline_milp,input/real_world/B35k_L60_D120.txt,real_world,1,11220952,
ok,SA,baseline_milp,input/real_world/B35k_L60_D120.txt,real_world,1,11006520,
ok,MILP2,baseline_milp,input/real_world/B35k_L60_D120.txt,real_world,1,11095874,
ok,Greedy+MILP,baseline_milp,input/real_world/B450k_L100_D200.txt,real_world,1,33798633,
ok,Greedy,baseline_milp,input/real_world/B450k_L100_D200.txt,real_world,1,33798633,
missing,MILP1,baseline_milp,input/real_world/B450k_L100_D200.txt,real_world,1,,
ok,SAT,baseline_milp,input/real_world/B450k_L100_D200.txt,real_world,1,35998267,
ok,SA,baseline_milp,input/real_world/B450k_L100_D200.txt,real_world,1,36647224,
ok,MILP2,baseline_milp,input/real_world/B450k_L100_D200.txt,real_world,1,36647224,
ok,Greedy+MILP,baseline_milp,input/real_world/B48k_L65_D130.txt,real_world,1,15135678,
ok,Greedy,baseline_milp,input/real_world/B48k_L65_D130.txt,real_world,1,15135678,
missing,MILP1,baseline_milp,input/real_world/B48k_L65_D130.txt,real_world,1,,
ok,SAT,baseline_milp,input/real_world/B48k_L65_D130.txt,real_world,1,14690637,
ok,SA,baseline_milp,input/real_world/B48k_L65_D130.txt,real_world,1,14690637,
ok,MILP2,baseline_milp,input/real_world/B48k_L65_D130.txt,real_world,1,14690637,
ok,Greedy+MILP,baseline_milp,input/real_world/B4k_L30_D60.txt,real_world,1,1242400,
ok,Greedy,baseline_milp,input/real_world/B4k_L30_D60.txt,real_world,1,1242400,
ok,MILP1,baseline_milp,input/real_world/B4k_L30_D60.txt,real_world,1,1383173,
ok,SAT,baseline_milp,input/real_world/B4k_L30_D60.txt,real_world,1,1187061,
ok,SA,baseline_milp,input/real_world/B4k_L30_D60.txt,real_world,1,1267927,
ok,MILP2,baseline_milp,input/real_world/B4k_L30_D60.txt,real_world,1,1311886,
ok,Greedy+MILP,baseline_milp,input/real_world/B500_L14_D18.txt,real_world,1,36114,
ok,Greedy,baseline_milp,input/real_world/B500_L14_D18.txt,real_world,1,36114,
ok,MILP1,baseline_milp,input/real_world/B500_L14_D18.txt,real_world,1,48465,
ok,SAT,baseline_milp,input/real_world/B500_L14_D18.txt,real_world,1,48465,
ok,SA,baseline_milp,input/real_world/B500_L14_D18.txt,real_world,1,48465,
ok,MILP2,baseline_milp,input/real_world/B500_L14_D18.txt,real_world,1,48465,
ok,Greedy+MILP,baseline_milp,input/real_world/B50_L5_D4.txt,real_world,1,581,
ok,Greedy,baseline_milp,input/real_world/B50_L5_D4.txt,real_world,1,581,
ok,MILP1,baseline_milp,input/real_world/B50_L5_D4.txt,real_world,1,581,
ok,SAT,baseline_milp,input/real_world/B50_L5_D4.txt,real_world,1,471,
ok,SA,baseline_milp,input/real_world/B50_L5_D4.txt,real_world,1,471,
ok,MILP2,baseline_milp,input/real_world/B50_L5_D4.txt,real_world,1,222,
ok,Greedy+MILP,baseline_milp,input/real_world/B50k_L400_D28.txt,real_world,1,80473,
ok,Greedy,baseline_milp,input/real_world/B50k_L400_D28.txt,real_world,1,80473,
ok,MILP1,baseline_milp,input/real_world/B50k_L400_D28.txt,real_world,1,112079,
ok,SAT,baseline_milp,input/real_world/B50k_L400_D28.txt,real_world,1,113300,
ok,SA,baseline_milp,input/real_world/B50k_L400_D28.txt,real_world,1,115710,
ok,MILP2,baseline_milp,input/real_world/B50k_L400_D28.txt,real_world,1,115710,
ok,Greedy+MILP,baseline_milp,input/real_world/B5k_L90_D21.txt,real_world,1,2876,
ok,Greedy,baseline_milp,input/real_world/B5k_L90_D21.txt,real_world,1,2876,
ok,MILP1,baseline_milp,input/real_world/B5k_L90_D21.txt,real_world,1,3597,
ok,SAT,baseline_milp,input/real_world/B5k_L90_D21.txt,real_world,1,3244,
ok,SA,baseline_milp,input/real_world/B5k_L90_D21.txt,real_world,1,3221,
ok,MILP2,baseline_milp,input/real_world/B5k_L90_D21.txt,real_world,1,3221,
ok,Greedy+MILP,baseline_milp,input/real_world/B600k_L105_D210.txt,real_world,1,42595546,
ok,Greedy,baseline_milp,input/real_world/B600k_L105_D210.txt,real_world,1,42595546,
missing,MILP1,baseline_milp,input/real_world/B600k_L105_D210.txt,real_world,1,,
ok,SAT,baseline_milp,input/real_world/B600k_L105_D210.txt,real_world,1,42533343,
ok,SA,baseline_milp,input/real_world/B600k_L105_D210.txt,real_world,1,44272836,
ok,MILP2,baseline_milp,input/real_world/B600k_L105_D210.txt,real_world,1,43886807,
ok,Greedy+MILP,baseline_milp,input/real_world/B60_L6_D6.txt,real_world,1,939,
ok,Greedy,baseline_milp,input/real_world/B60_L6_D6.txt,real_world,1,939,
ok,MILP1,baseline_milp,input/real_world/B60_L6_D6.txt,real_world,1,939,
ok,SAT,baseline_milp,input/real_world/B60_L6_D6.txt,real_world,1,706,
ok,SA,baseline_milp,input/real_world/B60_L6_D6.txt,real_world,1,706,
ok,MILP2,baseline_milp,input/real_world/B60_L6_D6.txt,real_world,1,738,
ok,Greedy+MILP,baseline_milp,input/real_world/B60k_L70_D140.txt,real_world,1,13542725,
ok,Greedy,baseline_milp,input/real_world/B60k_L70_D140.txt,real_world,1,13542725,
missing,MILP1,baseline_milp,input/real_world/B60k_L70_D140.txt,real_world,1,,
ok,SAT,baseline_milp,input/real_world/B60k_L70_D140.txt,real_world,1,14484743,
ok,SA,baseline_milp,input/real_world/B60k_L70_D140.txt,real_world,1,13147385,
ok,MILP2,baseline_milp,input/real_world/B60k_L70_D140.txt,real_world,1,13147385,
ok,Greedy+MILP,baseline_milp,input/real_world/B6k_L35_D70.txt,real_world,1,2307803,
ok,Greedy,baseline_milp,input/real_world/B6k_L35_D70.txt,real_world,1,2307803,
ok,MILP1,baseline_milp,input/real_world/B6k_L35_D70.txt,real_world,1,2307803,
ok,SAT,baseline_milp,input/real_world/B6k_L35_D70.txt,real_world,1,2232682,
ok,SA,baseline_milp,input/real_world/B6k_L35_D70.txt,real_world,1,2076043,
ok,MILP2,baseline_milp,input/real_world/B6k_L35_D70.txt,real_world,1,2076043,
ok,Greedy+MILP,baseline_milp,input/real_world/B70_L8_D7.txt,real_world,1,1822,
ok,Greedy,baseline_milp,input/real_world/B70_L8_D7.txt,real_world,1,1822,
ok,MILP1,baseline_milp,input/real_world/B70_L8_D7.txt,real_world,1,2100,
ok,SAT,baseline_milp,input/real_world/B70_L8_D7.txt,real_world,1,1962,
ok,SA,baseline_milp,input/real_world/B70_L8_D7.txt,real_world,1,1962,
ok,MILP2,baseline_milp,input/real_world/B70_L8_D7.txt,real_world,1,1962,
ok,Greedy+MILP,baseline_milp,input/real_world/B750_L20_D14.txt,real_world,1,56508,
ok,Greedy,baseline_milp,input/real_world/B750_L20_D14.txt,real_world,1,56508,
ok,MILP1,baseline_milp,input/real_world/B750_L20_D14.txt,real_world,1,65520,
ok,SAT,baseline_milp,input/real_world/B750_L20_D14.txt,real_world,1,65520,
ok,SA,baseline_milp,input/real_world/B750_L20_D14.txt,real_world,1,65520,
ok,MILP2,baseline_milp,input/real_world/B750_L20_D14.txt,real_world,1,30472,
ok,Greedy+MILP,baseline_milp,input/real_world/B800k_L110_D220.txt,real_world,1,47003974,
ok,Greedy,baseline_milp,input/real_world/B800k_L110_D220.txt,real_world,1,47003974,
missing,MILP1,baseline_milp,input/real_world/B800k_L110_D220.txt,real_world,1,,
ok,SAT,baseline_milp,input/real_world/B800k_L110_D220.txt,real_world,1,41106821,
ok,SA,baseline_milp,input/real_world/B800k_L110_D220.txt,real_world,1,41838566,
ok,MILP2,baseline_milp,input/real_world/B800k_L110_D220.txt,real_world,1,40176163,
ok,Greedy+MILP,baseline_milp,input/real_world/B80_L7_D9.txt,real_world,1,1513,
ok,Greedy,baseline_milp,input/real_world/B80_L7_D9.txt,real_world,1,1513,
ok,MILP1,baseline_milp,input/real_world/B80_L7_D9.txt,real_world,1,2191,
ok,SAT,baseline_milp,input/real_world/B80_L7_D9.txt,real_world,1,2107,
ok,SA,baseline_milp,input/real_world/B80_L7_D9.txt,real_world,1,2107,
ok,MILP2,baseline_milp,input/real_world/B80_L7_D9.txt,real_world,1,2191,
ok,Greedy+MILP,baseline_milp,input/real_world/B80k_L75_D150.txt,real_world,1,24938008,
ok,Greedy,baseline_milp,input/real_world/B80k_L75_D150.txt,real_world,1,24938008,
missing,MILP1,baseline_milp,input/real_world/B80k_L75_D150.txt,real_world,1,,
ok,SAT,baseline_milp,input/real_world/B80k_L75_D150.txt,real_world,1,20679941,
ok,SA,baseline_milp,input/real_world/B80k_L75_D150.txt,real_world,1,20399035,
ok,MILP2,baseline_milp,input/real_world/B80k_L75_D150.txt,real_world,1,19366889,
ok,Greedy+MILP,baseline_milp,input/real_world/B90_L6_D11.txt,real_world,1,1770,
ok,Greedy,baseline_milp,input/real_world/B90_L6_D11.txt,real_world,1,1770,
ok,MILP1,baseline_milp,input/real_world/B90_L6_D11.txt,real_world,1,2567,
ok,SAT,baseline_milp,input/real_world/B90_L6_D11.txt,real_world,1,1959,
ok,SA,baseline_milp,input/real_world/B90_L6_D11.txt,real_world,1,1959,
ok,MILP2,baseline_milp,input/real_world/B90_L6_D11.txt,real_world,1,2099,
ok,Greedy+MILP,baseline_milp,input/real_world/B90k_L850_D21.txt,real_world,1,383,
ok,Greedy,baseline_milp,input/real_world/B90k_L850_D21.txt,real_world,1,383,
ok,MILP1,baseline_milp,input/real_world/B90k_L850_D21.txt,real_world,1,869,
ok,SAT,baseline_milp,input/real_world/B90k_L850_D21.txt,real_world,1,769,
ok,SA,baseline_milp,input/real_world/B90k_L850_D21.txt,real_world,1,769,
ok,MILP2,baseline_milp,input/real_world/B90k_L850_D21.txt,real_world,1,731,
ok,Greedy+MILP,baseline_milp,input/real_world/B95_L5_D12.txt,real_world,1,3770,
ok,Greedy,baseline_milp,input/real_world/B95_L5_D12.txt,real_world,1,3770,
ok,MILP1,baseline_milp,input/real_world/B95_L5_D12.txt,real_world,1,3091,
ok,SAT,baseline_milp,input/real_world/B95_L5_D12.txt,real_world,1,3770,
ok,SA,baseline_milp,input/real_world/B95_L5_D12.txt,real_world,1,3770,
ok,MILP2,baseline_milp,input/real_world/B95_L5_D12.txt,real_world,1,3770,
ok,Greedy+MILP,baseline_milp,input/real_world/B95k_L2k_D28.txt,real_world,1,767382,
ok,Greedy,baseline_milp,input/real_world/B95k_L2k_D28.txt,real_world,1,767382,
ok,MILP1,baseline_milp,input/real_world/B95k_L2k_D28.txt,real_world,1,1366541,
ok,SAT,baseline_milp,input/real_world/B95k_L2k_D28.txt,real_world,1,1269819,
ok,SA,baseline_milp,input/real_world/B95k_L2k_D28.txt,real_world,1,1274055,
ok,MILP2,baseline_milp,input/real_world/B95k_L2k_D28.txt,real_world,1,1269626,
ok,Greedy+MILP,baseline_milp,input/real_world/B96_L6_D14.txt,real_world,1,3257,
ok,Greedy,baseline_milp,input/real_world/B96_L6_D14.txt,real_world,1,3257,
ok,MILP1,baseline_milp,input/real_world/B96_L6_D14.txt,real_world,1,4394,
ok,SAT,baseline_milp,input/real_world/B96_L6_D14.txt,real_world,1,4394,
ok,SA,baseline_milp,input/real_world/B96_L6_D14.txt,real_world,1,4394,
ok,MILP2,baseline_milp,input/real_world/B96_L6_D14.txt,real_world,1,3257,
ok,Greedy+MILP,baseline_milp,input/real_world/B98_L4_D15.txt,real_world,1,3552,
ok,Greedy,baseline_milp,input/real_world/B98_L4_D15.txt,real_world,1,3552,
ok,MILP1,baseline_milp,input/real_world/B98_L4_D15.txt,real_world,1,3552,
ok,SAT,baseline_milp,input/real_world/B98_L4_D15.txt,real_world,1,3552,
ok,SA,baseline_milp,input/real_world/B98_L4_D15.txt,real_world,1,3552,
ok,MILP2,baseline_milp,input/real_world/B98_L4_D15.txt,real_world,1,3400,
ok,Greedy+MILP,baseline_milp,input/real_world/B99_L7_D16.txt,real_world,1,4438,
ok,Greedy,baseline_milp,input/real_world/B99_L7_D16.txt,real_world,1,4438,
ok,MILP1,baseline_milp,input/real_world/B99_L7_D16.txt,real_world,1,4362,
ok,SAT,baseline_milp,input/real_world/B99_L7_D16.txt,real_world,1,4438,
ok,SA,baseline_milp,input/real_world/B99_L7_D16.txt,real_world,1,4438,
ok,MILP2,baseline_milp,input/real_world/B99_L7_D16.txt,real_world,1,4438,
ok,Greedy+MILP,baseline_milp,input/real_world/B9k_L40_D80.txt,real_world,1,1955107,
ok,Greedy,baseline_milp,input/real_world/B9k_L40_D80.txt,real_world,1,1955107,
ok,MILP1,baseline_milp,input/real_world/B9k_L40_D80.txt,real_world,1,3476231,
ok,SAT,baseline_milp,input/real_world/B9k_L40_D80.txt,real_world,1,2559559,
ok,SA,baseline_milp,input/real_world/B9k_L40_D80.txt,real_world,1,2955207,
ok,MILP2,baseline_milp,input/real_world/B9k_L40_D80.txt,real_world,1,2903545,
ok,Greedy+MILP,baseline_milp,input/google_hashcode/b_read_on.txt,google_hashcode,1,5822900,
ok,Greedy,baseline_milp,input/google_hashcode/b_read_on.txt,google_hashcode,1,5822900,
ok,MILP1,baseline_milp,input/google_hashcode/b_read_on.txt,google_hashcode,1,4563300,
ok,SAT,baseline_milp,input/google_hashcode/b_read_on.txt,google_hashcode,1,5822900,
ok,SA,baseline_milp,input/google_hashcode/b_read_on.txt,google_hashcode,1,199700,
ok,MILP2,baseline_milp,input/google_hashcode/b_read_on.txt,google_hashcode,1,5822900,
ok,Greedy+MILP,baseline_milp,input/google_hashcode/c_incunabula.txt,google_hashcode,1,5467966,
ok,Greedy,baseline_milp,input/google_hashcode/c_incunabula.txt,google_hashcode,1,5467966,
ok,MILP1,baseline_milp,input/google_hashcode/c_incunabula.txt,google_hashcode,1,5690888,
ok,SAT,baseline_milp,input/google_hashcode/c_incunabula.txt,google_hashcode,1,5436542,
ok,SA,baseline_milp,input/google_hashcode/c_incunabula.txt,google_hashcode,1,5388615,
ok,MILP2,baseline_milp,input/google_hashcode/c_incunabula.txt,google_hashcode,1,3943983,
ok,Greedy+MILP,baseline_milp,input/google_hashcode/d_tough_choices.txt,google_hashcode,1,4109300,
ok,Greedy,baseline_milp,input/google_hashcode/d_tough_choices.txt,google_hashcode,1,4109300,
invalid_zero,MILP1,baseline_milp,input/google_hashcode/d_tough_choices.txt,google_hashcode,1,0,
ok,SAT,baseline_milp,input/google_hashcode/d_tough_choices.txt,google_hashcode,1,5109000,
ok,SA,baseline_milp,input/google_hashcode/d_tough_choices.txt,google_hashcode,1,4811105,
ok,MILP2,baseline_milp,input/google_hashcode/d_tough_choices.txt,google_hashcode,1,4811170,
ok,Greedy+MILP,baseline_milp,input/google_hashcode/e_so_many_books.txt,google_hashcode,1,4395880,
ok,Greedy,baseline_milp,input/google_hashcode/e_so_many_books.txt,google_hashcode,1,4395880,
invalid_zero,MILP1,baseline_milp,input/google_hashcode/e_so_many_books.txt,google_hashcode,1,0,
ok,SAT,baseline_milp,input/google_hashcode/e_so_many_books.txt,google_hashcode,1,5119283,
ok,SA,baseline_milp,input/google_hashcode/e_so_many_books.txt,google_hashcode,1,5240723,
ok,MILP2,baseline_milp,input/google_hashcode/e_so_many_books.txt,google_hashcode,1,5165502,
ok,Greedy+MILP,baseline_milp,input/google_hashcode/f_libraries_of_the_world.txt,google_hashcode,1,2692713,
ok,Greedy,baseline_milp,input/google_hashcode/f_libraries_of_the_world.txt,google_hashcode,1,2692713,
invalid_zero,MILP1,baseline_milp,input/google_hashcode/f_libraries_of_the_world.txt,google_hashcode,1,0,
ok,SAT,baseline_milp,input/google_hashcode/f_libraries_of_the_world.txt,google_hashcode,1,4790783,
ok,SA,baseline_milp,input/google_hashcode/f_libraries_of_the_world.txt,google_hashcode,1,4895326,
ok,MILP2,baseline_milp,input/google_hashcode/f_libraries_of_the_world.txt,google_hashcode,1,5348248,
ok,Greedy+MILP,baseline_milp,input/synthetic/synthetic_1.txt,synthetic,1,267587,
ok,Greedy,baseline_milp,input/synthetic/synthetic_1.txt,synthetic,1,267587,
ok,MILP1,baseline_milp,input/synthetic/synthetic_1.txt,synthetic,1,267587,
ok,SAT,baseline_milp,input/synthetic/synthetic_1.txt,synthetic,1,267587,
ok,SA,baseline_milp,input/synthetic/synthetic_1.txt,synthetic,1,267587,
ok,MILP2,baseline_milp,input/synthetic/synthetic_1.txt,synthetic,1,267587,
ok,Greedy+MILP,baseline_milp,input/synthetic/synthetic_10.txt,synthetic,1,16142,
ok,Greedy,baseline_milp,input/synthetic/synthetic_10.txt,synthetic,1,16142,
ok,MILP1,baseline_milp,input/synthetic/synthetic_10.txt,synthetic,1,17463,
ok,SAT,baseline_milp,input/synthetic/synthetic_10.txt,synthetic,1,17463,
ok,SA,baseline_milp,input/synthetic/synthetic_10.txt,synthetic,1,17463,
ok,MILP2,baseline_milp,input/synthetic/synthetic_10.txt,synthetic,1,16768,
ok,Greedy+MILP,baseline_milp,input/synthetic/synthetic_100.txt,synthetic,1,156794,
ok,Greedy,baseline_milp,input/synthetic/synthetic_100.txt,synthetic,1,156794,
ok,MILP1,baseline_milp,input/synthetic/synthetic_100.txt,synthetic,1,156794,
ok,SAT,baseline_milp,input/synthetic/synthetic_100.txt,synthetic,1,156794,
ok,SA,baseline_milp,input/synthetic/synthetic_100.txt,synthetic,1,156794,
ok,MILP2,baseline_milp,input/synthetic/synthetic_100.txt,synthetic,1,156794,
ok,Greedy+MILP,baseline_milp,input/synthetic/synthetic_101.txt,synthetic,1,152994,
ok,Greedy,baseline_milp,input/synthetic/synthetic_101.txt,synthetic,1,152994,
ok,MILP1,baseline_milp,input/synthetic/synthetic_101.txt,synthetic,1,152994,
ok,SAT,baseline_milp,input/synthetic/synthetic_101.txt,synthetic,1,152994,
ok,SA,baseline_milp,input/synthetic/synthetic_101.txt,synthetic,1,152994,
ok,MILP2,baseline_milp,input/synthetic/synthetic_101.txt,synthetic,1,152994,
ok,Greedy+MILP,baseline_milp,input/synthetic/synthetic_102.txt,synthetic,1,92691,
ok,Greedy,baseline_milp,input/synthetic/synthetic_102.txt,synthetic,1,92691,
ok,MILP1,baseline_milp,input/synthetic/synthetic_102.txt,synthetic,1,92691,
ok,SAT,baseline_milp,input/synthetic/synthetic_102.txt,synthetic,1,92691,
ok,SA,baseline_milp,input/synthetic/synthetic_102.txt,synthetic,1,92691,
missing,MILP2,baseline_milp,input/synthetic/synthetic_102.txt,synthetic,1,,
ok,Greedy+MILP,baseline_milp,input/synthetic/synthetic_103.txt,synthetic,1,2933849,
ok,Greedy,baseline_milp,input/synthetic/synthetic_103.txt,synthetic,1,2933849,
ok,MILP1,baseline_milp,input/synthetic/synthetic_103.txt,synthetic,1,2933849,
ok,SAT,baseline_milp,input/synthetic/synthetic_103.txt,synthetic,1,2933849,
ok,SA,baseline_milp,input/synthetic/synthetic_103.txt,synthetic,1,2933849,
ok,MILP2,baseline_milp,input/synthetic/synthetic_103.txt,synthetic,1,2933849,
ok,Greedy+MILP,baseline_milp,input/synthetic/synthetic_104.txt,synthetic,1,6527023,
ok,Greedy,baseline_milp,input/synthetic/synthetic_104.txt,synthetic,1,6527023,
missing,MILP1,baseline_milp,input/synthetic/synthetic_104.txt,synthetic,1,,
ok,SAT,baseline_milp,input/synthetic/synthetic_104.txt,synthetic,1,6561855,
ok,SA,baseline_milp,input/synthetic/synthetic_104.txt,synthetic,1,6560377,
ok,MILP2,baseline_milp,input/synthetic/synthetic_104.txt,synthetic,1,6558385,
ok,Greedy+MILP,baseline_milp,input/synthetic/synthetic_105.txt,synthetic,1,8459918,
ok,Greedy,baseline_milp,input/synthetic/synthetic_105.txt,synthetic,1,8459918,
ok,MILP1,baseline_milp,input/synthetic/synthetic_105.txt,synthetic,1,8490974,
ok,SAT,baseline_milp,input/synthetic/synthetic_105.txt,synthetic,1,8487090,
ok,SA,baseline_milp,input/synthetic/synthetic_105.txt,synthetic,1,8478835,
ok,MILP2,baseline_milp,input/synthetic/synthetic_105.txt,synthetic,1,8487090,
ok,Greedy+MILP,baseline_milp,input/synthetic/synthetic_106.txt,synthetic,1,41357636,
ok,Greedy,baseline_milp,input/synthetic/synthetic_106.txt,synthetic,1,41357636,
missing,MILP1,baseline_milp,input/synthetic/synthetic_106.txt,synthetic,1,,
ok,SAT,baseline_milp,input/synthetic/synthetic_106.txt,synthetic,1,41425109,
ok,SA,baseline_milp,input/synthetic/synthetic_106.txt,synthetic,1,41416964,
missing,MILP2,baseline_milp,input/synthetic/synthetic_106.txt,synthetic,1,,
ok,Greedy+MILP,baseline_milp,input/synthetic/synthetic_107.txt,synthetic,1,225474,
ok,Greedy,baseline_milp,input/synthetic/synthetic_107.txt,synthetic,1,225474,
ok,MILP1,baseline_milp,input/synthetic/synthetic_107.txt,synthetic,1,225474,
ok,SAT,baseline_milp,input/synthetic/synthetic_107.txt,synthetic,1,225474,
ok,SA,baseline_milp,input/synthetic/synthetic_107.txt,synthetic,1,225474,
ok,MILP2,baseline_milp,input/synthetic/synthetic_107.txt,synthetic,1,225474,
ok,Greedy+MILP,baseline_milp,input/synthetic/synthetic_108.txt,synthetic,1,9421708,
ok,Greedy,baseline_milp,input/synthetic/synthetic_108.txt,synthetic,1,9421708,
missing,MILP1,baseline_milp,input/synthetic/synthetic_108.txt,synthetic,1,,
ok,SAT,baseline_milp,input/synthetic/synthetic_108.txt,synthetic,1,9491560,
ok,SA,baseline_milp,input/synthetic/synthetic_108.txt,synthetic,1,9521568,
ok,MILP2,baseline_milp,input/synthetic/synthetic_108.txt,synthetic,1,9521568,
ok,Greedy+MILP,baseline_milp,input/synthetic/synthetic_109.txt,synthetic,1,120045,
ok,Greedy,baseline_milp,input/synthetic/synthetic_109.txt,synthetic,1,120045,
ok,MILP1,baseline_milp,input/synthetic/synthetic_109.txt,synthetic,1,120045,
ok,SAT,baseline_milp,input/synthetic/synthetic_109.txt,synthetic,1,120045,
ok,SA,baseline_milp,input/synthetic/synthetic_109.txt,synthetic,1,120045,
ok,MILP2,baseline_milp,input/synthetic/synthetic_109.txt,synthetic,1,120045,
ok,Greedy+MILP,baseline_milp,input/synthetic/synthetic_11.txt,synthetic,1,182898,
ok,Greedy,baseline_milp,input/synthetic/synthetic_11.txt,synthetic,1,182898,
ok,MILP1,baseline_milp,input/synthetic/synthetic_11.txt,synthetic,1,299856,
ok,SAT,baseline_milp,input/synthetic/synthetic_11.txt,synthetic,1,287901,
ok,SA,baseline_milp,input/synthetic/synthetic_11.txt,synthetic,1,287643,
ok,MILP2,baseline_milp,input/synthetic/synthetic_11.txt,synthetic,1,290483,
ok,Greedy+MILP,baseline_milp,input/synthetic/synthetic_110.txt,synthetic,1,2923482,
ok,Greedy,baseline_milp,input/synthetic/synthetic_110.txt,synthetic,1,2923482,
missing,MILP1,baseline_milp,input/synthetic/synthetic_110.txt,synthetic,1,,
ok,SAT,baseline_milp,input/synthetic/synthetic_110.txt,synthetic,1,3006040,
ok,SA,baseline_milp,input/synthetic/synthetic_110.txt,synthetic,1,3023135,
ok,MILP2,baseline_milp,input/synthetic/synthetic_110.txt,synthetic,1,3025414,
ok,Greedy+MILP,baseline_milp,input/synthetic/synthetic_111.txt,synthetic,1,963371,
ok,Greedy,baseline_milp,input/synthetic/synthetic_111.txt,synthetic,1,963371,
ok,MILP1,baseline_milp,input/synthetic/synthetic_111.txt,synthetic,1,963371,
ok,SAT,baseline_milp,input/synthetic/synthetic_111.txt,synthetic,1,963371,
ok,SA,baseline_milp,input/synthetic/synthetic_111.txt,synthetic,1,963371,
ok,MILP2,baseline_milp,input/synthetic/synthetic_111.txt,synthetic,1,963371,
ok,Greedy+MILP,baseline_milp,input/synthetic/synthetic_112.txt,synthetic,1,169254,
ok,Greedy,baseline_milp,input/synthetic/synthetic_112.txt,synthetic,1,169254,
ok,MILP1,baseline_milp,input/synthetic/synthetic_112.txt,synthetic,1,169254,
ok,SAT,baseline_milp,input/synthetic/synthetic_112.txt,synthetic,1,169254,
ok,SA,baseline_milp,input/synthetic/synthetic_112.txt,synthetic,1,169254,
ok,MILP2,baseline_milp,input/synthetic/synthetic_112.txt,synthetic,1,169254,
ok,Greedy+MILP,baseline_milp,input/synthetic/synthetic_113.txt,synthetic,1,47211,
ok,Greedy,baseline_milp,input/synthetic/synthetic_113.txt,synthetic,1,47211,
ok,MILP1,baseline_milp,input/synthetic/synthetic_113.txt,synthetic,1,47211,
ok,SAT,baseline_milp,input/synthetic/synthetic_113.txt,synthetic,1,47211,
ok,SA,baseline_milp,input/synthetic/synthetic_113.txt,synthetic,1,47211,
ok,MILP2,baseline_milp,input/synthetic/synthetic_113.txt,synthetic,1,47211,
ok,Greedy+MILP,baseline_milp,input/synthetic/synthetic_114.txt,synthetic,1,107503,
ok,Greedy,baseline_milp,input/synthetic/synthetic_114.txt,synthetic,1,107503,
ok,MILP1,baseline_milp,input/synthetic/synthetic_114.txt,synthetic,1,107503,
ok,SAT,baseline_milp,input/synthetic/synthetic_114.txt,synthetic,1,107111,
ok,SA,baseline_milp,input/synthetic/synthetic_114.txt,synthetic,1,107160,
ok,MILP2,baseline_milp,input/synthetic/synthetic_114.txt,synthetic,1,107111,
ok,Greedy+MILP,baseline_milp,input/synthetic/synthetic_115.txt,synthetic,1,345277,
ok,Greedy,baseline_milp,input/synthetic/synthetic_115.txt,synthetic,1,345277,
ok,MILP1,baseline_milp,input/synthetic/synthetic_115.txt,synthetic,1,345277,
ok,SAT,baseline_milp,input/synthetic/synthetic_115.txt,synthetic,1,345277,
ok,SA,baseline_milp,input/synthetic/synthetic_115.txt,synthetic,1,345277,
ok,MILP2,baseline_milp,input/synthetic/synthetic_115.txt,synthetic,1,345277,
ok,Greedy+MILP,baseline_milp,input/synthetic/synthetic_116.txt,synthetic,1,27275216,
ok,Greedy,baseline_milp,input/synthetic/synthetic_116.txt,synthetic,1,27275216,
missing,MILP1,baseline_milp,input/synthetic/synthetic_116.txt,synthetic,1,,
ok,SAT,baseline_milp,input/synthetic/synthetic_116.txt,synthetic,1,27331846,
ok,SA,baseline_milp,input/synthetic/synthetic_116.txt,synthetic,1,27358968,
ok,MILP2,baseline_milp,input/synthetic/synthetic_116.txt,synthetic,1,27349882,
ok,Greedy+MILP,baseline_milp,input/synthetic/synthetic_117.txt,synthetic,1,15930164,
ok,Greedy,baseline_milp,input/synthetic/synthetic_117.txt,synthetic,1,15930164,
missing,MILP1,baseline_milp,input/synthetic/synthetic_117.txt,synthetic,1,,
ok,SAT,baseline_milp,input/synthetic/synthetic_117.txt,synthetic,1,15931748,
ok,SA,baseline_milp,input/synthetic/synthetic_117.txt,synthetic,1,15933781,
missing,MILP2,baseline_milp,input/synthetic/synthetic_117.txt,synthetic,1,,
ok,Greedy+MILP,baseline_milp,input/synthetic/synthetic_118.txt,synthetic,1,66979,
ok,Greedy,baseline_milp,input/synthetic/synthetic_118.txt,synthetic,1,66979,
ok,MILP1,baseline_milp,input/synthetic/synthetic_118.txt,synthetic,1,66979,
ok,SAT,baseline_milp,input/synthetic/synthetic_118.txt,synthetic,1,66979,
ok,SA,baseline_milp,input/synthetic/synthetic_118.txt,synthetic,1,66979,
ok,MILP2,baseline_milp,input/synthetic/synthetic_118.txt,synthetic,1,66979,
ok,Greedy+MILP,baseline_milp,input/synthetic/synthetic_119.txt,synthetic,1,258437,
ok,Greedy,baseline_milp,input/synthetic/synthetic_119.txt,synthetic,1,258437,
ok,MILP1,baseline_milp,input/synthetic/synthetic_119.txt,synthetic,1,258437,
ok,SAT,baseline_milp,input/synthetic/synthetic_119.txt,synthetic,1,258437,
ok,SA,baseline_milp,input/synthetic/synthetic_119.txt,synthetic,1,258437,
ok,MILP2,baseline_milp,input/synthetic/synthetic_119.txt,synthetic,1,258437,
ok,Greedy+MILP,baseline_milp,input/synthetic/synthetic_12.txt,synthetic,1,28326692,
ok,Greedy,baseline_milp,input/synthetic/synthetic_12.txt,synthetic,1,28326692,
missing,MILP1,baseline_milp,input/synthetic/synthetic_12.txt,synthetic,1,,
ok,SAT,baseline_milp,input/synthetic/synthetic_12.txt,synthetic,1,28338601,
ok,SA,baseline_milp,input/synthetic/synthetic_12.txt,synthetic,1,28334376,
ok,MILP2,baseline_milp,input/synthetic/synthetic_12.txt,synthetic,1,28334376,
ok,Greedy+MILP,baseline_milp,input/synthetic/synthetic_120.txt,synthetic,1,187715,
ok,Greedy,baseline_milp,input/synthetic/synthetic_120.txt,synthetic,1,187715,
ok,MILP1,baseline_milp,input/synthetic/synthetic_120.txt,synthetic,1,187715,
ok,SAT,baseline_milp,input/synthetic/synthetic_120.txt,synthetic,1,187715,
ok,SA,baseline_milp,input/synthetic/synthetic_120.txt,synthetic,1,187715,
ok,MILP2,baseline_milp,input/synthetic/synthetic_120.txt,synthetic,1,187715,
ok,Greedy+MILP,baseline_milp,input/synthetic/synthetic_121.txt,synthetic,1,48041,
ok,Greedy,baseline_milp,input/synthetic/synthetic_121.txt,synthetic,1,48041,
ok,MILP1,baseline_milp,input/synthetic/synthetic_121.txt,synthetic,1,48041,
ok,SAT,baseline_milp,input/synthetic/synthetic_121.txt,synthetic,1,48041,
ok,SA,baseline_milp,input/synthetic/synthetic_121.txt,synthetic,1,48041,
ok,MILP2,baseline_milp,input/synthetic/synthetic_121.txt,synthetic,1,48041,
ok,Greedy+MILP,baseline_milp,input/synthetic/synthetic_122.txt,synthetic,1,195177,
ok,Greedy,baseline_milp,input/synthetic/synthetic_122.txt,synthetic,1,195177,
ok,MILP1,baseline_milp,input/synthetic/synthetic_122.txt,synthetic,1,195177,
ok,SAT,baseline_milp,input/synthetic/synthetic_122.txt,synthetic,1,195177,
ok,SA,baseline_milp,input/synthetic/synthetic_122.txt,synthetic,1,195177,
ok,MILP2,baseline_milp,input/synthetic/synthetic_122.txt,synthetic,1,195177,
ok,Greedy+MILP,baseline_milp,input/synthetic/synthetic_123.txt,synthetic,1,184593,
ok,Greedy,baseline_milp,input/synthetic/synthetic_123.txt,synthetic,1,184593,
ok,MILP1,baseline_milp,input/synthetic/synthetic_123.txt,synthetic,1,184593,
ok,SAT,baseline_milp,input/synthetic/synthetic_123.txt,synthetic,1,184593,
ok,SA,baseline_milp,input/synthetic/synthetic_123.txt,synthetic,1,184593,
ok,MILP2,baseline_milp,input/synthetic/synthetic_123.txt,synthetic,1,184593,
ok,Greedy+MILP,baseline_milp,input/synthetic/synthetic_124.txt,synthetic,1,152432,
ok,Greedy,baseline_milp,input/synthetic/synthetic_124.txt,synthetic,1,152432,
ok,MILP1,baseline_milp,input/synthetic/synthetic_124.txt,synthetic,1,152432,
ok,SAT,baseline_milp,input/synthetic/synthetic_124.txt,synthetic,1,152432,
ok,SA,baseline_milp,input/synthetic/synthetic_124.txt,synthetic,1,152432,
ok,MILP2,baseline_milp,input/synthetic/synthetic_124.txt,synthetic,1,152432,
ok,Greedy+MILP,baseline_milp,input/synthetic/synthetic_125.txt,synthetic,1,330735,
ok,Greedy,baseline_milp,input/synthetic/synthetic_125.txt,synthetic,1,330735,
ok,MILP1,baseline_milp,input/synthetic/synthetic_125.txt,synthetic,1,330735,
ok,SAT,baseline_milp,input/synthetic/synthetic_125.txt,synthetic,1,330735,
ok,SA,baseline_milp,input/synthetic/synthetic_125.txt,synthetic,1,330735,
ok,MILP2,baseline_milp,input/synthetic/synthetic_125.txt,synthetic,1,330735,
ok,Greedy+MILP,baseline_milp,input/synthetic/synthetic_126.txt,synthetic,1,653721,
ok,Greedy,baseline_milp,input/synthetic/synthetic_126.txt,synthetic,1,653721,
ok,MILP1,baseline_milp,input/synthetic/synthetic_126.txt,synthetic,1,658436,
ok,SAT,baseline_milp,input/synthetic/synthetic_126.txt,synthetic,1,652883,
ok,SA,baseline_milp,input/synthetic/synthetic_126.txt,synthetic,1,653403,
ok,MILP2,baseline_milp,input/synthetic/synthetic_126.txt,synthetic,1,653403,
ok,Greedy+MILP,baseline_milp,input/synthetic/synthetic_127.txt,synthetic,1,100386,
ok,Greedy,baseline_milp,input/synthetic/synthetic_127.txt,synthetic,1,100386,
ok,MILP1,baseline_milp,input/synthetic/synthetic_127.txt,synthetic,1,100386,
ok,SAT,baseline_milp,input/synthetic/synthetic_127.txt,synthetic,1,99869,
ok,SA,baseline_milp,input/synthetic/synthetic_127.txt,synthetic,1,99935,
ok,MILP2,baseline_milp,input/synthetic/synthetic_127.txt,synthetic,1,99243,
ok,Greedy+MILP,baseline_milp,input/synthetic/synthetic_128.txt,synthetic,1,252300,
ok,Greedy,baseline_milp,input/synthetic/synthetic_128.txt,synthetic,1,252300,
missing,MILP1,baseline_milp,input/synthetic/synthetic_128.txt,synthetic,1,,
ok,SAT,baseline_milp,input/synthetic/synthetic_128.txt,synthetic,1,254203,
ok,SA,baseline_milp,input/synthetic/synthetic_128.txt,synthetic,1,254203,
ok,MILP2,baseline_milp,input/synthetic/synthetic_128.txt,synthetic,1,254203,
ok,Greedy+MILP,baseline_milp,input/synthetic/synthetic_129.txt,synthetic,1,65621,
ok,Greedy,baseline_milp,input/synthetic/synthetic_129.txt,synthetic,1,65621,
ok,MILP1,baseline_milp,input/synthetic/synthetic_129.txt,synthetic,1,65748,
ok,SAT,baseline_milp,input/synthetic/synthetic_129.txt,synthetic,1,64781,
ok,SA,baseline_milp,input/synthetic/synthetic_129.txt,synthetic,1,64762,
ok,MILP2,baseline_milp,input/synthetic/synthetic_129.txt,synthetic,1,64833,
ok,Greedy+MILP,baseline_milp,input/synthetic/synthetic_13.txt,synthetic,1,208710,
ok,Greedy,baseline_milp,input/synthetic/synthetic_13.txt,synthetic,1,208710,
ok,MILP1,baseline_milp,input/synthetic/synthetic_13.txt,synthetic,1,208710,
ok,SAT,baseline_milp,input/synthetic/synthetic_13.txt,synthetic,1,208710,
ok,SA,baseline_milp,input/synthetic/synthetic_13.txt,synthetic,1,208710,
ok,MILP2,baseline_milp,input/synthetic/synthetic_13.txt,synthetic,1,208710,
ok,Greedy+MILP,baseline_milp,input/synthetic/synthetic_130.txt,synthetic,1,226911,
ok,Greedy,baseline_milp,input/synthetic/synthetic_130.txt,synthetic,1,226911,
ok,MILP1,baseline_milp,input/synthetic/synthetic_130.txt,synthetic,1,226911,
ok,SAT,baseline_milp,input/synthetic/synthetic_130.txt,synthetic,1,226911,
ok,SA,baseline_milp,input/synthetic/synthetic_130.txt,synthetic,1,226911,
missing,MILP2,baseline_milp,input/synthetic/synthetic_130.txt,synthetic,1,,
ok,Greedy+MILP,baseline_milp,input/synthetic/synthetic_131.txt,synthetic,1,308804,
ok,Greedy,baseline_milp,input/synthetic/synthetic_131.txt,synthetic,1,308804,
ok,MILP1,baseline_milp,input/synthetic/synthetic_131.txt,synthetic,1,308804,
ok,SAT,baseline_milp,input/synthetic/synthetic_131.txt,synthetic,1,308804,
ok,SA,baseline_milp,input/synthetic/synthetic_131.txt,synthetic,1,308804,
ok,MILP2,baseline_milp,input/synthetic/synthetic_131.txt,synthetic,1,308804,
ok,Greedy+MILP,baseline_milp,input/synthetic/synthetic_132.txt,synthetic,1,1265339,
ok,Greedy,baseline_milp,input/synthetic/synthetic_132.txt,synthetic,1,1265339,
ok,MILP1,baseline_milp,input/synthetic/synthetic_132.txt,synthetic,1,1477340,
ok,SAT,baseline_milp,input/synthetic/synthetic_132.txt,synthetic,1,1429492,
ok,SA,baseline_milp,input/synthetic/synthetic_132.txt,synthetic,1,1436690,
ok,MILP2,baseline_milp,input/synthetic/synthetic_132.txt,synthetic,1,1437907,
ok,Greedy+MILP,baseline_milp,input/synthetic/synthetic_133.txt,synthetic,1,9977291,
ok,Greedy,baseline_milp,input/synthetic/synthetic_133.txt,synthetic,1,9977291,
ok,MILP1,baseline_milp,input/synthetic/synthetic_133.txt,synthetic,1,9977291,
ok,SAT,baseline_milp,input/synthetic/synthetic_133.txt,synthetic,1,9977291,
ok,SA,baseline_milp,input/synthetic/synthetic_133.txt,synthetic,1,9977291,
ok,MILP2,baseline_milp,input/synthetic/synthetic_133.txt,synthetic,1,9977291,
ok,Greedy+MILP,baseline_milp,input/synthetic/synthetic_134.txt,synthetic,1,131286,
ok,Greedy,baseline_milp,input/synthetic/synthetic_134.txt,synthetic,1,131286,
ok,MILP1,baseline_milp,input/synthetic/synthetic_134.txt,synthetic,1,131286,
ok,SAT,baseline_milp,input/synthetic/synthetic_134.txt,synthetic,1,131207,
ok,SA,baseline_milp,input/synthetic/synthetic_134.txt,synthetic,1,131191,
ok,MILP2,baseline_milp,input/synthetic/synthetic_134.txt,synthetic,1,131286,
ok,Greedy+MILP,baseline_milp,input/synthetic/synthetic_135.txt,synthetic,1,217206,
ok,Greedy,baseline_milp,input/synthetic/synthetic_135.txt,synthetic,1,217206,
ok,MILP1,baseline_milp,input/synthetic/synthetic_135.txt,synthetic,1,217206,
ok,SAT,baseline_milp,input/synthetic/synthetic_135.txt,synthetic,1,217206,
ok,SA,baseline_milp,input/synthetic/synthetic_135.txt,synthetic,1,217206,
ok,MILP2,baseline_milp,input/synthetic/synthetic_135.txt,synthetic,1,217206,
ok,Greedy+MILP,baseline_milp,input/synthetic/synthetic_136.txt,synthetic,1,186737,
ok,Greedy,baseline_milp,input/synthetic/synthetic_136.txt,synthetic,1,186737,
ok,MILP1,baseline_milp,input/synthetic/synthetic_136.txt,synthetic,1,186737,
ok,SAT,baseline_milp,input/synthetic/synthetic_136.txt,synthetic,1,186737,
ok,SA,baseline_milp,input/synthetic/synthetic_136.txt,synthetic,1,186737,
ok,MILP2,baseline_milp,input/synthetic/synthetic_136.txt,synthetic,1,186737,
ok,Greedy+MILP,baseline_milp,input/synthetic/synthetic_137.txt,synthetic,1,129405,
ok,Greedy,baseline_milp,input/synthetic/synthetic_137.txt,synthetic,1,129405,
ok,MILP1,baseline_milp,input/synthetic/synthetic_137.txt,synthetic,1,129405,
ok,SAT,baseline_milp,input/synthetic/synthetic_137.txt,synthetic,1,129405,
ok,SA,baseline_milp,input/synthetic/synthetic_137.txt,synthetic,1,129405,
ok,MILP2,baseline_milp,input/synthetic/synthetic_137.txt,synthetic,1,129405,
ok,Greedy+MILP,baseline_milp,input/synthetic/synthetic_138.txt,synthetic,1,197496,
ok,Greedy,baseline_milp,input/synthetic/synthetic_138.txt,synthetic,1,197496,
ok,MILP1,baseline_milp,input/synthetic/synthetic_138.txt,synthetic,1,197496,
ok,SAT,baseline_milp,input/synthetic/synthetic_138.txt,synthetic,1,197496,
ok,SA,baseline_milp,input/synthetic/synthetic_138.txt,synthetic,1,197496,
ok,MILP2,baseline_milp,input/synthetic/synthetic_138.txt,synthetic,1,197496,
ok,Greedy+MILP,baseline_milp,input/synthetic/synthetic_139.txt,synthetic,1,117382,
ok,Greedy,baseline_milp,input/synthetic/synthetic_139.txt,synthetic,1,117382,
ok,MILP1,baseline_milp,input/synthetic/synthetic_139.txt,synthetic,1,117382,
ok,SAT,baseline_milp,input/synthetic/synthetic_139.txt,synthetic,1,117382,
ok,SA,baseline_milp,input/synthetic/synthetic_139.txt,synthetic,1,117382,
ok,MILP2,baseline_milp,input/synthetic/synthetic_139.txt,synthetic,1,117382,
ok,Greedy+MILP,baseline_milp,input/synthetic/synthetic_14.txt,synthetic,1,17852,
ok,Greedy,baseline_milp,input/synthetic/synthetic_14.txt,synthetic,1,17852,
ok,MILP1,baseline_milp,input/synthetic/synthetic_14.txt,synthetic,1,17852,
ok,SAT,baseline_milp,input/synthetic/synthetic_14.txt,synthetic,1,17852,
ok,SA,baseline_milp,input/synthetic/synthetic_14.txt,synthetic,1,17852,
ok,MILP2,baseline_milp,input/synthetic/synthetic_14.txt,synthetic,1,17852,
ok,Greedy+MILP,baseline_milp,input/synthetic/synthetic_15.txt,synthetic,1,49747,
ok,Greedy,baseline_milp,input/synthetic/synthetic_15.txt,synthetic,1,49747,
ok,MILP1,baseline_milp,input/synthetic/synthetic_15.txt,synthetic,1,49747,
ok,SAT,baseline_milp,input/synthetic/synthetic_15.txt,synthetic,1,49747,
ok,SA,baseline_milp,input/synthetic/synthetic_15.txt,synthetic,1,49747,
ok,MILP2,baseline_milp,input/synthetic/synthetic_15.txt,synthetic,1,49747,
ok,Greedy+MILP,baseline_milp,input/synthetic/synthetic_16.txt,synthetic,1,30581672,
ok,Greedy,baseline_milp,input/synthetic/synthetic_16.txt,synthetic,1,30581672,
ok,MILP1,baseline_milp,input/synthetic/synthetic_16.txt,synthetic,1,30581672,
ok,SAT,baseline_milp,input/synthetic/synthetic_16.txt,synthetic,1,30581672,
ok,SA,baseline_milp,input/synthetic/synthetic_16.txt,synthetic,1,30581672,
ok,MILP2,baseline_milp,input/synthetic/synthetic_16.txt,synthetic,1,30581672,
ok,Greedy+MILP,baseline_milp,input/synthetic/synthetic_17.txt,synthetic,1,107874,
ok,Greedy,baseline_milp,input/synthetic/synthetic_17.txt,synthetic,1,107874,
ok,MILP1,baseline_milp,input/synthetic/synthetic_17.txt,synthetic,1,108058,
ok,SAT,baseline_milp,input/synthetic/synthetic_17.txt,synthetic,1,107980,
ok,SA,baseline_milp,input/synthetic/synthetic_17.txt,synthetic,1,107934,
ok,MILP2,baseline_milp,input/synthetic/synthetic_17.txt,synthetic,1,107957,
ok,Greedy+MILP,baseline_milp,input/synthetic/synthetic_18.txt,synthetic,1,16928818,
ok,Greedy,baseline_milp,input/synthetic/synthetic_18.txt,synthetic,1,16928818,
missing,MILP1,baseline_milp,input/synthetic/synthetic_18.txt,synthetic,1,,
ok,SAT,baseline_milp,input/synthetic/synthetic_18.txt,synthetic,1,16959579,
ok,SA,baseline_milp,input/synthetic/synthetic_18.txt,synthetic,1,16975661,
ok,MILP2,baseline_milp,input/synthetic/synthetic_18.txt,synthetic,1,16979735,
ok,Greedy+MILP,baseline_milp,input/synthetic/synthetic_19.txt,synthetic,1,129044,
ok,Greedy,baseline_milp,input/synthetic/synthetic_19.txt,synthetic,1,129044,
ok,MILP1,baseline_milp,input/synthetic/synthetic_19.txt,synthetic,1,129044,
ok,SAT,baseline_milp,input/synthetic/synthetic_19.txt,synthetic,1,129044,
ok,SA,baseline_milp,input/synthetic/synthetic_19.txt,synthetic,1,129044,
ok,MILP2,baseline_milp,input/synthetic/synthetic_19.txt,synthetic,1,129044,
ok,Greedy+MILP,baseline_milp,input/synthetic/synthetic_2.txt,synthetic,1,20182949,
ok,Greedy,baseline_milp,input/synthetic/synthetic_2.txt,synthetic,1,20182949,
missing,MILP1,baseline_milp,input/synthetic/synthetic_2.txt,synthetic,1,,
ok,SAT,baseline_milp,input/synthetic/synthetic_2.txt,synthetic,1,20280042,
ok,SA,baseline_milp,input/synthetic/synthetic_2.txt,synthetic,1,20343703,
ok,MILP2,baseline_milp,input/synthetic/synthetic_2.txt,synthetic,1,20300165,
ok,Greedy+MILP,baseline_milp,input/synthetic/synthetic_20.txt,synthetic,1,28983692,
ok,Greedy,baseline_milp,input/synthetic/synthetic_20.txt,synthetic,1,28983692,
missing,MILP1,baseline_milp,input/synthetic/synthetic_20.txt,synthetic,1,,
ok,SAT,baseline_milp,input/synthetic/synthetic_20.txt,synthetic,1,29038110,
ok,SA,baseline_milp,input/synthetic/synthetic_20.txt,synthetic,1,29029072,
ok,MILP2,baseline_milp,input/synthetic/synthetic_20.txt,synthetic,1,29058495,
ok,Greedy+MILP,baseline_milp,input/synthetic/synthetic_21.txt,synthetic,1,11430241,
ok,Greedy,baseline_milp,input/synthetic/synthetic_21.txt,synthetic,1,11430241,
ok,MILP1,baseline_milp,input/synthetic/synthetic_21.txt,synthetic,1,11430241,
ok,SAT,baseline_milp,input/synthetic/synthetic_21.txt,synthetic,1,11430241,
ok,SA,baseline_milp,input/synthetic/synthetic_21.txt,synthetic,1,11430241,
missing,MILP2,baseline_milp,input/synthetic/synthetic_21.txt,synthetic,1,,
ok,Greedy+MILP,baseline_milp,input/synthetic/synthetic_22.txt,synthetic,1,110585,
ok,Greedy,baseline_milp,input/synthetic/synthetic_22.txt,synthetic,1,110585,
ok,MILP1,baseline_milp,input/synthetic/synthetic_22.txt,synthetic,1,121336,
ok,SAT,baseline_milp,input/synthetic/synthetic_22.txt,synthetic,1,105692,
ok,SA,baseline_milp,input/synthetic/synthetic_22.txt,synthetic,1,107200,
ok,MILP2,baseline_milp,input/synthetic/synthetic_22.txt,synthetic,1,106120,
ok,Greedy+MILP,baseline_milp,input/synthetic/synthetic_23.txt,synthetic,1,253667,
ok,Greedy,baseline_milp,input/synthetic/synthetic_23.txt,synthetic,1,253667,
missing,MILP1,baseline_milp,input/synthetic/synthetic_23.txt,synthetic,1,,
ok,SAT,baseline_milp,input/synthetic/synthetic_23.txt,synthetic,1,254786,
ok,SA,baseline_milp,input/synthetic/synthetic_23.txt,synthetic,1,257034,
ok,MILP2,baseline_milp,input/synthetic/synthetic_23.txt,synthetic,1,254786,
ok,Greedy+MILP,baseline_milp,input/synthetic/synthetic_24.txt,synthetic,1,11035511,
ok,Greedy,baseline_milp,input/synthetic/synthetic_24.txt,synthetic,1,11035511,
ok,MILP1,baseline_milp,input/synthetic/synthetic_24.txt,synthetic,1,11035511,
ok,SAT,baseline_milp,input/synthetic/synthetic_24.txt,synthetic,1,11035511,
ok,SA,baseline_milp,input/synthetic/synthetic_24.txt,synthetic,1,11035511,
ok,MILP2,baseline_milp,input/synthetic/synthetic_24.txt,synthetic,1,11035511,
ok,Greedy+MILP,baseline_milp,input/synthetic/synthetic_25.txt,synthetic,1,244295,
ok,Greedy,baseline_milp,input/synthetic/synthetic_25.txt,synthetic,1,244295,
ok,MILP1,baseline_milp,input/synthetic/synthetic_25.txt,synthetic,1,244295,
ok,SAT,baseline_milp,input/synthetic/synthetic_25.txt,synthetic,1,244295,
ok,SA,baseline_milp,input/synthetic/synthetic_25.txt,synthetic,1,244295,
ok,MILP2,baseline_milp,input/synthetic/synthetic_25.txt,synthetic,1,244295,
ok,Greedy+MILP,baseline_milp,input/synthetic/synthetic_26.txt,synthetic,1,226322,
ok,Greedy,baseline_milp,input/synthetic/synthetic_26.txt,synthetic,1,226322,
ok,MILP1,baseline_milp,input/synthetic/synthetic_26.txt,synthetic,1,226322,
ok,SAT,baseline_milp,input/synthetic/synthetic_26.txt,synthetic,1,226322,
ok,SA,baseline_milp,input/synthetic/synthetic_26.txt,synthetic,1,226322,
ok,MILP2,baseline_milp,input/synthetic/synthetic_26.txt,synthetic,1,226322,
ok,Greedy+MILP,baseline_milp,input/synthetic/synthetic_27.txt,synthetic,1,30451898,
ok,Greedy,baseline_milp,input/synthetic/synthetic_27.txt,synthetic,1,30451898,
missing,MILP1,baseline_milp,input/synthetic/synthetic_27.txt,synthetic,1,,
ok,SAT,baseline_milp,input/synthetic/synthetic_27.txt,synthetic,1,30473877,
ok,SA,baseline_milp,input/synthetic/synthetic_27.txt,synthetic,1,30475612,
ok,MILP2,baseline_milp,input/synthetic/synthetic_27.txt,synthetic,1,30470091,
ok,Greedy+MILP,baseline_milp,input/synthetic/synthetic_28.txt,synthetic,1,144799,
ok,Greedy,baseline_milp,input/synthetic/synthetic_28.txt,synthetic,1,144799,
ok,MILP1,baseline_milp,input/synthetic/synthetic_28.txt,synthetic,1,144799,
ok,SAT,baseline_milp,input/synthetic/synthetic_28.txt,synthetic,1,144799,
ok,SA,baseline_milp,input/synthetic/synthetic_28.txt,synthetic,1,144799,
ok,MILP2,baseline_milp,input/synthetic/synthetic_28.txt,synthetic,1,144799,
ok,Greedy+MILP,baseline_milp,input/synthetic/synthetic_29.txt,synthetic,1,116492,
ok,Greedy,baseline_milp,input/synthetic/synthetic_29.txt,synthetic,1,116492,
ok,MILP1,baseline_milp,input/synthetic/synthetic_29.txt,synthetic,1,116926,
ok,SAT,baseline_milp,input/synthetic/synthetic_29.txt,synthetic,1,116674,
ok,SA,baseline_milp,input/synthetic/synthetic_29.txt,synthetic,1,116674,
ok,MILP2,baseline_milp,input/synthetic/synthetic_29.txt,synthetic,1,116723,
ok,Greedy+MILP,baseline_milp,input/synthetic/synthetic_3.txt,synthetic,1,617575,
ok,Greedy,baseline_milp,input/synthetic/synthetic_3.txt,synthetic,1,617575,
missing,MILP1,baseline_milp,input/synthetic/synthetic_3.txt,synthetic,1,,
ok,SAT,baseline_milp,input/synthetic/synthetic_3.txt,synthetic,1,662277,
ok,SA,baseline_milp,input/synthetic/synthetic_3.txt,synthetic,1,668265,
ok,MILP2,baseline_milp,input/synthetic/synthetic_3.txt,synthetic,1,668734,
ok,Greedy+MILP,baseline_milp,input/synthetic/synthetic_30.txt,synthetic,1,2282117,
ok,Greedy,baseline_milp,input/synthetic/synthetic_30.txt,synthetic,1,2282117,
ok,MILP1,baseline_milp,input/synthetic/synthetic_30.txt,synthetic,1,2282117,
ok,SAT,baseline_milp,input/synthetic/synthetic_30.txt,synthetic,1,2282117,
ok,SA,baseline_milp,input/synthetic/synthetic_30.txt,synthetic,1,2282117,
ok,MILP2,baseline_milp,input/synthetic/synthetic_30.txt,synthetic,1,2282117,
ok,Greedy+MILP,baseline_milp,input/synthetic/synthetic_31.txt,synthetic,1,127202,
ok,Greedy,baseline_milp,input/synthetic/synthetic_31.txt,synthetic,1,127202,
ok,MILP1,baseline_milp,input/synthetic/synthetic_31.txt,synthetic,1,127202,
ok,SAT,baseline_milp,input/synthetic/synthetic_31.txt,synthetic,1,127202,
ok,SA,baseline_milp,input/synthetic/synthetic_31.txt,synthetic,1,127202,
ok,MILP2,baseline_milp,input/synthetic/synthetic_31.txt,synthetic,1,127202,
ok,Greedy+MILP,baseline_milp,input/synthetic/synthetic_32.txt,synthetic,1,69150,
ok,Greedy,baseline_milp,input/synthetic/synthetic_32.txt,synthetic,1,69150,
ok,MILP1,baseline_milp,input/synthetic/synthetic_32.txt,synthetic,1,69150,
ok,SAT,baseline_milp,input/synthetic/synthetic_32.txt,synthetic,1,69150,
ok,SA,baseline_milp,input/synthetic/synthetic_32.txt,synthetic,1,69150,
ok,MILP2,baseline_milp,input/synthetic/synthetic_32.txt,synthetic,1,69150,
ok,Greedy+MILP,baseline_milp,input/synthetic/synthetic_33.txt,synthetic,1,12153357,
ok,Greedy,baseline_milp,input/synthetic/synthetic_33.txt,synthetic,1,12153357,
missing,MILP1,baseline_milp,input/synthetic/synthetic_33.txt,synthetic,1,,
ok,SAT,baseline_milp,input/synthetic/synthetic_33.txt,synthetic,1,12322850,
ok,SA,baseline_milp,input/synthetic/synthetic_33.txt,synthetic,1,12342686,
ok,MILP2,baseline_milp,input/synthetic/synthetic_33.txt,synthetic,1,12338032,
ok,Greedy+MILP,baseline_milp,input/synthetic/synthetic_34.txt,synthetic,1,5365962,
ok,Greedy,baseline_milp,input/synthetic/synthetic_34.txt,synthetic,1,5365962,
missing,MILP1,baseline_milp,input/synthetic/synthetic_34.txt,synthetic,1,,
ok,SAT,baseline_milp,input/synthetic/synthetic_34.txt,synthetic,1,5676317,
ok,SA,baseline_milp,input/synthetic/synthetic_34.txt,synthetic,1,5676794,
ok,MILP2,baseline_milp,input/synthetic/synthetic_34.txt,synthetic,1,5659865,
ok,Greedy+MILP,baseline_milp,input/synthetic/synthetic_35.txt,synthetic,1,163375,
ok,Greedy,baseline_milp,input/synthetic/synthetic_35.txt,synthetic,1,163375,
ok,MILP1,baseline_milp,input/synthetic/synthetic_35.txt,synthetic,1,163375,
ok,SAT,baseline_milp,input/synthetic/synthetic_35.txt,synthetic,1,163375,
ok,SA,baseline_milp,input/synthetic/synthetic_35.txt,synthetic,1,163375,
missing,MILP2,baseline_milp,input/synthetic/synthetic_35.txt,synthetic,1,,
ok,Greedy+MILP,baseline_milp,input/synthetic/synthetic_36.txt,synthetic,1,163108,
ok,Greedy,baseline_milp,input/synthetic/synthetic_36.txt,synthetic,1,163108,
ok,MILP1,baseline_milp,input/synthetic/synthetic_36.txt,synthetic,1,163108,
ok,SAT,baseline_milp,input/synthetic/synthetic_36.txt,synthetic,1,163108,
ok,SA,baseline_milp,input/synthetic/synthetic_36.txt,synthetic,1,163108,
ok,MILP2,baseline_milp,input/synthetic/synthetic_36.txt,synthetic,1,163108,
ok,Greedy+MILP,baseline_milp,input/synthetic/synthetic_37.txt,synthetic,1,15876,
ok,Greedy,baseline_milp,input/synthetic/synthetic_37.txt,synthetic,1,15876,
ok,MILP1,baseline_milp,input/synthetic/synthetic_37.txt,synthetic,1,15876,
ok,SAT,baseline_milp,input/synthetic/synthetic_37.txt,synthetic,1,15876,
ok,SA,baseline_milp,input/synthetic/synthetic_37.txt,synthetic,1,15876,
missing,MILP2,baseline_milp,input/synthetic/synthetic_37.txt,synthetic,1,,
ok,Greedy+MILP,baseline_milp,input/synthetic/synthetic_38.txt,synthetic,1,195420,
ok,Greedy,baseline_milp,input/synthetic/synthetic_38.txt,synthetic,1,195420,
missing,MILP1,baseline_milp,input/synthetic/synthetic_38.txt,synthetic,1,,
ok,SAT,baseline_milp,input/synthetic/synthetic_38.txt,synthetic,1,202511,
ok,SA,baseline_milp,input/synthetic/synthetic_38.txt,synthetic,1,203402,
ok,MILP2,baseline_milp,input/synthetic/synthetic_38.txt,synthetic,1,203857,
ok,Greedy+MILP,baseline_milp,input/synthetic/synthetic_39.txt,synthetic,1,232545,
ok,Greedy,baseline_milp,input/synthetic/synthetic_39.txt,synthetic,1,232545,
ok,MILP1,baseline_milp,input/synthetic/synthetic_39.txt,synthetic,1,232545,
ok,SAT,baseline_milp,input/synthetic/synthetic_39.txt,synthetic,1,232545,
ok,SA,baseline_milp,input/synthetic/synthetic_39.txt,synthetic,1,232545,
ok,MILP2,baseline_milp,input/synthetic/synthetic_39.txt,synthetic,1,232545,
ok,Greedy+MILP,baseline_milp,input/synthetic/synthetic_4.txt,synthetic,1,31581,
ok,Greedy,baseline_milp,input/synthetic/synthetic_4.txt,synthetic,1,31581,
ok,MILP1,baseline_milp,input/synthetic/synthetic_4.txt,synthetic,1,31581,
ok,SAT,baseline_milp,input/synthetic/synthetic_4.txt,synthetic,1,31581,
ok,SA,baseline_milp,input/synthetic/synthetic_4.txt,synthetic,1,31581,
ok,MILP2,baseline_milp,input/synthetic/synthetic_4.txt,synthetic,1,31581,
ok,Greedy+MILP,baseline_milp,input/synthetic/synthetic_40.txt,synthetic,1,228204,
ok,Greedy,baseline_milp,input/synthetic/synthetic_40.txt,synthetic,1,228204,
ok,MILP1,baseline_milp,input/synthetic/synthetic_40.txt,synthetic,1,236992,
ok,SAT,baseline_milp,input/synthetic/synthetic_40.txt,synthetic,1,223713,
ok,SA,baseline_milp,input/synthetic/synthetic_40.txt,synthetic,1,224885,
ok,MILP2,baseline_milp,input/synthetic/synthetic_40.txt,synthetic,1,223718,
ok,Greedy+MILP,baseline_milp,input/synthetic/synthetic_41.txt,synthetic,1,3884976,
ok,Greedy,baseline_milp,input/synthetic/synthetic_41.txt,synthetic,1,3884976,
missing,MILP1,baseline_milp,input/synthetic/synthetic_41.txt,synthetic,1,,
ok,SAT,baseline_milp,input/synthetic/synthetic_41.txt,synthetic,1,3884976,
ok,SA,baseline_milp,input/synthetic/synthetic_41.txt,synthetic,1,3884976,
missing,MILP2,baseline_milp,input/synthetic/synthetic_41.txt,synthetic,1,,
ok,Greedy+MILP,baseline_milp,input/synthetic/synthetic_42.txt,synthetic,1,28716537,
ok,Greedy,baseline_milp,input/synthetic/synthetic_42.txt,synthetic,1,28716537,
missing,MILP1,baseline_milp,input/synthetic/synthetic_42.txt,synthetic,1,,
ok,SAT,baseline_milp,input/synthetic/synthetic_42.txt,synthetic,1,28941862,
ok,SA,baseline_milp,input/synthetic/synthetic_42.txt,synthetic,1,28893443,
ok,MILP2,baseline_milp,input/synthetic/synthetic_42.txt,synthetic,1,28932187,
ok,Greedy+MILP,baseline_milp,input/synthetic/synthetic_43.txt,synthetic,1,94235,
ok,Greedy,baseline_milp,input/synthetic/synthetic_43.txt,synthetic,1,94235,
ok,MILP1,baseline_milp,input/synthetic/synthetic_43.txt,synthetic,1,94235,
ok,SAT,baseline_milp,input/synthetic/synthetic_43.txt,synthetic,1,93271,
ok,SA,baseline_milp,input/synthetic/synthetic_43.txt,synthetic,1,93271,
ok,MILP2,baseline_milp,input/synthetic/synthetic_43.txt,synthetic,1,93500,
ok,Greedy+MILP,baseline_milp,input/synthetic/synthetic_44.txt,synthetic,1,280437,
ok,Greedy,baseline_milp,input/synthetic/synthetic_44.txt,synthetic,1,280437,
ok,MILP1,baseline_milp,input/synthetic/synthetic_44.txt,synthetic,1,280437,
ok,SAT,baseline_milp,input/synthetic/synthetic_44.txt,synthetic,1,280437,
ok,SA,baseline_milp,input/synthetic/synthetic_44.txt,synthetic,1,280437,
ok,MILP2,baseline_milp,input/synthetic/synthetic_44.txt,synthetic,1,280437,
ok,Greedy+MILP,baseline_milp,input/synthetic/synthetic_45.txt,synthetic,1,865559,
ok,Greedy,baseline_milp,input/synthetic/synthetic_45.txt,synthetic,1,865559,
ok,MILP1,baseline_milp,input/synthetic/synthetic_45.txt,synthetic,1,1063451,
ok,SAT,baseline_milp,input/synthetic/synthetic_45.txt,synthetic,1,927380,
ok,SA,baseline_milp,input/synthetic/synthetic_45.txt,synthetic,1,928704,
ok,MILP2,baseline_milp,input/synthetic/synthetic_45.txt,synthetic,1,938744,
ok,Greedy+MILP,baseline_milp,input/synthetic/synthetic_46.txt,synthetic,1,26857717,
ok,Greedy,baseline_milp,input/synthetic/synthetic_46.txt,synthetic,1,26857717,
missing,MILP1,baseline_milp,input/synthetic/synthetic_46.txt,synthetic,1,,
ok,SAT,baseline_milp,input/synthetic/synthetic_46.txt,synthetic,1,26857717,
ok,SA,baseline_milp,input/synthetic/synthetic_46.txt,synthetic,1,26857717,
missing,MILP2,baseline_milp,input/synthetic/synthetic_46.txt,synthetic,1,,
ok,Greedy+MILP,baseline_milp,input/synthetic/synthetic_47.txt,synthetic,1,6304762,
ok,Greedy,baseline_milp,input/synthetic/synthetic_47.txt,synthetic,1,6304762,
missing,MILP1,baseline_milp,input/synthetic/synthetic_47.txt,synthetic,1,,
ok,SAT,baseline_milp,input/synthetic/synthetic_47.txt,synthetic,1,6450150,
ok,SA,baseline_milp,input/synthetic/synthetic_47.txt,synthetic,1,6445709,
ok,MILP2,baseline_milp,input/synthetic/synthetic_47.txt,synthetic,1,6456677,
ok,Greedy+MILP,baseline_milp,input/synthetic/synthetic_48.txt,synthetic,1,231592,
ok,Greedy,baseline_milp,input/synthetic/synthetic_48.txt,synthetic,1,231592,
ok,MILP1,baseline_milp,input/synthetic/synthetic_48.txt,synthetic,1,231592,
ok,SAT,baseline_milp,input/synthetic/synthetic_48.txt,synthetic,1,231592,
ok,SA,baseline_milp,input/synthetic/synthetic_48.txt,synthetic,1,231592,
ok,MILP2,baseline_milp,input/synthetic/synthetic_48.txt,synthetic,1,231592,
ok,Greedy+MILP,baseline_milp,input/synthetic/synthetic_49.txt,synthetic,1,105133,
ok,Greedy,baseline_milp,input/synthetic/synthetic_49.txt,synthetic,1,105133,
ok,MILP1,baseline_milp,input/synthetic/synthetic_49.txt,synthetic,1,105309,
ok,SAT,baseline_milp,input/synthetic/synthetic_49.txt,synthetic,1,104780,
ok,SA,baseline_milp,input/synthetic/synthetic_49.txt,synthetic,1,104531,
ok,MILP2,baseline_milp,input/synthetic/synthetic_49.txt,synthetic,1,104704,
ok,Greedy+MILP,baseline_milp,input/synthetic/synthetic_5.txt,synthetic,1,28639,
ok,Greedy,baseline_milp,input/synthetic/synthetic_5.txt,synthetic,1,28639,
ok,MILP1,baseline_milp,input/synthetic/synthetic_5.txt,synthetic,1,28639,
ok,SAT,baseline_milp,input/synthetic/synthetic_5.txt,synthetic,1,28639,
ok,SA,baseline_milp,input/synthetic/synthetic_5.txt,synthetic,1,28639,
ok,MILP2,baseline_milp,input/synthetic/synthetic_5.txt,synthetic,1,28639,
ok,Greedy+MILP,baseline_milp,input/synthetic/synthetic_50.txt,synthetic,1,142479,
ok,Greedy,baseline_milp,input/synthetic/synthetic_50.txt,synthetic,1,142479,
ok,MILP1,baseline_milp,input/synthetic/synthetic_50.txt,synthetic,1,142479,
ok,SAT,baseline_milp,input/synthetic/synthetic_50.txt,synthetic,1,141120,
ok,SA,baseline_milp,input/synthetic/synthetic_50.txt,synthetic,1,141178,
ok,MILP2,baseline_milp,input/synthetic/synthetic_50.txt,synthetic,1,141424,
ok,Greedy+MILP,baseline_milp,input/synthetic/synthetic_51.txt,synthetic,1,126759,
ok,Greedy,baseline_milp,input/synthetic/synthetic_51.txt,synthetic,1,126759,
ok,MILP1,baseline_milp,input/synthetic/synthetic_51.txt,synthetic,1,126759,
ok,SAT,baseline_milp,input/synthetic/synthetic_51.txt,synthetic,1,125556,
ok,SA,baseline_milp,input/synthetic/synthetic_51.txt,synthetic,1,126056,
ok,MILP2,baseline_milp,input/synthetic/synthetic_51.txt,synthetic,1,125959,
ok,Greedy+MILP,baseline_milp,input/synthetic/synthetic_52.txt,synthetic,1,154127,
ok,Greedy,baseline_milp,input/synthetic/synthetic_52.txt,synthetic,1,154127,
ok,MILP1,baseline_milp,input/synthetic/synthetic_52.txt,synthetic,1,154127,
ok,SAT,baseline_milp,input/synthetic/synthetic_52.txt,synthetic,1,154127,
ok,SA,baseline_milp,input/synthetic/synthetic_52.txt,synthetic,1,154127,
ok,MILP2,baseline_milp,input/synthetic/synthetic_52.txt,synthetic,1,154127,
ok,Greedy+MILP,baseline_milp,input/synthetic/synthetic_53.txt,synthetic,1,287602,
ok,Greedy,baseline_milp,input/synthetic/synthetic_53.txt,synthetic,1,287602,
ok,MILP1,baseline_milp,input/synthetic/synthetic_53.txt,synthetic,1,291277,
ok,SAT,baseline_milp,input/synthetic/synthetic_53.txt,synthetic,1,288801,
ok,SA,baseline_milp,input/synthetic/synthetic_53.txt,synthetic,1,288017,
ok,MILP2,baseline_milp,input/synthetic/synthetic_53.txt,synthetic,1,288151,
ok,Greedy+MILP,baseline_milp,input/synthetic/synthetic_54.txt,synthetic,1,13231364,
ok,Greedy,baseline_milp,input/synthetic/synthetic_54.txt,synthetic,1,13231364,
ok,MILP1,baseline_milp,input/synthetic/synthetic_54.txt,synthetic,1,13231364,
ok,SAT,baseline_milp,input/synthetic/synthetic_54.txt,synthetic,1,13231364,
ok,SA,baseline_milp,input/synthetic/synthetic_54.txt,synthetic,1,13231364,
ok,MILP2,baseline_milp,input/synthetic/synthetic_54.txt,synthetic,1,13231364,
ok,Greedy+MILP,baseline_milp,input/synthetic/synthetic_55.txt,synthetic,1,65074,
ok,Greedy,baseline_milp,input/synthetic/synthetic_55.txt,synthetic,1,65074,
ok,MILP1,baseline_milp,input/synthetic/synthetic_55.txt,synthetic,1,65074,
ok,SAT,baseline_milp,input/synthetic/synthetic_55.txt,synthetic,1,65074,
ok,SA,baseline_milp,input/synthetic/synthetic_55.txt,synthetic,1,65074,
ok,MILP2,baseline_milp,input/synthetic/synthetic_55.txt,synthetic,1,65074,
ok,Greedy+MILP,baseline_milp,input/synthetic/synthetic_56.txt,synthetic,1,929123,
ok,Greedy,baseline_milp,input/synthetic/synthetic_56.txt,synthetic,1,929123,
missing,MILP1,baseline_milp,input/synthetic/synthetic_56.txt,synthetic,1,,
ok,SAT,baseline_milp,input/synthetic/synthetic_56.txt,synthetic,1,934787,
ok,SA,baseline_milp,input/synthetic/synthetic_56.txt,synthetic,1,937528,
ok,MILP2,baseline_milp,input/synthetic/synthetic_56.txt,synthetic,1,939061,
ok,Greedy+MILP,baseline_milp,input/synthetic/synthetic_57.txt,synthetic,1,77903,
ok,Greedy,baseline_milp,input/synthetic/synthetic_57.txt,synthetic,1,77903,
ok,MILP1,baseline_milp,input/synthetic/synthetic_57.txt,synthetic,1,81047,
ok,SAT,baseline_milp,input/synthetic/synthetic_57.txt,synthetic,1,78048,
ok,SA,baseline_milp,input/synthetic/synthetic_57.txt,synthetic,1,78131,
ok,MILP2,baseline_milp,input/synthetic/synthetic_57.txt,synthetic,1,78677,
ok,Greedy+MILP,baseline_milp,input/synthetic/synthetic_58.txt,synthetic,1,33127,
ok,Greedy,baseline_milp,input/synthetic/synthetic_58.txt,synthetic,1,33127,
ok,MILP1,baseline_milp,input/synthetic/synthetic_58.txt,synthetic,1,33127,
ok,SAT,baseline_milp,input/synthetic/synthetic_58.txt,synthetic,1,33127,
ok,SA,baseline_milp,input/synthetic/synthetic_58.txt,synthetic,1,33127,
ok,MILP2,baseline_milp,input/synthetic/synthetic_58.txt,synthetic,1,33127,
ok,Greedy+MILP,baseline_milp,input/synthetic/synthetic_59.txt,synthetic,1,104400,
ok,Greedy,baseline_milp,input/synthetic/synthetic_59.txt,synthetic,1,104400,
ok,MILP1,baseline_milp,input/synthetic/synthetic_59.txt,synthetic,1,104400,
ok,SAT,baseline_milp,input/synthetic/synthetic_59.txt,synthetic,1,104400,
ok,SA,baseline_milp,input/synthetic/synthetic_59.txt,synthetic,1,104400,
missing,MILP2,baseline_milp,input/synthetic/synthetic_59.txt,synthetic,1,,
ok,Greedy+MILP,baseline_milp,input/synthetic/synthetic_6.txt,synthetic,1,82908,
ok,Greedy,baseline_milp,input/synthetic/synthetic_6.txt,synthetic,1,82908,
ok,MILP1,baseline_milp,input/synthetic/synthetic_6.txt,synthetic,1,82908,
ok,SAT,baseline_milp,input/synthetic/synthetic_6.txt,synthetic,1,82908,
ok,SA,baseline_milp,input/synthetic/synthetic_6.txt,synthetic,1,82908,
missing,MILP2,baseline_milp,input/synthetic/synthetic_6.txt,synthetic,1,,
ok,Greedy+MILP,baseline_milp,input/synthetic/synthetic_60.txt,synthetic,1,17544919,
ok,Greedy,baseline_milp,input/synthetic/synthetic_60.txt,synthetic,1,17544919,
missing,MILP1,baseline_milp,input/synthetic/synthetic_60.txt,synthetic,1,,
ok,SAT,baseline_milp,input/synthetic/synthetic_60.txt,synthetic,1,17867164,
ok,SA,baseline_milp,input/synthetic/synthetic_60.txt,synthetic,1,17887435,
ok,MILP2,baseline_milp,input/synthetic/synthetic_60.txt,synthetic,1,17930950,
ok,Greedy+MILP,baseline_milp,input/synthetic/synthetic_61.txt,synthetic,1,128454,
ok,Greedy,baseline_milp,input/synthetic/synthetic_61.txt,synthetic,1,128454,
ok,MILP1,baseline_milp,input/synthetic/synthetic_61.txt,synthetic,1,128454,
ok,SAT,baseline_milp,input/synthetic/synthetic_61.txt,synthetic,1,127426,
ok,SA,baseline_milp,input/synthetic/synthetic_61.txt,synthetic,1,127121,
ok,MILP2,baseline_milp,input/synthetic/synthetic_61.txt,synthetic,1,127117,
ok,Greedy+MILP,baseline_milp,input/synthetic/synthetic_62.txt,synthetic,1,205966,
ok,Greedy,baseline_milp,input/synthetic/synthetic_62.txt,synthetic,1,205966,
ok,MILP1,baseline_milp,input/synthetic/synthetic_62.txt,synthetic,1,205966,
ok,SAT,baseline_milp,input/synthetic/synthetic_62.txt,synthetic,1,205966,
ok,SA,baseline_milp,input/synthetic/synthetic_62.txt,synthetic,1,205966,
ok,MILP2,baseline_milp,input/synthetic/synthetic_62.txt,synthetic,1,205966,
ok,Greedy+MILP,baseline_milp,input/synthetic/synthetic_63.txt,synthetic,1,18713981,
ok,Greedy,baseline_milp,input/synthetic/synthetic_63.txt,synthetic,1,18713981,
missing,MILP1,baseline_milp,input/synthetic/synthetic_63.txt,synthetic,1,,
ok,SAT,baseline_milp,input/synthetic/synthetic_63.txt,synthetic,1,18756239,
ok,SA,baseline_milp,input/synthetic/synthetic_63.txt,synthetic,1,18752755,
ok,MILP2,baseline_milp,input/synthetic/synthetic_63.txt,synthetic,1,18741432,
ok,Greedy+MILP,baseline_milp,input/synthetic/synthetic_64.txt,synthetic,1,94393,
ok,Greedy,baseline_milp,input/synthetic/synthetic_64.txt,synthetic,1,94393,
ok,MILP1,baseline_milp,input/synthetic/synthetic_64.txt,synthetic,1,94393,
ok,SAT,baseline_milp,input/synthetic/synthetic_64.txt,synthetic,1,93843,
ok,SA,baseline_milp,input/synthetic/synthetic_64.txt,synthetic,1,94003,
ok,MILP2,baseline_milp,input/synthetic/synthetic_64.txt,synthetic,1,93841,
ok,Greedy+MILP,baseline_milp,input/synthetic/synthetic_65.txt,synthetic,1,131164,
ok,Greedy,baseline_milp,input/synthetic/synthetic_65.txt,synthetic,1,131164,
ok,MILP1,baseline_milp,input/synthetic/synthetic_65.txt,synthetic,1,132057,
ok,SAT,baseline_milp,input/synthetic/synthetic_65.txt,synthetic,1,126212,
ok,SA,baseline_milp,input/synthetic/synthetic_65.txt,synthetic,1,125968,
ok,MILP2,baseline_milp,input/synthetic/synthetic_65.txt,synthetic,1,125642,
ok,Greedy+MILP,baseline_milp,input/synthetic/synthetic_66.txt,synthetic,1,5013512,
ok,Greedy,baseline_milp,input/synthetic/synthetic_66.txt,synthetic,1,5013512,
missing,MILP1,baseline_milp,input/synthetic/synthetic_66.txt,synthetic,1,,
ok,SAT,baseline_milp,input/synthetic/synthetic_66.txt,synthetic,1,5275928,
ok,SA,baseline_milp,input/synthetic/synthetic_66.txt,synthetic,1,5289229,
ok,MILP2,baseline_milp,input/synthetic/synthetic_66.txt,synthetic,1,5312684,
ok,Greedy+MILP,baseline_milp,input/synthetic/synthetic_67.txt,synthetic,1,6249909,
ok,Greedy,baseline_milp,input/synthetic/synthetic_67.txt,synthetic,1,6249909,
missing,MILP1,baseline_milp,input/synthetic/synthetic_67.txt,synthetic,1,,
ok,SAT,baseline_milp,input/synthetic/synthetic_67.txt,synthetic,1,6456662,
ok,SA,baseline_milp,input/synthetic/synthetic_67.txt,synthetic,1,6476793,
ok,MILP2,baseline_milp,input/synthetic/synthetic_67.txt,synthetic,1,6475984,
ok,Greedy+MILP,baseline_milp,input/synthetic/synthetic_68.txt,synthetic,1,268333,
ok,Greedy,baseline_milp,input/synthetic/synthetic_68.txt,synthetic,1,268333,
ok,MILP1,baseline_milp,input/synthetic/synthetic_68.txt,synthetic,1,268333,
ok,SAT,baseline_milp,input/synthetic/synthetic_68.txt,synthetic,1,267755,
ok,SA,baseline_milp,input/synthetic/synthetic_68.txt,synthetic,1,268176,
ok,MILP2,baseline_milp,input/synthetic/synthetic_68.txt,synthetic,1,267755,
ok,Greedy+MILP,baseline_milp,input/synthetic/synthetic_69.txt,synthetic,1,79479,
ok,Greedy,baseline_milp,input/synthetic/synthetic_69.txt,synthetic,1,79479,
ok,MILP1,baseline_milp,input/synthetic/synthetic_69.txt,synthetic,1,79479,
ok,SAT,baseline_milp,input/synthetic/synthetic_69.txt,synthetic,1,79479,
ok,SA,baseline_milp,input/synthetic/synthetic_69.txt,synthetic,1,79479,
ok,MILP2,baseline_milp,input/synthetic/synthetic_69.txt,synthetic,1,79479,
ok,Greedy+MILP,baseline_milp,input/synthetic/synthetic_7.txt,synthetic,1,13145538,
ok,Greedy,baseline_milp,input/synthetic/synthetic_7.txt,synthetic,1,13145538,
missing,MILP1,baseline_milp,input/synthetic/synthetic_7.txt,synthetic,1,,
ok,SAT,baseline_milp,input/synthetic/synthetic_7.txt,synthetic,1,13331971,
ok,SA,baseline_milp,input/synthetic/synthetic_7.txt,synthetic,1,13351819,
ok,MILP2,baseline_milp,input/synthetic/synthetic_7.txt,synthetic,1,13367609,
ok,Greedy+MILP,baseline_milp,input/synthetic/synthetic_70.txt,synthetic,1,249881,
ok,Greedy,baseline_milp,input/synthetic/synthetic_70.txt,synthetic,1,249881,
ok,MILP1,baseline_milp,input/synthetic/synthetic_70.txt,synthetic,1,249881,
ok,SAT,baseline_milp,input/synthetic/synthetic_70.txt,synthetic,1,249881,
ok,SA,baseline_milp,input/synthetic/synthetic_70.txt,synthetic,1,249881,
ok,MILP2,baseline_milp,input/synthetic/synthetic_70.txt,synthetic,1,249881,
ok,Greedy+MILP,baseline_milp,input/synthetic/synthetic_71.txt,synthetic,1,95460,
ok,Greedy,baseline_milp,input/synthetic/synthetic_71.txt,synthetic,1,95460,
ok,MILP1,baseline_milp,input/synthetic/synthetic_71.txt,synthetic,1,95460,
ok,SAT,baseline_milp,input/synthetic/synthetic_71.txt,synthetic,1,95460,
ok,SA,baseline_milp,input/synthetic/synthetic_71.txt,synthetic,1,95460,
ok,MILP2,baseline_milp,input/synthetic/synthetic_71.txt,synthetic,1,95460,
ok,Greedy+MILP,baseline_milp,input/synthetic/synthetic_72.txt,synthetic,1,104862,
ok,Greedy,baseline_milp,input/synthetic/synthetic_72.txt,synthetic,1,104862,
ok,MILP1,baseline_milp,input/synthetic/synthetic_72.txt,synthetic,1,104862,
ok,SAT,baseline_milp,input/synthetic/synthetic_72.txt,synthetic,1,104509,
ok,SA,baseline_milp,input/synthetic/synthetic_72.txt,synthetic,1,104334,
ok,MILP2,baseline_milp,input/synthetic/synthetic_72.txt,synthetic,1,104566,
ok,Greedy+MILP,baseline_milp,input/synthetic/synthetic_73.txt,synthetic,1,207169,
ok,Greedy,baseline_milp,input/synthetic/synthetic_73.txt,synthetic,1,207169,
ok,MILP1,baseline_milp,input/synthetic/synthetic_73.txt,synthetic,1,207169,
ok,SAT,baseline_milp,input/synthetic/synthetic_73.txt,synthetic,1,207169,
ok,SA,baseline_milp,input/synthetic/synthetic_73.txt,synthetic,1,207169,
ok,MILP2,baseline_milp,input/synthetic/synthetic_73.txt,synthetic,1,207169,
ok,Greedy+MILP,baseline_milp,input/synthetic/synthetic_74.txt,synthetic,1,60018,
ok,Greedy,baseline_milp,input/synthetic/synthetic_74.txt,synthetic,1,60018,
ok,MILP1,baseline_milp,input/synthetic/synthetic_74.txt,synthetic,1,60018,
ok,SAT,baseline_milp,input/synthetic/synthetic_74.txt,synthetic,1,60018,
ok,SA,baseline_milp,input/synthetic/synthetic_74.txt,synthetic,1,60018,
ok,MILP2,baseline_milp,input/synthetic/synthetic_74.txt,synthetic,1,60018,
ok,Greedy+MILP,baseline_milp,input/synthetic/synthetic_75.txt,synthetic,1,140755,
ok,Greedy,baseline_milp,input/synthetic/synthetic_75.txt,synthetic,1,140755,
ok,MILP1,baseline_milp,input/synthetic/synthetic_75.txt,synthetic,1,140755,
ok,SAT,baseline_milp,input/synthetic/synthetic_75.txt,synthetic,1,140755,
ok,SA,baseline_milp,input/synthetic/synthetic_75.txt,synthetic,1,140755,
ok,MILP2,baseline_milp,input/synthetic/synthetic_75.txt,synthetic,1,140755,
ok,Greedy+MILP,baseline_milp,input/synthetic/synthetic_76.txt,synthetic,1,223621,
ok,Greedy,baseline_milp,input/synthetic/synthetic_76.txt,synthetic,1,223621,
ok,MILP1,baseline_milp,input/synthetic/synthetic_76.txt,synthetic,1,223621,
ok,SAT,baseline_milp,input/synthetic/synthetic_76.txt,synthetic,1,223621,
ok,SA,baseline_milp,input/synthetic/synthetic_76.txt,synthetic,1,223621,
ok,MILP2,baseline_milp,input/synthetic/synthetic_76.txt,synthetic,1,223621,
ok,Greedy+MILP,baseline_milp,input/synthetic/synthetic_77.txt,synthetic,1,10033866,
ok,Greedy,baseline_milp,input/synthetic/synthetic_77.txt,synthetic,1,10033866,
ok,MILP1,baseline_milp,input/synthetic/synthetic_77.txt,synthetic,1,10033866,
ok,SAT,baseline_milp,input/synthetic/synthetic_77.txt,synthetic,1,10033866,
ok,SA,baseline_milp,input/synthetic/synthetic_77.txt,synthetic,1,10033866,
ok,MILP2,baseline_milp,input/synthetic/synthetic_77.txt,synthetic,1,10033866,
ok,Greedy+MILP,baseline_milp,input/synthetic/synthetic_78.txt,synthetic,1,1056015,
ok,Greedy,baseline_milp,input/synthetic/synthetic_78.txt,synthetic,1,1056015,
missing,MILP1,baseline_milp,input/synthetic/synthetic_78.txt,synthetic,1,,
ok,SAT,baseline_milp,input/synthetic/synthetic_78.txt,synthetic,1,1094463,
ok,SA,baseline_milp,input/synthetic/synthetic_78.txt,synthetic,1,1097927,
ok,MILP2,baseline_milp,input/synthetic/synthetic_78.txt,synthetic,1,1105050,
ok,Greedy+MILP,baseline_milp,input/synthetic/synthetic_79.txt,synthetic,1,93566,
ok,Greedy,baseline_milp,input/synthetic/synthetic_79.txt,synthetic,1,93566,
ok,MILP1,baseline_milp,input/synthetic/synthetic_79.txt,synthetic,1,93566,
ok,SAT,baseline_milp,input/synthetic/synthetic_79.txt,synthetic,1,93566,
ok,SA,baseline_milp,input/synthetic/synthetic_79.txt,synthetic,1,93566,
ok,MILP2,baseline_milp,input/synthetic/synthetic_79.txt,synthetic,1,93566,
ok,Greedy+MILP,baseline_milp,input/synthetic/synthetic_8.txt,synthetic,1,213202,
ok,Greedy,baseline_milp,input/synthetic/synthetic_8.txt,synthetic,1,213202,
ok,MILP1,baseline_milp,input/synthetic/synthetic_8.txt,synthetic,1,213202,
ok,SAT,baseline_milp,input/synthetic/synthetic_8.txt,synthetic,1,213202,
ok,SA,baseline_milp,input/synthetic/synthetic_8.txt,synthetic,1,213202,
ok,MILP2,baseline_milp,input/synthetic/synthetic_8.txt,synthetic,1,213202,
ok,Greedy+MILP,baseline_milp,input/synthetic/synthetic_80.txt,synthetic,1,137454,
ok,Greedy,baseline_milp,input/synthetic/synthetic_80.txt,synthetic,1,137454,
ok,MILP1,baseline_milp,input/synthetic/synthetic_80.txt,synthetic,1,137454,
ok,SAT,baseline_milp,input/synthetic/synthetic_80.txt,synthetic,1,137454,
ok,SA,baseline_milp,input/synthetic/synthetic_80.txt,synthetic,1,137454,
ok,MILP2,baseline_milp,input/synthetic/synthetic_80.txt,synthetic,1,137454,
ok,Greedy+MILP,baseline_milp,input/synthetic/synthetic_81.txt,synthetic,1,198571,
ok,Greedy,baseline_milp,input/synthetic/synthetic_81.txt,synthetic,1,198571,
ok,MILP1,baseline_milp,input/synthetic/synthetic_81.txt,synthetic,1,211648,
ok,SAT,baseline_milp,input/synthetic/synthetic_81.txt,synthetic,1,211110,
ok,SA,baseline_milp,input/synthetic/synthetic_81.txt,synthetic,1,211376,
ok,MILP2,baseline_milp,input/synthetic/synthetic_81.txt,synthetic,1,211157,
ok,Greedy+MILP,baseline_milp,input/synthetic/synthetic_82.txt,synthetic,1,93157,
ok,Greedy,baseline_milp,input/synthetic/synthetic_82.txt,synthetic,1,93157,
ok,MILP1,baseline_milp,input/synthetic/synthetic_82.txt,synthetic,1,93157,
ok,SAT,baseline_milp,input/synthetic/synthetic_82.txt,synthetic,1,93024,
ok,SA,baseline_milp,input/synthetic/synthetic_82.txt,synthetic,1,93024,
ok,MILP2,baseline_milp,input/synthetic/synthetic_82.txt,synthetic,1,93024,
ok,Greedy+MILP,baseline_milp,input/synthetic/synthetic_83.txt,synthetic,1,21618653,
ok,Greedy,baseline_milp,input/synthetic/synthetic_83.txt,synthetic,1,21618653,
ok,MILP1,baseline_milp,input/synthetic/synthetic_83.txt,synthetic,1,21618653,
ok,SAT,baseline_milp,input/synthetic/synthetic_83.txt,synthetic,1,21618653,
ok,SA,baseline_milp,input/synthetic/synthetic_83.txt,synthetic,1,21618653,
ok,MILP2,baseline_milp,input/synthetic/synthetic_83.txt,synthetic,1,21618653,
ok,Greedy+MILP,baseline_milp,input/synthetic/synthetic_84.txt,synthetic,1,57755,
ok,Greedy,baseline_milp,input/synthetic/synthetic_84.txt,synthetic,1,57755,
ok,MILP1,baseline_milp,input/synthetic/synthetic_84.txt,synthetic,1,79217,
ok,SAT,baseline_milp,input/synthetic/synthetic_84.txt,synthetic,1,56241,
ok,SA,baseline_milp,input/synthetic/synthetic_84.txt,synthetic,1,56845,
ok,MILP2,baseline_milp,input/synthetic/synthetic_84.txt,synthetic,1,55630,
ok,Greedy+MILP,baseline_milp,input/synthetic/synthetic_85.txt,synthetic,1,2597661,
ok,Greedy,baseline_milp,input/synthetic/synthetic_85.txt,synthetic,1,2597661,
ok,MILP1,baseline_milp,input/synthetic/synthetic_85.txt,synthetic,1,2597661,
ok,SAT,baseline_milp,input/synthetic/synthetic_85.txt,synthetic,1,2597661,
ok,SA,baseline_milp,input/synthetic/synthetic_85.txt,synthetic,1,2597661,
ok,MILP2,baseline_milp,input/synthetic/synthetic_85.txt,synthetic,1,2597661,
ok,Greedy+MILP,baseline_milp,input/synthetic/synthetic_86.txt,synthetic,1,1869245,
ok,Greedy,baseline_milp,input/synthetic/synthetic_86.txt,synthetic,1,1869245,
ok,MILP1,baseline_milp,input/synthetic/synthetic_86.txt,synthetic,1,1869245,
ok,SAT,baseline_milp,input/synthetic/synthetic_86.txt,synthetic,1,1869245,
ok,SA,baseline_milp,input/synthetic/synthetic_86.txt,synthetic,1,1869245,
ok,MILP2,baseline_milp,input/synthetic/synthetic_86.txt,synthetic,1,1869245,
ok,Greedy+MILP,baseline_milp,input/synthetic/synthetic_87.txt,synthetic,1,2703075,
ok,Greedy,baseline_milp,input/synthetic/synthetic_87.txt,synthetic,1,2703075,
missing,MILP1,baseline_milp,input/synthetic/synthetic_87.txt,synthetic,1,,
ok,SAT,baseline_milp,input/synthetic/synthetic_87.txt,synthetic,1,2738867,
ok,SA,baseline_milp,input/synthetic/synthetic_87.txt,synthetic,1,2746338,
ok,MILP2,baseline_milp,input/synthetic/synthetic_87.txt,synthetic,1,2775878,
ok,Greedy+MILP,baseline_milp,input/synthetic/synthetic_88.txt,synthetic,1,105789,
ok,Greedy,baseline_milp,input/synthetic/synthetic_88.txt,synthetic,1,105789,
ok,MILP1,baseline_milp,input/synthetic/synthetic_88.txt,synthetic,1,115353,
ok,SAT,baseline_milp,input/synthetic/synthetic_88.txt,synthetic,1,115353,
ok,SA,baseline_milp,input/synthetic/synthetic_88.txt,synthetic,1,115353,
ok,MILP2,baseline_milp,input/synthetic/synthetic_88.txt,synthetic,1,108314,
ok,Greedy+MILP,baseline_milp,input/synthetic/synthetic_89.txt,synthetic,1,9015,
ok,Greedy,baseline_milp,input/synthetic/synthetic_89.txt,synthetic,1,9015,
ok,MILP1,baseline_milp,input/synthetic/synthetic_89.txt,synthetic,1,9015,
ok,SAT,baseline_milp,input/synthetic/synthetic_89.txt,synthetic,1,9015,
ok,SA,baseline_milp,input/synthetic/synthetic_89.txt,synthetic,1,9015,
ok,MILP2,baseline_milp,input/synthetic/synthetic_89.txt,synthetic,1,9015,
ok,Greedy+MILP,baseline_milp,input/synthetic/synthetic_9.txt,synthetic,1,1700713,
ok,Greedy,baseline_milp,input/synthetic/synthetic_9.txt,synthetic,1,1700713,
missing,MILP1,baseline_milp,input/synthetic/synthetic_9.txt,synthetic,1,,
ok,SAT,baseline_milp,input/synthetic/synthetic_9.txt,synthetic,1,1782910,
ok,SA,baseline_milp,input/synthetic/synthetic_9.txt,synthetic,1,1790538,
ok,MILP2,baseline_milp,input/synthetic/synthetic_9.txt,synthetic,1,1788345,
ok,Greedy+MILP,baseline_milp,input/synthetic/synthetic_90.txt,synthetic,1,177427,
ok,Greedy,baseline_milp,input/synthetic/synthetic_90.txt,synthetic,1,177427,
ok,MILP1,baseline_milp,input/synthetic/synthetic_90.txt,synthetic,1,177823,
ok,SAT,baseline_milp,input/synthetic/synthetic_90.txt,synthetic,1,176853,
ok,SA,baseline_milp,input/synthetic/synthetic_90.txt,synthetic,1,176769,
ok,MILP2,baseline_milp,input/synthetic/synthetic_90.txt,synthetic,1,177746,
ok,Greedy+MILP,baseline_milp,input/synthetic/synthetic_91.txt,synthetic,1,1878228,
ok,Greedy,baseline_milp,input/synthetic/synthetic_91.txt,synthetic,1,1878228,
missing,MILP1,baseline_milp,input/synthetic/synthetic_91.txt,synthetic,1,,
ok,SAT,baseline_milp,input/synthetic/synthetic_91.txt,synthetic,1,2183440,
ok,SA,baseline_milp,input/synthetic/synthetic_91.txt,synthetic,1,2196567,
ok,MILP2,baseline_milp,input/synthetic/synthetic_91.txt,synthetic,1,2214205,
ok,Greedy+MILP,baseline_milp,input/synthetic/synthetic_92.txt,synthetic,1,113425,
ok,Greedy,baseline_milp,input/synthetic/synthetic_92.txt,synthetic,1,113425,
ok,MILP1,baseline_milp,input/synthetic/synthetic_92.txt,synthetic,1,113425,
ok,SAT,baseline_milp,input/synthetic/synthetic_92.txt,synthetic,1,113425,
ok,SA,baseline_milp,input/synthetic/synthetic_92.txt,synthetic,1,113425,
ok,MILP2,baseline_milp,input/synthetic/synthetic_92.txt,synthetic,1,113425,
ok,Greedy+MILP,baseline_milp,input/synthetic/synthetic_93.txt,synthetic,1,103408,
ok,Greedy,baseline_milp,input/synthetic/synthetic_93.txt,synthetic,1,103408,
ok,MILP1,baseline_milp,input/synthetic/synthetic_93.txt,synthetic,1,103408,
ok,SAT,baseline_milp,input/synthetic/synthetic_93.txt,synthetic,1,103408,
ok,SA,baseline_milp,input/synthetic/synthetic_93.txt,synthetic,1,103408,
ok,MILP2,baseline_milp,input/synthetic/synthetic_93.txt,synthetic,1,103408,
ok,Greedy+MILP,baseline_milp,input/synthetic/synthetic_94.txt,synthetic,1,2294545,
ok,Greedy,baseline_milp,input/synthetic/synthetic_94.txt,synthetic,1,2294545,
missing,MILP1,baseline_milp,input/synthetic/synthetic_94.txt,synthetic,1,,
ok,SAT,baseline_milp,input/synthetic/synthetic_94.txt,synthetic,1,2545145,
ok,SA,baseline_milp,input/synthetic/synthetic_94.txt,synthetic,1,2579431,
ok,MILP2,baseline_milp,input/synthetic/synthetic_94.txt,synthetic,1,2605442,
ok,Greedy+MILP,baseline_milp,input/synthetic/synthetic_95.txt,synthetic,1,171405,
ok,Greedy,baseline_milp,input/synthetic/synthetic_95.txt,synthetic,1,171405,
ok,MILP1,baseline_milp,input/synthetic/synthetic_95.txt,synthetic,1,171405,
ok,SAT,baseline_milp,input/synthetic/synthetic_95.txt,synthetic,1,170946,
ok,SA,baseline_milp,input/synthetic/synthetic_95.txt,synthetic,1,170966,
ok,MILP2,baseline_milp,input/synthetic/synthetic_95.txt,synthetic,1,170867,
ok,Greedy+MILP,baseline_milp,input/synthetic/synthetic_96.txt,synthetic,1,365328,
ok,Greedy,baseline_milp,input/synthetic/synthetic_96.txt,synthetic,1,365328,
ok,MILP1,baseline_milp,input/synthetic/synthetic_96.txt,synthetic,1,366595,
ok,SAT,baseline_milp,input/synthetic/synthetic_96.txt,synthetic,1,365449,
ok,SA,baseline_milp,input/synthetic/synthetic_96.txt,synthetic,1,364459,
ok,MILP2,baseline_milp,input/synthetic/synthetic_96.txt,synthetic,1,364459,
ok,Greedy+MILP,baseline_milp,input/synthetic/synthetic_97.txt,synthetic,1,46694254,
ok,Greedy,baseline_milp,input/synthetic/synthetic_97.txt,synthetic,1,46694254,
missing,MILP1,baseline_milp,input/synthetic/synthetic_97.txt,synthetic,1,,
ok,SAT,baseline_milp,input/synthetic/synthetic_97.txt,synthetic,1,46694254,
ok,SA,baseline_milp,input/synthetic/synthetic_97.txt,synthetic,1,46694254,
missing,MILP2,baseline_milp,input/synthetic/synthetic_97.txt,synthetic,1,,
ok,Greedy+MILP,baseline_milp,input/synthetic/synthetic_98.txt,synthetic,1,161049,
ok,Greedy,baseline_milp,input/synthetic/synthetic_98.txt,synthetic,1,161049,
ok,MILP1,baseline_milp,input/synthetic/synthetic_98.txt,synthetic,1,213869,
ok,SAT,baseline_milp,input/synthetic/synthetic_98.txt,synthetic,1,158657,
ok,SA,baseline_milp,input/synthetic/synthetic_98.txt,synthetic,1,159824,
ok,MILP2,baseline_milp,input/synthetic/synthetic_98.txt,synthetic,1,154579,
ok,Greedy+MILP,baseline_milp,input/synthetic/synthetic_99.txt,synthetic,1,144539,
ok,Greedy,baseline_milp,input/synthetic/synthetic_99.txt,synthetic,1,144539,
ok,MILP1,baseline_milp,input/synthetic/synthetic_99.txt,synthetic,1,144539,
ok,SAT,baseline_milp,input/synthetic/synthetic_99.txt,synthetic,1,144539,
ok,SA,baseline_milp,input/synthetic/synthetic_99.txt,synthetic,1,144539,
ok,MILP2,baseline_milp,input/synthetic/synthetic_99.txt,synthetic,1,144539,
ok,Greedy+MILP,baseline_milp,input/seed_based/b_060x_008t.txt,seed_based,1,85354,
ok,Greedy,baseline_milp,input/seed_based/b_060x_008t.txt,seed_based,1,85354,
ok,MILP1,baseline_milp,input/seed_based/b_060x_008t.txt,seed_based,1,70115,
ok,SAT,baseline_milp,input/seed_based/b_060x_008t.txt,seed_based,1,85376,
ok,SA,baseline_milp,input/seed_based/b_060x_008t.txt,seed_based,1,14410,
ok,MILP2,baseline_milp,input/seed_based/b_060x_008t.txt,seed_based,1,85416,
ok,Greedy+MILP,baseline_milp,input/seed_based/b_060x_012t.txt,seed_based,1,139844,
ok,Greedy,baseline_milp,input/seed_based/b_060x_012t.txt,seed_based,1,139844,
ok,MILP1,baseline_milp,input/seed_based/b_060x_012t.txt,seed_based,1,94859,
ok,SAT,baseline_milp,input/seed_based/b_060x_012t.txt,seed_based,1,138345,
ok,SA,baseline_milp,input/seed_based/b_060x_012t.txt,seed_based,1,39045,
ok,MILP2,baseline_milp,input/seed_based/b_060x_012t.txt,seed_based,1,139336,
ok,Greedy+MILP,baseline_milp,input/seed_based/b_060x_020t.txt,seed_based,1,278977,
ok,Greedy,baseline_milp,input/seed_based/b_060x_020t.txt,seed_based,1,278977,
ok,MILP1,baseline_milp,input/seed_based/b_060x_020t.txt,seed_based,1,193929,
ok,SAT,baseline_milp,input/seed_based/b_060x_020t.txt,seed_based,1,275675,
ok,SA,baseline_milp,input/seed_based/b_060x_020t.txt,seed_based,1,76781,
ok,MILP2,baseline_milp,input/seed_based/b_060x_020t.txt,seed_based,1,279036,
ok,Greedy+MILP,baseline_milp,input/seed_based/b_075x_008t.txt,seed_based,1,104132,
ok,Greedy,baseline_milp,input/seed_based/b_075x_008t.txt,seed_based,1,104132,
ok,MILP1,baseline_milp,input/seed_based/b_075x_008t.txt,seed_based,1,74872,
ok,SAT,baseline_milp,input/seed_based/b_075x_008t.txt,seed_based,1,103224,
ok,SA,baseline_milp,input/seed_based/b_075x_008t.txt,seed_based,1,31413,
ok,MILP2,baseline_milp,input/seed_based/b_075x_008t.txt,seed_based,1,104202,
ok,Greedy+MILP,baseline_milp,input/seed_based/b_075x_012t.txt,seed_based,1,185341,
ok,Greedy,baseline_milp,input/seed_based/b_075x_012t.txt,seed_based,1,185341,
ok,MILP1,baseline_milp,input/seed_based/b_075x_012t.txt,seed_based,1,119877,
ok,SAT,baseline_milp,input/seed_based/b_075x_012t.txt,seed_based,1,183069,
ok,SA,baseline_milp,input/seed_based/b_075x_012t.txt,seed_based,1,47638,
ok,MILP2,baseline_milp,input/seed_based/b_075x_012t.txt,seed_based,1,184748,
ok,Greedy+MILP,baseline_milp,input/seed_based/b_075x_020t.txt,seed_based,1,560785,
ok,Greedy,baseline_milp,input/seed_based/b_075x_020t.txt,seed_based,1,560785,
ok,MILP1,baseline_milp,input/seed_based/b_075x_020t.txt,seed_based,1,405914,
ok,SAT,baseline_milp,input/seed_based/b_075x_020t.txt,seed_based,1,534697,
ok,SA,baseline_milp,input/seed_based/b_075x_020t.txt,seed_based,1,95957,
ok,MILP2,baseline_milp,input/seed_based/b_075x_020t.txt,seed_based,1,558117,
ok,Greedy+MILP,baseline_milp,input/seed_based/b_090x_008t.txt,seed_based,1,156596,
ok,Greedy,baseline_milp,input/seed_based/b_090x_008t.txt,seed_based,1,156596,
ok,MILP1,baseline_milp,input/seed_based/b_090x_008t.txt,seed_based,1,118726,
ok,SAT,baseline_milp,input/seed_based/b_090x_008t.txt,seed_based,1,154211,
ok,SA,baseline_milp,input/seed_based/b_090x_008t.txt,seed_based,1,20773,
ok,MILP2,baseline_milp,input/seed_based/b_090x_008t.txt,seed_based,1,156244,
ok,Greedy+MILP,baseline_milp,input/seed_based/b_090x_012t.txt,seed_based,1,320872,
ok,Greedy,baseline_milp,input/seed_based/b_090x_012t.txt,seed_based,1,320872,
ok,MILP1,baseline_milp,input/seed_based/b_090x_012t.txt,seed_based,1,245583,
ok,SAT,baseline_milp,input/seed_based/b_090x_012t.txt,seed_based,1,304232,
ok,SA,baseline_milp,input/seed_based/b_090x_012t.txt,seed_based,1,79993,
ok,MILP2,baseline_milp,input/seed_based/b_090x_012t.txt,seed_based,1,313862,
ok,Greedy+MILP,baseline_milp,input/seed_based/b_090x_020t.txt,seed_based,1,771317,
ok,Greedy,baseline_milp,input/seed_based/b_090x_020t.txt,seed_based,1,771317,
ok,MILP1,baseline_milp,input/seed_based/b_090x_020t.txt,seed_based,1,508335,
ok,SAT,baseline_milp,input/seed_based/b_090x_020t.txt,seed_based,1,698752,
ok,SA,baseline_milp,input/seed_based/b_090x_020t.txt,seed_based,1,165159,
ok,MILP2,baseline_milp,input/seed_based/b_090x_020t.txt,seed_based,1,751630,
ok,Greedy+MILP,baseline_milp,input/seed_based/bc_060x_008t.txt,seed_based,1,883795,
ok,Greedy,baseline_milp,input/seed_based/bc_060x_008t.txt,seed_based,1,883795,
ok,MILP1,baseline_milp,input/seed_based/bc_060x_008t.txt,seed_based,1,923357,
ok,SAT,baseline_milp,input/seed_based/bc_060x_008t.txt,seed_based,1,880863,
ok,SA,baseline_milp,input/seed_based/bc_060x_008t.txt,seed_based,1,870975,
ok,MILP2,baseline_milp,input/seed_based/bc_060x_008t.txt,seed_based,1,552841,
ok,Greedy+MILP,baseline_milp,input/seed_based/bc_060x_012t.txt,seed_based,1,880770,
ok,Greedy,baseline_milp,input/seed_based/bc_060x_012t.txt,seed_based,1,880770,
ok,MILP1,baseline_milp,input/seed_based/bc_060x_012t.txt,seed_based,1,922811,
ok,SAT,baseline_milp,input/seed_based/bc_060x_012t.txt,seed_based,1,872497,
ok,SA,baseline_milp,input/seed_based/bc_060x_012t.txt,seed_based,1,861216,
ok,MILP2,baseline_milp,input/seed_based/bc_060x_012t.txt,seed_based,1,554328,
ok,Greedy+MILP,baseline_milp,input/seed_based/bc_060x_020t.txt,seed_based,1,847954,
ok,Greedy,baseline_milp,input/seed_based/bc_060x_020t.txt,seed_based,1,847954,
ok,MILP1,baseline_milp,input/seed_based/bc_060x_020t.txt,seed_based,1,889517,
ok,SAT,baseline_milp,input/seed_based/bc_060x_020t.txt,seed_based,1,849865,
ok,SA,baseline_milp,input/seed_based/bc_060x_020t.txt,seed_based,1,840564,
ok,MILP2,baseline_milp,input/seed_based/bc_060x_020t.txt,seed_based,1,485758,
ok,Greedy+MILP,baseline_milp,input/seed_based/bc_075x_008t.txt,seed_based,1,1216436,
ok,Greedy,baseline_milp,input/seed_based/bc_075x_008t.txt,seed_based,1,1216436,
ok,MILP1,baseline_milp,input/seed_based/bc_075x_008t.txt,seed_based,1,1275291,
ok,SAT,baseline_milp,input/seed_based/bc_075x_008t.txt,seed_based,1,1218163,
ok,SA,baseline_milp,input/seed_based/bc_075x_008t.txt,seed_based,1,1200731,
ok,MILP2,baseline_milp,input/seed_based/bc_075x_008t.txt,seed_based,1,841877,
ok,Greedy+MILP,baseline_milp,input/seed_based/bc_075x_012t.txt,seed_based,1,1204431,
ok,Greedy,baseline_milp,input/seed_based/bc_075x_012t.txt,seed_based,1,1204431,
ok,MILP1,baseline_milp,input/seed_based/bc_075x_012t.txt,seed_based,1,1256202,
ok,SAT,baseline_milp,input/seed_based/bc_075x_012t.txt,seed_based,1,1194208,
ok,SA,baseline_milp,input/seed_based/bc_075x_012t.txt,seed_based,1,1185680,
ok,MILP2,baseline_milp,input/seed_based/bc_075x_012t.txt,seed_based,1,817455,
ok,Greedy+MILP,baseline_milp,input/seed_based/bc_075x_020t.txt,seed_based,1,1241021,
ok,Greedy,baseline_milp,input/seed_based/bc_075x_020t.txt,seed_based,1,1241021,
ok,MILP1,baseline_milp,input/seed_based/bc_075x_020t.txt,seed_based,1,1299813,
ok,SAT,baseline_milp,input/seed_based/bc_075x_020t.txt,seed_based,1,1235823,
ok,SA,baseline_milp,input/seed_based/bc_075x_020t.txt,seed_based,1,1225599,
ok,MILP2,baseline_milp,input/seed_based/bc_075x_020t.txt,seed_based,1,854322,
ok,Greedy+MILP,baseline_milp,input/seed_based/bc_090x_008t.txt,seed_based,1,1546698,
ok,Greedy,baseline_milp,input/seed_based/bc_090x_008t.txt,seed_based,1,1546698,
ok,MILP1,baseline_milp,input/seed_based/bc_090x_008t.txt,seed_based,1,1613571,
ok,SAT,baseline_milp,input/seed_based/bc_090x_008t.txt,seed_based,1,1535655,
ok,SA,baseline_milp,input/seed_based/bc_090x_008t.txt,seed_based,1,1514576,
ok,MILP2,baseline_milp,input/seed_based/bc_090x_008t.txt,seed_based,1,1143997,
ok,Greedy+MILP,baseline_milp,input/seed_based/bc_090x_012t.txt,seed_based,1,1526491,
ok,Greedy,baseline_milp,input/seed_based/bc_090x_012t.txt,seed_based,1,1526491,
ok,MILP1,baseline_milp,input/seed_based/bc_090x_012t.txt,seed_based,1,1595856,
ok,SAT,baseline_milp,input/seed_based/bc_090x_012t.txt,seed_based,1,1520092,
ok,SA,baseline_milp,input/seed_based/bc_090x_012t.txt,seed_based,1,1509026,
ok,MILP2,baseline_milp,input/seed_based/bc_090x_012t.txt,seed_based,1,1103636,
ok,Greedy+MILP,baseline_milp,input/seed_based/bc_090x_020t.txt,seed_based,1,1511715,
ok,Greedy,baseline_milp,input/seed_based/bc_090x_020t.txt,seed_based,1,1511715,
ok,MILP1,baseline_milp,input/seed_based/bc_090x_020t.txt,seed_based,1,1571878,
ok,SAT,baseline_milp,input/seed_based/bc_090x_020t.txt,seed_based,1,1506236,
ok,SA,baseline_milp,input/seed_based/bc_090x_020t.txt,seed_based,1,1488203,
ok,MILP2,baseline_milp,input/seed_based/bc_090x_020t.txt,seed_based,1,1079406,
ok,Greedy+MILP,baseline_milp,input/seed_based/bd_060x_008t.txt,seed_based,1,776449,
ok,Greedy,baseline_milp,input/seed_based/bd_060x_008t.txt,seed_based,1,776449,
ok,MILP1,baseline_milp,input/seed_based/bd_060x_008t.txt,seed_based,1,1206368,
ok,SAT,baseline_milp,input/seed_based/bd_060x_008t.txt,seed_based,1,1088423,
ok,SA,baseline_milp,input/seed_based/bd_060x_008t.txt,seed_based,1,1105540,
missing,MILP2,baseline_milp,input/seed_based/bd_060x_008t.txt,seed_based,1,,
ok,Greedy+MILP,baseline_milp,input/seed_based/bd_060x_012t.txt,seed_based,1,1152865,
ok,Greedy,baseline_milp,input/seed_based/bd_060x_012t.txt,seed_based,1,1152865,
ok,MILP1,baseline_milp,input/seed_based/bd_060x_012t.txt,seed_based,1,1631093,
ok,SAT,baseline_milp,input/seed_based/bd_060x_012t.txt,seed_based,1,1498821,
ok,SA,baseline_milp,input/seed_based/bd_060x_012t.txt,seed_based,1,1511215,
missing,MILP2,baseline_milp,input/seed_based/bd_060x_012t.txt,seed_based,1,,
ok,Greedy+MILP,baseline_milp,input/seed_based/bd_060x_020t.txt,seed_based,1,1706862,
ok,Greedy,baseline_milp,input/seed_based/bd_060x_020t.txt,seed_based,1,1706862,
ok,MILP1,baseline_milp,input/seed_based/bd_060x_020t.txt,seed_based,1,2182604,
ok,SAT,baseline_milp,input/seed_based/bd_060x_020t.txt,seed_based,1,2068514,
ok,SA,baseline_milp,input/seed_based/bd_060x_020t.txt,seed_based,1,2045953,
missing,MILP2,baseline_milp,input/seed_based/bd_060x_020t.txt,seed_based,1,,
ok,Greedy+MILP,baseline_milp,input/seed_based/bd_075x_008t.txt,seed_based,1,1173327,
ok,Greedy,baseline_milp,input/seed_based/bd_075x_008t.txt,seed_based,1,1173327,
ok,MILP1,baseline_milp,input/seed_based/bd_075x_008t.txt,seed_based,1,1775193,
ok,SAT,baseline_milp,input/seed_based/bd_075x_008t.txt,seed_based,1,1609361,
ok,SA,baseline_milp,input/seed_based/bd_075x_008t.txt,seed_based,1,1630167,
missing,MILP2,baseline_milp,input/seed_based/bd_075x_008t.txt,seed_based,1,,
ok,Greedy+MILP,baseline_milp,input/seed_based/bd_075x_012t.txt,seed_based,1,1563774,
ok,Greedy,baseline_milp,input/seed_based/bd_075x_012t.txt,seed_based,1,1563774,
ok,MILP1,baseline_milp,input/seed_based/bd_075x_012t.txt,seed_based,1,2173000,
ok,SAT,baseline_milp,input/seed_based/bd_075x_012t.txt,seed_based,1,2006785,
ok,SA,baseline_milp,input/seed_based/bd_075x_012t.txt,seed_based,1,2028287,
missing,MILP2,baseline_milp,input/seed_based/bd_075x_012t.txt,seed_based,1,,
ok,Greedy+MILP,baseline_milp,input/seed_based/bd_075x_020t.txt,seed_based,1,2329344,
ok,Greedy,baseline_milp,input/seed_based/bd_075x_020t.txt,seed_based,1,2329344,
ok,MILP1,baseline_milp,input/seed_based/bd_075x_020t.txt,seed_based,1,2952563,
ok,SAT,baseline_milp,input/seed_based/bd_075x_020t.txt,seed_based,1,2792307,
ok,SA,baseline_milp,input/seed_based/bd_075x_020t.txt,seed_based,1,2776671,
missing,MILP2,baseline_milp,input/seed_based/bd_075x_020t.txt,seed_based,1,,
ok,Greedy+MILP,baseline_milp,input/seed_based/bd_090x_008t.txt,seed_based,1,1631894,
ok,Greedy,baseline_milp,input/seed_based/bd_090x_008t.txt,seed_based,1,1631894,
missing,MILP1,baseline_milp,input/seed_based/bd_090x_008t.txt,seed_based,1,,
ok,SAT,baseline_milp,input/seed_based/bd_090x_008t.txt,seed_based,1,2159703,
ok,SA,baseline_milp,input/seed_based/bd_090x_008t.txt,seed_based,1,2189675,
missing,MILP2,baseline_milp,input/seed_based/bd_090x_008t.txt,seed_based,1,,
ok,Greedy+MILP,baseline_milp,input/seed_based/bd_090x_012t.txt,seed_based,1,2439720,
ok,Greedy,baseline_milp,input/seed_based/bd_090x_012t.txt,seed_based,1,2439720,
missing,MILP1,baseline_milp,input/seed_based/bd_090x_012t.txt,seed_based,1,,
ok,SAT,baseline_milp,input/seed_based/bd_090x_012t.txt,seed_based,1,3076419,
ok,SA,baseline_milp,input/seed_based/bd_090x_012t.txt,seed_based,1,3104159,
missing,MILP2,baseline_milp,input/seed_based/bd_090x_012t.txt,seed_based,1,,
ok,Greedy+MILP,baseline_milp,input/seed_based/bd_090x_020t.txt,seed_based,1,3837703,
ok,Greedy,baseline_milp,input/seed_based/bd_090x_020t.txt,seed_based,1,3837703,
ok,MILP1,baseline_milp,input/seed_based/bd_090x_020t.txt,seed_based,1,4781944,
ok,SAT,baseline_milp,input/seed_based/bd_090x_020t.txt,seed_based,1,4492972,
ok,SA,baseline_milp,input/seed_based/bd_090x_020t.txt,seed_based,1,4470786,
missing,MILP2,baseline_milp,input/seed_based/bd_090x_020t.txt,seed_based,1,,
ok,Greedy+MILP,baseline_milp,input/seed_based/be_060x_008t.txt,seed_based,1,2766418,
ok,Greedy,baseline_milp,input/seed_based/be_060x_008t.txt,seed_based,1,2766418,
missing,MILP1,baseline_milp,input/seed_based/be_060x_008t.txt,seed_based,1,,
ok,SAT,baseline_milp,input/seed_based/be_060x_008t.txt,seed_based,1,3029926,
ok,SA,baseline_milp,input/seed_based/be_060x_008t.txt,seed_based,1,2388433,
ok,MILP2,baseline_milp,input/seed_based/be_060x_008t.txt,seed_based,1,3078281,
ok,Greedy+MILP,baseline_milp,input/seed_based/be_060x_012t.txt,seed_based,1,3546579,
ok,Greedy,baseline_milp,input/seed_based/be_060x_012t.txt,seed_based,1,3546579,
missing,MILP1,baseline_milp,input/seed_based/be_060x_012t.txt,seed_based,1,,
ok,SAT,baseline_milp,input/seed_based/be_060x_012t.txt,seed_based,1,3802996,
ok,SA,baseline_milp,input/seed_based/be_060x_012t.txt,seed_based,1,2578309,
ok,MILP2,baseline_milp,input/seed_based/be_060x_012t.txt,seed_based,1,3796000,
ok,Greedy+MILP,baseline_milp,input/seed_based/be_060x_020t.txt,seed_based,1,4097154,
ok,Greedy,baseline_milp,input/seed_based/be_060x_020t.txt,seed_based,1,4097154,
ok,MILP1,baseline_milp,input/seed_based/be_060x_020t.txt,seed_based,1,4469247,
ok,SAT,baseline_milp,input/seed_based/be_060x_020t.txt,seed_based,1,4368656,
ok,SA,baseline_milp,input/seed_based/be_060x_020t.txt,seed_based,1,2654337,
ok,MILP2,baseline_milp,input/seed_based/be_060x_020t.txt,seed_based,1,4400132,
ok,Greedy+MILP,baseline_milp,input/seed_based/be_075x_008t.txt,seed_based,1,4497688,
ok,Greedy,baseline_milp,input/seed_based/be_075x_008t.txt,seed_based,1,4497688,
missing,MILP1,baseline_milp,input/seed_based/be_075x_008t.txt,seed_based,1,,
ok,SAT,baseline_milp,input/seed_based/be_075x_008t.txt,seed_based,1,4736235,
ok,SA,baseline_milp,input/seed_based/be_075x_008t.txt,seed_based,1,3931354,
ok,MILP2,baseline_milp,input/seed_based/be_075x_008t.txt,seed_based,1,4709978,
ok,Greedy+MILP,baseline_milp,input/seed_based/be_075x_012t.txt,seed_based,1,4714225,
ok,Greedy,baseline_milp,input/seed_based/be_075x_012t.txt,seed_based,1,4714225,
missing,MILP1,baseline_milp,input/seed_based/be_075x_012t.txt,seed_based,1,,
ok,SAT,baseline_milp,input/seed_based/be_075x_012t.txt,seed_based,1,4969916,
ok,SA,baseline_milp,input/seed_based/be_075x_012t.txt,seed_based,1,3500607,
ok,MILP2,baseline_milp,input/seed_based/be_075x_012t.txt,seed_based,1,4952310,
ok,Greedy+MILP,baseline_milp,input/seed_based/be_075x_020t.txt,seed_based,1,5611620,
ok,Greedy,baseline_milp,input/seed_based/be_075x_020t.txt,seed_based,1,5611620,
ok,MILP1,baseline_milp,input/seed_based/be_075x_020t.txt,seed_based,1,6186446,
ok,SAT,baseline_milp,input/seed_based/be_075x_020t.txt,seed_based,1,5955987,
ok,SA,baseline_milp,input/seed_based/be_075x_020t.txt,seed_based,1,3581581,
ok,MILP2,baseline_milp,input/seed_based/be_075x_020t.txt,seed_based,1,6041821,
ok,Greedy+MILP,baseline_milp,input/seed_based/be_090x_008t.txt,seed_based,1,5438666,
ok,Greedy,baseline_milp,input/seed_based/be_090x_008t.txt,seed_based,1,5438666,
missing,MILP1,baseline_milp,input/seed_based/be_090x_008t.txt,seed_based,1,,
ok,SAT,baseline_milp,input/seed_based/be_090x_008t.txt,seed_based,1,5907328,
ok,SA,baseline_milp,input/seed_based/be_090x_008t.txt,seed_based,1,4708158,
ok,MILP2,baseline_milp,input/seed_based/be_090x_008t.txt,seed_based,1,5937167,
ok,Greedy+MILP,baseline_milp,input/seed_based/be_090x_012t.txt,seed_based,1,6763543,
ok,Greedy,baseline_milp,input/seed_based/be_090x_012t.txt,seed_based,1,6763543,
missing,MILP1,baseline_milp,input/seed_based/be_090x_012t.txt,seed_based,1,,
ok,SAT,baseline_milp,input/seed_based/be_090x_012t.txt,seed_based,1,7101741,
ok,SA,baseline_milp,input/seed_based/be_090x_012t.txt,seed_based,1,5136935,
ok,MILP2,baseline_milp,input/seed_based/be_090x_012t.txt,seed_based,1,7078395,
ok,Greedy+MILP,baseline_milp,input/seed_based/be_090x_020t.txt,seed_based,1,7495004,
ok,Greedy,baseline_milp,input/seed_based/be_090x_020t.txt,seed_based,1,7495004,
missing,MILP1,baseline_milp,input/seed_based/be_090x_020t.txt,seed_based,1,,
ok,SAT,baseline_milp,input/seed_based/be_090x_020t.txt,seed_based,1,7810523,
ok,SA,baseline_milp,input/seed_based/be_090x_020t.txt,seed_based,1,5197344,
ok,MILP2,baseline_milp,input/seed_based/be_090x_020t.txt,seed_based,1,7873192,
ok,Greedy+MILP,baseline_milp,input/seed_based/bf_060x_008t.txt,seed_based,1,2899171,
ok,Greedy,baseline_milp,input/seed_based/bf_060x_008t.txt,seed_based,1,2899171,
missing,MILP1,baseline_milp,input/seed_based/bf_060x_008t.txt,seed_based,1,,
ok,SAT,baseline_milp,input/seed_based/bf_060x_008t.txt,seed_based,1,3164530,
ok,SA,baseline_milp,input/seed_based/bf_060x_008t.txt,seed_based,1,3216123,
ok,MILP2,baseline_milp,input/seed_based/bf_060x_008t.txt,seed_based,1,3159507,
ok,Greedy+MILP,baseline_milp,input/seed_based/bf_060x_012t.txt,seed_based,1,3673326,
ok,Greedy,baseline_milp,input/seed_based/bf_060x_012t.txt,seed_based,1,3673326,
missing,MILP1,baseline_milp,input/seed_based/bf_060x_012t.txt,seed_based,1,,
ok,SAT,baseline_milp,input/seed_based/bf_060x_012t.txt,seed_based,1,4006398,
ok,SA,baseline_milp,input/seed_based/bf_060x_012t.txt,seed_based,1,4026909,
ok,MILP2,baseline_milp,input/seed_based/bf_060x_012t.txt,seed_based,1,3524991,
ok,Greedy+MILP,baseline_milp,input/seed_based/bf_060x_020t.txt,seed_based,1,4207708,
ok,Greedy,baseline_milp,input/seed_based/bf_060x_020t.txt,seed_based,1,4207708,
missing,MILP1,baseline_milp,input/seed_based/bf_060x_020t.txt,seed_based,1,,
ok,SAT,baseline_milp,input/seed_based/bf_060x_020t.txt,seed_based,1,4455871,
ok,SA,baseline_milp,input/seed_based/bf_060x_020t.txt,seed_based,1,4467907,
ok,MILP2,baseline_milp,input/seed_based/bf_060x_020t.txt,seed_based,1,3452023,
ok,Greedy+MILP,baseline_milp,input/seed_based/bf_075x_008t.txt,seed_based,1,3942051,
ok,Greedy,baseline_milp,input/seed_based/bf_075x_008t.txt,seed_based,1,3942051,
missing,MILP1,baseline_milp,input/seed_based/bf_075x_008t.txt,seed_based,1,,
ok,SAT,baseline_milp,input/seed_based/bf_075x_008t.txt,seed_based,1,4306495,
ok,SA,baseline_milp,input/seed_based/bf_075x_008t.txt,seed_based,1,4365069,
ok,MILP2,baseline_milp,input/seed_based/bf_075x_008t.txt,seed_based,1,4308643,
ok,Greedy+MILP,baseline_milp,input/seed_based/bf_075x_012t.txt,seed_based,1,4932423,
ok,Greedy,baseline_milp,input/seed_based/bf_075x_012t.txt,seed_based,1,4932423,
missing,MILP1,baseline_milp,input/seed_based/bf_075x_012t.txt,seed_based,1,,
ok,SAT,baseline_milp,input/seed_based/bf_075x_012t.txt,seed_based,1,5305917,
ok,SA,baseline_milp,input/seed_based/bf_075x_012t.txt,seed_based,1,5346525,
ok,MILP2,baseline_milp,input/seed_based/bf_075x_012t.txt,seed_based,1,4781823,
ok,Greedy+MILP,baseline_milp,input/seed_based/bf_075x_020t.txt,seed_based,1,5622731,
ok,Greedy,baseline_milp,input/seed_based/bf_075x_020t.txt,seed_based,1,5622731,
missing,MILP1,baseline_milp,input/seed_based/bf_075x_020t.txt,seed_based,1,,
ok,SAT,baseline_milp,input/seed_based/bf_075x_020t.txt,seed_based,1,5901220,
ok,SA,baseline_milp,input/seed_based/bf_075x_020t.txt,seed_based,1,5935091,
ok,MILP2,baseline_milp,input/seed_based/bf_075x_020t.txt,seed_based,1,4690138,
ok,Greedy+MILP,baseline_milp,input/seed_based/bf_090x_008t.txt,seed_based,1,5079718,
ok,Greedy,baseline_milp,input/seed_based/bf_090x_008t.txt,seed_based,1,5079718,
missing,MILP1,baseline_milp,input/seed_based/bf_090x_008t.txt,seed_based,1,,
ok,SAT,baseline_milp,input/seed_based/bf_090x_008t.txt,seed_based,1,5558204,
ok,SA,baseline_milp,input/seed_based/bf_090x_008t.txt,seed_based,1,5626844,
ok,MILP2,baseline_milp,input/seed_based/bf_090x_008t.txt,seed_based,1,5528493,
ok,Greedy+MILP,baseline_milp,input/seed_based/bf_090x_012t.txt,seed_based,1,6064452,
ok,Greedy,baseline_milp,input/seed_based/bf_090x_012t.txt,seed_based,1,6064452,
missing,MILP1,baseline_milp,input/seed_based/bf_090x_012t.txt,seed_based,1,,
ok,SAT,baseline_milp,input/seed_based/bf_090x_012t.txt,seed_based,1,6433566,
ok,SA,baseline_milp,input/seed_based/bf_090x_012t.txt,seed_based,1,6464604,
ok,MILP2,baseline_milp,input/seed_based/bf_090x_012t.txt,seed_based,1,5889168,
ok,Greedy+MILP,baseline_milp,input/seed_based/bf_090x_020t.txt,seed_based,1,6434566,
ok,Greedy,baseline_milp,input/seed_based/bf_090x_020t.txt,seed_based,1,6434566,
missing,MILP1,baseline_milp,input/seed_based/bf_090x_020t.txt,seed_based,1,,
ok,SAT,baseline_milp,input/seed_based/bf_090x_020t.txt,seed_based,1,6685316,
ok,SA,baseline_milp,input/seed_based/bf_090x_020t.txt,seed_based,1,6703328,
ok,MILP2,baseline_milp,input/seed_based/bf_090x_020t.txt,seed_based,1,5441266,
ok,Greedy+MILP,baseline_milp,input/seed_based/c_060x_008t.txt,seed_based,1,2788703,
ok,Greedy,baseline_milp,input/seed_based/c_060x_008t.txt,seed_based,1,2788703,
ok,MILP1,baseline_milp,input/seed_based/c_060x_008t.txt,seed_based,1,2947512,
ok,SAT,baseline_milp,input/seed_based/c_060x_008t.txt,seed_based,1,2814614,
ok,SA,baseline_milp,input/seed_based/c_060x_008t.txt,seed_based,1,2783362,
ok,MILP2,baseline_milp,input/seed_based/c_060x_008t.txt,seed_based,1,1527359,
ok,Greedy+MILP,baseline_milp,input/seed_based/c_060x_012t.txt,seed_based,1,2743684,
ok,Greedy,baseline_milp,input/seed_based/c_060x_012t.txt,seed_based,1,2743684,
ok,MILP1,baseline_milp,input/seed_based/c_060x_012t.txt,seed_based,1,2895961,
ok,SAT,baseline_milp,input/seed_based/c_060x_012t.txt,seed_based,1,2755395,
ok,SA,baseline_milp,input/seed_based/c_060x_012t.txt,seed_based,1,2722864,
ok,MILP2,baseline_milp,input/seed_based/c_060x_012t.txt,seed_based,1,1586185,
ok,Greedy+MILP,baseline_milp,input/seed_based/c_060x_020t.txt,seed_based,1,2838952,
ok,Greedy,baseline_milp,input/seed_based/c_060x_020t.txt,seed_based,1,2838952,
ok,MILP1,baseline_milp,input/seed_based/c_060x_020t.txt,seed_based,1,3009431,
ok,SAT,baseline_milp,input/seed_based/c_060x_020t.txt,seed_based,1,2874671,
ok,SA,baseline_milp,input/seed_based/c_060x_020t.txt,seed_based,1,2853647,
ok,MILP2,baseline_milp,input/seed_based/c_060x_020t.txt,seed_based,1,1704268,
ok,Greedy+MILP,baseline_milp,input/seed_based/c_075x_008t.txt,seed_based,1,3922880,
ok,Greedy,baseline_milp,input/seed_based/c_075x_008t.txt,seed_based,1,3922880,
ok,MILP1,baseline_milp,input/seed_based/c_075x_008t.txt,seed_based,1,4147726,
ok,SAT,baseline_milp,input/seed_based/c_075x_008t.txt,seed_based,1,3964676,
ok,SA,baseline_milp,input/seed_based/c_075x_008t.txt,seed_based,1,3905680,
ok,MILP2,baseline_milp,input/seed_based/c_075x_008t.txt,seed_based,1,2696336,
ok,Greedy+MILP,baseline_milp,input/seed_based/c_075x_012t.txt,seed_based,1,4121481,
ok,Greedy,baseline_milp,input/seed_based/c_075x_012t.txt,seed_based,1,4121481,
ok,MILP1,baseline_milp,input/seed_based/c_075x_012t.txt,seed_based,1,4332827,
ok,SAT,baseline_milp,input/seed_based/c_075x_012t.txt,seed_based,1,4125628,
ok,SA,baseline_milp,input/seed_based/c_075x_012t.txt,seed_based,1,4107416,
ok,MILP2,baseline_milp,input/seed_based/c_075x_012t.txt,seed_based,1,2852536,
ok,Greedy+MILP,baseline_milp,input/seed_based/c_075x_020t.txt,seed_based,1,3766432,
ok,Greedy,baseline_milp,input/seed_based/c_075x_020t.txt,seed_based,1,3766432,
ok,MILP1,baseline_milp,input/seed_based/c_075x_020t.txt,seed_based,1,3967827,
ok,SAT,baseline_milp,input/seed_based/c_075x_020t.txt,seed_based,1,3776747,
ok,SA,baseline_milp,input/seed_based/c_075x_020t.txt,seed_based,1,3715597,
ok,MILP2,baseline_milp,input/seed_based/c_075x_020t.txt,seed_based,1,2416797,
ok,Greedy+MILP,baseline_milp,input/seed_based/c_090x_008t.txt,seed_based,1,5168503,
ok,Greedy,baseline_milp,input/seed_based/c_090x_008t.txt,seed_based,1,5168503,
ok,MILP1,baseline_milp,input/seed_based/c_090x_008t.txt,seed_based,1,5421340,
ok,SAT,baseline_milp,input/seed_based/c_090x_008t.txt,seed_based,1,5145615,
ok,SA,baseline_milp,input/seed_based/c_090x_008t.txt,seed_based,1,5102806,
ok,MILP2,baseline_milp,input/seed_based/c_090x_008t.txt,seed_based,1,3811667,
ok,Greedy+MILP,baseline_milp,input/seed_based/c_090x_012t.txt,seed_based,1,5510007,
ok,Greedy,baseline_milp,input/seed_based/c_090x_012t.txt,seed_based,1,5510007,
ok,MILP1,baseline_milp,input/seed_based/c_090x_012t.txt,seed_based,1,5781087,
ok,SAT,baseline_milp,input/seed_based/c_090x_012t.txt,seed_based,1,5509930,
ok,SA,baseline_milp,input/seed_based/c_090x_012t.txt,seed_based,1,5453657,
ok,MILP2,baseline_milp,input/seed_based/c_090x_012t.txt,seed_based,1,4247925,
ok,Greedy+MILP,baseline_milp,input/seed_based/c_090x_020t.txt,seed_based,1,5269391,
ok,Greedy,baseline_milp,input/seed_based/c_090x_020t.txt,seed_based,1,5269391,
ok,MILP1,baseline_milp,input/seed_based/c_090x_020t.txt,seed_based,1,5558525,
ok,SAT,baseline_milp,input/seed_based/c_090x_020t.txt,seed_based,1,5314488,
ok,SA,baseline_milp,input/seed_based/c_090x_020t.txt,seed_based,1,5242304,
ok,MILP2,baseline_milp,input/seed_based/c_090x_020t.txt,seed_based,1,4028230,
ok,Greedy+MILP,baseline_milp,input/seed_based/cd_060x_008t.txt,seed_based,1,2802396,
ok,Greedy,baseline_milp,input/seed_based/cd_060x_008t.txt,seed_based,1,2802396,
ok,MILP1,baseline_milp,input/seed_based/cd_060x_008t.txt,seed_based,1,4460167,
ok,SAT,baseline_milp,input/seed_based/cd_060x_008t.txt,seed_based,1,3966757,
ok,SA,baseline_milp,input/seed_based/cd_060x_008t.txt,seed_based,1,4016724,
missing,MILP2,baseline_milp,input/seed_based/cd_060x_008t.txt,seed_based,1,,
ok,Greedy+MILP,baseline_milp,input/seed_based/cd_060x_012t.txt,seed_based,1,4190649,
ok,Greedy,baseline_milp,input/seed_based/cd_060x_012t.txt,seed_based,1,4190649,
ok,MILP1,baseline_milp,input/seed_based/cd_060x_012t.txt,seed_based,1,6179595,
ok,SAT,baseline_milp,input/seed_based/cd_060x_012t.txt,seed_based,1,5619202,
ok,SA,baseline_milp,input/seed_based/cd_060x_012t.txt,seed_based,1,5656600,
missing,MILP2,baseline_milp,input/seed_based/cd_060x_012t.txt,seed_based,1,,
ok,Greedy+MILP,baseline_milp,input/seed_based/cd_060x_020t.txt,seed_based,1,5638621,
ok,Greedy,baseline_milp,input/seed_based/cd_060x_020t.txt,seed_based,1,5638621,
ok,MILP1,baseline_milp,input/seed_based/cd_060x_020t.txt,seed_based,1,7557344,
ok,SAT,baseline_milp,input/seed_based/cd_060x_020t.txt,seed_based,1,7011429,
ok,SA,baseline_milp,input/seed_based/cd_060x_020t.txt,seed_based,1,6850731,
missing,MILP2,baseline_milp,input/seed_based/cd_060x_020t.txt,seed_based,1,,
ok,Greedy+MILP,baseline_milp,input/seed_based/cd_075x_008t.txt,seed_based,1,4304120,
ok,Greedy,baseline_milp,input/seed_based/cd_075x_008t.txt,seed_based,1,4304120,
ok,MILP1,baseline_milp,input/seed_based/cd_075x_008t.txt,seed_based,1,6754628,
ok,SAT,baseline_milp,input/seed_based/cd_075x_008t.txt,seed_based,1,6025970,
ok,SA,baseline_milp,input/seed_based/cd_075x_008t.txt,seed_based,1,6112976,
missing,MILP2,baseline_milp,input/seed_based/cd_075x_008t.txt,seed_based,1,,
ok,Greedy+MILP,baseline_milp,input/seed_based/cd_075x_012t.txt,seed_based,1,6516609,
ok,Greedy,baseline_milp,input/seed_based/cd_075x_012t.txt,seed_based,1,6516609,
ok,MILP1,baseline_milp,input/seed_based/cd_075x_012t.txt,seed_based,1,9360331,
ok,SAT,baseline_milp,input/seed_based/cd_075x_012t.txt,seed_based,1,8505009,
ok,SA,baseline_milp,input/seed_based/cd_075x_012t.txt,seed_based,1,8586101,
missing,MILP2,baseline_milp,input/seed_based/cd_075x_012t.txt,seed_based,1,,
ok,Greedy+MILP,baseline_milp,input/seed_based/cd_075x_020t.txt,seed_based,1,8343070,
ok,Greedy,baseline_milp,input/seed_based/cd_075x_020t.txt,seed_based,1,8343070,
ok,MILP1,baseline_milp,input/seed_based/cd_075x_020t.txt,seed_based,1,10928387,
ok,SAT,baseline_milp,input/seed_based/cd_075x_020t.txt,seed_based,1,10250204,
ok,SA,baseline_milp,input/seed_based/cd_075x_020t.txt,seed_based,1,10057136,
missing,MILP2,baseline_milp,input/seed_based/cd_075x_020t.txt,seed_based,1,,
ok,Greedy+MILP,baseline_milp,input/seed_based/cd_090x_008t.txt,seed_based,1,6419579,
ok,Greedy,baseline_milp,input/seed_based/cd_090x_008t.txt,seed_based,1,6419579,
missing,MILP1,baseline_milp,input/seed_based/cd_090x_008t.txt,seed_based,1,,
ok,SAT,baseline_milp,input/seed_based/cd_090x_008t.txt,seed_based,1,8581822,
ok,SA,baseline_milp,input/seed_based/cd_090x_008t.txt,seed_based,1,8720653,
missing,MILP2,baseline_milp,input/seed_based/cd_090x_008t.txt,seed_based,1,,
ok,Greedy+MILP,baseline_milp,input/seed_based/cd_090x_012t.txt,seed_based,1,8933949,
ok,Greedy,baseline_milp,input/seed_based/cd_090x_012t.txt,seed_based,1,8933949,
missing,MILP1,baseline_milp,input/seed_based/cd_090x_012t.txt,seed_based,1,,
ok,SAT,baseline_milp,input/seed_based/cd_090x_012t.txt,seed_based,1,11502037,
ok,SA,baseline_milp,input/seed_based/cd_090x_012t.txt,seed_based,1,11581524,
missing,MILP2,baseline_milp,input/seed_based/cd_090x_012t.txt,seed_based,1,,
ok,Greedy+MILP,baseline_milp,input/seed_based/cd_090x_020t.txt,seed_based,1,13071130,
ok,Greedy,baseline_milp,input/seed_based/cd_090x_020t.txt,seed_based,1,13071130,
missing,MILP1,baseline_milp,input/seed_based/cd_090x_020t.txt,seed_based,1,,
ok,SAT,baseline_milp,input/seed_based/cd_090x_020t.txt,seed_based,1,15453164,
ok,SA,baseline_milp,input/seed_based/cd_090x_020t.txt,seed_based,1,15266276,
missing,MILP2,baseline_milp,input/seed_based/cd_090x_020t.txt,seed_based,1,,
ok,Greedy+MILP,baseline_milp,input/seed_based/ce_060x_008t.txt,seed_based,1,8586560,
ok,Greedy,baseline_milp,input/seed_based/ce_060x_008t.txt,seed_based,1,8586560,
missing,MILP1,baseline_milp,input/seed_based/ce_060x_008t.txt,seed_based,1,,
ok,SAT,baseline_milp,input/seed_based/ce_060x_008t.txt,seed_based,1,9404864,
ok,SA,baseline_milp,input/seed_based/ce_060x_008t.txt,seed_based,1,7331665,
missing,MILP2,baseline_milp,input/seed_based/ce_060x_008t.txt,seed_based,1,,
ok,Greedy+MILP,baseline_milp,input/seed_based/ce_060x_012t.txt,seed_based,1,11452572,
ok,Greedy,baseline_milp,input/seed_based/ce_060x_012t.txt,seed_based,1,11452572,
missing,MILP1,baseline_milp,input/seed_based/ce_060x_012t.txt,seed_based,1,,
ok,SAT,baseline_milp,input/seed_based/ce_060x_012t.txt,seed_based,1,12516542,
ok,SA,baseline_milp,input/seed_based/ce_060x_012t.txt,seed_based,1,7681906,
missing,MILP2,baseline_milp,input/seed_based/ce_060x_012t.txt,seed_based,1,,
ok,Greedy+MILP,baseline_milp,input/seed_based/ce_060x_020t.txt,seed_based,1,13874353,
ok,Greedy,baseline_milp,input/seed_based/ce_060x_020t.txt,seed_based,1,13874353,
ok,MILP1,baseline_milp,input/seed_based/ce_060x_020t.txt,seed_based,1,14980987,
ok,SAT,baseline_milp,input/seed_based/ce_060x_020t.txt,seed_based,1,14674213,
ok,SA,baseline_milp,input/seed_based/ce_060x_020t.txt,seed_based,1,8835816,
ok,MILP2,baseline_milp,input/seed_based/ce_060x_020t.txt,seed_based,1,14816714,
ok,Greedy+MILP,baseline_milp,input/seed_based/ce_075x_008t.txt,seed_based,1,13085456,
ok,Greedy,baseline_milp,input/seed_based/ce_075x_008t.txt,seed_based,1,13085456,
missing,MILP1,baseline_milp,input/seed_based/ce_075x_008t.txt,seed_based,1,,
ok,SAT,baseline_milp,input/seed_based/ce_075x_008t.txt,seed_based,1,14132343,
ok,SA,baseline_milp,input/seed_based/ce_075x_008t.txt,seed_based,1,11404295,
missing,MILP2,baseline_milp,input/seed_based/ce_075x_008t.txt,seed_based,1,,
ok,Greedy+MILP,baseline_milp,input/seed_based/ce_075x_012t.txt,seed_based,1,14875579,
ok,Greedy,baseline_milp,input/seed_based/ce_075x_012t.txt,seed_based,1,14875579,
missing,MILP1,baseline_milp,input/seed_based/ce_075x_012t.txt,seed_based,1,,
ok,SAT,baseline_milp,input/seed_based/ce_075x_012t.txt,seed_based,1,15722941,
ok,SA,baseline_milp,input/seed_based/ce_075x_012t.txt,seed_based,1,11575294,
missing,MILP2,baseline_milp,input/seed_based/ce_075x_012t.txt,seed_based,1,,
ok,Greedy+MILP,baseline_milp,input/seed_based/ce_075x_020t.txt,seed_based,1,18367983,
ok,Greedy,baseline_milp,input/seed_based/ce_075x_020t.txt,seed_based,1,18367983,
missing,MILP1,baseline_milp,input/seed_based/ce_075x_020t.txt,seed_based,1,,
ok,SAT,baseline_milp,input/seed_based/ce_075x_020t.txt,seed_based,1,19301340,
ok,SA,baseline_milp,input/seed_based/ce_075x_020t.txt,seed_based,1,12246982,
missing,MILP2,baseline_milp,input/seed_based/ce_075x_020t.txt,seed_based,1,,
ok,Greedy+MILP,baseline_milp,input/seed_based/ce_090x_008t.txt,seed_based,1,18490154,
ok,Greedy,baseline_milp,input/seed_based/ce_090x_008t.txt,seed_based,1,18490154,
missing,MILP1,baseline_milp,input/seed_based/ce_090x_008t.txt,seed_based,1,,
ok,SAT,baseline_milp,input/seed_based/ce_090x_008t.txt,seed_based,1,19903692,
ok,SA,baseline_milp,input/seed_based/ce_090x_008t.txt,seed_based,1,15652651,
missing,MILP2,baseline_milp,input/seed_based/ce_090x_008t.txt,seed_based,1,,
ok,Greedy+MILP,baseline_milp,input/seed_based/ce_090x_012t.txt,seed_based,1,22395057,
ok,Greedy,baseline_milp,input/seed_based/ce_090x_012t.txt,seed_based,1,22395057,
missing,MILP1,baseline_milp,input/seed_based/ce_090x_012t.txt,seed_based,1,,
ok,SAT,baseline_milp,input/seed_based/ce_090x_012t.txt,seed_based,1,23500546,
ok,SA,baseline_milp,input/seed_based/ce_090x_012t.txt,seed_based,1,17190372,
missing,MILP2,baseline_milp,input/seed_based/ce_090x_012t.txt,seed_based,1,,
ok,Greedy+MILP,baseline_milp,input/seed_based/ce_090x_020t.txt,seed_based,1,20962458,
ok,Greedy,baseline_milp,input/seed_based/ce_090x_020t.txt,seed_based,1,20962458,
missing,MILP1,baseline_milp,input/seed_based/ce_090x_020t.txt,seed_based,1,,
ok,SAT,baseline_milp,input/seed_based/ce_090x_020t.txt,seed_based,1,21777536,
ok,SA,baseline_milp,input/seed_based/ce_090x_020t.txt,seed_based,1,14354345,
missing,MILP2,baseline_milp,input/seed_based/ce_090x_020t.txt,seed_based,1,,
ok,Greedy+MILP,baseline_milp,input/seed_based/cf_060x_008t.txt,seed_based,1,8690552,
ok,Greedy,baseline_milp,input/seed_based/cf_060x_008t.txt,seed_based,1,8690552,
missing,MILP1,baseline_milp,input/seed_based/cf_060x_008t.txt,seed_based,1,,
ok,SAT,baseline_milp,input/seed_based/cf_060x_008t.txt,seed_based,1,9627314,
ok,SA,baseline_milp,input/seed_based/cf_060x_008t.txt,seed_based,1,9659054,
ok,MILP2,baseline_milp,input/seed_based/cf_060x_008t.txt,seed_based,1,9459914,
ok,Greedy+MILP,baseline_milp,input/seed_based/cf_060x_012t.txt,seed_based,1,11067588,
ok,Greedy,baseline_milp,input/seed_based/cf_060x_012t.txt,seed_based,1,11067588,
missing,MILP1,baseline_milp,input/seed_based/cf_060x_012t.txt,seed_based,1,,
ok,SAT,baseline_milp,input/seed_based/cf_060x_012t.txt,seed_based,1,11925440,
ok,SA,baseline_milp,input/seed_based/cf_060x_012t.txt,seed_based,1,11949125,
ok,MILP2,baseline_milp,input/seed_based/cf_060x_012t.txt,seed_based,1,10915490,
ok,Greedy+MILP,baseline_milp,input/seed_based/cf_060x_020t.txt,seed_based,1,12579883,
ok,Greedy,baseline_milp,input/seed_based/cf_060x_020t.txt,seed_based,1,12579883,
missing,MILP1,baseline_milp,input/seed_based/cf_060x_020t.txt,seed_based,1,,
ok,SAT,baseline_milp,input/seed_based/cf_060x_020t.txt,seed_based,1,13226601,
ok,SA,baseline_milp,input/seed_based/cf_060x_020t.txt,seed_based,1,13246860,
ok,MILP2,baseline_milp,input/seed_based/cf_060x_020t.txt,seed_based,1,10414100,
ok,Greedy+MILP,baseline_milp,input/seed_based/cf_075x_008t.txt,seed_based,1,11895676,
ok,Greedy,baseline_milp,input/seed_based/cf_075x_008t.txt,seed_based,1,11895676,
missing,MILP1,baseline_milp,input/seed_based/cf_075x_008t.txt,seed_based,1,,
ok,SAT,baseline_milp,input/seed_based/cf_075x_008t.txt,seed_based,1,13528653,
ok,SA,baseline_milp,input/seed_based/cf_075x_008t.txt,seed_based,1,13680447,
ok,MILP2,baseline_milp,input/seed_based/cf_075x_008t.txt,seed_based,1,12868823,
ok,Greedy+MILP,baseline_milp,input/seed_based/cf_075x_012t.txt,seed_based,1,16551940,
ok,Greedy,baseline_milp,input/seed_based/cf_075x_012t.txt,seed_based,1,16551940,
missing,MILP1,baseline_milp,input/seed_based/cf_075x_012t.txt,seed_based,1,,
ok,SAT,baseline_milp,input/seed_based/cf_075x_012t.txt,seed_based,1,17904832,
ok,SA,baseline_milp,input/seed_based/cf_075x_012t.txt,seed_based,1,17942025,
ok,MILP2,baseline_milp,input/seed_based/cf_075x_012t.txt,seed_based,1,16013515,
ok,Greedy+MILP,baseline_milp,input/seed_based/cf_075x_020t.txt,seed_based,1,17526181,
ok,Greedy,baseline_milp,input/seed_based/cf_075x_020t.txt,seed_based,1,17526181,
missing,MILP1,baseline_milp,input/seed_based/cf_075x_020t.txt,seed_based,1,,
ok,SAT,baseline_milp,input/seed_based/cf_075x_020t.txt,seed_based,1,18464545,
ok,SA,baseline_milp,input/seed_based/cf_075x_020t.txt,seed_based,1,18478074,
ok,MILP2,baseline_milp,input/seed_based/cf_075x_020t.txt,seed_based,1,14472644,
ok,Greedy+MILP,baseline_milp,input/seed_based/cf_090x_008t.txt,seed_based,1,18041332,
ok,Greedy,baseline_milp,input/seed_based/cf_090x_008t.txt,seed_based,1,18041332,
missing,MILP1,baseline_milp,input/seed_based/cf_090x_008t.txt,seed_based,1,,
ok,SAT,baseline_milp,input/seed_based/cf_090x_008t.txt,seed_based,1,19666455,
ok,SA,baseline_milp,input/seed_based/cf_090x_008t.txt,seed_based,1,19732023,
ok,MILP2,baseline_milp,input/seed_based/cf_090x_008t.txt,seed_based,1,19404258,
ok,Greedy+MILP,baseline_milp,input/seed_based/cf_090x_012t.txt,seed_based,1,19469453,
ok,Greedy,baseline_milp,input/seed_based/cf_090x_012t.txt,seed_based,1,19469453,
missing,MILP1,baseline_milp,input/seed_based/cf_090x_012t.txt,seed_based,1,,
ok,SAT,baseline_milp,input/seed_based/cf_090x_012t.txt,seed_based,1,20806960,
ok,SA,baseline_milp,input/seed_based/cf_090x_012t.txt,seed_based,1,20912724,
ok,MILP2,baseline_milp,input/seed_based/cf_090x_012t.txt,seed_based,1,19219717,
ok,Greedy+MILP,baseline_milp,input/seed_based/cf_090x_020t.txt,seed_based,1,19881982,
ok,Greedy,baseline_milp,input/seed_based/cf_090x_020t.txt,seed_based,1,19881982,
missing,MILP1,baseline_milp,input/seed_based/cf_090x_020t.txt,seed_based,1,,
ok,SAT,baseline_milp,input/seed_based/cf_090x_020t.txt,seed_based,1,20833649,
ok,SA,baseline_milp,input/seed_based/cf_090x_020t.txt,seed_based,1,20861783,
ok,MILP2,baseline_milp,input/seed_based/cf_090x_020t.txt,seed_based,1,16922275,
ok,Greedy+MILP,baseline_milp,input/seed_based/d_060x_008t.txt,seed_based,1,445291,
ok,Greedy,baseline_milp,input/seed_based/d_060x_008t.txt,seed_based,1,445291,
ok,MILP1,baseline_milp,input/seed_based/d_060x_008t.txt,seed_based,1,684860,
ok,SAT,baseline_milp,input/seed_based/d_060x_008t.txt,seed_based,1,612731,
ok,SA,baseline_milp,input/seed_based/d_060x_008t.txt,seed_based,1,623441,
missing,MILP2,baseline_milp,input/seed_based/d_060x_008t.txt,seed_based,1,,
ok,Greedy+MILP,baseline_milp,input/seed_based/d_060x_012t.txt,seed_based,1,691073,
ok,Greedy,baseline_milp,input/seed_based/d_060x_012t.txt,seed_based,1,691073,
ok,MILP1,baseline_milp,input/seed_based/d_060x_012t.txt,seed_based,1,987417,
ok,SAT,baseline_milp,input/seed_based/d_060x_012t.txt,seed_based,1,906410,
ok,SA,baseline_milp,input/seed_based/d_060x_012t.txt,seed_based,1,911822,
missing,MILP2,baseline_milp,input/seed_based/d_060x_012t.txt,seed_based,1,,
ok,Greedy+MILP,baseline_milp,input/seed_based/d_060x_020t.txt,seed_based,1,870386,
ok,Greedy,baseline_milp,input/seed_based/d_060x_020t.txt,seed_based,1,870386,
ok,MILP1,baseline_milp,input/seed_based/d_060x_020t.txt,seed_based,1,1140061,
ok,SAT,baseline_milp,input/seed_based/d_060x_020t.txt,seed_based,1,1060973,
ok,SA,baseline_milp,input/seed_based/d_060x_020t.txt,seed_based,1,1047400,
missing,MILP2,baseline_milp,input/seed_based/d_060x_020t.txt,seed_based,1,,
ok,Greedy+MILP,baseline_milp,input/seed_based/d_075x_008t.txt,seed_based,1,753742,
ok,Greedy,baseline_milp,input/seed_based/d_075x_008t.txt,seed_based,1,753742,
ok,MILP1,baseline_milp,input/seed_based/d_075x_008t.txt,seed_based,1,1140023,
ok,SAT,baseline_milp,input/seed_based/d_075x_008t.txt,seed_based,1,1018047,
ok,SA,baseline_milp,input/seed_based/d_075x_008t.txt,seed_based,1,1035889,
missing,MILP2,baseline_milp,input/seed_based/d_075x_008t.txt,seed_based,1,,
ok,Greedy+MILP,baseline_milp,input/seed_based/d_075x_012t.txt,seed_based,1,1014687,
ok,Greedy,baseline_milp,input/seed_based/d_075x_012t.txt,seed_based,1,1014687,
ok,MILP1,baseline_milp,input/seed_based/d_075x_012t.txt,seed_based,1,1419156,
ok,SAT,baseline_milp,input/seed_based/d_075x_012t.txt,seed_based,1,1303141,
ok,SA,baseline_milp,input/seed_based/d_075x_012t.txt,seed_based,1,1315840,
missing,MILP2,baseline_milp,input/seed_based/d_075x_012t.txt,seed_based,1,,
ok,Greedy+MILP,baseline_milp,input/seed_based/d_075x_020t.txt,seed_based,1,1534840,
ok,Greedy,baseline_milp,input/seed_based/d_075x_020t.txt,seed_based,1,1534840,
ok,MILP1,baseline_milp,input/seed_based/d_075x_020t.txt,seed_based,1,1964198,
ok,SAT,baseline_milp,input/seed_based/d_075x_020t.txt,seed_based,1,1836006,
ok,SA,baseline_milp,input/seed_based/d_075x_020t.txt,seed_based,1,1811697,
missing,MILP2,baseline_milp,input/seed_based/d_075x_020t.txt,seed_based,1,,
ok,Greedy+MILP,baseline_milp,input/seed_based/d_090x_008t.txt,seed_based,1,963251,
ok,Greedy,baseline_milp,input/seed_based/d_090x_008t.txt,seed_based,1,963251,
missing,MILP1,baseline_milp,input/seed_based/d_090x_008t.txt,seed_based,1,,
ok,SAT,baseline_milp,input/seed_based/d_090x_008t.txt,seed_based,1,1254644,
ok,SA,baseline_milp,input/seed_based/d_090x_008t.txt,seed_based,1,1271246,
missing,MILP2,baseline_milp,input/seed_based/d_090x_008t.txt,seed_based,1,,
ok,Greedy+MILP,baseline_milp,input/seed_based/d_090x_012t.txt,seed_based,1,1597577,
ok,Greedy,baseline_milp,input/seed_based/d_090x_012t.txt,seed_based,1,1597577,
missing,MILP1,baseline_milp,input/seed_based/d_090x_012t.txt,seed_based,1,,
ok,SAT,baseline_milp,input/seed_based/d_090x_012t.txt,seed_based,1,2008744,
ok,SA,baseline_milp,input/seed_based/d_090x_012t.txt,seed_based,1,2028805,
missing,MILP2,baseline_milp,input/seed_based/d_090x_012t.txt,seed_based,1,,
ok,Greedy+MILP,baseline_milp,input/seed_based/d_090x_020t.txt,seed_based,1,2055273,
ok,Greedy,baseline_milp,input/seed_based/d_090x_020t.txt,seed_based,1,2055273,
ok,MILP1,baseline_milp,input/seed_based/d_090x_020t.txt,seed_based,1,2564848,
ok,SAT,baseline_milp,input/seed_based/d_090x_020t.txt,seed_based,1,2406977,
ok,SA,baseline_milp,input/seed_based/d_090x_020t.txt,seed_based,1,2401922,
missing,MILP2,baseline_milp,input/seed_based/d_090x_020t.txt,seed_based,1,,
ok,Greedy+MILP,baseline_milp,input/seed_based/de_060x_008t.txt,seed_based,1,1859804,
ok,Greedy,baseline_milp,input/seed_based/de_060x_008t.txt,seed_based,1,1859804,
missing,MILP1,baseline_milp,input/seed_based/de_060x_008t.txt,seed_based,1,,
ok,SAT,baseline_milp,input/seed_based/de_060x_008t.txt,seed_based,1,2012821,
ok,SA,baseline_milp,input/seed_based/de_060x_008t.txt,seed_based,1,1585143,
ok,MILP2,baseline_milp,input/seed_based/de_060x_008t.txt,seed_based,1,2036267,
ok,Greedy+MILP,baseline_milp,input/seed_based/de_060x_012t.txt,seed_based,1,2229944,
ok,Greedy,baseline_milp,input/seed_based/de_060x_012t.txt,seed_based,1,2229944,
missing,MILP1,baseline_milp,input/seed_based/de_060x_012t.txt,seed_based,1,,
ok,SAT,baseline_milp,input/seed_based/de_060x_012t.txt,seed_based,1,2385979,
ok,SA,baseline_milp,input/seed_based/de_060x_012t.txt,seed_based,1,1646872,
ok,MILP2,baseline_milp,input/seed_based/de_060x_012t.txt,seed_based,1,2383398,
ok,Greedy+MILP,baseline_milp,input/seed_based/de_060x_020t.txt,seed_based,1,2229094,
ok,Greedy,baseline_milp,input/seed_based/de_060x_020t.txt,seed_based,1,2229094,
missing,MILP1,baseline_milp,input/seed_based/de_060x_020t.txt,seed_based,1,,
ok,SAT,baseline_milp,input/seed_based/de_060x_020t.txt,seed_based,1,2326494,
ok,SA,baseline_milp,input/seed_based/de_060x_020t.txt,seed_based,1,1434947,
ok,MILP2,baseline_milp,input/seed_based/de_060x_020t.txt,seed_based,1,2334721,
ok,Greedy+MILP,baseline_milp,input/seed_based/de_075x_008t.txt,seed_based,1,2771143,
ok,Greedy,baseline_milp,input/seed_based/de_075x_008t.txt,seed_based,1,2771143,
missing,MILP1,baseline_milp,input/seed_based/de_075x_008t.txt,seed_based,1,,
ok,SAT,baseline_milp,input/seed_based/de_075x_008t.txt,seed_based,1,2919492,
ok,SA,baseline_milp,input/seed_based/de_075x_008t.txt,seed_based,1,2447096,
ok,MILP2,baseline_milp,input/seed_based/de_075x_008t.txt,seed_based,1,2924928,
ok,Greedy+MILP,baseline_milp,input/seed_based/de_075x_012t.txt,seed_based,1,2726980,
ok,Greedy,baseline_milp,input/seed_based/de_075x_012t.txt,seed_based,1,2726980,
missing,MILP1,baseline_milp,input/seed_based/de_075x_012t.txt,seed_based,1,,
ok,SAT,baseline_milp,input/seed_based/de_075x_012t.txt,seed_based,1,2874196,
ok,SA,baseline_milp,input/seed_based/de_075x_012t.txt,seed_based,1,2118299,
ok,MILP2,baseline_milp,input/seed_based/de_075x_012t.txt,seed_based,1,2842247,
ok,Greedy+MILP,baseline_milp,input/seed_based/de_075x_020t.txt,seed_based,1,2963199,
ok,Greedy,baseline_milp,input/seed_based/de_075x_020t.txt,seed_based,1,2963199,
missing,MILP1,baseline_milp,input/seed_based/de_075x_020t.txt,seed_based,1,,
ok,SAT,baseline_milp,input/seed_based/de_075x_020t.txt,seed_based,1,3061879,
ok,SA,baseline_milp,input/seed_based/de_075x_020t.txt,seed_based,1,2036071,
ok,MILP2,baseline_milp,input/seed_based/de_075x_020t.txt,seed_based,1,3079037,
ok,Greedy+MILP,baseline_milp,input/seed_based/de_090x_008t.txt,seed_based,1,3065915,
ok,Greedy,baseline_milp,input/seed_based/de_090x_008t.txt,seed_based,1,3065915,
missing,MILP1,baseline_milp,input/seed_based/de_090x_008t.txt,seed_based,1,,
ok,SAT,baseline_milp,input/seed_based/de_090x_008t.txt,seed_based,1,3269646,
ok,SA,baseline_milp,input/seed_based/de_090x_008t.txt,seed_based,1,2610136,
ok,MILP2,baseline_milp,input/seed_based/de_090x_008t.txt,seed_based,1,3302274,
ok,Greedy+MILP,baseline_milp,input/seed_based/de_090x_012t.txt,seed_based,1,3494948,
ok,Greedy,baseline_milp,input/seed_based/de_090x_012t.txt,seed_based,1,3494948,
missing,MILP1,baseline_milp,input/seed_based/de_090x_012t.txt,seed_based,1,,
ok,SAT,baseline_milp,input/seed_based/de_090x_012t.txt,seed_based,1,3596108,
ok,SA,baseline_milp,input/seed_based/de_090x_012t.txt,seed_based,1,2767989,
ok,MILP2,baseline_milp,input/seed_based/de_090x_012t.txt,seed_based,1,3606979,
ok,Greedy+MILP,baseline_milp,input/seed_based/de_090x_020t.txt,seed_based,1,4085476,
ok,Greedy,baseline_milp,input/seed_based/de_090x_020t.txt,seed_based,1,4085476,
missing,MILP1,baseline_milp,input/seed_based/de_090x_020t.txt,seed_based,1,,
ok,SAT,baseline_milp,input/seed_based/de_090x_020t.txt,seed_based,1,4186708,
ok,SA,baseline_milp,input/seed_based/de_090x_020t.txt,seed_based,1,2983305,
ok,MILP2,baseline_milp,input/seed_based/de_090x_020t.txt,seed_based,1,4196156,
ok,Greedy+MILP,baseline_milp,input/seed_based/df_060x_008t.txt,seed_based,1,1751522,
ok,Greedy,baseline_milp,input/seed_based/df_060x_008t.txt,seed_based,1,1751522,
missing,MILP1,baseline_milp,input/seed_based/df_060x_008t.txt,seed_based,1,,
ok,SAT,baseline_milp,input/seed_based/df_060x_008t.txt,seed_based,1,1955323,
ok,SA,baseline_milp,input/seed_based/df_060x_008t.txt,seed_based,1,1963279,
ok,MILP2,baseline_milp,input/seed_based/df_060x_008t.txt,seed_based,1,1926601,
ok,Greedy+MILP,baseline_milp,input/seed_based/df_060x_012t.txt,seed_based,1,2082491,
ok,Greedy,baseline_milp,input/seed_based/df_060x_012t.txt,seed_based,1,2082491,
missing,MILP1,baseline_milp,input/seed_based/df_060x_012t.txt,seed_based,1,,
ok,SAT,baseline_milp,input/seed_based/df_060x_012t.txt,seed_based,1,2239887,
ok,SA,baseline_milp,input/seed_based/df_060x_012t.txt,seed_based,1,2252481,
ok,MILP2,baseline_milp,input/seed_based/df_060x_012t.txt,seed_based,1,2025873,
ok,Greedy+MILP,baseline_milp,input/seed_based/df_060x_020t.txt,seed_based,1,2324410,
ok,Greedy,baseline_milp,input/seed_based/df_060x_020t.txt,seed_based,1,2324410,
missing,MILP1,baseline_milp,input/seed_based/df_060x_020t.txt,seed_based,1,,
ok,SAT,baseline_milp,input/seed_based/df_060x_020t.txt,seed_based,1,2456176,
ok,SA,baseline_milp,input/seed_based/df_060x_020t.txt,seed_based,1,2465291,
ok,MILP2,baseline_milp,input/seed_based/df_060x_020t.txt,seed_based,1,1941191,
ok,Greedy+MILP,baseline_milp,input/seed_based/df_075x_008t.txt,seed_based,1,2174357,
ok,Greedy,baseline_milp,input/seed_based/df_075x_008t.txt,seed_based,1,2174357,
missing,MILP1,baseline_milp,input/seed_based/df_075x_008t.txt,seed_based,1,,
ok,SAT,baseline_milp,input/seed_based/df_075x_008t.txt,seed_based,1,2325391,
ok,SA,baseline_milp,input/seed_based/df_075x_008t.txt,seed_based,1,2342474,
ok,MILP2,baseline_milp,input/seed_based/df_075x_008t.txt,seed_based,1,2316321,
ok,Greedy+MILP,baseline_milp,input/seed_based/df_075x_012t.txt,seed_based,1,2611125,
ok,Greedy,baseline_milp,input/seed_based/df_075x_012t.txt,seed_based,1,2611125,
missing,MILP1,baseline_milp,input/seed_based/df_075x_012t.txt,seed_based,1,,
ok,SAT,baseline_milp,input/seed_based/df_075x_012t.txt,seed_based,1,2763083,
ok,SA,baseline_milp,input/seed_based/df_075x_012t.txt,seed_based,1,2762920,
ok,MILP2,baseline_milp,input/seed_based/df_075x_012t.txt,seed_based,1,2534567,
ok,Greedy+MILP,baseline_milp,input/seed_based/df_075x_020t.txt,seed_based,1,3210910,
ok,Greedy,baseline_milp,input/seed_based/df_075x_020t.txt,seed_based,1,3210910,
missing,MILP1,baseline_milp,input/seed_based/df_075x_020t.txt,seed_based,1,,
ok,SAT,baseline_milp,input/seed_based/df_075x_020t.txt,seed_based,1,3322203,
ok,SA,baseline_milp,input/seed_based/df_075x_020t.txt,seed_based,1,3337290,
ok,MILP2,baseline_milp,input/seed_based/df_075x_020t.txt,seed_based,1,2739159,
ok,Greedy+MILP,baseline_milp,input/seed_based/df_090x_008t.txt,seed_based,1,3241168,
ok,Greedy,baseline_milp,input/seed_based/df_090x_008t.txt,seed_based,1,3241168,
missing,MILP1,baseline_milp,input/seed_based/df_090x_008t.txt,seed_based,1,,
ok,SAT,baseline_milp,input/seed_based/df_090x_008t.txt,seed_based,1,3428652,
ok,SA,baseline_milp,input/seed_based/df_090x_008t.txt,seed_based,1,3467327,
ok,MILP2,baseline_milp,input/seed_based/df_090x_008t.txt,seed_based,1,3465933,
ok,Greedy+MILP,baseline_milp,input/seed_based/df_090x_012t.txt,seed_based,1,3389562,
ok,Greedy,baseline_milp,input/seed_based/df_090x_012t.txt,seed_based,1,3389562,
missing,MILP1,baseline_milp,input/seed_based/df_090x_012t.txt,seed_based,1,,
ok,SAT,baseline_milp,input/seed_based/df_090x_012t.txt,seed_based,1,3561439,
ok,SA,baseline_milp,input/seed_based/df_090x_012t.txt,seed_based,1,3578261,
ok,MILP2,baseline_milp,input/seed_based/df_090x_012t.txt,seed_based,1,3253919,
ok,Greedy+MILP,baseline_milp,input/seed_based/df_090x_020t.txt,seed_based,1,3840307,
ok,Greedy,baseline_milp,input/seed_based/df_090x_020t.txt,seed_based,1,3840307,
missing,MILP1,baseline_milp,input/seed_based/df_090x_020t.txt,seed_based,1,,
ok,SAT,baseline_milp,input/seed_based/df_090x_020t.txt,seed_based,1,3957624,
ok,SA,baseline_milp,input/seed_based/df_090x_020t.txt,seed_based,1,3968496,
ok,MILP2,baseline_milp,input/seed_based/df_090x_020t.txt,seed_based,1,3333125,
ok,Greedy+MILP,baseline_milp,input/seed_based/e_060x_008t.txt,seed_based,1,3969732,
ok,Greedy,baseline_milp,input/seed_based/e_060x_008t.txt,seed_based,1,3969732,
missing,MILP1,baseline_milp,input/seed_based/e_060x_008t.txt,seed_based,1,,
ok,SAT,baseline_milp,input/seed_based/e_060x_008t.txt,seed_based,1,4261602,
ok,SA,baseline_milp,input/seed_based/e_060x_008t.txt,seed_based,1,3316102,
missing,MILP2,baseline_milp,input/seed_based/e_060x_008t.txt,seed_based,1,,
ok,Greedy+MILP,baseline_milp,input/seed_based/e_060x_012t.txt,seed_based,1,5062174,
ok,Greedy,baseline_milp,input/seed_based/e_060x_012t.txt,seed_based,1,5062174,
missing,MILP1,baseline_milp,input/seed_based/e_060x_012t.txt,seed_based,1,,
ok,SAT,baseline_milp,input/seed_based/e_060x_012t.txt,seed_based,1,5459039,
ok,SA,baseline_milp,input/seed_based/e_060x_012t.txt,seed_based,1,3510702,
missing,MILP2,baseline_milp,input/seed_based/e_060x_012t.txt,seed_based,1,,
ok,Greedy+MILP,baseline_milp,input/seed_based/e_060x_020t.txt,seed_based,1,5299539,
ok,Greedy,baseline_milp,input/seed_based/e_060x_020t.txt,seed_based,1,5299539,
missing,MILP1,baseline_milp,input/seed_based/e_060x_020t.txt,seed_based,1,,
ok,SAT,baseline_milp,input/seed_based/e_060x_020t.txt,seed_based,1,5564123,
ok,SA,baseline_milp,input/seed_based/e_060x_020t.txt,seed_based,1,3195788,
ok,MILP2,baseline_milp,input/seed_based/e_060x_020t.txt,seed_based,1,5579967,
ok,Greedy+MILP,baseline_milp,input/seed_based/e_075x_008t.txt,seed_based,1,5032163,
ok,Greedy,baseline_milp,input/seed_based/e_075x_008t.txt,seed_based,1,5032163,
missing,MILP1,baseline_milp,input/seed_based/e_075x_008t.txt,seed_based,1,,
ok,SAT,baseline_milp,input/seed_based/e_075x_008t.txt,seed_based,1,5403899,
ok,SA,baseline_milp,input/seed_based/e_075x_008t.txt,seed_based,1,4410491,
missing,MILP2,baseline_milp,input/seed_based/e_075x_008t.txt,seed_based,1,,
ok,Greedy+MILP,baseline_milp,input/seed_based/e_075x_012t.txt,seed_based,1,5421377,
ok,Greedy,baseline_milp,input/seed_based/e_075x_012t.txt,seed_based,1,5421377,
missing,MILP1,baseline_milp,input/seed_based/e_075x_012t.txt,seed_based,1,,
ok,SAT,baseline_milp,input/seed_based/e_075x_012t.txt,seed_based,1,5755040,
ok,SA,baseline_milp,input/seed_based/e_075x_012t.txt,seed_based,1,4035336,
missing,MILP2,baseline_milp,input/seed_based/e_075x_012t.txt,seed_based,1,,
ok,Greedy+MILP,baseline_milp,input/seed_based/e_075x_020t.txt,seed_based,1,6710579,
ok,Greedy,baseline_milp,input/seed_based/e_075x_020t.txt,seed_based,1,6710579,
missing,MILP1,baseline_milp,input/seed_based/e_075x_020t.txt,seed_based,1,,
ok,SAT,baseline_milp,input/seed_based/e_075x_020t.txt,seed_based,1,6923754,
ok,SA,baseline_milp,input/seed_based/e_075x_020t.txt,seed_based,1,4642047,
ok,MILP2,baseline_milp,input/seed_based/e_075x_020t.txt,seed_based,1,6941835,
ok,Greedy+MILP,baseline_milp,input/seed_based/e_090x_008t.txt,seed_based,1,7989533,
ok,Greedy,baseline_milp,input/seed_based/e_090x_008t.txt,seed_based,1,7989533,
missing,MILP1,baseline_milp,input/seed_based/e_090x_008t.txt,seed_based,1,,
ok,SAT,baseline_milp,input/seed_based/e_090x_008t.txt,seed_based,1,8570668,
ok,SA,baseline_milp,input/seed_based/e_090x_008t.txt,seed_based,1,6761321,
missing,MILP2,baseline_milp,input/seed_based/e_090x_008t.txt,seed_based,1,,
ok,Greedy+MILP,baseline_milp,input/seed_based/e_090x_012t.txt,seed_based,1,7131829,
ok,Greedy,baseline_milp,input/seed_based/e_090x_012t.txt,seed_based,1,7131829,
missing,MILP1,baseline_milp,input/seed_based/e_090x_012t.txt,seed_based,1,,
ok,SAT,baseline_milp,input/seed_based/e_090x_012t.txt,seed_based,1,7538785,
ok,SA,baseline_milp,input/seed_based/e_090x_012t.txt,seed_based,1,5359600,
missing,MILP2,baseline_milp,input/seed_based/e_090x_012t.txt,seed_based,1,,
ok,Greedy+MILP,baseline_milp,input/seed_based/e_090x_020t.txt,seed_based,1,9927412,
ok,Greedy,baseline_milp,input/seed_based/e_090x_020t.txt,seed_based,1,9927412,
missing,MILP1,baseline_milp,input/seed_based/e_090x_020t.txt,seed_based,1,,
ok,SAT,baseline_milp,input/seed_based/e_090x_020t.txt,seed_based,1,10369880,
ok,SA,baseline_milp,input/seed_based/e_090x_020t.txt,seed_based,1,6599116,
missing,MILP2,baseline_milp,input/seed_based/e_090x_020t.txt,seed_based,1,,
ok,Greedy+MILP,baseline_milp,input/seed_based/ef_060x_008t.txt,seed_based,1,3679382,
ok,Greedy,baseline_milp,input/seed_based/ef_060x_008t.txt,seed_based,1,3679382,
missing,MILP1,baseline_milp,input/seed_based/ef_060x_008t.txt,seed_based,1,,
ok,SAT,baseline_milp,input/seed_based/ef_060x_008t.txt,seed_based,1,4197781,
ok,SA,baseline_milp,input/seed_based/ef_060x_008t.txt,seed_based,1,4197576,
ok,MILP2,baseline_milp,input/seed_based/ef_060x_008t.txt,seed_based,1,3976920,
ok,Greedy+MILP,baseline_milp,input/seed_based/ef_060x_012t.txt,seed_based,1,3934927,
ok,Greedy,baseline_milp,input/seed_based/ef_060x_012t.txt,seed_based,1,3934927,
missing,MILP1,baseline_milp,input/seed_based/ef_060x_012t.txt,seed_based,1,,
ok,SAT,baseline_milp,input/seed_based/ef_060x_012t.txt,seed_based,1,4516501,
ok,SA,baseline_milp,input/seed_based/ef_060x_012t.txt,seed_based,1,4523901,
ok,MILP2,baseline_milp,input/seed_based/ef_060x_012t.txt,seed_based,1,3774171,
ok,Greedy+MILP,baseline_milp,input/seed_based/ef_060x_020t.txt,seed_based,1,5493347,
ok,Greedy,baseline_milp,input/seed_based/ef_060x_020t.txt,seed_based,1,5493347,
missing,MILP1,baseline_milp,input/seed_based/ef_060x_020t.txt,seed_based,1,,
ok,SAT,baseline_milp,input/seed_based/ef_060x_020t.txt,seed_based,1,5859563,
ok,SA,baseline_milp,input/seed_based/ef_060x_020t.txt,seed_based,1,5881370,
ok,MILP2,baseline_milp,input/seed_based/ef_060x_020t.txt,seed_based,1,4597635,
ok,Greedy+MILP,baseline_milp,input/seed_based/ef_075x_008t.txt,seed_based,1,4605509,
ok,Greedy,baseline_milp,input/seed_based/ef_075x_008t.txt,seed_based,1,4605509,
missing,MILP1,baseline_milp,input/seed_based/ef_075x_008t.txt,seed_based,1,,
ok,SAT,baseline_milp,input/seed_based/ef_075x_008t.txt,seed_based,1,5140336,
ok,SA,baseline_milp,input/seed_based/ef_075x_008t.txt,seed_based,1,5158513,
ok,MILP2,baseline_milp,input/seed_based/ef_075x_008t.txt,seed_based,1,5156360,
ok,Greedy+MILP,baseline_milp,input/seed_based/ef_075x_012t.txt,seed_based,1,5920415,
ok,Greedy,baseline_milp,input/seed_based/ef_075x_012t.txt,seed_based,1,5920415,
missing,MILP1,baseline_milp,input/seed_based/ef_075x_012t.txt,seed_based,1,,
ok,SAT,baseline_milp,input/seed_based/ef_075x_012t.txt,seed_based,1,6478101,
ok,SA,baseline_milp,input/seed_based/ef_075x_012t.txt,seed_based,1,6510843,
ok,MILP2,baseline_milp,input/seed_based/ef_075x_012t.txt,seed_based,1,5830346,
ok,Greedy+MILP,baseline_milp,input/seed_based/ef_075x_020t.txt,seed_based,1,6469768,
ok,Greedy,baseline_milp,input/seed_based/ef_075x_020t.txt,seed_based,1,6469768,
missing,MILP1,baseline_milp,input/seed_based/ef_075x_020t.txt,seed_based,1,,
ok,SAT,baseline_milp,input/seed_based/ef_075x_020t.txt,seed_based,1,6816150,
ok,SA,baseline_milp,input/seed_based/ef_075x_020t.txt,seed_based,1,6834850,
ok,MILP2,baseline_milp,input/seed_based/ef_075x_020t.txt,seed_based,1,5400119,
ok,Greedy+MILP,baseline_milp,input/seed_based/ef_090x_008t.txt,seed_based,1,6186673,
ok,Greedy,baseline_milp,input/seed_based/ef_090x_008t.txt,seed_based,1,6186673,
missing,MILP1,baseline_milp,input/seed_based/ef_090x_008t.txt,seed_based,1,,
ok,SAT,baseline_milp,input/seed_based/ef_090x_008t.txt,seed_based,1,6848902,
ok,SA,baseline_milp,input/seed_based/ef_090x_008t.txt,seed_based,1,6889159,
ok,MILP2,baseline_milp,input/seed_based/ef_090x_008t.txt,seed_based,1,6633591,
ok,Greedy+MILP,baseline_milp,input/seed_based/ef_090x_012t.txt,seed_based,1,7451779,
ok,Greedy,baseline_milp,input/seed_based/ef_090x_012t.txt,seed_based,1,7451779,
missing,MILP1,baseline_milp,input/seed_based/ef_090x_012t.txt,seed_based,1,,
ok,SAT,baseline_milp,input/seed_based/ef_090x_012t.txt,seed_based,1,7873076,
ok,SA,baseline_milp,input/seed_based/ef_090x_012t.txt,seed_based,1,7869923,
ok,MILP2,baseline_milp,input/seed_based/ef_090x_012t.txt,seed_based,1,7204118,
ok,Greedy+MILP,baseline_milp,input/seed_based/ef_090x_020t.txt,seed_based,1,9320933,
ok,Greedy,baseline_milp,input/seed_based/ef_090x_020t.txt,seed_based,1,9320933,
missing,MILP1,baseline_milp,input/seed_based/ef_090x_020t.txt,seed_based,1,,
ok,SAT,baseline_milp,input/seed_based/ef_090x_020t.txt,seed_based,1,9656271,
ok,SA,baseline_milp,input/seed_based/ef_090x_020t.txt,seed_based,1,9669748,
ok,MILP2,baseline_milp,input/seed_based/ef_090x_020t.txt,seed_based,1,8124710,
ok,Greedy+MILP,baseline_milp,input/seed_based/f_060x_008t.txt,seed_based,1,10736604,
ok,Greedy,baseline_milp,input/seed_based/f_060x_008t.txt,seed_based,1,10736604,
missing,MILP1,baseline_milp,input/seed_based/f_060x_008t.txt,seed_based,1,,
ok,SAT,baseline_milp,input/seed_based/f_060x_008t.txt,seed_based,1,12084856,
ok,SA,baseline_milp,input/seed_based/f_060x_008t.txt,seed_based,1,12129219,
ok,MILP2,baseline_milp,input/seed_based/f_060x_008t.txt,seed_based,1,11716550,
ok,Greedy+MILP,baseline_milp,input/seed_based/f_060x_012t.txt,seed_based,1,13112663,
ok,Greedy,baseline_milp,input/seed_based/f_060x_012t.txt,seed_based,1,13112663,
missing,MILP1,baseline_milp,input/seed_based/f_060x_012t.txt,seed_based,1,,
ok,SAT,baseline_milp,input/seed_based/f_060x_012t.txt,seed_based,1,14696373,
ok,SA,baseline_milp,input/seed_based/f_060x_012t.txt,seed_based,1,14679204,
ok,MILP2,baseline_milp,input/seed_based/f_060x_012t.txt,seed_based,1,12468698,
ok,Greedy+MILP,baseline_milp,input/seed_based/f_060x_020t.txt,seed_based,1,13803289,
ok,Greedy,baseline_milp,input/seed_based/f_060x_020t.txt,seed_based,1,13803289,
missing,MILP1,baseline_milp,input/seed_based/f_060x_020t.txt,seed_based,1,,
ok,SAT,baseline_milp,input/seed_based/f_060x_020t.txt,seed_based,1,14697000,
ok,SA,baseline_milp,input/seed_based/f_060x_020t.txt,seed_based,1,14687310,
ok,MILP2,baseline_milp,input/seed_based/f_060x_020t.txt,seed_based,1,11401958,
ok,Greedy+MILP,baseline_milp,input/seed_based/f_075x_008t.txt,seed_based,1,16271547,
ok,Greedy,baseline_milp,input/seed_based/f_075x_008t.txt,seed_based,1,16271547,
missing,MILP1,baseline_milp,input/seed_based/f_075x_008t.txt,seed_based,1,,
ok,SAT,baseline_milp,input/seed_based/f_075x_008t.txt,seed_based,1,17761379,
ok,SA,baseline_milp,input/seed_based/f_075x_008t.txt,seed_based,1,17903514,
ok,MILP2,baseline_milp,input/seed_based/f_075x_008t.txt,seed_based,1,17421370,
ok,Greedy+MILP,baseline_milp,input/seed_based/f_075x_012t.txt,seed_based,1,17021402,
ok,Greedy,baseline_milp,input/seed_based/f_075x_012t.txt,seed_based,1,17021402,
missing,MILP1,baseline_milp,input/seed_based/f_075x_012t.txt,seed_based,1,,
ok,SAT,baseline_milp,input/seed_based/f_075x_012t.txt,seed_based,1,18808280,
ok,SA,baseline_milp,input/seed_based/f_075x_012t.txt,seed_based,1,18989031,
ok,MILP2,baseline_milp,input/seed_based/f_075x_012t.txt,seed_based,1,16594020,
ok,Greedy+MILP,baseline_milp,input/seed_based/f_075x_020t.txt,seed_based,1,22304689,
ok,Greedy,baseline_milp,input/seed_based/f_075x_020t.txt,seed_based,1,22304689,
missing,MILP1,baseline_milp,input/seed_based/f_075x_020t.txt,seed_based,1,,
ok,SAT,baseline_milp,input/seed_based/f_075x_020t.txt,seed_based,1,23697038,
ok,SA,baseline_milp,input/seed_based/f_075x_020t.txt,seed_based,1,23830717,
ok,MILP2,baseline_milp,input/seed_based/f_075x_020t.txt,seed_based,1,18702886,
ok,Greedy+MILP,baseline_milp,input/seed_based/f_090x_008t.txt,seed_based,1,19319334,
ok,Greedy,baseline_milp,input/seed_based/f_090x_008t.txt,seed_based,1,19319334,
missing,MILP1,baseline_milp,input/seed_based/f_090x_008t.txt,seed_based,1,,
ok,SAT,baseline_milp,input/seed_based/f_090x_008t.txt,seed_based,1,21433739,
ok,SA,baseline_milp,input/seed_based/f_090x_008t.txt,seed_based,1,21636577,
ok,MILP2,baseline_milp,input/seed_based/f_090x_008t.txt,seed_based,1,21138890,
ok,Greedy+MILP,baseline_milp,input/seed_based/f_090x_012t.txt,seed_based,1,28401462,
ok,Greedy,baseline_milp,input/seed_based/f_090x_012t.txt,seed_based,1,28401462,
missing,MILP1,baseline_milp,input/seed_based/f_090x_012t.txt,seed_based,1,,
ok,SAT,baseline_milp,input/seed_based/f_090x_012t.txt,seed_based,1,30533500,
ok,SA,baseline_milp,input/seed_based/f_090x_012t.txt,seed_based,1,30598151,
ok,MILP2,baseline_milp,input/seed_based/f_090x_012t.txt,seed_based,1,27647318,
ok,Greedy+MILP,baseline_milp,input/seed_based/f_090x_020t.txt,seed_based,1,26562032,
ok,Greedy,baseline_milp,input/seed_based/f_090x_020t.txt,seed_based,1,26562032,
missing,MILP1,baseline_milp,input/seed_based/f_090x_020t.txt,seed_based,1,,
ok,SAT,baseline_milp,input/seed_based/f_090x_020t.txt,seed_based,1,27249240,
ok,SA,baseline_milp,input/seed_based/f_090x_020t.txt,seed_based,1,27261783,
ok,MILP2,baseline_milp,input/seed_based/f_090x_020t.txt,seed_based,1,23478277,
ok,Errecto,best,input/seed_based/b_060x_008t.txt,seed_based,1,85389,
ok,Errecto,best,input/seed_based/b_060x_012t.txt,seed_based,1,139789,
ok,Errecto,best,input/seed_based/b_060x_020t.txt,seed_based,1,278782,
ok,Errecto,best,input/seed_based/b_075x_008t.txt,seed_based,1,104166,
ok,Errecto,best,input/seed_based/b_075x_012t.txt,seed_based,1,185277,
ok,Errecto,best,input/seed_based/b_075x_020t.txt,seed_based,1,560173,
ok,Errecto,best,input/seed_based/b_090x_008t.txt,seed_based,1,156735,
ok,Errecto,best,input/seed_based/b_090x_012t.txt,seed_based,1,320721,
ok,Errecto,best,input/seed_based/b_090x_020t.txt,seed_based,1,769938,
ok,Errecto,best,input/seed_based/bc_060x_008t.txt,seed_based,1,906866,
ok,Errecto,best,input/seed_based/bc_060x_012t.txt,seed_based,1,902240,
ok,Errecto,best,input/seed_based/bc_060x_020t.txt,seed_based,1,872264,
ok,Errecto,best,input/seed_based/bc_075x_008t.txt,seed_based,1,1250900,
ok,Errecto,best,input/seed_based/bc_075x_012t.txt,seed_based,1,1231214,
ok,Errecto,best,input/seed_based/bc_075x_020t.txt,seed_based,1,1277606,
ok,Errecto,best,input/seed_based/bc_090x_008t.txt,seed_based,1,1575727,
ok,Errecto,best,input/seed_based/bc_090x_012t.txt,seed_based,1,1558575,
ok,Errecto,best,input/seed_based/bc_090x_020t.txt,seed_based,1,1537826,
ok,Errecto,best,input/seed_based/bd_060x_008t.txt,seed_based,1,1028021,
ok,Errecto,best,input/seed_based/bd_060x_012t.txt,seed_based,1,1570031,
ok,Errecto,best,input/seed_based/bd_060x_020t.txt,seed_based,1,2105290,
ok,Errecto,best,input/seed_based/bd_075x_008t.txt,seed_based,1,1570088,
ok,Errecto,best,input/seed_based/bd_075x_012t.txt,seed_based,1,2100473,
ok,Errecto,best,input/seed_based/bd_075x_020t.txt,seed_based,1,2845693,
ok,Errecto,best,input/seed_based/bd_090x_008t.txt,seed_based,1,2293686,
ok,Errecto,best,input/seed_based/bd_090x_012t.txt,seed_based,1,3207486,
ok,Errecto,best,input/seed_based/bd_090x_020t.txt,seed_based,1,4629200,
ok,Errecto,best,input/seed_based/be_060x_008t.txt,seed_based,1,3133515,
ok,Errecto,best,input/seed_based/be_060x_012t.txt,seed_based,1,3873541,
ok,Errecto,best,input/seed_based/be_060x_020t.txt,seed_based,1,4424008,
ok,Errecto,best,input/seed_based/be_075x_008t.txt,seed_based,1,4748867,
ok,Errecto,best,input/seed_based/be_075x_012t.txt,seed_based,1,5018676,
ok,Errecto,best,input/seed_based/be_075x_020t.txt,seed_based,1,6099156,
ok,Errecto,best,input/seed_based/be_090x_008t.txt,seed_based,1,6007798,
ok,Errecto,best,input/seed_based/be_090x_012t.txt,seed_based,1,7122631,
ok,Errecto,best,input/seed_based/be_090x_020t.txt,seed_based,1,7934712,
ok,Errecto,best,input/seed_based/bf_060x_008t.txt,seed_based,1,3295714,
ok,Errecto,best,input/seed_based/bf_060x_012t.txt,seed_based,1,4093712,
ok,Errecto,best,input/seed_based/bf_060x_020t.txt,seed_based,1,4540122,
ok,Errecto,best,input/seed_based/bf_075x_008t.txt,seed_based,1,4449237,
ok,Errecto,best,input/seed_based/bf_075x_012t.txt,seed_based,1,5518903,
ok,Errecto,best,input/seed_based/bf_075x_020t.txt,seed_based,1,6101290,
ok,Errecto,best,input/seed_based/bf_090x_008t.txt,seed_based,1,5839756,
ok,Errecto,best,input/seed_based/bf_090x_012t.txt,seed_based,1,6617060,
ok,Errecto,best,input/seed_based/bf_090x_020t.txt,seed_based,1,6844683,
ok,Errecto,best,input/seed_based/c_060x_008t.txt,seed_based,1,2893057,
ok,Errecto,best,input/seed_based/c_060x_012t.txt,seed_based,1,2845728,
ok,Errecto,best,input/seed_based/c_060x_020t.txt,seed_based,1,2956464,
ok,Errecto,best,input/seed_based/c_075x_008t.txt,seed_based,1,4061673,
ok,Errecto,best,input/seed_based/c_075x_012t.txt,seed_based,1,4234977,
ok,Errecto,best,input/seed_based/c_075x_020t.txt,seed_based,1,3881839,
ok,Errecto,best,input/seed_based/c_090x_008t.txt,seed_based,1,5307400,
ok,Errecto,best,input/seed_based/c_090x_012t.txt,seed_based,1,5678691,
ok,Errecto,best,input/seed_based/c_090x_020t.txt,seed_based,1,5451156,
ok,Errecto,best,input/seed_based/cd_060x_008t.txt,seed_based,1,2940560,
ok,Errecto,best,input/seed_based/cd_060x_012t.txt,seed_based,1,3737829,
ok,Errecto,best,input/seed_based/cd_060x_020t.txt,seed_based,1,3836743,
ok,Errecto,best,input/seed_based/cd_075x_008t.txt,seed_based,1,3913777,
ok,Errecto,best,input/seed_based/cd_075x_012t.txt,seed_based,1,4186939,
ok,Errecto,best,input/seed_based/cd_075x_020t.txt,seed_based,1,4844762,
ok,Errecto,best,input/seed_based/cd_090x_008t.txt,seed_based,1,8086138,
ok,Errecto,best,input/seed_based/cd_090x_012t.txt,seed_based,1,10892714,
ok,Errecto,best,input/seed_based/cd_090x_020t.txt,seed_based,1,15048180,
ok,Errecto,best,input/seed_based/ce_060x_008t.txt,seed_based,1,9598749,
ok,Errecto,best,input/seed_based/ce_060x_012t.txt,seed_based,1,12787403,
ok,Errecto,best,input/seed_based/ce_060x_020t.txt,seed_based,1,14884697,
ok,Errecto,best,input/seed_based/ce_075x_008t.txt,seed_based,1,14213404,
ok,Errecto,best,input/seed_based/ce_075x_012t.txt,seed_based,1,15811584,
ok,Errecto,best,input/seed_based/ce_075x_020t.txt,seed_based,1,19521601,
ok,Errecto,best,input/seed_based/ce_090x_008t.txt,seed_based,1,20127366,
ok,Errecto,best,input/seed_based/ce_090x_012t.txt,seed_based,1,23740961,
ok,Errecto,best,input/seed_based/ce_090x_020t.txt,seed_based,1,21941368,
ok,Errecto,best,input/seed_based/cf_060x_008t.txt,seed_based,1,9682381,
ok,Errecto,best,input/seed_based/cf_060x_012t.txt,seed_based,1,12079638,
ok,Errecto,best,input/seed_based/cf_060x_020t.txt,seed_based,1,13382904,
ok,Errecto,best,input/seed_based/cf_075x_008t.txt,seed_based,1,13940769,
ok,Errecto,best,input/seed_based/cf_075x_012t.txt,seed_based,1,18033932,
ok,Errecto,best,input/seed_based/cf_075x_020t.txt,seed_based,1,18628546,
ok,Errecto,best,input/seed_based/cf_090x_008t.txt,seed_based,1,20107375,
ok,Errecto,best,input/seed_based/cf_090x_012t.txt,seed_based,1,21338035,
ok,Errecto,best,input/seed_based/cf_090x_020t.txt,seed_based,1,21086489,
ok,Errecto,best,input/seed_based/d_060x_008t.txt,seed_based,1,576462,
ok,Errecto,best,input/seed_based/d_060x_012t.txt,seed_based,1,835209,
ok,Errecto,best,input/seed_based/d_060x_020t.txt,seed_based,1,1100074,
ok,Errecto,best,input/seed_based/d_075x_008t.txt,seed_based,1,1107304,
ok,Errecto,best,input/seed_based/d_075x_012t.txt,seed_based,1,1263029,
ok,Errecto,best,input/seed_based/d_075x_020t.txt,seed_based,1,1894930,
ok,Errecto,best,input/seed_based/d_090x_008t.txt,seed_based,1,1255164,
ok,Errecto,best,input/seed_based/d_090x_012t.txt,seed_based,1,2004612,
ok,Errecto,best,input/seed_based/d_090x_020t.txt,seed_based,1,2482618,
ok,Errecto,best,input/seed_based/de_060x_008t.txt,seed_based,1,2073316,
ok,Errecto,best,input/seed_based/de_060x_012t.txt,seed_based,1,2407283,
ok,Errecto,best,input/seed_based/de_060x_020t.txt,seed_based,1,2356352,
ok,Errecto,best,input/seed_based/de_075x_008t.txt,seed_based,1,2928631,
ok,Errecto,best,input/seed_based/de_075x_012t.txt,seed_based,1,2873496,
ok,Errecto,best,input/seed_based/de_075x_020t.txt,seed_based,1,3098351,
ok,Errecto,best,input/seed_based/de_090x_008t.txt,seed_based,1,3305290,
ok,Errecto,best,input/seed_based/de_090x_012t.txt,seed_based,1,3612019,
ok,Errecto,best,input/seed_based/de_090x_020t.txt,seed_based,1,4223883,
ok,Errecto,best,input/seed_based/df_060x_008t.txt,seed_based,1,2002526,
ok,Errecto,best,input/seed_based/df_060x_012t.txt,seed_based,1,2297684,
ok,Errecto,best,input/seed_based/df_060x_020t.txt,seed_based,1,2501425,
ok,Errecto,best,input/seed_based/df_075x_008t.txt,seed_based,1,2397103,
ok,Errecto,best,input/seed_based/df_075x_012t.txt,seed_based,1,2832043,
ok,Errecto,best,input/seed_based/df_075x_020t.txt,seed_based,1,3390357,
ok,Errecto,best,input/seed_based/df_090x_008t.txt,seed_based,1,3618017,
ok,Errecto,best,input/seed_based/df_090x_012t.txt,seed_based,1,3684226,
ok,Errecto,best,input/seed_based/df_090x_020t.txt,seed_based,1,4060036,
ok,Errecto,best,input/seed_based/e_060x_008t.txt,seed_based,1,4370116,
ok,Errecto,best,input/seed_based/e_060x_012t.txt,seed_based,1,5535451,
ok,Errecto,best,input/seed_based/e_060x_020t.txt,seed_based,1,5597877,
ok,Errecto,best,input/seed_based/e_075x_008t.txt,seed_based,1,5497867,
ok,Errecto,best,input/seed_based/e_075x_012t.txt,seed_based,1,5789810,
ok,Errecto,best,input/seed_based/e_075x_020t.txt,seed_based,1,6982709,
ok,Errecto,best,input/seed_based/e_090x_008t.txt,seed_based,1,8704950,
ok,Errecto,best,input/seed_based/e_090x_012t.txt,seed_based,1,7561189,
ok,Errecto,best,input/seed_based/e_090x_020t.txt,seed_based,1,10489995,
ok,Errecto,best,input/seed_based/ef_060x_008t.txt,seed_based,1,4270131,
ok,Errecto,best,input/seed_based/ef_060x_012t.txt,seed_based,1,4564927,
ok,Errecto,best,input/seed_based/ef_060x_020t.txt,seed_based,1,5918919,
ok,Errecto,best,input/seed_based/ef_075x_008t.txt,seed_based,1,5266864,
ok,Errecto,best,input/seed_based/ef_075x_012t.txt,seed_based,1,6582630,
ok,Errecto,best,input/seed_based/ef_075x_020t.txt,seed_based,1,6912551,
ok,Errecto,best,input/seed_based/ef_090x_008t.txt,seed_based,1,7157072,
ok,Errecto,best,input/seed_based/ef_090x_012t.txt,seed_based,1,7978463,
ok,Errecto,best,input/seed_based/ef_090x_020t.txt,seed_based,1,9800801,
ok,Errecto,best,input/seed_based/f_060x_008t.txt,seed_based,1,12299652,
ok,Errecto,best,input/seed_based/f_060x_012t.txt,seed_based,1,14904755,
ok,Errecto,best,input/seed_based/f_060x_020t.txt,seed_based,1,14877440,
ok,Errecto,best,input/seed_based/f_075x_008t.txt,seed_based,1,18186218,
ok,Errecto,best,input/seed_based/f_075x_012t.txt,seed_based,1,19275561,
ok,Errecto,best,input/seed_based/f_075x_020t.txt,seed_based,1,24078116,
ok,Errecto,best,input/seed_based/f_090x_008t.txt,seed_based,1,22130995,
ok,Errecto,best,input/seed_based/f_090x_012t.txt,seed_based,1,31086431,
ok,Errecto,best,input/seed_based/f_090x_020t.txt,seed_based,1,27429014,
ok,Errecto,best,input/google_hashcode/b_read_on.txt,google_hashcode,1,5822900,
ok,Errecto,best,input/google_hashcode/c_incunabula.txt,google_hashcode,1,5570375,
ok,Errecto,best,input/google_hashcode/d_tough_choices.txt,google_hashcode,1,5034640,
ok,Errecto,best,input/google_hashcode/e_so_many_books.txt,google_hashcode,1,5183726,
ok,Errecto,best,input/google_hashcode/f_libraries_of_the_world.txt,google_hashcode,1,5348230,
ok,Errecto,best,input/real_world/B50_L5_D4.txt,real_world,1,581,
ok,Errecto,best,input/real_world/B60_L6_D6.txt,real_world,1,738,
ok,Errecto,best,input/real_world/B70_L8_D7.txt,real_world,1,2100,
ok,Errecto,best,input/real_world/B80_L7_D9.txt,real_world,1,2191,
ok,Errecto,best,input/real_world/B90_L6_D11.txt,real_world,1,2567,
ok,Errecto,best,input/real_world/B95_L5_D12.txt,real_world,1,3898,
ok,Errecto,best,input/real_world/B96_L6_D14.txt,real_world,1,4394,
ok,Errecto,best,input/real_world/B98_L4_D15.txt,real_world,1,3552,
ok,Errecto,best,input/real_world/B99_L7_D16.txt,real_world,1,4438,
ok,Errecto,best,input/real_world/B100_L9_D18.txt,real_world,1,4916,
ok,Errecto,best,input/real_world/B150_L8_D10.txt,real_world,1,8481,
ok,Errecto,best,input/real_world/B300_L11_D20.txt,real_world,1,22085,
ok,Errecto,best,input/real_world/B500_L14_D18.txt,real_world,1,48465,
ok,Errecto,best,input/real_world/B750_L20_D14.txt,real_world,1,65520,
ok,Errecto,best,input/real_world/B1k_L18_D17.txt,real_world,1,127579,
ok,Errecto,best,input/real_world/B1.5k_L20_D40.txt,real_world,1,345553,
ok,Errecto,best,input/real_world/B2.5k_L25_D50.txt,real_world,1,671491,
ok,Errecto,best,input/real_world/B4k_L30_D60.txt,real_world,1,1299161,
ok,Errecto,best,input/real_world/B5k_L90_D21.txt,real_world,1,3361,
ok,Errecto,best,input/real_world/B6k_L35_D70.txt,real_world,1,2307803,
ok,Errecto,best,input/real_world/B9k_L40_D80.txt,real_world,1,3476231,
ok,Errecto,best,input/real_world/B12k_L45_D90.txt,real_world,1,4635839,
ok,Errecto,best,input/real_world/B18k_L50_D100.txt,real_world,1,6828661,
ok,Errecto,best,input/real_world/B25k_L55_D110.txt,real_world,1,9681506,
ok,Errecto,best,input/real_world/B35k_L60_D120.txt,real_world,1,12864753,
ok,Errecto,best,input/real_world/B48k_L65_D130.txt,real_world,1,16994342,
ok,Errecto,best,input/real_world/B50k_L400_D28.txt,real_world,1,121715,
ok,Errecto,best,input/real_world/B60k_L70_D140.txt,real_world,1,19806745,
ok,Errecto,best,input/real_world/B80k_L75_D150.txt,real_world,1,28097194,
ok,Errecto,best,input/real_world/B90k_L850_D21.txt,real_world,1,869,
ok,Errecto,best,input/real_world/B95k_L2k_D28.txt,real_world,1,1354739,
ok,Errecto,best,input/real_world/B100k_L600_D28.txt,real_world,1,129326,
ok,Errecto,best,input/real_world/B120k_L80_D160.txt,real_world,1,31872402,
ok,Errecto,best,input/real_world/B180k_L85_D170.txt,real_world,1,35497750,
ok,Errecto,best,input/real_world/B240k_L90_D180.txt,real_world,1,42745540,
ok,Errecto,best,input/real_world/B300k_L95_D190.txt,real_world,1,37057078,
ok,Errecto,best,input/real_world/B450k_L100_D200.txt,real_world,1,42874235,
ok,Errecto,best,input/real_world/B600k_L105_D210.txt,real_world,1,50653808,
ok,Errecto,best,input/real_world/B800k_L110_D220.txt,real_world,1,53080952,
ok,Errecto,best,input/real_world/B1000k_L115_D230.txt,real_world,1,55879583,
ok,Errecto,best,input/real_world/B1200k_L120_D240.txt,real_world,1,59061336,
ok,Errecto,best,input/real_world/B1400k_L125_D250.txt,real_world,1,44273193,
ok,Errecto,best,input/real_world/B1600k_L130_D260.txt,real_world,1,58530140,
ok,Errecto,best,input/real_world/B1800k_L135_D270.txt,real_world,1,66571825,
ok,Errecto,best,input/real_world/B2000k_L140_D280.txt,real_world,1,53657244,
ok,Errecto,best,input/synthetic/synthetic_1.txt,synthetic,1,267587,
ok,Errecto,best,input/synthetic/synthetic_2.txt,synthetic,1,20760442,
ok,Errecto,best,input/synthetic/synthetic_3.txt,synthetic,1,690577,
ok,Errecto,best,input/synthetic/synthetic_4.txt,synthetic,1,31581,
ok,Errecto,best,input/synthetic/synthetic_5.txt,synthetic,1,28639,
ok,Errecto,best,input/synthetic/synthetic_6.txt,synthetic,1,82908,
ok,Errecto,best,input/synthetic/synthetic_7.txt,synthetic,1,13731305,
ok,Errecto,best,input/synthetic/synthetic_8.txt,synthetic,1,213202,
ok,Errecto,best,input/synthetic/synthetic_9.txt,synthetic,1,1850056,
ok,Errecto,best,input/synthetic/synthetic_10.txt,synthetic,1,17442,
ok,Errecto,best,input/synthetic/synthetic_11.txt,synthetic,1,291801,
ok,Errecto,best,input/synthetic/synthetic_12.txt,synthetic,1,28392861,
ok,Errecto,best,input/synthetic/synthetic_13.txt,synthetic,1,208710,
ok,Errecto,best,input/synthetic/synthetic_14.txt,synthetic,1,17852,
ok,Errecto,best,input/synthetic/synthetic_15.txt,synthetic,1,49747,
ok,Errecto,best,input/synthetic/synthetic_16.txt,synthetic,1,30581672,
ok,Errecto,best,input/synthetic/synthetic_17.txt,synthetic,1,108058,
ok,Errecto,best,input/synthetic/synthetic_18.txt,synthetic,1,17024958,
ok,Errecto,best,input/synthetic/synthetic_19.txt,synthetic,1,129044,
ok,Errecto,best,input/synthetic/synthetic_20.txt,synthetic,1,29601148,
ok,Errecto,best,input/synthetic/synthetic_21.txt,synthetic,1,11430241,
ok,Errecto,best,input/synthetic/synthetic_22.txt,synthetic,1,121336,
ok,Errecto,best,input/synthetic/synthetic_23.txt,synthetic,1,260247,
ok,Errecto,best,input/synthetic/synthetic_24.txt,synthetic,1,11035511,
ok,Errecto,best,input/synthetic/synthetic_25.txt,synthetic,1,244295,
ok,Errecto,best,input/synthetic/synthetic_26.txt,synthetic,1,226322,
ok,Errecto,best,input/synthetic/synthetic_27.txt,synthetic,1,30535472,
ok,Errecto,best,input/synthetic/synthetic_28.txt,synthetic,1,144799,
ok,Errecto,best,input/synthetic/synthetic_29.txt,synthetic,1,116926,
ok,Errecto,best,input/synthetic/synthetic_30.txt,synthetic,1,2282117,
ok,Errecto,best,input/synthetic/synthetic_31.txt,synthetic,1,127202,
ok,Errecto,best,input/synthetic/synthetic_32.txt,synthetic,1,69150,
ok,Errecto,best,input/synthetic/synthetic_33.txt,synthetic,1,13369741,
ok,Errecto,best,input/synthetic/synthetic_34.txt,synthetic,1,6007324,
ok,Errecto,best,input/synthetic/synthetic_35.txt,synthetic,1,163375,
ok,Errecto,best,input/synthetic/synthetic_36.txt,synthetic,1,163108,
ok,Errecto,best,input/synthetic/synthetic_37.txt,synthetic,1,15876,
ok,Errecto,best,input/synthetic/synthetic_38.txt,synthetic,1,243965,
ok,Errecto,best,input/synthetic/synthetic_39.txt,synthetic,1,232545,
ok,Errecto,best,input/synthetic/synthetic_40.txt,synthetic,1,236992,
ok,Errecto,best,input/synthetic/synthetic_41.txt,synthetic,1,3884976,
ok,Errecto,best,input/synthetic/synthetic_42.txt,synthetic,1,29231444,
ok,Errecto,best,input/synthetic/synthetic_43.txt,synthetic,1,94235,
ok,Errecto,best,input/synthetic/synthetic_44.txt,synthetic,1,280437,
ok,Errecto,best,input/synthetic/synthetic_45.txt,synthetic,1,1044638,
ok,Errecto,best,input/synthetic/synthetic_46.txt,synthetic,1,26857717,
ok,Errecto,best,input/synthetic/synthetic_47.txt,synthetic,1,6734825,
ok,Errecto,best,input/synthetic/synthetic_48.txt,synthetic,1,231592,
ok,Errecto,best,input/synthetic/synthetic_49.txt,synthetic,1,105309,
ok,Errecto,best,input/synthetic/synthetic_50.txt,synthetic,1,142479,
ok,Errecto,best,input/synthetic/synthetic_51.txt,synthetic,1,126759,
ok,Errecto,best,input/synthetic/synthetic_52.txt,synthetic,1,154127,
ok,Errecto,best,input/synthetic/synthetic_53.txt,synthetic,1,291277,
ok,Errecto,best,input/synthetic/synthetic_54.txt,synthetic,1,13231364,
ok,Errecto,best,input/synthetic/synthetic_55.txt,synthetic,1,65074,
ok,Errecto,best,input/synthetic/synthetic_56.txt,synthetic,1,956107,
ok,Errecto,best,input/synthetic/synthetic_57.txt,synthetic,1,81047,
ok,Errecto,best,input/synthetic/synthetic_58.txt,synthetic,1,33127,
ok,Errecto,best,input/synthetic/synthetic_59.txt,synthetic,1,104400,
ok,Errecto,best,input/synthetic/synthetic_60.txt,synthetic,1,18534710,
ok,Errecto,best,input/synthetic/synthetic_61.txt,synthetic,1,128454,
ok,Errecto,best,input/synthetic/synthetic_62.txt,synthetic,1,205966,
ok,Errecto,best,input/synthetic/synthetic_63.txt,synthetic,1,18819786,
ok,Errecto,best,input/synthetic/synthetic_64.txt,synthetic,1,94393,
ok,Errecto,best,input/synthetic/synthetic_65.txt,synthetic,1,132057,
ok,Errecto,best,input/synthetic/synthetic_66.txt,synthetic,1,5473484,
ok,Errecto,best,input/synthetic/synthetic_67.txt,synthetic,1,6640917,
ok,Errecto,best,input/synthetic/synthetic_68.txt,synthetic,1,268333,
ok,Errecto,best,input/synthetic/synthetic_69.txt,synthetic,1,79479,
ok,Errecto,best,input/synthetic/synthetic_70.txt,synthetic,1,249881,
ok,Errecto,best,input/synthetic/synthetic_71.txt,synthetic,1,95460,
ok,Errecto,best,input/synthetic/synthetic_72.txt,synthetic,1,104862,
ok,Errecto,best,input/synthetic/synthetic_73.txt,synthetic,1,207169,
ok,Errecto,best,input/synthetic/synthetic_74.txt,synthetic,1,60018,
ok,Errecto,best,input/synthetic/synthetic_75.txt,synthetic,1,140755,
ok,Errecto,best,input/synthetic/synthetic_76.txt,synthetic,1,223621,
ok,Errecto,best,input/synthetic/synthetic_77.txt,synthetic,1,10033866,
ok,Errecto,best,input/synthetic/synthetic_78.txt,synthetic,1,1164768,
ok,Errecto,best,input/synthetic/synthetic_79.txt,synthetic,1,93566,
ok,Errecto,best,input/synthetic/synthetic_80.txt,synthetic,1,137454,
ok,Errecto,best,input/synthetic/synthetic_81.txt,synthetic,1,211405,
ok,Errecto,best,input/synthetic/synthetic_82.txt,synthetic,1,93157,
ok,Errecto,best,input/synthetic/synthetic_83.txt,synthetic,1,21618653,
ok,Errecto,best,input/synthetic/synthetic_84.txt,synthetic,1,79053,
ok,Errecto,best,input/synthetic/synthetic_85.txt,synthetic,1,2597661,
ok,Errecto,best,input/synthetic/synthetic_86.txt,synthetic,1,1869245,
ok,Errecto,best,input/synthetic/synthetic_87.txt,synthetic,1,2938191,
ok,Errecto,best,input/synthetic/synthetic_88.txt,synthetic,1,115353,
ok,Errecto,best,input/synthetic/synthetic_89.txt,synthetic,1,9015,
ok,Errecto,best,input/synthetic/synthetic_90.txt,synthetic,1,177823,
ok,Errecto,best,input/synthetic/synthetic_91.txt,synthetic,1,2329345,
ok,Errecto,best,input/synthetic/synthetic_92.txt,synthetic,1,113425,
ok,Errecto,best,input/synthetic/synthetic_93.txt,synthetic,1,103408,
ok,Errecto,best,input/synthetic/synthetic_94.txt,synthetic,1,2830701,
ok,Errecto,best,input/synthetic/synthetic_95.txt,synthetic,1,171405,
ok,Errecto,best,input/synthetic/synthetic_96.txt,synthetic,1,366595,
ok,Errecto,best,input/synthetic/synthetic_97.txt,synthetic,1,46694254,
ok,Errecto,best,input/synthetic/synthetic_98.txt,synthetic,1,213869,
ok,Errecto,best,input/synthetic/synthetic_99.txt,synthetic,1,144539,
ok,Errecto,best,input/synthetic/synthetic_100.txt,synthetic,1,156794,
ok,Errecto,best,input/synthetic/synthetic_101.txt,synthetic,1,152994,
ok,Errecto,best,input/synthetic/synthetic_102.txt,synthetic,1,92691,
ok,Errecto,best,input/synthetic/synthetic_103.txt,synthetic,1,2933849,
ok,Errecto,best,input/synthetic/synthetic_104.txt,synthetic,1,6611570,
ok,Errecto,best,input/synthetic/synthetic_105.txt,synthetic,1,8488353,
ok,Errecto,best,input/synthetic/synthetic_106.txt,synthetic,1,41622040,
ok,Errecto,best,input/synthetic/synthetic_107.txt,synthetic,1,225474,
ok,Errecto,best,input/synthetic/synthetic_108.txt,synthetic,1,9607260,
ok,Errecto,best,input/synthetic/synthetic_109.txt,synthetic,1,120045,
ok,Errecto,best,input/synthetic/synthetic_110.txt,synthetic,1,3318210,
ok,Errecto,best,input/synthetic/synthetic_111.txt,synthetic,1,963371,
ok,Errecto,best,input/synthetic/synthetic_112.txt,synthetic,1,169254,
ok,Errecto,best,input/synthetic/synthetic_113.txt,synthetic,1,47211,
ok,Errecto,best,input/synthetic/synthetic_114.txt,synthetic,1,107503,
ok,Errecto,best,input/synthetic/synthetic_115.txt,synthetic,1,345277,
ok,Errecto,best,input/synthetic/synthetic_116.txt,synthetic,1,27792529,
ok,Errecto,best,input/synthetic/synthetic_117.txt,synthetic,1,15960647,
ok,Errecto,best,input/synthetic/synthetic_118.txt,synthetic,1,66979,
ok,Errecto,best,input/synthetic/synthetic_119.txt,synthetic,1,258437,
ok,Errecto,best,input/synthetic/synthetic_120.txt,synthetic,1,187715,
ok,Errecto,best,input/synthetic/synthetic_121.txt,synthetic,1,48041,
ok,Errecto,best,input/synthetic/synthetic_122.txt,synthetic,1,195177,
ok,Errecto,best,input/synthetic/synthetic_123.txt,synthetic,1,184593,
ok,Errecto,best,input/synthetic/synthetic_124.txt,synthetic,1,152432,
ok,Errecto,best,input/synthetic/synthetic_125.txt,synthetic,1,330735,
ok,Errecto,best,input/synthetic/synthetic_126.txt,synthetic,1,658436,
ok,Errecto,best,input/synthetic/synthetic_127.txt,synthetic,1,100386,
ok,Errecto,best,input/synthetic/synthetic_128.txt,synthetic,1,257596,
ok,Errecto,best,input/synthetic/synthetic_129.txt,synthetic,1,65748,
ok,Errecto,best,input/synthetic/synthetic_130.txt,synthetic,1,226911,
ok,Errecto,best,input/synthetic/synthetic_131.txt,synthetic,1,308804,
ok,Errecto,best,input/synthetic/synthetic_132.txt,synthetic,1,1467085,
ok,Errecto,best,input/synthetic/synthetic_133.txt,synthetic,1,9977291,
ok,Errecto,best,input/synthetic/synthetic_134.txt,synthetic,1,131286,
ok,Errecto,best,input/synthetic/synthetic_135.txt,synthetic,1,217206,
ok,Errecto,best,input/synthetic/synthetic_136.txt,synthetic,1,186737,
ok,Errecto,best,input/synthetic/synthetic_137.txt,synthetic,1,129405,
ok,Errecto,best,input/synthetic/synthetic_138.txt,synthetic,1,197496,
ok,Errecto,best,input/synthetic/synthetic_139.txt,synthetic,1,117382,
ok,BestExternal,portfolio,input/google_hashcode/b_read_on.txt,google_hashcode,1,5822900,
ok,BestExternal,portfolio,input/google_hashcode/c_incunabula.txt,google_hashcode,1,5690888,
ok,BestExternal,portfolio,input/google_hashcode/d_tough_choices.txt,google_hashcode,1,5109000,
ok,BestExternal,portfolio,input/google_hashcode/e_so_many_books.txt,google_hashcode,1,5240723,
ok,BestExternal,portfolio,input/google_hashcode/f_libraries_of_the_world.txt,google_hashcode,1,5348248,
ok,BestExternal,portfolio,input/real_world/B1.5k_L20_D40.txt,real_world,1,345553,
ok,BestExternal,portfolio,input/real_world/B1000k_L115_D230.txt,real_world,1,55879583,
ok,BestExternal,portfolio,input/real_world/B100_L9_D18.txt,real_world,1,4916,
ok,BestExternal,portfolio,input/real_world/B100k_L600_D28.txt,real_world,1,129326,
ok,BestExternal,portfolio,input/real_world/B1200k_L120_D240.txt,real_world,1,59061336,
ok,BestExternal,portfolio,input/real_world/B120k_L80_D160.txt,real_world,1,31872402,
ok,BestExternal,portfolio,input/real_world/B12k_L45_D90.txt,real_world,1,4685628,
ok,BestExternal,portfolio,input/real_world/B1400k_L125_D250.txt,real_world,1,44898675,
ok,BestExternal,portfolio,input/real_world/B150_L8_D10.txt,real_world,1,8481,
ok,BestExternal,portfolio,input/real_world/B1600k_L130_D260.txt,real_world,1,58530140,
ok,BestExternal,portfolio,input/real_world/B1800k_L135_D270.txt,real_world,1,66571825,
ok,BestExternal,portfolio,input/real_world/B180k_L85_D170.txt,real_world,1,35497750,
ok,BestExternal,portfolio,input/real_world/B18k_L50_D100.txt,real_world,1,6828661,
ok,BestExternal,portfolio,input/real_world/B1k_L18_D17.txt,real_world,1,127579,
ok,BestExternal,portfolio,input/real_world/B2.5k_L25_D50.txt,real_world,1,671491,
ok,BestExternal,portfolio,input/real_world/B2000k_L140_D280.txt,real_world,1,53657244,
ok,BestExternal,portfolio,input/real_world/B240k_L90_D180.txt,real_world,1,42745540,
ok,BestExternal,portfolio,input/real_world/B25k_L55_D110.txt,real_world,1,9681506,
ok,BestExternal,portfolio,input/real_world/B300_L11_D20.txt,real_world,1,22085,
ok,BestExternal,portfolio,input/real_world/B300k_L95_D190.txt,real_world,1,37057078,
ok,BestExternal,portfolio,input/real_world/B35k_L60_D120.txt,real_world,1,12864753,
ok,BestExternal,portfolio,input/real_world/B450k_L100_D200.txt,real_world,1,42874235,
ok,BestExternal,portfolio,input/real_world/B48k_L65_D130.txt,real_world,1,16994342,
ok,BestExternal,portfolio,input/real_world/B4k_L30_D60.txt,real_world,1,1383173,
ok,BestExternal,portfolio,input/real_world/B500_L14_D18.txt,real_world,1,48465,
ok,BestExternal,portfolio,input/real_world/B50_L5_D4.txt,real_world,1,581,
ok,BestExternal,portfolio,input/real_world/B50k_L400_D28.txt,real_world,1,121715,
ok,BestExternal,portfolio,input/real_world/B5k_L90_D21.txt,real_world,1,3597,
ok,BestExternal,portfolio,input/real_world/B600k_L105_D210.txt,real_world,1,50653808,
ok,BestExternal,portfolio,input/real_world/B60_L6_D6.txt,real_world,1,939,
ok,BestExternal,portfolio,input/real_world/B60k_L70_D140.txt,real_world,1,19806745,
ok,BestExternal,portfolio,input/real_world/B6k_L35_D70.txt,real_world,1,2307803,
ok,BestExternal,portfolio,input/real_world/B70_L8_D7.txt,real_world,1,2100,
ok,BestExternal,portfolio,input/real_world/B750_L20_D14.txt,real_world,1,65520,
ok,BestExternal,portfolio,input/real_world/B800k_L110_D220.txt,real_world,1,53080952,
ok,BestExternal,portfolio,input/real_world/B80_L7_D9.txt,real_world,1,2191,
ok,BestExternal,portfolio,input/real_world/B80k_L75_D150.txt,real_world,1,28097194,
ok,BestExternal,portfolio,input/real_world/B90_L6_D11.txt,real_world,1,2567,
ok,BestExternal,portfolio,input/real_world/B90k_L850_D21.txt,real_world,1,869,
ok,BestExternal,portfolio,input/real_world/B95_L5_D12.txt,real_world,1,3898,
ok,BestExternal,portfolio,input/real_world/B95k_L2k_D28.txt,real_world,1,1366541,
ok,BestExternal,portfolio,input/real_world/B96_L6_D14.txt,real_world,1,4394,
ok,BestExternal,portfolio,input/real_world/B98_L4_D15.txt,real_world,1,3552,
ok,BestExternal,portfolio,input/real_world/B99_L7_D16.txt,real_world,1,4438,
ok,BestExternal,portfolio,input/real_world/B9k_L40_D80.txt,real_world,1,3476231,
ok,BestExternal,portfolio,input/seed_based/b_060x_008t.txt,seed_based,1,85416,
ok,BestExternal,portfolio,input/seed_based/b_060x_012t.txt,seed_based,1,139844,
ok,BestExternal,portfolio,input/seed_based/b_060x_020t.txt,seed_based,1,279036,
ok,BestExternal,portfolio,input/seed_based/b_075x_008t.txt,seed_based,1,104202,
ok,BestExternal,portfolio,input/seed_based/b_075x_012t.txt,seed_based,1,185341,
ok,BestExternal,portfolio,input/seed_based/b_075x_020t.txt,seed_based,1,560785,
ok,BestExternal,portfolio,input/seed_based/b_090x_008t.txt,seed_based,1,156735,
ok,BestExternal,portfolio,input/seed_based/b_090x_012t.txt,seed_based,1,320872,
ok,BestExternal,portfolio,input/seed_based/b_090x_020t.txt,seed_based,1,771317,
ok,BestExternal,portfolio,input/seed_based/bc_060x_008t.txt,seed_based,1,923357,
ok,BestExternal,portfolio,input/seed_based/bc_060x_012t.txt,seed_based,1,922811,
ok,BestExternal,portfolio,input/seed_based/bc_060x_020t.txt,seed_based,1,889517,
ok,BestExternal,portfolio,input/seed_based/bc_075x_008t.txt,seed_based,1,1275291,
ok,BestExternal,portfolio,input/seed_based/bc_075x_012t.txt,seed_based,1,1256202,
ok,BestExternal,portfolio,input/seed_based/bc_075x_020t.txt,seed_based,1,1299813,
ok,BestExternal,portfolio,input/seed_based/bc_090x_008t.txt,seed_based,1,1613571,
ok,BestExternal,portfolio,input/seed_based/bc_090x_012t.txt,seed_based,1,1595856,
ok,BestExternal,portfolio,input/seed_based/bc_090x_020t.txt,seed_based,1,1571878,
ok,BestExternal,portfolio,input/seed_based/bd_060x_008t.txt,seed_based,1,1206368,
ok,BestExternal,portfolio,input/seed_based/bd_060x_012t.txt,seed_based,1,1631093,
ok,BestExternal,portfolio,input/seed_based/bd_060x_020t.txt,seed_based,1,2182604,
ok,BestExternal,portfolio,input/seed_based/bd_075x_008t.txt,seed_based,1,1775193,
ok,BestExternal,portfolio,input/seed_based/bd_075x_012t.txt,seed_based,1,2173000,
ok,BestExternal,portfolio,input/seed_based/bd_075x_020t.txt,seed_based,1,2952563,
ok,BestExternal,portfolio,input/seed_based/bd_090x_008t.txt,seed_based,1,2293686,
ok,BestExternal,portfolio,input/seed_based/bd_090x_012t.txt,seed_based,1,3207486,
ok,BestExternal,portfolio,input/seed_based/bd_090x_020t.txt,seed_based,1,4781944,
ok,BestExternal,portfolio,input/seed_based/be_060x_008t.txt,seed_based,1,3133515,
ok,BestExternal,portfolio,input/seed_based/be_060x_012t.txt,seed_based,1,3873541,
ok,BestExternal,portfolio,input/seed_based/be_060x_020t.txt,seed_based,1,4469247,
ok,BestExternal,portfolio,input/seed_based/be_075x_008t.txt,seed_based,1,4748867,
ok,BestExternal,portfolio,input/seed_based/be_075x_012t.txt,seed_based,1,5018676,
ok,BestExternal,portfolio,input/seed_based/be_075x_020t.txt,seed_based,1,6186446,
ok,BestExternal,portfolio,input/seed_based/be_090x_008t.txt,seed_based,1,6007798,
ok,BestExternal,portfolio,input/seed_based/be_090x_012t.txt,seed_based,1,7122631,
ok,BestExternal,portfolio,input/seed_based/be_090x_020t.txt,seed_based,1,7934712,
ok,BestExternal,portfolio,input/seed_based/bf_060x_008t.txt,seed_based,1,3295714,
ok,BestExternal,portfolio,input/seed_based/bf_060x_012t.txt,seed_based,1,4093712,
ok,BestExternal,portfolio,input/seed_based/bf_060x_020t.txt,seed_based,1,4540122,
ok,BestExternal,portfolio,input/seed_based/bf_075x_008t.txt,seed_based,1,4449237,
ok,BestExternal,portfolio,input/seed_based/bf_075x_012t.txt,seed_based,1,5518903,
ok,BestExternal,portfolio,input/seed_based/bf_075x_020t.txt,seed_based,1,6101290,
ok,BestExternal,portfolio,input/seed_based/bf_090x_008t.txt,seed_based,1,5839756,
ok,BestExternal,portfolio,input/seed_based/bf_090x_012t.txt,seed_based,1,6617060,
ok,BestExternal,portfolio,input/seed_based/bf_090x_020t.txt,seed_based,1,6844683,
ok,BestExternal,portfolio,input/seed_based/c_060x_008t.txt,seed_based,1,2947512,
ok,BestExternal,portfolio,input/seed_based/c_060x_012t.txt,seed_based,1,2895961,
ok,BestExternal,portfolio,input/seed_based/c_060x_020t.txt,seed_based,1,3009431,
ok,BestExternal,portfolio,input/seed_based/c_075x_008t.txt,seed_based,1,4147726,
ok,BestExternal,portfolio,input/seed_based/c_075x_012t.txt,seed_based,1,4332827,
ok,BestExternal,portfolio,input/seed_based/c_075x_020t.txt,seed_based,1,3967827,
ok,BestExternal,portfolio,input/seed_based/c_090x_008t.txt,seed_based,1,5421340,
ok,BestExternal,portfolio,input/seed_based/c_090x_012t.txt,seed_based,1,5781087,
ok,BestExternal,portfolio,input/seed_based/c_090x_020t.txt,seed_based,1,5558525,
ok,BestExternal,portfolio,input/seed_based/cd_060x_008t.txt,seed_based,1,4460167,
ok,BestExternal,portfolio,input/seed_based/cd_060x_012t.txt,seed_based,1,6179595,
ok,BestExternal,portfolio,input/seed_based/cd_060x_020t.txt,seed_based,1,7557344,
ok,BestExternal,portfolio,input/seed_based/cd_075x_008t.txt,seed_based,1,6754628,
ok,BestExternal,portfolio,input/seed_based/cd_075x_012t.txt,seed_based,1,9360331,
ok,BestExternal,portfolio,input/seed_based/cd_075x_020t.txt,seed_based,1,10928387,
ok,BestExternal,portfolio,input/seed_based/cd_090x_008t.txt,seed_based,1,8720653,
ok,BestExternal,portfolio,input/seed_based/cd_090x_012t.txt,seed_based,1,11581524,
ok,BestExternal,portfolio,input/seed_based/cd_090x_020t.txt,seed_based,1,15453164,
ok,BestExternal,portfolio,input/seed_based/ce_060x_008t.txt,seed_based,1,9598749,
ok,BestExternal,portfolio,input/seed_based/ce_060x_012t.txt,seed_based,1,12787403,
ok,BestExternal,portfolio,input/seed_based/ce_060x_020t.txt,seed_based,1,14980987,
ok,BestExternal,portfolio,input/seed_based/ce_075x_008t.txt,seed_based,1,14213404,
ok,BestExternal,portfolio,input/seed_based/ce_075x_012t.txt,seed_based,1,15811584,
ok,BestExternal,portfolio,input/seed_based/ce_075x_020t.txt,seed_based,1,19521601,
ok,BestExternal,portfolio,input/seed_based/ce_090x_008t.txt,seed_based,1,20127366,
ok,BestExternal,portfolio,input/seed_based/ce_090x_012t.txt,seed_based,1,23740961,
ok,BestExternal,portfolio,input/seed_based/ce_090x_020t.txt,seed_based,1,21941368,
ok,BestExternal,portfolio,input/seed_based/cf_060x_008t.txt,seed_based,1,9682381,
ok,BestExternal,portfolio,input/seed_based/cf_060x_012t.txt,seed_based,1,12079638,
ok,BestExternal,portfolio,input/seed_based/cf_060x_020t.txt,seed_based,1,13382904,
ok,BestExternal,portfolio,input/seed_based/cf_075x_008t.txt,seed_based,1,13940769,
ok,BestExternal,portfolio,input/seed_based/cf_075x_012t.txt,seed_based,1,18033932,
ok,BestExternal,portfolio,input/seed_based/cf_075x_020t.txt,seed_based,1,18628546,
ok,BestExternal,portfolio,input/seed_based/cf_090x_008t.txt,seed_based,1,20107375,
ok,BestExternal,portfolio,input/seed_based/cf_090x_012t.txt,seed_based,1,21338035,
ok,BestExternal,portfolio,input/seed_based/cf_090x_020t.txt,seed_based,1,21086489,
ok,BestExternal,portfolio,input/seed_based/d_060x_008t.txt,seed_based,1,684860,
ok,BestExternal,portfolio,input/seed_based/d_060x_012t.txt,seed_based,1,987417,
ok,BestExternal,portfolio,input/seed_based/d_060x_020t.txt,seed_based,1,1140061,
ok,BestExternal,portfolio,input/seed_based/d_075x_008t.txt,seed_based,1,1140023,
ok,BestExternal,portfolio,input/seed_based/d_075x_012t.txt,seed_based,1,1419156,
ok,BestExternal,portfolio,input/seed_based/d_075x_020t.txt,seed_based,1,1964198,
ok,BestExternal,portfolio,input/seed_based/d_090x_008t.txt,seed_based,1,1271246,
ok,BestExternal,portfolio,input/seed_based/d_090x_012t.txt,seed_based,1,2028805,
ok,BestExternal,portfolio,input/seed_based/d_090x_020t.txt,seed_based,1,2564848,
ok,BestExternal,portfolio,input/seed_based/de_060x_008t.txt,seed_based,1,2073316,
ok,BestExternal,portfolio,input/seed_based/de_060x_012t.txt,seed_based,1,2407283,
ok,BestExternal,portfolio,input/seed_based/de_060x_020t.txt,seed_based,1,2356352,
ok,BestExternal,portfolio,input/seed_based/de_075x_008t.txt,seed_based,1,2928631,
ok,BestExternal,portfolio,input/seed_based/de_075x_012t.txt,seed_based,1,2874196,
ok,BestExternal,portfolio,input/seed_based/de_075x_020t.txt,seed_based,1,3098351,
ok,BestExternal,portfolio,input/seed_based/de_090x_008t.txt,seed_based,1,3305290,
ok,BestExternal,portfolio,input/seed_based/de_090x_012t.txt,seed_based,1,3612019,
ok,BestExternal,portfolio,input/seed_based/de_090x_020t.txt,seed_based,1,4223883,
ok,BestExternal,portfolio,input/seed_based/df_060x_008t.txt,seed_based,1,2002526,
ok,BestExternal,portfolio,input/seed_based/df_060x_012t.txt,seed_based,1,2297684,
ok,BestExternal,portfolio,input/seed_based/df_060x_020t.txt,seed_based,1,2501425,
ok,BestExternal,portfolio,input/seed_based/df_075x_008t.txt,seed_based,1,2397103,
ok,BestExternal,portfolio,input/seed_based/df_075x_012t.txt,seed_based,1,2832043,
ok,BestExternal,portfolio,input/seed_based/df_075x_020t.txt,seed_based,1,3390357,
ok,BestExternal,portfolio,input/seed_based/df_090x_008t.txt,seed_based,1,3618017,
ok,BestExternal,portfolio,input/seed_based/df_090x_012t.txt,seed_based,1,3684226,
ok,BestExternal,portfolio,input/seed_based/df_090x_020t.txt,seed_based,1,4060036,
ok,BestExternal,portfolio,input/seed_based/e_060x_008t.txt,seed_based,1,4370116,
ok,BestExternal,portfolio,input/seed_based/e_060x_012t.txt,seed_based,1,5535451,
ok,BestExternal,portfolio,input/seed_based/e_060x_020t.txt,seed_based,1,5597877,
ok,BestExternal,portfolio,input/seed_based/e_075x_008t.txt,seed_based,1,5497867,
ok,BestExternal,portfolio,input/seed_based/e_075x_012t.txt,seed_based,1,5789810,
ok,BestExternal,portfolio,input/seed_based/e_075x_020t.txt,seed_based,1,6982709,
ok,BestExternal,portfolio,input/seed_based/e_090x_008t.txt,seed_based,1,8704950,
ok,BestExternal,portfolio,input/seed_based/e_090x_012t.txt,seed_based,1,7561189,
ok,BestExternal,portfolio,input/seed_based/e_090x_020t.txt,seed_based,1,10489995,
ok,BestExternal,portfolio,input/seed_based/ef_060x_008t.txt,seed_based,1,4270131,
ok,BestExternal,portfolio,input/seed_based/ef_060x_012t.txt,seed_based,1,4564927,
ok,BestExternal,portfolio,input/seed_based/ef_060x_020t.txt,seed_based,1,5918919,
ok,BestExternal,portfolio,input/seed_based/ef_075x_008t.txt,seed_based,1,5266864,
ok,BestExternal,portfolio,input/seed_based/ef_075x_012t.txt,seed_based,1,6582630,
ok,BestExternal,portfolio,input/seed_based/ef_075x_020t.txt,seed_based,1,6912551,
ok,BestExternal,portfolio,input/seed_based/ef_090x_008t.txt,seed_based,1,7157072,
ok,BestExternal,portfolio,input/seed_based/ef_090x_012t.txt,seed_based,1,7978463,
ok,BestExternal,portfolio,input/seed_based/ef_090x_020t.txt,seed_based,1,9800801,
ok,BestExternal,portfolio,input/seed_based/f_060x_008t.txt,seed_based,1,12299652,
ok,BestExternal,portfolio,input/seed_based/f_060x_012t.txt,seed_based,1,14904755,
ok,BestExternal,portfolio,input/seed_based/f_060x_020t.txt,seed_based,1,14877440,
ok,BestExternal,portfolio,input/seed_based/f_075x_008t.txt,seed_based,1,18186218,
ok,BestExternal,portfolio,input/seed_based/f_075x_012t.txt,seed_based,1,19275561,
ok,BestExternal,portfolio,input/seed_based/f_075x_020t.txt,seed_based,1,24078116,
ok,BestExternal,portfolio,input/seed_based/f_090x_008t.txt,seed_based,1,22130995,
ok,BestExternal,portfolio,input/seed_based/f_090x_012t.txt,seed_based,1,31086431,
ok,BestExternal,portfolio,input/seed_based/f_090x_020t.txt,seed_based,1,27429014,
ok,BestExternal,portfolio,input/synthetic/synthetic_1.txt,synthetic,1,267587,
ok,BestExternal,portfolio,input/synthetic/synthetic_10.txt,synthetic,1,17463,
ok,BestExternal,portfolio,input/synthetic/synthetic_100.txt,synthetic,1,156794,
ok,BestExternal,portfolio,input/synthetic/synthetic_101.txt,synthetic,1,152994,
ok,BestExternal,portfolio,input/synthetic/synthetic_102.txt,synthetic,1,92691,
ok,BestExternal,portfolio,input/synthetic/synthetic_103.txt,synthetic,1,2933849,
ok,BestExternal,portfolio,input/synthetic/synthetic_104.txt,synthetic,1,6611570,
ok,BestExternal,portfolio,input/synthetic/synthetic_105.txt,synthetic,1,8490974,
ok,BestExternal,portfolio,input/synthetic/synthetic_106.txt,synthetic,1,41622040,
ok,BestExternal,portfolio,input/synthetic/synthetic_107.txt,synthetic,1,225474,
ok,BestExternal,portfolio,input/synthetic/synthetic_108.txt,synthetic,1,9607260,
ok,BestExternal,portfolio,input/synthetic/synthetic_109.txt,synthetic,1,120045,
ok,BestExternal,portfolio,input/synthetic/synthetic_11.txt,synthetic,1,299856,
ok,BestExternal,portfolio,input/synthetic/synthetic_110.txt,synthetic,1,3318210,
ok,BestExternal,portfolio,input/synthetic/synthetic_111.txt,synthetic,1,963371,
ok,BestExternal,portfolio,input/synthetic/synthetic_112.txt,synthetic,1,169254,
ok,BestExternal,portfolio,input/synthetic/synthetic_113.txt,synthetic,1,47211,
ok,BestExternal,portfolio,input/synthetic/synthetic_114.txt,synthetic,1,107503,
ok,BestExternal,portfolio,input/synthetic/synthetic_115.txt,synthetic,1,345277,
ok,BestExternal,portfolio,input/synthetic/synthetic_116.txt,synthetic,1,27792529,
ok,BestExternal,portfolio,input/synthetic/synthetic_117.txt,synthetic,1,15960647,
ok,BestExternal,portfolio,input/synthetic/synthetic_118.txt,synthetic,1,66979,
ok,BestExternal,portfolio,input/synthetic/synthetic_119.txt,synthetic,1,258437,
ok,BestExternal,portfolio,input/synthetic/synthetic_12.txt,synthetic,1,28392861,
ok,BestExternal,portfolio,input/synthetic/synthetic_120.txt,synthetic,1,187715,
ok,BestExternal,portfolio,input/synthetic/synthetic_121.txt,synthetic,1,48041,
ok,BestExternal,portfolio,input/synthetic/synthetic_122.txt,synthetic,1,195177,
ok,BestExternal,portfolio,input/synthetic/synthetic_123.txt,synthetic,1,184593,
ok,BestExternal,portfolio,input/synthetic/synthetic_124.txt,synthetic,1,152432,
ok,BestExternal,portfolio,input/synthetic/synthetic_125.txt,synthetic,1,330735,
ok,BestExternal,portfolio,input/synthetic/synthetic_126.txt,synthetic,1,658436,
ok,BestExternal,portfolio,input/synthetic/synthetic_127.txt,synthetic,1,100386,
ok,BestExternal,portfolio,input/synthetic/synthetic_128.txt,synthetic,1,257596,
ok,BestExternal,portfolio,input/synthetic/synthetic_129.txt,synthetic,1,65748,
ok,BestExternal,portfolio,input/synthetic/synthetic_13.txt,synthetic,1,208710,
ok,BestExternal,portfolio,input/synthetic/synthetic_130.txt,synthetic,1,226911,
ok,BestExternal,portfolio,input/synthetic/synthetic_131.txt,synthetic,1,308804,
ok,BestExternal,portfolio,input/synthetic/synthetic_132.txt,synthetic,1,1477340,
ok,BestExternal,portfolio,input/synthetic/synthetic_133.txt,synthetic,1,9977291,
ok,BestExternal,portfolio,input/synthetic/synthetic_134.txt,synthetic,1,131286,
ok,BestExternal,portfolio,input/synthetic/synthetic_135.txt,synthetic,1,217206,
ok,BestExternal,portfolio,input/synthetic/synthetic_136.txt,synthetic,1,186737,
ok,BestExternal,portfolio,input/synthetic/synthetic_137.txt,synthetic,1,129405,
ok,BestExternal,portfolio,input/synthetic/synthetic_138.txt,synthetic,1,197496,
ok,BestExternal,portfolio,input/synthetic/synthetic_139.txt,synthetic,1,117382,
ok,BestExternal,portfolio,input/synthetic/synthetic_14.txt,synthetic,1,17852,
ok,BestExternal,portfolio,input/synthetic/synthetic_15.txt,synthetic,1,49747,
ok,BestExternal,portfolio,input/synthetic/synthetic_16.txt,synthetic,1,30581672,
ok,BestExternal,portfolio,input/synthetic/synthetic_17.txt,synthetic,1,108058,
ok,BestExternal,portfolio,input/synthetic/synthetic_18.txt,synthetic,1,17024958,
ok,BestExternal,portfolio,input/synthetic/synthetic_19.txt,synthetic,1,129044,
ok,BestExternal,portfolio,input/synthetic/synthetic_2.txt,synthetic,1,20760442,
ok,BestExternal,portfolio,input/synthetic/synthetic_20.txt,synthetic,1,29601148,
ok,BestExternal,portfolio,input/synthetic/synthetic_21.txt,synthetic,1,11430241,
ok,BestExternal,portfolio,input/synthetic/synthetic_22.txt,synthetic,1,121336,
ok,BestExternal,portfolio,input/synthetic/synthetic_23.txt,synthetic,1,260247,
ok,BestExternal,portfolio,input/synthetic/synthetic_24.txt,synthetic,1,11035511,
ok,BestExternal,portfolio,input/synthetic/synthetic_25.txt,synthetic,1,244295,
ok,BestExternal,portfolio,input/synthetic/synthetic_26.txt,synthetic,1,226322,
ok,BestExternal,portfolio,input/synthetic/synthetic_27.txt,synthetic,1,30535472,
ok,BestExternal,portfolio,input/synthetic/synthetic_28.txt,synthetic,1,144799,
ok,BestExternal,portfolio,input/synthetic/synthetic_29.txt,synthetic,1,116926,
ok,BestExternal,portfolio,input/synthetic/synthetic_3.txt,synthetic,1,690577,
ok,BestExternal,portfolio,input/synthetic/synthetic_30.txt,synthetic,1,2282117,
ok,BestExternal,portfolio,input/synthetic/synthetic_31.txt,synthetic,1,127202,
ok,BestExternal,portfolio,input/synthetic/synthetic_32.txt,synthetic,1,69150,
ok,BestExternal,portfolio,input/synthetic/synthetic_33.txt,synthetic,1,13369741,
ok,BestExternal,portfolio,input/synthetic/synthetic_34.txt,synthetic,1,6007324,
ok,BestExternal,portfolio,input/synthetic/synthetic_35.txt,synthetic,1,163375,
ok,BestExternal,portfolio,input/synthetic/synthetic_36.txt,synthetic,1,163108,
ok,BestExternal,portfolio,input/synthetic/synthetic_37.txt,synthetic,1,15876,
ok,BestExternal,portfolio,input/synthetic/synthetic_38.txt,synthetic,1,243965,
ok,BestExternal,portfolio,input/synthetic/synthetic_39.txt,synthetic,1,232545,
ok,BestExternal,portfolio,input/synthetic/synthetic_4.txt,synthetic,1,31581,
ok,BestExternal,portfolio,input/synthetic/synthetic_40.txt,synthetic,1,236992,
ok,BestExternal,portfolio,input/synthetic/synthetic_41.txt,synthetic,1,3884976,
ok,BestExternal,portfolio,input/synthetic/synthetic_42.txt,synthetic,1,29231444,
ok,BestExternal,portfolio,input/synthetic/synthetic_43.txt,synthetic,1,94235,
ok,BestExternal,portfolio,input/synthetic/synthetic_44.txt,synthetic,1,280437,
ok,BestExternal,portfolio,input/synthetic/synthetic_45.txt,synthetic,1,1063451,
ok,BestExternal,portfolio,input/synthetic/synthetic_46.txt,synthetic,1,26857717,
ok,BestExternal,portfolio,input/synthetic/synthetic_47.txt,synthetic,1,6734825,
ok,BestExternal,portfolio,input/synthetic/synthetic_48.txt,synthetic,1,231592,
ok,BestExternal,portfolio,input/synthetic/synthetic_49.txt,synthetic,1,105309,
ok,BestExternal,portfolio,input/synthetic/synthetic_5.txt,synthetic,1,28639,
ok,BestExternal,portfolio,input/synthetic/synthetic_50.txt,synthetic,1,142479,
ok,BestExternal,portfolio,input/synthetic/synthetic_51.txt,synthetic,1,126759,
ok,BestExternal,portfolio,input/synthetic/synthetic_52.txt,synthetic,1,154127,
ok,BestExternal,portfolio,input/synthetic/synthetic_53.txt,synthetic,1,291277,
ok,BestExternal,portfolio,input/synthetic/synthetic_54.txt,synthetic,1,13231364,
ok,BestExternal,portfolio,input/synthetic/synthetic_55.txt,synthetic,1,65074,
ok,BestExternal,portfolio,input/synthetic/synthetic_56.txt,synthetic,1,956107,
ok,BestExternal,portfolio,input/synthetic/synthetic_57.txt,synthetic,1,81047,
ok,BestExternal,portfolio,input/synthetic/synthetic_58.txt,synthetic,1,33127,
ok,BestExternal,portfolio,input/synthetic/synthetic_59.txt,synthetic,1,104400,
ok,BestExternal,portfolio,input/synthetic/synthetic_6.txt,synthetic,1,82908,
ok,BestExternal,portfolio,input/synthetic/synthetic_60.txt,synthetic,1,18534710,
ok,BestExternal,portfolio,input/synthetic/synthetic_61.txt,synthetic,1,128454,
ok,BestExternal,portfolio,input/synthetic/synthetic_62.txt,synthetic,1,205966,
ok,BestExternal,portfolio,input/synthetic/synthetic_63.txt,synthetic,1,18819786,
ok,BestExternal,portfolio,input/synthetic/synthetic_64.txt,synthetic,1,94393,
ok,BestExternal,portfolio,input/synthetic/synthetic_65.txt,synthetic,1,132057,
ok,BestExternal,portfolio,input/synthetic/synthetic_66.txt,synthetic,1,5473484,
ok,BestExternal,portfolio,input/synthetic/synthetic_67.txt,synthetic,1,6640917,
ok,BestExternal,portfolio,input/synthetic/synthetic_68.txt,synthetic,1,268333,
ok,BestExternal,portfolio,input/synthetic/synthetic_69.txt,synthetic,1,79479,
ok,BestExternal,portfolio,input/synthetic/synthetic_7.txt,synthetic,1,13731305,
ok,BestExternal,portfolio,input/synthetic/synthetic_70.txt,synthetic,1,249881,
ok,BestExternal,portfolio,input/synthetic/synthetic_71.txt,synthetic,1,95460,
ok,BestExternal,portfolio,input/synthetic/synthetic_72.txt,synthetic,1,104862,
ok,BestExternal,portfolio,input/synthetic/synthetic_73.txt,synthetic,1,207169,
ok,BestExternal,portfolio,input/synthetic/synthetic_74.txt,synthetic,1,60018,
ok,BestExternal,portfolio,input/synthetic/synthetic_75.txt,synthetic,1,140755,
ok,BestExternal,portfolio,input/synthetic/synthetic_76.txt,synthetic,1,223621,
ok,BestExternal,portfolio,input/synthetic/synthetic_77.txt,synthetic,1,10033866,
ok,BestExternal,portfolio,input/synthetic/synthetic_78.txt,synthetic,1,1164768,
ok,BestExternal,portfolio,input/synthetic/synthetic_79.txt,synthetic,1,93566,
ok,BestExternal,portfolio,input/synthetic/synthetic_8.txt,synthetic,1,213202,
ok,BestExternal,portfolio,input/synthetic/synthetic_80.txt,synthetic,1,137454,
ok,BestExternal,portfolio,input/synthetic/synthetic_81.txt,synthetic,1,211648,
ok,BestExternal,portfolio,input/synthetic/synthetic_82.txt,synthetic,1,93157,
ok,BestExternal,portfolio,input/synthetic/synthetic_83.txt,synthetic,1,21618653,
ok,BestExternal,portfolio,input/synthetic/synthetic_84.txt,synthetic,1,79217,
ok,BestExternal,portfolio,input/synthetic/synthetic_85.txt,synthetic,1,2597661,
ok,BestExternal,portfolio,input/synthetic/synthetic_86.txt,synthetic,1,1869245,
ok,BestExternal,portfolio,input/synthetic/synthetic_87.txt,synthetic,1,2938191,
ok,BestExternal,portfolio,input/synthetic/synthetic_88.txt,synthetic,1,115353,
ok,BestExternal,portfolio,input/synthetic/synthetic_89.txt,synthetic,1,9015,
ok,BestExternal,portfolio,input/synthetic/synthetic_9.txt,synthetic,1,1850056,
ok,BestExternal,portfolio,input/synthetic/synthetic_90.txt,synthetic,1,177823,
ok,BestExternal,portfolio,input/synthetic/synthetic_91.txt,synthetic,1,2329345,
ok,BestExternal,portfolio,input/synthetic/synthetic_92.txt,synthetic,1,113425,
ok,BestExternal,portfolio,input/synthetic/synthetic_93.txt,synthetic,1,103408,
ok,BestExternal,portfolio,input/synthetic/synthetic_94.txt,synthetic,1,2830701,
ok,BestExternal,portfolio,input/synthetic/synthetic_95.txt,synthetic,1,171405,
ok,BestExternal,portfolio,input/synthetic/synthetic_96.txt,synthetic,1,366595,
ok,BestExternal,portfolio,input/synthetic/synthetic_97.txt,synthetic,1,46694254,
ok,BestExternal,portfolio,input/synthetic/synthetic_98.txt,synthetic,1,213869,
ok,BestExternal,portfolio,input/synthetic/synthetic_99.txt,synthetic,1,144539,
