status,algorithm,run_label,variant,component,omitted_operator,instance,dataset,seed,param_set,total_budget_s,time_limit_s,init_max_time_s,initial_score,final_score,upper_bound,gap_to_bound_pct,improvement_pct,elapsed_s,output_path,log_csv,operator_stats_csv,git_commit,git_dirty,python_version,platform,error
ok,ILS_iRace,weak_sorted_init,weak_sorted_init,variant_ablation,,input/synthetic/synthetic_5.txt,synthetic,23,irace_final,720.000000,600.000000,120.000000,28639,28639,28639,0.000000,0.000000,603.601790,output/weak_sorted_init/ILS_iRace/weak_sorted_init/seed_023/input/synthetic/synthetic_5.txt,,,9ea0e7a5f98a8ece5c8f0f2ac53db4f323a53fed,true,3.11.2,Linux-6.1.0-49-cloud-amd64-x86_64-with-glibc2.36,
ok,ILS_iRace,weak_sorted_init,weak_sorted_init,variant_ablation,,input/synthetic/synthetic_5.txt,synthetic,34,irace_final,720.000000,600.000000,120.000000,28639,28639,28639,0.000000,0.000000,603.618255,output/weak_sorted_init/ILS_iRace/weak_sorted_init/seed_034/input/synthetic/synthetic_5.txt,,,9ea0e7a5f98a8ece5c8f0f2ac53db4f323a53fed,true,3.11.2,Linux-6.1.0-49-cloud-amd64-x86_64-with-glibc2.36,
ok,ILS_iRace,weak_sorted_init,weak_sorted_init,variant_ablation,,input/synthetic/synthetic_5.txt,synthetic,1,irace_final,720.000000,600.000000,120.000000,28639,28639,28639,0.000000,0.000000,603.622394,output/weak_sorted_init/ILS_iRace/weak_sorted_init/seed_001/input/synthetic/synthetic_5.txt,,,9ea0e7a5f98a8ece5c8f0f2ac53db4f323a53fed,true,3.11.2,Linux-6.1.0-49-cloud-amd64-x86_64-with-glibc2.36,
ok,ILS_iRace,weak_sorted_init,weak_sorted_init,variant_ablation,,input/synthetic/synthetic_5.txt,synthetic,12,irace_final,720.000000,600.000000,120.000000,28639,28639,28639,0.000000,0.000000,603.786100,output/weak_sorted_init/ILS_iRace/weak_sorted_init/seed_012/input/synthetic/synthetic_5.txt,,,9ea0e7a5f98a8ece5c8f0f2ac53db4f323a53fed,true,3.11.2,Linux-6.1.0-49-cloud-amd64-x86_64-with-glibc2.36,
ok,ILS_iRace,weak_sorted_init,weak_sorted_init,variant_ablation,,input/synthetic/synthetic_5.txt,synthetic,45,irace_final,720.000000,600.000000,120.000000,28639,28639,28639,0.000000,0.000000,602.158654,output/weak_sorted_init/ILS_iRace/weak_sorted_init/seed_045/input/synthetic/synthetic_5.txt,,,9ea0e7a5f98a8ece5c8f0f2ac53db4f323a53fed,true,3.11.2,Linux-6.1.0-49-cloud-amd64-x86_64-with-glibc2.36,
ok,ILS_iRace,weak_sorted_init,weak_sorted_init,variant_ablation,,input/synthetic/synthetic_5.txt,synthetic,67,irace_final,720.000000,600.000000,120.000000,28639,28639,28639,0.000000,0.000000,602.174343,output/weak_sorted_init/ILS_iRace/weak_sorted_init/seed_067/input/synthetic/synthetic_5.txt,,,9ea0e7a5f98a8ece5c8f0f2ac53db4f323a53fed,true,3.11.2,Linux-6.1.0-49-cloud-amd64-x86_64-with-glibc2.36,
ok,ILS_iRace,weak_sorted_init,weak_sorted_init,variant_ablation,,input/synthetic/synthetic_5.txt,synthetic,56,irace_final,720.000000,600.000000,120.000000,28639,28639,28639,0.000000,0.000000,602.185037,output/weak_sorted_init/ILS_iRace/weak_sorted_init/seed_056/input/synthetic/synthetic_5.txt,,,9ea0e7a5f98a8ece5c8f0f2ac53db4f323a53fed,true,3.11.2,Linux-6.1.0-49-cloud-amd64-x86_64-with-glibc2.36,
ok,ILS_iRace,weak_sorted_init,weak_sorted_init,variant_ablation,,input/synthetic/synthetic_5.txt,synthetic,78,irace_final,720.000000,600.000000,120.000000,28639,28639,28639,0.000000,0.000000,602.658519,output/weak_sorted_init/ILS_iRace/weak_sorted_init/seed_078/input/synthetic/synthetic_5.txt,,,9ea0e7a5f98a8ece5c8f0f2ac53db4f323a53fed,true,3.11.2,Linux-6.1.0-49-cloud-amd64-x86_64-with-glibc2.36,
ok,ILS_iRace,weak_sorted_init,weak_sorted_init,variant_ablation,,input/synthetic/synthetic_5.txt,synthetic,89,irace_final,720.000000,600.000000,120.000000,28639,28639,28639,0.000000,0.000000,602.905245,output/weak_sorted_init/ILS_iRace/weak_sorted_init/seed_089/input/synthetic/synthetic_5.txt,,,9ea0e7a5f98a8ece5c8f0f2ac53db4f323a53fed,true,3.11.2,Linux-6.1.0-49-cloud-amd64-x86_64-with-glibc2.36,
ok,ILS_iRace,weak_sorted_init,weak_sorted_init,variant_ablation,,input/synthetic/synthetic_5.txt,synthetic,100,irace_final,720.000000,600.000000,120.000000,28639,28639,28639,0.000000,0.000000,603.039411,output/weak_sorted_init/ILS_iRace/weak_sorted_init/seed_100/input/synthetic/synthetic_5.txt,,,9ea0e7a5f98a8ece5c8f0f2ac53db4f323a53fed,true,3.11.2,Linux-6.1.0-49-cloud-amd64-x86_64-with-glibc2.36,
ok,ILS_iRace,weak_sorted_init,weak_sorted_init,variant_ablation,,input/synthetic/synthetic_10.txt,synthetic,1,irace_final,720.000000,600.000000,120.000000,17463,17463,51834,66.309758,0.000000,604.374507,output/weak_sorted_init/ILS_iRace/weak_sorted_init/seed_001/input/synthetic/synthetic_10.txt,,,9ea0e7a5f98a8ece5c8f0f2ac53db4f323a53fed,true,3.11.2,Linux-6.1.0-49-cloud-amd64-x86_64-with-glibc2.36,
ok,ILS_iRace,weak_sorted_init,weak_sorted_init,variant_ablation,,input/synthetic/synthetic_10.txt,synthetic,12,irace_final,720.000000,600.000000,120.000000,17463,17463,51834,66.309758,0.000000,604.215880,output/weak_sorted_init/ILS_iRace/weak_sorted_init/seed_012/input/synthetic/synthetic_10.txt,,,9ea0e7a5f98a8ece5c8f0f2ac53db4f323a53fed,true,3.11.2,Linux-6.1.0-49-cloud-amd64-x86_64-with-glibc2.36,
ok,ILS_iRace,weak_sorted_init,weak_sorted_init,variant_ablation,,input/synthetic/synthetic_10.txt,synthetic,23,irace_final,720.000000,600.000000,120.000000,17463,17463,51834,66.309758,0.000000,604.125009,output/weak_sorted_init/ILS_iRace/weak_sorted_init/seed_023/input/synthetic/synthetic_10.txt,,,9ea0e7a5f98a8ece5c8f0f2ac53db4f323a53fed,true,3.11.2,Linux-6.1.0-49-cloud-amd64-x86_64-with-glibc2.36,
ok,ILS_iRace,weak_sorted_init,weak_sorted_init,variant_ablation,,input/synthetic/synthetic_10.txt,synthetic,34,irace_final,720.000000,600.000000,120.000000,17463,17463,51834,66.309758,0.000000,604.048887,output/weak_sorted_init/ILS_iRace/weak_sorted_init/seed_034/input/synthetic/synthetic_10.txt,,,9ea0e7a5f98a8ece5c8f0f2ac53db4f323a53fed,true,3.11.2,Linux-6.1.0-49-cloud-amd64-x86_64-with-glibc2.36,
ok,ILS_iRace,weak_sorted_init,weak_sorted_init,variant_ablation,,input/synthetic/synthetic_10.txt,synthetic,45,irace_final,720.000000,600.000000,120.000000,17463,17463,51834,66.309758,0.000000,604.166786,output/weak_sorted_init/ILS_iRace/weak_sorted_init/seed_045/input/synthetic/synthetic_10.txt,,,9ea0e7a5f98a8ece5c8f0f2ac53db4f323a53fed,true,3.11.2,Linux-6.1.0-49-cloud-amd64-x86_64-with-glibc2.36,
ok,ILS_iRace,weak_sorted_init,weak_sorted_init,variant_ablation,,input/synthetic/synthetic_10.txt,synthetic,56,irace_final,720.000000,600.000000,120.000000,17463,17463,51834,66.309758,0.000000,604.347047,output/weak_sorted_init/ILS_iRace/weak_sorted_init/seed_056/input/synthetic/synthetic_10.txt,,,9ea0e7a5f98a8ece5c8f0f2ac53db4f323a53fed,true,3.11.2,Linux-6.1.0-49-cloud-amd64-x86_64-with-glibc2.36,
ok,ILS_iRace,weak_sorted_init,weak_sorted_init,variant_ablation,,input/synthetic/synthetic_10.txt,synthetic,67,irace_final,720.000000,600.000000,120.000000,17463,17463,51834,66.309758,0.000000,604.128756,output/weak_sorted_init/ILS_iRace/weak_sorted_init/seed_067/input/synthetic/synthetic_10.txt,,,9ea0e7a5f98a8ece5c8f0f2ac53db4f323a53fed,true,3.11.2,Linux-6.1.0-49-cloud-amd64-x86_64-with-glibc2.36,
ok,ILS_iRace,weak_sorted_init,weak_sorted_init,variant_ablation,,input/synthetic/synthetic_10.txt,synthetic,78,irace_final,720.000000,600.000000,120.000000,17463,17463,51834,66.309758,0.000000,604.194890,output/weak_sorted_init/ILS_iRace/weak_sorted_init/seed_078/input/synthetic/synthetic_10.txt,,,9ea0e7a5f98a8ece5c8f0f2ac53db4f323a53fed,true,3.11.2,Linux-6.1.0-49-cloud-amd64-x86_64-with-glibc2.36,
ok,ILS_iRace,weak_sorted_init,weak_sorted_init,variant_ablation,,input/synthetic/synthetic_10.txt,synthetic,89,irace_final,720.000000,600.000000,120.000000,17463,17463,51834,66.309758,0.000000,603.920198,output/weak_sorted_init/ILS_iRace/weak_sorted_init/seed_089/input/synthetic/synthetic_10.txt,,,9ea0e7a5f98a8ece5c8f0f2ac53db4f323a53fed,true,3.11.2,Linux-6.1.0-49-cloud-amd64-x86_64-with-glibc2.36,
ok,ILS_iRace,weak_sorted_init,weak_sorted_init,variant_ablation,,input/synthetic/synthetic_10.txt,synthetic,100,irace_final,720.000000,600.000000,120.000000,17463,17463,51834,66.309758,0.000000,604.084745,output/weak_sorted_init/ILS_iRace/weak_sorted_init/seed_100/input/synthetic/synthetic_10.txt,,,9ea0e7a5f98a8ece5c8f0f2ac53db4f323a53fed,true,3.11.2,Linux-6.1.0-49-cloud-amd64-x86_64-with-glibc2.36,
ok,ILS_iRace,weak_sorted_init,weak_sorted_init,variant_ablation,,input/synthetic/synthetic_15.txt,synthetic,1,irace_final,720.000000,600.000000,120.000000,49747,49747,49747,0.000000,0.000000,600.013592,output/weak_sorted_init/ILS_iRace/weak_sorted_init/seed_001/input/synthetic/synthetic_15.txt,,,9ea0e7a5f98a8ece5c8f0f2ac53db4f323a53fed,true,3.11.2,Linux-6.1.0-49-cloud-amd64-x86_64-with-glibc2.36,
ok,ILS_iRace,weak_sorted_init,weak_sorted_init,variant_ablation,,input/synthetic/synthetic_15.txt,synthetic,12,irace_final,720.000000,600.000000,120.000000,49747,49747,49747,0.000000,0.000000,600.013799,output/weak_sorted_init/ILS_iRace/weak_sorted_init/seed_012/input/synthetic/synthetic_15.txt,,,9ea0e7a5f98a8ece5c8f0f2ac53db4f323a53fed,true,3.11.2,Linux-6.1.0-49-cloud-amd64-x86_64-with-glibc2.36,
ok,ILS_iRace,weak_sorted_init,weak_sorted_init,variant_ablation,,input/synthetic/synthetic_15.txt,synthetic,23,irace_final,720.000000,600.000000,120.000000,49747,49747,49747,0.000000,0.000000,600.013124,output/weak_sorted_init/ILS_iRace/weak_sorted_init/seed_023/input/synthetic/synthetic_15.txt,,,9ea0e7a5f98a8ece5c8f0f2ac53db4f323a53fed,true,3.11.2,Linux-6.1.0-49-cloud-amd64-x86_64-with-glibc2.36,
ok,ILS_iRace,weak_sorted_init,weak_sorted_init,variant_ablation,,input/synthetic/synthetic_15.txt,synthetic,34,irace_final,720.000000,600.000000,120.000000,49747,49747,49747,0.000000,0.000000,600.013676,output/weak_sorted_init/ILS_iRace/weak_sorted_init/seed_034/input/synthetic/synthetic_15.txt,,,9ea0e7a5f98a8ece5c8f0f2ac53db4f323a53fed,true,3.11.2,Linux-6.1.0-49-cloud-amd64-x86_64-with-glibc2.36,
ok,ILS_iRace,weak_sorted_init,weak_sorted_init,variant_ablation,,input/synthetic/synthetic_15.txt,synthetic,45,irace_final,720.000000,600.000000,120.000000,49747,49747,49747,0.000000,0.000000,600.014682,output/weak_sorted_init/ILS_iRace/weak_sorted_init/seed_045/input/synthetic/synthetic_15.txt,,,9ea0e7a5f98a8ece5c8f0f2ac53db4f323a53fed,true,3.11.2,Linux-6.1.0-49-cloud-amd64-x86_64-with-glibc2.36,
ok,ILS_iRace,weak_sorted_init,weak_sorted_init,variant_ablation,,input/synthetic/synthetic_15.txt,synthetic,56,irace_final,720.000000,600.000000,120.000000,49747,49747,49747,0.000000,0.000000,600.013673,output/weak_sorted_init/ILS_iRace/weak_sorted_init/seed_056/input/synthetic/synthetic_15.txt,,,9ea0e7a5f98a8ece5c8f0f2ac53db4f323a53fed,true,3.11.2,Linux-6.1.0-49-cloud-amd64-x86_64-with-glibc2.36,
ok,ILS_iRace,weak_sorted_init,weak_sorted_init,variant_ablation,,input/synthetic/synthetic_15.txt,synthetic,67,irace_final,720.000000,600.000000,120.000000,49747,49747,49747,0.000000,0.000000,600.013771,output/weak_sorted_init/ILS_iRace/weak_sorted_init/seed_067/input/synthetic/synthetic_15.txt,,,9ea0e7a5f98a8ece5c8f0f2ac53db4f323a53fed,true,3.11.2,Linux-6.1.0-49-cloud-amd64-x86_64-with-glibc2.36,
ok,ILS_iRace,weak_sorted_init,weak_sorted_init,variant_ablation,,input/synthetic/synthetic_15.txt,synthetic,78,irace_final,720.000000,600.000000,120.000000,49747,49747,49747,0.000000,0.000000,600.013218,output/weak_sorted_init/ILS_iRace/weak_sorted_init/seed_078/input/synthetic/synthetic_15.txt,,,9ea0e7a5f98a8ece5c8f0f2ac53db4f323a53fed,true,3.11.2,Linux-6.1.0-49-cloud-amd64-x86_64-with-glibc2.36,
ok,ILS_iRace,weak_sorted_init,weak_sorted_init,variant_ablation,,input/synthetic/synthetic_15.txt,synthetic,89,irace_final,720.000000,600.000000,120.000000,49747,49747,49747,0.000000,0.000000,600.013300,output/weak_sorted_init/ILS_iRace/weak_sorted_init/seed_089/input/synthetic/synthetic_15.txt,,,9ea0e7a5f98a8ece5c8f0f2ac53db4f323a53fed,true,3.11.2,Linux-6.1.0-49-cloud-amd64-x86_64-with-glibc2.36,
ok,ILS_iRace,weak_sorted_init,weak_sorted_init,variant_ablation,,input/synthetic/synthetic_15.txt,synthetic,100,irace_final,720.000000,600.000000,120.000000,49747,49747,49747,0.000000,0.000000,600.012170,output/weak_sorted_init/ILS_iRace/weak_sorted_init/seed_100/input/synthetic/synthetic_15.txt,,,9ea0e7a5f98a8ece5c8f0f2ac53db4f323a53fed,true,3.11.2,Linux-6.1.0-49-cloud-amd64-x86_64-with-glibc2.36,
ok,ILS_iRace,weak_sorted_init,weak_sorted_init,variant_ablation,,input/synthetic/synthetic_20.txt,synthetic,1,irace_final,720.000000,600.000000,120.000000,28970514,29621656,31034336,4.551990,2.247603,602.698149,output/weak_sorted_init/ILS_iRace/weak_sorted_init/seed_001/input/synthetic/synthetic_20.txt,,,9ea0e7a5f98a8ece5c8f0f2ac53db4f323a53fed,true,3.11.2,Linux-6.1.0-49-cloud-amd64-x86_64-with-glibc2.36,
ok,ILS_iRace,weak_sorted_init,weak_sorted_init,variant_ablation,,input/synthetic/synthetic_20.txt,synthetic,12,irace_final,720.000000,600.000000,120.000000,28970514,29668252,31034336,4.401847,2.408442,602.565498,output/weak_sorted_init/ILS_iRace/weak_sorted_init/seed_012/input/synthetic/synthetic_20.txt,,,9ea0e7a5f98a8ece5c8f0f2ac53db4f323a53fed,true,3.11.2,Linux-6.1.0-49-cloud-amd64-x86_64-with-glibc2.36,
ok,ILS_iRace,weak_sorted_init,weak_sorted_init,variant_ablation,,input/synthetic/synthetic_20.txt,synthetic,23,irace_final,720.000000,600.000000,120.000000,28970514,29618224,31034336,4.563049,2.235756,602.767674,output/weak_sorted_init/ILS_iRace/weak_sorted_init/seed_023/input/synthetic/synthetic_20.txt,,,9ea0e7a5f98a8ece5c8f0f2ac53db4f323a53fed,true,3.11.2,Linux-6.1.0-49-cloud-amd64-x86_64-with-glibc2.36,
ok,ILS_iRace,weak_sorted_init,weak_sorted_init,variant_ablation,,input/synthetic/synthetic_20.txt,synthetic,34,irace_final,720.000000,600.000000,120.000000,28970514,29573853,31034336,4.706023,2.082597,602.831463,output/weak_sorted_init/ILS_iRace/weak_sorted_init/seed_034/input/synthetic/synthetic_20.txt,,,9ea0e7a5f98a8ece5c8f0f2ac53db4f323a53fed,true,3.11.2,Linux-6.1.0-49-cloud-amd64-x86_64-with-glibc2.36,
ok,ILS_iRace,weak_sorted_init,weak_sorted_init,variant_ablation,,input/synthetic/synthetic_20.txt,synthetic,45,irace_final,720.000000,600.000000,120.000000,28970514,29609807,31034336,4.590171,2.206702,603.129387,output/weak_sorted_init/ILS_iRace/weak_sorted_init/seed_045/input/synthetic/synthetic_20.txt,,,9ea0e7a5f98a8ece5c8f0f2ac53db4f323a53fed,true,3.11.2,Linux-6.1.0-49-cloud-amd64-x86_64-with-glibc2.36,
ok,ILS_iRace,weak_sorted_init,weak_sorted_init,variant_ablation,,input/synthetic/synthetic_20.txt,synthetic,56,irace_final,720.000000,600.000000,120.000000,28970514,29597557,31034336,4.629643,2.164418,602.857848,output/weak_sorted_init/ILS_iRace/weak_sorted_init/seed_056/input/synthetic/synthetic_20.txt,,,9ea0e7a5f98a8ece5c8f0f2ac53db4f323a53fed,true,3.11.2,Linux-6.1.0-49-cloud-amd64-x86_64-with-glibc2.36,
ok,ILS_iRace,weak_sorted_init,weak_sorted_init,variant_ablation,,input/synthetic/synthetic_20.txt,synthetic,67,irace_final,720.000000,600.000000,120.000000,28970514,29632486,31034336,4.517094,2.284985,602.550473,output/weak_sorted_init/ILS_iRace/weak_sorted_init/seed_067/input/synthetic/synthetic_20.txt,,,9ea0e7a5f98a8ece5c8f0f2ac53db4f323a53fed,true,3.11.2,Linux-6.1.0-49-cloud-amd64-x86_64-with-glibc2.36,
ok,ILS_iRace,weak_sorted_init,weak_sorted_init,variant_ablation,,input/synthetic/synthetic_20.txt,synthetic,78,irace_final,720.000000,600.000000,120.000000,28970514,29616114,31034336,4.569848,2.228473,603.031965,output/weak_sorted_init/ILS_iRace/weak_sorted_init/seed_078/input/synthetic/synthetic_20.txt,,,9ea0e7a5f98a8ece5c8f0f2ac53db4f323a53fed,true,3.11.2,Linux-6.1.0-49-cloud-amd64-x86_64-with-glibc2.36,
ok,ILS_iRace,weak_sorted_init,weak_sorted_init,variant_ablation,,input/synthetic/synthetic_20.txt,synthetic,89,irace_final,720.000000,600.000000,120.000000,28970514,29588384,31034336,4.659201,2.132755,603.118591,output/weak_sorted_init/ILS_iRace/weak_sorted_init/seed_089/input/synthetic/synthetic_20.txt,,,9ea0e7a5f98a8ece5c8f0f2ac53db4f323a53fed,true,3.11.2,Linux-6.1.0-49-cloud-amd64-x86_64-with-glibc2.36,
ok,ILS_iRace,weak_sorted_init,weak_sorted_init,variant_ablation,,input/synthetic/synthetic_20.txt,synthetic,100,irace_final,720.000000,600.000000,120.000000,28970514,29616358,31034336,4.569062,2.229315,603.020891,output/weak_sorted_init/ILS_iRace/weak_sorted_init/seed_100/input/synthetic/synthetic_20.txt,,,9ea0e7a5f98a8ece5c8f0f2ac53db4f323a53fed,true,3.11.2,Linux-6.1.0-49-cloud-amd64-x86_64-with-glibc2.36,
ok,ILS_iRace,weak_sorted_init,weak_sorted_init,variant_ablation,,input/synthetic/synthetic_25.txt,synthetic,1,irace_final,720.000000,600.000000,120.000000,244295,244295,244295,0.000000,0.000000,602.832632,output/weak_sorted_init/ILS_iRace/weak_sorted_init/seed_001/input/synthetic/synthetic_25.txt,,,9ea0e7a5f98a8ece5c8f0f2ac53db4f323a53fed,true,3.11.2,Linux-6.1.0-49-cloud-amd64-x86_64-with-glibc2.36,
ok,ILS_iRace,weak_sorted_init,weak_sorted_init,variant_ablation,,input/synthetic/synthetic_25.txt,synthetic,12,irace_final,720.000000,600.000000,120.000000,244295,244295,244295,0.000000,0.000000,603.822583,output/weak_sorted_init/ILS_iRace/weak_sorted_init/seed_012/input/synthetic/synthetic_25.txt,,,9ea0e7a5f98a8ece5c8f0f2ac53db4f323a53fed,true,3.11.2,Linux-6.1.0-49-cloud-amd64-x86_64-with-glibc2.36,
ok,ILS_iRace,weak_sorted_init,weak_sorted_init,variant_ablation,,input/synthetic/synthetic_25.txt,synthetic,34,irace_final,720.000000,600.000000,120.000000,244295,244295,244295,0.000000,0.000000,603.963903,output/weak_sorted_init/ILS_iRace/weak_sorted_init/seed_034/input/synthetic/synthetic_25.txt,,,9ea0e7a5f98a8ece5c8f0f2ac53db4f323a53fed,true,3.11.2,Linux-6.1.0-49-cloud-amd64-x86_64-with-glibc2.36,
ok,ILS_iRace,weak_sorted_init,weak_sorted_init,variant_ablation,,input/synthetic/synthetic_25.txt,synthetic,23,irace_final,720.000000,600.000000,120.000000,244295,244295,244295,0.000000,0.000000,604.944204,output/weak_sorted_init/ILS_iRace/weak_sorted_init/seed_023/input/synthetic/synthetic_25.txt,,,9ea0e7a5f98a8ece5c8f0f2ac53db4f323a53fed,true,3.11.2,Linux-6.1.0-49-cloud-amd64-x86_64-with-glibc2.36,
ok,ILS_iRace,weak_sorted_init,weak_sorted_init,variant_ablation,,input/synthetic/synthetic_25.txt,synthetic,45,irace_final,720.000000,600.000000,120.000000,244295,244295,244295,0.000000,0.000000,603.785935,output/weak_sorted_init/ILS_iRace/weak_sorted_init/seed_045/input/synthetic/synthetic_25.txt,,,9ea0e7a5f98a8ece5c8f0f2ac53db4f323a53fed,true,3.11.2,Linux-6.1.0-49-cloud-amd64-x86_64-with-glibc2.36,
ok,ILS_iRace,weak_sorted_init,weak_sorted_init,variant_ablation,,input/synthetic/synthetic_25.txt,synthetic,56,irace_final,720.000000,600.000000,120.000000,244295,244295,244295,0.000000,0.000000,603.800240,output/weak_sorted_init/ILS_iRace/weak_sorted_init/seed_056/input/synthetic/synthetic_25.txt,,,9ea0e7a5f98a8ece5c8f0f2ac53db4f323a53fed,true,3.11.2,Linux-6.1.0-49-cloud-amd64-x86_64-with-glibc2.36,
ok,ILS_iRace,weak_sorted_init,weak_sorted_init,variant_ablation,,input/synthetic/synthetic_25.txt,synthetic,67,irace_final,720.000000,600.000000,120.000000,244295,244295,244295,0.000000,0.000000,603.934399,output/weak_sorted_init/ILS_iRace/weak_sorted_init/seed_067/input/synthetic/synthetic_25.txt,,,9ea0e7a5f98a8ece5c8f0f2ac53db4f323a53fed,true,3.11.2,Linux-6.1.0-49-cloud-amd64-x86_64-with-glibc2.36,
ok,ILS_iRace,weak_sorted_init,weak_sorted_init,variant_ablation,,input/synthetic/synthetic_25.txt,synthetic,78,irace_final,720.000000,600.000000,120.000000,244295,244295,244295,0.000000,0.000000,603.807296,output/weak_sorted_init/ILS_iRace/weak_sorted_init/seed_078/input/synthetic/synthetic_25.txt,,,9ea0e7a5f98a8ece5c8f0f2ac53db4f323a53fed,true,3.11.2,Linux-6.1.0-49-cloud-amd64-x86_64-with-glibc2.36,
ok,ILS_iRace,weak_sorted_init,weak_sorted_init,variant_ablation,,input/synthetic/synthetic_25.txt,synthetic,89,irace_final,720.000000,600.000000,120.000000,244295,244295,244295,0.000000,0.000000,603.895244,output/weak_sorted_init/ILS_iRace/weak_sorted_init/seed_089/input/synthetic/synthetic_25.txt,,,9ea0e7a5f98a8ece5c8f0f2ac53db4f323a53fed,true,3.11.2,Linux-6.1.0-49-cloud-amd64-x86_64-with-glibc2.36,
ok,ILS_iRace,weak_sorted_init,weak_sorted_init,variant_ablation,,input/synthetic/synthetic_25.txt,synthetic,100,irace_final,720.000000,600.000000,120.000000,244295,244295,244295,0.000000,0.000000,603.806241,output/weak_sorted_init/ILS_iRace/weak_sorted_init/seed_100/input/synthetic/synthetic_25.txt,,,9ea0e7a5f98a8ece5c8f0f2ac53db4f323a53fed,true,3.11.2,Linux-6.1.0-49-cloud-amd64-x86_64-with-glibc2.36,
ok,ILS_iRace,weak_sorted_init,weak_sorted_init,variant_ablation,,input/synthetic/synthetic_30.txt,synthetic,1,irace_final,720.000000,600.000000,120.000000,2282117,2282117,2282117,0.000000,0.000000,600.023415,output/weak_sorted_init/ILS_iRace/weak_sorted_init/seed_001/input/synthetic/synthetic_30.txt,,,9ea0e7a5f98a8ece5c8f0f2ac53db4f323a53fed,true,3.11.2,Linux-6.1.0-49-cloud-amd64-x86_64-with-glibc2.36,
ok,ILS_iRace,weak_sorted_init,weak_sorted_init,variant_ablation,,input/synthetic/synthetic_30.txt,synthetic,12,irace_final,720.000000,600.000000,120.000000,2282117,2282117,2282117,0.000000,0.000000,600.019494,output/weak_sorted_init/ILS_iRace/weak_sorted_init/seed_012/input/synthetic/synthetic_30.txt,,,9ea0e7a5f98a8ece5c8f0f2ac53db4f323a53fed,true,3.11.2,Linux-6.1.0-49-cloud-amd64-x86_64-with-glibc2.36,
ok,ILS_iRace,weak_sorted_init,weak_sorted_init,variant_ablation,,input/synthetic/synthetic_30.txt,synthetic,23,irace_final,720.000000,600.000000,120.000000,2282117,2282117,2282117,0.000000,0.000000,600.024094,output/weak_sorted_init/ILS_iRace/weak_sorted_init/seed_023/input/synthetic/synthetic_30.txt,,,9ea0e7a5f98a8ece5c8f0f2ac53db4f323a53fed,true,3.11.2,Linux-6.1.0-49-cloud-amd64-x86_64-with-glibc2.36,
ok,ILS_iRace,weak_sorted_init,weak_sorted_init,variant_ablation,,input/synthetic/synthetic_30.txt,synthetic,34,irace_final,720.000000,600.000000,120.000000,2282117,2282117,2282117,0.000000,0.000000,600.023315,output/weak_sorted_init/ILS_iRace/weak_sorted_init/seed_034/input/synthetic/synthetic_30.txt,,,9ea0e7a5f98a8ece5c8f0f2ac53db4f323a53fed,true,3.11.2,Linux-6.1.0-49-cloud-amd64-x86_64-with-glibc2.36,
ok,ILS_iRace,weak_sorted_init,weak_sorted_init,variant_ablation,,input/synthetic/synthetic_30.txt,synthetic,45,irace_final,720.000000,600.000000,120.000000,2282117,2282117,2282117,0.000000,0.000000,600.023294,output/weak_sorted_init/ILS_iRace/weak_sorted_init/seed_045/input/synthetic/synthetic_30.txt,,,9ea0e7a5f98a8ece5c8f0f2ac53db4f323a53fed,true,3.11.2,Linux-6.1.0-49-cloud-amd64-x86_64-with-glibc2.36,
ok,ILS_iRace,weak_sorted_init,weak_sorted_init,variant_ablation,,input/synthetic/synthetic_30.txt,synthetic,56,irace_final,720.000000,600.000000,120.000000,2282117,2282117,2282117,0.000000,0.000000,600.013409,output/weak_sorted_init/ILS_iRace/weak_sorted_init/seed_056/input/synthetic/synthetic_30.txt,,,9ea0e7a5f98a8ece5c8f0f2ac53db4f323a53fed,true,3.11.2,Linux-6.1.0-49-cloud-amd64-x86_64-with-glibc2.36,
ok,ILS_iRace,weak_sorted_init,weak_sorted_init,variant_ablation,,input/synthetic/synthetic_30.txt,synthetic,67,irace_final,720.000000,600.000000,120.000000,2282117,2282117,2282117,0.000000,0.000000,600.023015,output/weak_sorted_init/ILS_iRace/weak_sorted_init/seed_067/input/synthetic/synthetic_30.txt,,,9ea0e7a5f98a8ece5c8f0f2ac53db4f323a53fed,true,3.11.2,Linux-6.1.0-49-cloud-amd64-x86_64-with-glibc2.36,
ok,ILS_iRace,weak_sorted_init,weak_sorted_init,variant_ablation,,input/synthetic/synthetic_30.txt,synthetic,78,irace_final,720.000000,600.000000,120.000000,2282117,2282117,2282117,0.000000,0.000000,600.023235,output/weak_sorted_init/ILS_iRace/weak_sorted_init/seed_078/input/synthetic/synthetic_30.txt,,,9ea0e7a5f98a8ece5c8f0f2ac53db4f323a53fed,true,3.11.2,Linux-6.1.0-49-cloud-amd64-x86_64-with-glibc2.36,
ok,ILS_iRace,weak_sorted_init,weak_sorted_init,variant_ablation,,input/synthetic/synthetic_30.txt,synthetic,89,irace_final,720.000000,600.000000,120.000000,2282117,2282117,2282117,0.000000,0.000000,600.018670,output/weak_sorted_init/ILS_iRace/weak_sorted_init/seed_089/input/synthetic/synthetic_30.txt,,,9ea0e7a5f98a8ece5c8f0f2ac53db4f323a53fed,true,3.11.2,Linux-6.1.0-49-cloud-amd64-x86_64-with-glibc2.36,
ok,ILS_iRace,weak_sorted_init,weak_sorted_init,variant_ablation,,input/synthetic/synthetic_30.txt,synthetic,100,irace_final,720.000000,600.000000,120.000000,2282117,2282117,2282117,0.000000,0.000000,600.018239,output/weak_sorted_init/ILS_iRace/weak_sorted_init/seed_100/input/synthetic/synthetic_30.txt,,,9ea0e7a5f98a8ece5c8f0f2ac53db4f323a53fed,true,3.11.2,Linux-6.1.0-49-cloud-amd64-x86_64-with-glibc2.36,
ok,ILS_iRace,weak_sorted_init,weak_sorted_init,variant_ablation,,input/synthetic/synthetic_35.txt,synthetic,1,irace_final,720.000000,600.000000,120.000000,163375,163375,163375,0.000000,0.000000,600.977680,output/weak_sorted_init/ILS_iRace/weak_sorted_init/seed_001/input/synthetic/synthetic_35.txt,,,9ea0e7a5f98a8ece5c8f0f2ac53db4f323a53fed,true,3.11.2,Linux-6.1.0-49-cloud-amd64-x86_64-with-glibc2.36,
ok,ILS_iRace,weak_sorted_init,weak_sorted_init,variant_ablation,,input/synthetic/synthetic_35.txt,synthetic,12,irace_final,720.000000,600.000000,120.000000,163375,163375,163375,0.000000,0.000000,601.060965,output/weak_sorted_init/ILS_iRace/weak_sorted_init/seed_012/input/synthetic/synthetic_35.txt,,,9ea0e7a5f98a8ece5c8f0f2ac53db4f323a53fed,true,3.11.2,Linux-6.1.0-49-cloud-amd64-x86_64-with-glibc2.36,
ok,ILS_iRace,weak_sorted_init,weak_sorted_init,variant_ablation,,input/synthetic/synthetic_35.txt,synthetic,23,irace_final,720.000000,600.000000,120.000000,163375,163375,163375,0.000000,0.000000,600.768210,output/weak_sorted_init/ILS_iRace/weak_sorted_init/seed_023/input/synthetic/synthetic_35.txt,,,9ea0e7a5f98a8ece5c8f0f2ac53db4f323a53fed,true,3.11.2,Linux-6.1.0-49-cloud-amd64-x86_64-with-glibc2.36,
ok,ILS_iRace,weak_sorted_init,weak_sorted_init,variant_ablation,,input/synthetic/synthetic_35.txt,synthetic,34,irace_final,720.000000,600.000000,120.000000,163375,163375,163375,0.000000,0.000000,601.075161,output/weak_sorted_init/ILS_iRace/weak_sorted_init/seed_034/input/synthetic/synthetic_35.txt,,,9ea0e7a5f98a8ece5c8f0f2ac53db4f323a53fed,true,3.11.2,Linux-6.1.0-49-cloud-amd64-x86_64-with-glibc2.36,
ok,ILS_iRace,weak_sorted_init,weak_sorted_init,variant_ablation,,input/synthetic/synthetic_35.txt,synthetic,45,irace_final,720.000000,600.000000,120.000000,163375,163375,163375,0.000000,0.000000,600.822376,output/weak_sorted_init/ILS_iRace/weak_sorted_init/seed_045/input/synthetic/synthetic_35.txt,,,9ea0e7a5f98a8ece5c8f0f2ac53db4f323a53fed,true,3.11.2,Linux-6.1.0-49-cloud-amd64-x86_64-with-glibc2.36,
ok,ILS_iRace,weak_sorted_init,weak_sorted_init,variant_ablation,,input/synthetic/synthetic_35.txt,synthetic,56,irace_final,720.000000,600.000000,120.000000,163375,163375,163375,0.000000,0.000000,601.206056,output/weak_sorted_init/ILS_iRace/weak_sorted_init/seed_056/input/synthetic/synthetic_35.txt,,,9ea0e7a5f98a8ece5c8f0f2ac53db4f323a53fed,true,3.11.2,Linux-6.1.0-49-cloud-amd64-x86_64-with-glibc2.36,
ok,ILS_iRace,weak_sorted_init,weak_sorted_init,variant_ablation,,input/synthetic/synthetic_35.txt,synthetic,67,irace_final,720.000000,600.000000,120.000000,163375,163375,163375,0.000000,0.000000,600.769702,output/weak_sorted_init/ILS_iRace/weak_sorted_init/seed_067/input/synthetic/synthetic_35.txt,,,9ea0e7a5f98a8ece5c8f0f2ac53db4f323a53fed,true,3.11.2,Linux-6.1.0-49-cloud-amd64-x86_64-with-glibc2.36,
ok,ILS_iRace,weak_sorted_init,weak_sorted_init,variant_ablation,,input/synthetic/synthetic_35.txt,synthetic,78,irace_final,720.000000,600.000000,120.000000,163375,163375,163375,0.000000,0.000000,601.009624,output/weak_sorted_init/ILS_iRace/weak_sorted_init/seed_078/input/synthetic/synthetic_35.txt,,,9ea0e7a5f98a8ece5c8f0f2ac53db4f323a53fed,true,3.11.2,Linux-6.1.0-49-cloud-amd64-x86_64-with-glibc2.36,
ok,ILS_iRace,weak_sorted_init,weak_sorted_init,variant_ablation,,input/synthetic/synthetic_35.txt,synthetic,89,irace_final,720.000000,600.000000,120.000000,163375,163375,163375,0.000000,0.000000,601.176940,output/weak_sorted_init/ILS_iRace/weak_sorted_init/seed_089/input/synthetic/synthetic_35.txt,,,9ea0e7a5f98a8ece5c8f0f2ac53db4f323a53fed,true,3.11.2,Linux-6.1.0-49-cloud-amd64-x86_64-with-glibc2.36,
ok,ILS_iRace,weak_sorted_init,weak_sorted_init,variant_ablation,,input/synthetic/synthetic_35.txt,synthetic,100,irace_final,720.000000,600.000000,120.000000,163375,163375,163375,0.000000,0.000000,601.108743,output/weak_sorted_init/ILS_iRace/weak_sorted_init/seed_100/input/synthetic/synthetic_35.txt,,,9ea0e7a5f98a8ece5c8f0f2ac53db4f323a53fed,true,3.11.2,Linux-6.1.0-49-cloud-amd64-x86_64-with-glibc2.36,
ok,ILS_iRace,weak_sorted_init,weak_sorted_init,variant_ablation,,input/synthetic/synthetic_40.txt,synthetic,1,irace_final,720.000000,600.000000,120.000000,225507,236992,236992,0.000000,5.092968,601.379066,output/weak_sorted_init/ILS_iRace/weak_sorted_init/seed_001/input/synthetic/synthetic_40.txt,,,9ea0e7a5f98a8ece5c8f0f2ac53db4f323a53fed,true,3.11.2,Linux-6.1.0-49-cloud-amd64-x86_64-with-glibc2.36,
ok,ILS_iRace,weak_sorted_init,weak_sorted_init,variant_ablation,,input/synthetic/synthetic_40.txt,synthetic,12,irace_final,720.000000,600.000000,120.000000,225507,236992,236992,0.000000,5.092968,601.054139,output/weak_sorted_init/ILS_iRace/weak_sorted_init/seed_012/input/synthetic/synthetic_40.txt,,,9ea0e7a5f98a8ece5c8f0f2ac53db4f323a53fed,true,3.11.2,Linux-6.1.0-49-cloud-amd64-x86_64-with-glibc2.36,
ok,ILS_iRace,weak_sorted_init,weak_sorted_init,variant_ablation,,input/synthetic/synthetic_40.txt,synthetic,23,irace_final,720.000000,600.000000,120.000000,225507,236992,236992,0.000000,5.092968,601.319494,output/weak_sorted_init/ILS_iRace/weak_sorted_init/seed_023/input/synthetic/synthetic_40.txt,,,9ea0e7a5f98a8ece5c8f0f2ac53db4f323a53fed,true,3.11.2,Linux-6.1.0-49-cloud-amd64-x86_64-with-glibc2.36,
ok,ILS_iRace,weak_sorted_init,weak_sorted_init,variant_ablation,,input/synthetic/synthetic_40.txt,synthetic,34,irace_final,720.000000,600.000000,120.000000,225507,236992,236992,0.000000,5.092968,601.634277,output/weak_sorted_init/ILS_iRace/weak_sorted_init/seed_034/input/synthetic/synthetic_40.txt,,,9ea0e7a5f98a8ece5c8f0f2ac53db4f323a53fed,true,3.11.2,Linux-6.1.0-49-cloud-amd64-x86_64-with-glibc2.36,
ok,ILS_iRace,weak_sorted_init,weak_sorted_init,variant_ablation,,input/synthetic/synthetic_40.txt,synthetic,45,irace_final,720.000000,600.000000,120.000000,225507,236992,236992,0.000000,5.092968,601.508979,output/weak_sorted_init/ILS_iRace/weak_sorted_init/seed_045/input/synthetic/synthetic_40.txt,,,9ea0e7a5f98a8ece5c8f0f2ac53db4f323a53fed,true,3.11.2,Linux-6.1.0-49-cloud-amd64-x86_64-with-glibc2.36,
ok,ILS_iRace,weak_sorted_init,weak_sorted_init,variant_ablation,,input/synthetic/synthetic_40.txt,synthetic,56,irace_final,720.000000,600.000000,120.000000,225507,236992,236992,0.000000,5.092968,601.186259,output/weak_sorted_init/ILS_iRace/weak_sorted_init/seed_056/input/synthetic/synthetic_40.txt,,,9ea0e7a5f98a8ece5c8f0f2ac53db4f323a53fed,true,3.11.2,Linux-6.1.0-49-cloud-amd64-x86_64-with-glibc2.36,
ok,ILS_iRace,weak_sorted_init,weak_sorted_init,variant_ablation,,input/synthetic/synthetic_40.txt,synthetic,67,irace_final,720.000000,600.000000,120.000000,225507,236992,236992,0.000000,5.092968,601.382879,output/weak_sorted_init/ILS_iRace/weak_sorted_init/seed_067/input/synthetic/synthetic_40.txt,,,9ea0e7a5f98a8ece5c8f0f2ac53db4f323a53fed,true,3.11.2,Linux-6.1.0-49-cloud-amd64-x86_64-with-glibc2.36,
ok,ILS_iRace,weak_sorted_init,weak_sorted_init,variant_ablation,,input/synthetic/synthetic_40.txt,synthetic,78,irace_final,720.000000,600.000000,120.000000,225507,236992,236992,0.000000,5.092968,601.368244,output/weak_sorted_init/ILS_iRace/weak_sorted_init/seed_078/input/synthetic/synthetic_40.txt,,,9ea0e7a5f98a8ece5c8f0f2ac53db4f323a53fed,true,3.11.2,Linux-6.1.0-49-cloud-amd64-x86_64-with-glibc2.36,
ok,ILS_iRace,weak_sorted_init,weak_sorted_init,variant_ablation,,input/synthetic/synthetic_40.txt,synthetic,100,irace_final,720.000000,600.000000,120.000000,225507,236992,236992,0.000000,5.092968,600.846928,output/weak_sorted_init/ILS_iRace/weak_sorted_init/seed_100/input/synthetic/synthetic_40.txt,,,9ea0e7a5f98a8ece5c8f0f2ac53db4f323a53fed,true,3.11.2,Linux-6.1.0-49-cloud-amd64-x86_64-with-glibc2.36,
ok,ILS_iRace,weak_sorted_init,weak_sorted_init,variant_ablation,,input/synthetic/synthetic_40.txt,synthetic,89,irace_final,720.000000,600.000000,120.000000,225507,236992,236992,0.000000,5.092968,601.314602,output/weak_sorted_init/ILS_iRace/weak_sorted_init/seed_089/input/synthetic/synthetic_40.txt,,,9ea0e7a5f98a8ece5c8f0f2ac53db4f323a53fed,true,3.11.2,Linux-6.1.0-49-cloud-amd64-x86_64-with-glibc2.36,
ok,ILS_iRace,weak_sorted_init,weak_sorted_init,variant_ablation,,input/synthetic/synthetic_45.txt,synthetic,1,irace_final,720.000000,600.000000,120.000000,1014314,1062681,11254939,90.558092,4.768444,604.035843,output/weak_sorted_init/ILS_iRace/weak_sorted_init/seed_001/input/synthetic/synthetic_45.txt,,,9ea0e7a5f98a8ece5c8f0f2ac53db4f323a53fed,true,3.11.2,Linux-6.1.0-49-cloud-amd64-x86_64-with-glibc2.36,
ok,ILS_iRace,weak_sorted_init,weak_sorted_init,variant_ablation,,input/synthetic/synthetic_45.txt,synthetic,23,irace_final,720.000000,600.000000,120.000000,1014314,1062969,11254939,90.555533,4.796838,603.080296,output/weak_sorted_init/ILS_iRace/weak_sorted_init/seed_023/input/synthetic/synthetic_45.txt,,,9ea0e7a5f98a8ece5c8f0f2ac53db4f323a53fed,true,3.11.2,Linux-6.1.0-49-cloud-amd64-x86_64-with-glibc2.36,
ok,ILS_iRace,weak_sorted_init,weak_sorted_init,variant_ablation,,input/synthetic/synthetic_45.txt,synthetic,12,irace_final,720.000000,600.000000,120.000000,1014314,1062628,11254939,90.558563,4.763219,604.120498,output/weak_sorted_init/ILS_iRace/weak_sorted_init/seed_012/input/synthetic/synthetic_45.txt,,,9ea0e7a5f98a8ece5c8f0f2ac53db4f323a53fed,true,3.11.2,Linux-6.1.0-49-cloud-amd64-x86_64-with-glibc2.36,
ok,ILS_iRace,weak_sorted_init,weak_sorted_init,variant_ablation,,input/synthetic/synthetic_45.txt,synthetic,34,irace_final,720.000000,600.000000,120.000000,1014314,1063158,11254939,90.553854,4.815471,604.495207,output/weak_sorted_init/ILS_iRace/weak_sorted_init/seed_034/input/synthetic/synthetic_45.txt,,,9ea0e7a5f98a8ece5c8f0f2ac53db4f323a53fed,true,3.11.2,Linux-6.1.0-49-cloud-amd64-x86_64-with-glibc2.36,
ok,ILS_iRace,weak_sorted_init,weak_sorted_init,variant_ablation,,input/synthetic/synthetic_45.txt,synthetic,45,irace_final,720.000000,600.000000,120.000000,1014314,1063210,11254939,90.553392,4.820598,603.856176,output/weak_sorted_init/ILS_iRace/weak_sorted_init/seed_045/input/synthetic/synthetic_45.txt,,,9ea0e7a5f98a8ece5c8f0f2ac53db4f323a53fed,true,3.11.2,Linux-6.1.0-49-cloud-amd64-x86_64-with-glibc2.36,
ok,ILS_iRace,weak_sorted_init,weak_sorted_init,variant_ablation,,input/synthetic/synthetic_45.txt,synthetic,56,irace_final,720.000000,600.000000,120.000000,1014314,1062782,11254939,90.557194,4.778402,603.938487,output/weak_sorted_init/ILS_iRace/weak_sorted_init/seed_056/input/synthetic/synthetic_45.txt,,,9ea0e7a5f98a8ece5c8f0f2ac53db4f323a53fed,true,3.11.2,Linux-6.1.0-49-cloud-amd64-x86_64-with-glibc2.36,
ok,ILS_iRace,weak_sorted_init,weak_sorted_init,variant_ablation,,input/synthetic/synthetic_45.txt,synthetic,67,irace_final,720.000000,600.000000,120.000000,1014314,1062602,11254939,90.558794,4.760656,604.062996,output/weak_sorted_init/ILS_iRace/weak_sorted_init/seed_067/input/synthetic/synthetic_45.txt,,,9ea0e7a5f98a8ece5c8f0f2ac53db4f323a53fed,true,3.11.2,Linux-6.1.0-49-cloud-amd64-x86_64-with-glibc2.36,
ok,ILS_iRace,weak_sorted_init,weak_sorted_init,variant_ablation,,input/synthetic/synthetic_45.txt,synthetic,78,irace_final,720.000000,600.000000,120.000000,1014314,1062875,11254939,90.556368,4.787571,603.636935,output/weak_sorted_init/ILS_iRace/weak_sorted_init/seed_078/input/synthetic/synthetic_45.txt,,,9ea0e7a5f98a8ece5c8f0f2ac53db4f323a53fed,true,3.11.2,Linux-6.1.0-49-cloud-amd64-x86_64-with-glibc2.36,
ok,ILS_iRace,weak_sorted_init,weak_sorted_init,variant_ablation,,input/synthetic/synthetic_45.txt,synthetic,89,irace_final,720.000000,600.000000,120.000000,1014314,1062035,11254939,90.563832,4.704756,603.984001,output/weak_sorted_init/ILS_iRace/weak_sorted_init/seed_089/input/synthetic/synthetic_45.txt,,,9ea0e7a5f98a8ece5c8f0f2ac53db4f323a53fed,true,3.11.2,Linux-6.1.0-49-cloud-amd64-x86_64-with-glibc2.36,
ok,ILS_iRace,weak_sorted_init,weak_sorted_init,variant_ablation,,input/synthetic/synthetic_50.txt,synthetic,12,irace_final,720.000000,600.000000,120.000000,141676,142479,142479,0.000000,0.566786,601.155974,output/weak_sorted_init/ILS_iRace/weak_sorted_init/seed_012/input/synthetic/synthetic_50.txt,,,9ea0e7a5f98a8ece5c8f0f2ac53db4f323a53fed,true,3.11.2,Linux-6.1.0-49-cloud-amd64-x86_64-with-glibc2.36,
ok,ILS_iRace,weak_sorted_init,weak_sorted_init,variant_ablation,,input/synthetic/synthetic_50.txt,synthetic,1,irace_final,720.000000,600.000000,120.000000,141676,142479,142479,0.000000,0.566786,601.685437,output/weak_sorted_init/ILS_iRace/weak_sorted_init/seed_001/input/synthetic/synthetic_50.txt,,,9ea0e7a5f98a8ece5c8f0f2ac53db4f323a53fed,true,3.11.2,Linux-6.1.0-49-cloud-amd64-x86_64-with-glibc2.36,
ok,ILS_iRace,weak_sorted_init,weak_sorted_init,variant_ablation,,input/synthetic/synthetic_45.txt,synthetic,100,irace_final,720.000000,600.000000,120.000000,1014314,1062962,11254939,90.555595,4.796148,603.833922,output/weak_sorted_init/ILS_iRace/weak_sorted_init/seed_100/input/synthetic/synthetic_45.txt,,,9ea0e7a5f98a8ece5c8f0f2ac53db4f323a53fed,true,3.11.2,Linux-6.1.0-49-cloud-amd64-x86_64-with-glibc2.36,
ok,ILS_iRace,weak_sorted_init,weak_sorted_init,variant_ablation,,input/synthetic/synthetic_50.txt,synthetic,34,irace_final,720.000000,600.000000,120.000000,141676,142479,142479,0.000000,0.566786,601.317918,output/weak_sorted_init/ILS_iRace/weak_sorted_init/seed_034/input/synthetic/synthetic_50.txt,,,9ea0e7a5f98a8ece5c8f0f2ac53db4f323a53fed,true,3.11.2,Linux-6.1.0-49-cloud-amd64-x86_64-with-glibc2.36,
ok,ILS_iRace,weak_sorted_init,weak_sorted_init,variant_ablation,,input/synthetic/synthetic_50.txt,synthetic,45,irace_final,720.000000,600.000000,120.000000,141676,142479,142479,0.000000,0.566786,601.676030,output/weak_sorted_init/ILS_iRace/weak_sorted_init/seed_045/input/synthetic/synthetic_50.txt,,,9ea0e7a5f98a8ece5c8f0f2ac53db4f323a53fed,true,3.11.2,Linux-6.1.0-49-cloud-amd64-x86_64-with-glibc2.36,
ok,ILS_iRace,weak_sorted_init,weak_sorted_init,variant_ablation,,input/synthetic/synthetic_50.txt,synthetic,23,irace_final,720.000000,600.000000,120.000000,141676,142479,142479,0.000000,0.566786,601.886948,output/weak_sorted_init/ILS_iRace/weak_sorted_init/seed_023/input/synthetic/synthetic_50.txt,,,9ea0e7a5f98a8ece5c8f0f2ac53db4f323a53fed,true,3.11.2,Linux-6.1.0-49-cloud-amd64-x86_64-with-glibc2.36,
ok,ILS_iRace,weak_sorted_init,weak_sorted_init,variant_ablation,,input/synthetic/synthetic_50.txt,synthetic,56,irace_final,720.000000,600.000000,120.000000,141676,142479,142479,0.000000,0.566786,601.735136,output/weak_sorted_init/ILS_iRace/weak_sorted_init/seed_056/input/synthetic/synthetic_50.txt,,,9ea0e7a5f98a8ece5c8f0f2ac53db4f323a53fed,true,3.11.2,Linux-6.1.0-49-cloud-amd64-x86_64-with-glibc2.36,
ok,ILS_iRace,weak_sorted_init,weak_sorted_init,variant_ablation,,input/synthetic/synthetic_50.txt,synthetic,67,irace_final,720.000000,600.000000,120.000000,141676,142479,142479,0.000000,0.566786,601.828628,output/weak_sorted_init/ILS_iRace/weak_sorted_init/seed_067/input/synthetic/synthetic_50.txt,,,9ea0e7a5f98a8ece5c8f0f2ac53db4f323a53fed,true,3.11.2,Linux-6.1.0-49-cloud-amd64-x86_64-with-glibc2.36,
ok,ILS_iRace,weak_sorted_init,weak_sorted_init,variant_ablation,,input/synthetic/synthetic_50.txt,synthetic,78,irace_final,720.000000,600.000000,120.000000,141676,142479,142479,0.000000,0.566786,601.893920,output/weak_sorted_init/ILS_iRace/weak_sorted_init/seed_078/input/synthetic/synthetic_50.txt,,,9ea0e7a5f98a8ece5c8f0f2ac53db4f323a53fed,true,3.11.2,Linux-6.1.0-49-cloud-amd64-x86_64-with-glibc2.36,
ok,ILS_iRace,weak_sorted_init,weak_sorted_init,variant_ablation,,input/synthetic/synthetic_50.txt,synthetic,89,irace_final,720.000000,600.000000,120.000000,141676,142479,142479,0.000000,0.566786,601.943939,output/weak_sorted_init/ILS_iRace/weak_sorted_init/seed_089/input/synthetic/synthetic_50.txt,,,9ea0e7a5f98a8ece5c8f0f2ac53db4f323a53fed,true,3.11.2,Linux-6.1.0-49-cloud-amd64-x86_64-with-glibc2.36,
ok,ILS_iRace,weak_sorted_init,weak_sorted_init,variant_ablation,,input/synthetic/synthetic_50.txt,synthetic,100,irace_final,720.000000,600.000000,120.000000,141676,142479,142479,0.000000,0.566786,601.336529,output/weak_sorted_init/ILS_iRace/weak_sorted_init/seed_100/input/synthetic/synthetic_50.txt,,,9ea0e7a5f98a8ece5c8f0f2ac53db4f323a53fed,true,3.11.2,Linux-6.1.0-49-cloud-amd64-x86_64-with-glibc2.36,
ok,ILS_iRace,weak_sorted_init,weak_sorted_init,variant_ablation,,input/synthetic/synthetic_55.txt,synthetic,1,irace_final,720.000000,600.000000,120.000000,65074,65074,65074,0.000000,0.000000,602.987525,output/weak_sorted_init/ILS_iRace/weak_sorted_init/seed_001/input/synthetic/synthetic_55.txt,,,9ea0e7a5f98a8ece5c8f0f2ac53db4f323a53fed,true,3.11.2,Linux-6.1.0-49-cloud-amd64-x86_64-with-glibc2.36,
ok,ILS_iRace,weak_sorted_init,weak_sorted_init,variant_ablation,,input/synthetic/synthetic_55.txt,synthetic,12,irace_final,720.000000,600.000000,120.000000,65074,65074,65074,0.000000,0.000000,603.473398,output/weak_sorted_init/ILS_iRace/weak_sorted_init/seed_012/input/synthetic/synthetic_55.txt,,,9ea0e7a5f98a8ece5c8f0f2ac53db4f323a53fed,true,3.11.2,Linux-6.1.0-49-cloud-amd64-x86_64-with-glibc2.36,
ok,ILS_iRace,weak_sorted_init,weak_sorted_init,variant_ablation,,input/synthetic/synthetic_55.txt,synthetic,23,irace_final,720.000000,600.000000,120.000000,65074,65074,65074,0.000000,0.000000,603.813617,output/weak_sorted_init/ILS_iRace/weak_sorted_init/seed_023/input/synthetic/synthetic_55.txt,,,9ea0e7a5f98a8ece5c8f0f2ac53db4f323a53fed,true,3.11.2,Linux-6.1.0-49-cloud-amd64-x86_64-with-glibc2.36,
ok,ILS_iRace,weak_sorted_init,weak_sorted_init,variant_ablation,,input/synthetic/synthetic_55.txt,synthetic,34,irace_final,720.000000,600.000000,120.000000,65074,65074,65074,0.000000,0.000000,603.296443,output/weak_sorted_init/ILS_iRace/weak_sorted_init/seed_034/input/synthetic/synthetic_55.txt,,,9ea0e7a5f98a8ece5c8f0f2ac53db4f323a53fed,true,3.11.2,Linux-6.1.0-49-cloud-amd64-x86_64-with-glibc2.36,
ok,ILS_iRace,weak_sorted_init,weak_sorted_init,variant_ablation,,input/synthetic/synthetic_55.txt,synthetic,45,irace_final,720.000000,600.000000,120.000000,65074,65074,65074,0.000000,0.000000,602.432004,output/weak_sorted_init/ILS_iRace/weak_sorted_init/seed_045/input/synthetic/synthetic_55.txt,,,9ea0e7a5f98a8ece5c8f0f2ac53db4f323a53fed,true,3.11.2,Linux-6.1.0-49-cloud-amd64-x86_64-with-glibc2.36,
ok,ILS_iRace,weak_sorted_init,weak_sorted_init,variant_ablation,,input/synthetic/synthetic_55.txt,synthetic,56,irace_final,720.000000,600.000000,120.000000,65074,65074,65074,0.000000,0.000000,603.139307,output/weak_sorted_init/ILS_iRace/weak_sorted_init/seed_056/input/synthetic/synthetic_55.txt,,,9ea0e7a5f98a8ece5c8f0f2ac53db4f323a53fed,true,3.11.2,Linux-6.1.0-49-cloud-amd64-x86_64-with-glibc2.36,
ok,ILS_iRace,weak_sorted_init,weak_sorted_init,variant_ablation,,input/synthetic/synthetic_55.txt,synthetic,67,irace_final,720.000000,600.000000,120.000000,65074,65074,65074,0.000000,0.000000,602.816416,output/weak_sorted_init/ILS_iRace/weak_sorted_init/seed_067/input/synthetic/synthetic_55.txt,,,9ea0e7a5f98a8ece5c8f0f2ac53db4f323a53fed,true,3.11.2,Linux-6.1.0-49-cloud-amd64-x86_64-with-glibc2.36,
ok,ILS_iRace,weak_sorted_init,weak_sorted_init,variant_ablation,,input/synthetic/synthetic_55.txt,synthetic,78,irace_final,720.000000,600.000000,120.000000,65074,65074,65074,0.000000,0.000000,603.307593,output/weak_sorted_init/ILS_iRace/weak_sorted_init/seed_078/input/synthetic/synthetic_55.txt,,,9ea0e7a5f98a8ece5c8f0f2ac53db4f323a53fed,true,3.11.2,Linux-6.1.0-49-cloud-amd64-x86_64-with-glibc2.36,
ok,ILS_iRace,weak_sorted_init,weak_sorted_init,variant_ablation,,input/synthetic/synthetic_55.txt,synthetic,89,irace_final,720.000000,600.000000,120.000000,65074,65074,65074,0.000000,0.000000,603.202039,output/weak_sorted_init/ILS_iRace/weak_sorted_init/seed_089/input/synthetic/synthetic_55.txt,,,9ea0e7a5f98a8ece5c8f0f2ac53db4f323a53fed,true,3.11.2,Linux-6.1.0-49-cloud-amd64-x86_64-with-glibc2.36,
ok,ILS_iRace,weak_sorted_init,weak_sorted_init,variant_ablation,,input/synthetic/synthetic_55.txt,synthetic,100,irace_final,720.000000,600.000000,120.000000,65074,65074,65074,0.000000,0.000000,603.021748,output/weak_sorted_init/ILS_iRace/weak_sorted_init/seed_100/input/synthetic/synthetic_55.txt,,,9ea0e7a5f98a8ece5c8f0f2ac53db4f323a53fed,true,3.11.2,Linux-6.1.0-49-cloud-amd64-x86_64-with-glibc2.36,
ok,ILS_iRace,weak_sorted_init,weak_sorted_init,variant_ablation,,input/synthetic/synthetic_60.txt,synthetic,1,irace_final,720.000000,600.000000,120.000000,17936888,18521408,33626312,44.919895,3.258759,604.357234,output/weak_sorted_init/ILS_iRace/weak_sorted_init/seed_001/input/synthetic/synthetic_60.txt,,,9ea0e7a5f98a8ece5c8f0f2ac53db4f323a53fed,true,3.11.2,Linux-6.1.0-49-cloud-amd64-x86_64-with-glibc2.36,
ok,ILS_iRace,weak_sorted_init,weak_sorted_init,variant_ablation,,input/synthetic/synthetic_60.txt,synthetic,12,irace_final,720.000000,600.000000,120.000000,17936888,18560195,33626312,44.804548,3.475001,605.474416,output/weak_sorted_init/ILS_iRace/weak_sorted_init/seed_012/input/synthetic/synthetic_60.txt,,,9ea0e7a5f98a8ece5c8f0f2ac53db4f323a53fed,true,3.11.2,Linux-6.1.0-49-cloud-amd64-x86_64-with-glibc2.36,
ok,ILS_iRace,weak_sorted_init,weak_sorted_init,variant_ablation,,input/synthetic/synthetic_60.txt,synthetic,23,irace_final,720.000000,600.000000,120.000000,17936888,18651743,33626312,44.532297,3.985390,605.522776,output/weak_sorted_init/ILS_iRace/weak_sorted_init/seed_023/input/synthetic/synthetic_60.txt,,,9ea0e7a5f98a8ece5c8f0f2ac53db4f323a53fed,true,3.11.2,Linux-6.1.0-49-cloud-amd64-x86_64-with-glibc2.36,
ok,ILS_iRace,weak_sorted_init,weak_sorted_init,variant_ablation,,input/synthetic/synthetic_60.txt,synthetic,34,irace_final,720.000000,600.000000,120.000000,17936888,18551149,33626312,44.831449,3.424568,604.101317,output/weak_sorted_init/ILS_iRace/weak_sorted_init/seed_034/input/synthetic/synthetic_60.txt,,,9ea0e7a5f98a8ece5c8f0f2ac53db4f323a53fed,true,3.11.2,Linux-6.1.0-49-cloud-amd64-x86_64-with-glibc2.36,
ok,ILS_iRace,weak_sorted_init,weak_sorted_init,variant_ablation,,input/synthetic/synthetic_60.txt,synthetic,45,irace_final,720.000000,600.000000,120.000000,17936888,18547831,33626312,44.841317,3.406070,605.305834,output/weak_sorted_init/ILS_iRace/weak_sorted_init/seed_045/input/synthetic/synthetic_60.txt,,,9ea0e7a5f98a8ece5c8f0f2ac53db4f323a53fed,true,3.11.2,Linux-6.1.0-49-cloud-amd64-x86_64-with-glibc2.36,
ok,ILS_iRace,weak_sorted_init,weak_sorted_init,variant_ablation,,input/synthetic/synthetic_60.txt,synthetic,56,irace_final,720.000000,600.000000,120.000000,17936888,18574564,33626312,44.761816,3.555109,605.426809,output/weak_sorted_init/ILS_iRace/weak_sorted_init/seed_056/input/synthetic/synthetic_60.txt,,,9ea0e7a5f98a8ece5c8f0f2ac53db4f323a53fed,true,3.11.2,Linux-6.1.0-49-cloud-amd64-x86_64-with-glibc2.36,
ok,ILS_iRace,weak_sorted_init,weak_sorted_init,variant_ablation,,input/synthetic/synthetic_60.txt,synthetic,67,irace_final,720.000000,600.000000,120.000000,17936888,18530918,33626312,44.891613,3.311778,605.623255,output/weak_sorted_init/ILS_iRace/weak_sorted_init/seed_067/input/synthetic/synthetic_60.txt,,,9ea0e7a5f98a8ece5c8f0f2ac53db4f323a53fed,true,3.11.2,Linux-6.1.0-49-cloud-amd64-x86_64-with-glibc2.36,
ok,ILS_iRace,weak_sorted_init,weak_sorted_init,variant_ablation,,input/synthetic/synthetic_60.txt,synthetic,78,irace_final,720.000000,600.000000,120.000000,17936888,18552582,33626312,44.827188,3.432558,605.664464,output/weak_sorted_init/ILS_iRace/weak_sorted_init/seed_078/input/synthetic/synthetic_60.txt,,,9ea0e7a5f98a8ece5c8f0f2ac53db4f323a53fed,true,3.11.2,Linux-6.1.0-49-cloud-amd64-x86_64-with-glibc2.36,
ok,ILS_iRace,weak_sorted_init,weak_sorted_init,variant_ablation,,input/synthetic/synthetic_60.txt,synthetic,89,irace_final,720.000000,600.000000,120.000000,17936888,18531662,33626312,44.889401,3.315926,604.172406,output/weak_sorted_init/ILS_iRace/weak_sorted_init/seed_089/input/synthetic/synthetic_60.txt,,,9ea0e7a5f98a8ece5c8f0f2ac53db4f323a53fed,true,3.11.2,Linux-6.1.0-49-cloud-amd64-x86_64-with-glibc2.36,
ok,ILS_iRace,weak_sorted_init,weak_sorted_init,variant_ablation,,input/synthetic/synthetic_60.txt,synthetic,100,irace_final,720.000000,600.000000,120.000000,17936888,18497447,33626312,44.991152,3.125174,605.986635,output/weak_sorted_init/ILS_iRace/weak_sorted_init/seed_100/input/synthetic/synthetic_60.txt,,,9ea0e7a5f98a8ece5c8f0f2ac53db4f323a53fed,true,3.11.2,Linux-6.1.0-49-cloud-amd64-x86_64-with-glibc2.36,
ok,ILS_iRace,weak_sorted_init,weak_sorted_init,variant_ablation,,input/synthetic/synthetic_65.txt,synthetic,1,irace_final,720.000000,600.000000,120.000000,124977,132057,132057,0.000000,5.665042,601.623416,output/weak_sorted_init/ILS_iRace/weak_sorted_init/seed_001/input/synthetic/synthetic_65.txt,,,9ea0e7a5f98a8ece5c8f0f2ac53db4f323a53fed,true,3.11.2,Linux-6.1.0-49-cloud-amd64-x86_64-with-glibc2.36,
ok,ILS_iRace,weak_sorted_init,weak_sorted_init,variant_ablation,,input/synthetic/synthetic_65.txt,synthetic,12,irace_final,720.000000,600.000000,120.000000,124977,132057,132057,0.000000,5.665042,601.756514,output/weak_sorted_init/ILS_iRace/weak_sorted_init/seed_012/input/synthetic/synthetic_65.txt,,,9ea0e7a5f98a8ece5c8f0f2ac53db4f323a53fed,true,3.11.2,Linux-6.1.0-49-cloud-amd64-x86_64-with-glibc2.36,
ok,ILS_iRace,weak_sorted_init,weak_sorted_init,variant_ablation,,input/synthetic/synthetic_65.txt,synthetic,23,irace_final,720.000000,600.000000,120.000000,124977,132057,132057,0.000000,5.665042,601.503513,output/weak_sorted_init/ILS_iRace/weak_sorted_init/seed_023/input/synthetic/synthetic_65.txt,,,9ea0e7a5f98a8ece5c8f0f2ac53db4f323a53fed,true,3.11.2,Linux-6.1.0-49-cloud-amd64-x86_64-with-glibc2.36,
ok,ILS_iRace,weak_sorted_init,weak_sorted_init,variant_ablation,,input/synthetic/synthetic_65.txt,synthetic,34,irace_final,720.000000,600.000000,120.000000,124977,132057,132057,0.000000,5.665042,602.104045,output/weak_sorted_init/ILS_iRace/weak_sorted_init/seed_034/input/synthetic/synthetic_65.txt,,,9ea0e7a5f98a8ece5c8f0f2ac53db4f323a53fed,true,3.11.2,Linux-6.1.0-49-cloud-amd64-x86_64-with-glibc2.36,
ok,ILS_iRace,weak_sorted_init,weak_sorted_init,variant_ablation,,input/synthetic/synthetic_65.txt,synthetic,45,irace_final,720.000000,600.000000,120.000000,124977,132057,132057,0.000000,5.665042,601.532976,output/weak_sorted_init/ILS_iRace/weak_sorted_init/seed_045/input/synthetic/synthetic_65.txt,,,9ea0e7a5f98a8ece5c8f0f2ac53db4f323a53fed,true,3.11.2,Linux-6.1.0-49-cloud-amd64-x86_64-with-glibc2.36,
ok,ILS_iRace,weak_sorted_init,weak_sorted_init,variant_ablation,,input/synthetic/synthetic_65.txt,synthetic,56,irace_final,720.000000,600.000000,120.000000,124977,132057,132057,0.000000,5.665042,601.598064,output/weak_sorted_init/ILS_iRace/weak_sorted_init/seed_056/input/synthetic/synthetic_65.txt,,,9ea0e7a5f98a8ece5c8f0f2ac53db4f323a53fed,true,3.11.2,Linux-6.1.0-49-cloud-amd64-x86_64-with-glibc2.36,
ok,ILS_iRace,weak_sorted_init,weak_sorted_init,variant_ablation,,input/synthetic/synthetic_65.txt,synthetic,67,irace_final,720.000000,600.000000,120.000000,124977,132057,132057,0.000000,5.665042,601.766262,output/weak_sorted_init/ILS_iRace/weak_sorted_init/seed_067/input/synthetic/synthetic_65.txt,,,9ea0e7a5f98a8ece5c8f0f2ac53db4f323a53fed,true,3.11.2,Linux-6.1.0-49-cloud-amd64-x86_64-with-glibc2.36,
ok,ILS_iRace,weak_sorted_init,weak_sorted_init,variant_ablation,,input/synthetic/synthetic_65.txt,synthetic,78,irace_final,720.000000,600.000000,120.000000,124977,132057,132057,0.000000,5.665042,601.281747,output/weak_sorted_init/ILS_iRace/weak_sorted_init/seed_078/input/synthetic/synthetic_65.txt,,,9ea0e7a5f98a8ece5c8f0f2ac53db4f323a53fed,true,3.11.2,Linux-6.1.0-49-cloud-amd64-x86_64-with-glibc2.36,
ok,ILS_iRace,weak_sorted_init,weak_sorted_init,variant_ablation,,input/synthetic/synthetic_65.txt,synthetic,89,irace_final,720.000000,600.000000,120.000000,124977,132057,132057,0.000000,5.665042,601.560633,output/weak_sorted_init/ILS_iRace/weak_sorted_init/seed_089/input/synthetic/synthetic_65.txt,,,9ea0e7a5f98a8ece5c8f0f2ac53db4f323a53fed,true,3.11.2,Linux-6.1.0-49-cloud-amd64-x86_64-with-glibc2.36,
ok,ILS_iRace,weak_sorted_init,weak_sorted_init,variant_ablation,,input/synthetic/synthetic_65.txt,synthetic,100,irace_final,720.000000,600.000000,120.000000,124977,132057,132057,0.000000,5.665042,601.984017,output/weak_sorted_init/ILS_iRace/weak_sorted_init/seed_100/input/synthetic/synthetic_65.txt,,,9ea0e7a5f98a8ece5c8f0f2ac53db4f323a53fed,true,3.11.2,Linux-6.1.0-49-cloud-amd64-x86_64-with-glibc2.36,
ok,ILS_iRace,weak_sorted_init,weak_sorted_init,variant_ablation,,input/synthetic/synthetic_70.txt,synthetic,1,irace_final,720.000000,600.000000,120.000000,249881,249881,249881,0.000000,0.000000,602.287363,output/weak_sorted_init/ILS_iRace/weak_sorted_init/seed_001/input/synthetic/synthetic_70.txt,,,9ea0e7a5f98a8ece5c8f0f2ac53db4f323a53fed,true,3.11.2,Linux-6.1.0-49-cloud-amd64-x86_64-with-glibc2.36,
ok,ILS_iRace,weak_sorted_init,weak_sorted_init,variant_ablation,,input/synthetic/synthetic_70.txt,synthetic,12,irace_final,720.000000,600.000000,120.000000,249881,249881,249881,0.000000,0.000000,602.083794,output/weak_sorted_init/ILS_iRace/weak_sorted_init/seed_012/input/synthetic/synthetic_70.txt,,,9ea0e7a5f98a8ece5c8f0f2ac53db4f323a53fed,true,3.11.2,Linux-6.1.0-49-cloud-amd64-x86_64-with-glibc2.36,
ok,ILS_iRace,weak_sorted_init,weak_sorted_init,variant_ablation,,input/synthetic/synthetic_70.txt,synthetic,23,irace_final,720.000000,600.000000,120.000000,249881,249881,249881,0.000000,0.000000,601.607383,output/weak_sorted_init/ILS_iRace/weak_sorted_init/seed_023/input/synthetic/synthetic_70.txt,,,9ea0e7a5f98a8ece5c8f0f2ac53db4f323a53fed,true,3.11.2,Linux-6.1.0-49-cloud-amd64-x86_64-with-glibc2.36,
ok,ILS_iRace,weak_sorted_init,weak_sorted_init,variant_ablation,,input/synthetic/synthetic_70.txt,synthetic,34,irace_final,720.000000,600.000000,120.000000,249881,249881,249881,0.000000,0.000000,602.142798,output/weak_sorted_init/ILS_iRace/weak_sorted_init/seed_034/input/synthetic/synthetic_70.txt,,,9ea0e7a5f98a8ece5c8f0f2ac53db4f323a53fed,true,3.11.2,Linux-6.1.0-49-cloud-amd64-x86_64-with-glibc2.36,
ok,ILS_iRace,weak_sorted_init,weak_sorted_init,variant_ablation,,input/synthetic/synthetic_70.txt,synthetic,45,irace_final,720.000000,600.000000,120.000000,249881,249881,249881,0.000000,0.000000,601.877327,output/weak_sorted_init/ILS_iRace/weak_sorted_init/seed_045/input/synthetic/synthetic_70.txt,,,9ea0e7a5f98a8ece5c8f0f2ac53db4f323a53fed,true,3.11.2,Linux-6.1.0-49-cloud-amd64-x86_64-with-glibc2.36,
ok,ILS_iRace,weak_sorted_init,weak_sorted_init,variant_ablation,,input/synthetic/synthetic_70.txt,synthetic,56,irace_final,720.000000,600.000000,120.000000,249881,249881,249881,0.000000,0.000000,601.867946,output/weak_sorted_init/ILS_iRace/weak_sorted_init/seed_056/input/synthetic/synthetic_70.txt,,,9ea0e7a5f98a8ece5c8f0f2ac53db4f323a53fed,true,3.11.2,Linux-6.1.0-49-cloud-amd64-x86_64-with-glibc2.36,
ok,ILS_iRace,weak_sorted_init,weak_sorted_init,variant_ablation,,input/synthetic/synthetic_70.txt,synthetic,67,irace_final,720.000000,600.000000,120.000000,249881,249881,249881,0.000000,0.000000,602.095897,output/weak_sorted_init/ILS_iRace/weak_sorted_init/seed_067/input/synthetic/synthetic_70.txt,,,9ea0e7a5f98a8ece5c8f0f2ac53db4f323a53fed,true,3.11.2,Linux-6.1.0-49-cloud-amd64-x86_64-with-glibc2.36,
ok,ILS_iRace,weak_sorted_init,weak_sorted_init,variant_ablation,,input/synthetic/synthetic_70.txt,synthetic,78,irace_final,720.000000,600.000000,120.000000,249881,249881,249881,0.000000,0.000000,602.184101,output/weak_sorted_init/ILS_iRace/weak_sorted_init/seed_078/input/synthetic/synthetic_70.txt,,,9ea0e7a5f98a8ece5c8f0f2ac53db4f323a53fed,true,3.11.2,Linux-6.1.0-49-cloud-amd64-x86_64-with-glibc2.36,
ok,ILS_iRace,weak_sorted_init,weak_sorted_init,variant_ablation,,input/synthetic/synthetic_70.txt,synthetic,89,irace_final,720.000000,600.000000,120.000000,249881,249881,249881,0.000000,0.000000,601.606372,output/weak_sorted_init/ILS_iRace/weak_sorted_init/seed_089/input/synthetic/synthetic_70.txt,,,9ea0e7a5f98a8ece5c8f0f2ac53db4f323a53fed,true,3.11.2,Linux-6.1.0-49-cloud-amd64-x86_64-with-glibc2.36,
ok,ILS_iRace,weak_sorted_init,weak_sorted_init,variant_ablation,,input/synthetic/synthetic_70.txt,synthetic,100,irace_final,720.000000,600.000000,120.000000,249881,249881,249881,0.000000,0.000000,602.181336,output/weak_sorted_init/ILS_iRace/weak_sorted_init/seed_100/input/synthetic/synthetic_70.txt,,,9ea0e7a5f98a8ece5c8f0f2ac53db4f323a53fed,true,3.11.2,Linux-6.1.0-49-cloud-amd64-x86_64-with-glibc2.36,
ok,ILS_iRace,weak_sorted_init,weak_sorted_init,variant_ablation,,input/synthetic/synthetic_75.txt,synthetic,1,irace_final,720.000000,600.000000,120.000000,140755,140755,140755,0.000000,0.000000,602.808601,output/weak_sorted_init/ILS_iRace/weak_sorted_init/seed_001/input/synthetic/synthetic_75.txt,,,9ea0e7a5f98a8ece5c8f0f2ac53db4f323a53fed,true,3.11.2,Linux-6.1.0-49-cloud-amd64-x86_64-with-glibc2.36,
ok,ILS_iRace,weak_sorted_init,weak_sorted_init,variant_ablation,,input/synthetic/synthetic_75.txt,synthetic,12,irace_final,720.000000,600.000000,120.000000,140755,140755,140755,0.000000,0.000000,604.462797,output/weak_sorted_init/ILS_iRace/weak_sorted_init/seed_012/input/synthetic/synthetic_75.txt,,,9ea0e7a5f98a8ece5c8f0f2ac53db4f323a53fed,true,3.11.2,Linux-6.1.0-49-cloud-amd64-x86_64-with-glibc2.36,
ok,ILS_iRace,weak_sorted_init,weak_sorted_init,variant_ablation,,input/synthetic/synthetic_75.txt,synthetic,23,irace_final,720.000000,600.000000,120.000000,140755,140755,140755,0.000000,0.000000,604.228598,output/weak_sorted_init/ILS_iRace/weak_sorted_init/seed_023/input/synthetic/synthetic_75.txt,,,9ea0e7a5f98a8ece5c8f0f2ac53db4f323a53fed,true,3.11.2,Linux-6.1.0-49-cloud-amd64-x86_64-with-glibc2.36,
ok,ILS_iRace,weak_sorted_init,weak_sorted_init,variant_ablation,,input/synthetic/synthetic_75.txt,synthetic,34,irace_final,720.000000,600.000000,120.000000,140755,140755,140755,0.000000,0.000000,604.702889,output/weak_sorted_init/ILS_iRace/weak_sorted_init/seed_034/input/synthetic/synthetic_75.txt,,,9ea0e7a5f98a8ece5c8f0f2ac53db4f323a53fed,true,3.11.2,Linux-6.1.0-49-cloud-amd64-x86_64-with-glibc2.36,
ok,ILS_iRace,weak_sorted_init,weak_sorted_init,variant_ablation,,input/synthetic/synthetic_75.txt,synthetic,45,irace_final,720.000000,600.000000,120.000000,140755,140755,140755,0.000000,0.000000,603.775370,output/weak_sorted_init/ILS_iRace/weak_sorted_init/seed_045/input/synthetic/synthetic_75.txt,,,9ea0e7a5f98a8ece5c8f0f2ac53db4f323a53fed,true,3.11.2,Linux-6.1.0-49-cloud-amd64-x86_64-with-glibc2.36,
ok,ILS_iRace,weak_sorted_init,weak_sorted_init,variant_ablation,,input/synthetic/synthetic_75.txt,synthetic,67,irace_final,720.000000,600.000000,120.000000,140755,140755,140755,0.000000,0.000000,602.672809,output/weak_sorted_init/ILS_iRace/weak_sorted_init/seed_067/input/synthetic/synthetic_75.txt,,,9ea0e7a5f98a8ece5c8f0f2ac53db4f323a53fed,true,3.11.2,Linux-6.1.0-49-cloud-amd64-x86_64-with-glibc2.36,
ok,ILS_iRace,weak_sorted_init,weak_sorted_init,variant_ablation,,input/synthetic/synthetic_75.txt,synthetic,56,irace_final,720.000000,600.000000,120.000000,140755,140755,140755,0.000000,0.000000,604.251805,output/weak_sorted_init/ILS_iRace/weak_sorted_init/seed_056/input/synthetic/synthetic_75.txt,,,9ea0e7a5f98a8ece5c8f0f2ac53db4f323a53fed,true,3.11.2,Linux-6.1.0-49-cloud-amd64-x86_64-with-glibc2.36,
ok,ILS_iRace,weak_sorted_init,weak_sorted_init,variant_ablation,,input/synthetic/synthetic_75.txt,synthetic,78,irace_final,720.000000,600.000000,120.000000,140755,140755,140755,0.000000,0.000000,603.406680,output/weak_sorted_init/ILS_iRace/weak_sorted_init/seed_078/input/synthetic/synthetic_75.txt,,,9ea0e7a5f98a8ece5c8f0f2ac53db4f323a53fed,true,3.11.2,Linux-6.1.0-49-cloud-amd64-x86_64-with-glibc2.36,
ok,ILS_iRace,weak_sorted_init,weak_sorted_init,variant_ablation,,input/synthetic/synthetic_75.txt,synthetic,89,irace_final,720.000000,600.000000,120.000000,140755,140755,140755,0.000000,0.000000,604.037317,output/weak_sorted_init/ILS_iRace/weak_sorted_init/seed_089/input/synthetic/synthetic_75.txt,,,9ea0e7a5f98a8ece5c8f0f2ac53db4f323a53fed,true,3.11.2,Linux-6.1.0-49-cloud-amd64-x86_64-with-glibc2.36,
ok,ILS_iRace,weak_sorted_init,weak_sorted_init,variant_ablation,,input/synthetic/synthetic_75.txt,synthetic,100,irace_final,720.000000,600.000000,120.000000,140755,140755,140755,0.000000,0.000000,603.051412,output/weak_sorted_init/ILS_iRace/weak_sorted_init/seed_100/input/synthetic/synthetic_75.txt,,,9ea0e7a5f98a8ece5c8f0f2ac53db4f323a53fed,true,3.11.2,Linux-6.1.0-49-cloud-amd64-x86_64-with-glibc2.36,
ok,ILS_iRace,weak_sorted_init,weak_sorted_init,variant_ablation,,input/synthetic/synthetic_80.txt,synthetic,1,irace_final,720.000000,600.000000,120.000000,137454,137454,137454,0.000000,0.000000,603.820358,output/weak_sorted_init/ILS_iRace/weak_sorted_init/seed_001/input/synthetic/synthetic_80.txt,,,9ea0e7a5f98a8ece5c8f0f2ac53db4f323a53fed,true,3.11.2,Linux-6.1.0-49-cloud-amd64-x86_64-with-glibc2.36,
ok,ILS_iRace,weak_sorted_init,weak_sorted_init,variant_ablation,,input/synthetic/synthetic_80.txt,synthetic,12,irace_final,720.000000,600.000000,120.000000,137454,137454,137454,0.000000,0.000000,603.742934,output/weak_sorted_init/ILS_iRace/weak_sorted_init/seed_012/input/synthetic/synthetic_80.txt,,,9ea0e7a5f98a8ece5c8f0f2ac53db4f323a53fed,true,3.11.2,Linux-6.1.0-49-cloud-amd64-x86_64-with-glibc2.36,
ok,ILS_iRace,weak_sorted_init,weak_sorted_init,variant_ablation,,input/synthetic/synthetic_80.txt,synthetic,23,irace_final,720.000000,600.000000,120.000000,137454,137454,137454,0.000000,0.000000,603.488813,output/weak_sorted_init/ILS_iRace/weak_sorted_init/seed_023/input/synthetic/synthetic_80.txt,,,9ea0e7a5f98a8ece5c8f0f2ac53db4f323a53fed,true,3.11.2,Linux-6.1.0-49-cloud-amd64-x86_64-with-glibc2.36,
ok,ILS_iRace,weak_sorted_init,weak_sorted_init,variant_ablation,,input/synthetic/synthetic_80.txt,synthetic,34,irace_final,720.000000,600.000000,120.000000,137454,137454,137454,0.000000,0.000000,604.036762,output/weak_sorted_init/ILS_iRace/weak_sorted_init/seed_034/input/synthetic/synthetic_80.txt,,,9ea0e7a5f98a8ece5c8f0f2ac53db4f323a53fed,true,3.11.2,Linux-6.1.0-49-cloud-amd64-x86_64-with-glibc2.36,
ok,ILS_iRace,weak_sorted_init,weak_sorted_init,variant_ablation,,input/synthetic/synthetic_80.txt,synthetic,45,irace_final,720.000000,600.000000,120.000000,137454,137454,137454,0.000000,0.000000,604.454333,output/weak_sorted_init/ILS_iRace/weak_sorted_init/seed_045/input/synthetic/synthetic_80.txt,,,9ea0e7a5f98a8ece5c8f0f2ac53db4f323a53fed,true,3.11.2,Linux-6.1.0-49-cloud-amd64-x86_64-with-glibc2.36,
ok,ILS_iRace,weak_sorted_init,weak_sorted_init,variant_ablation,,input/synthetic/synthetic_80.txt,synthetic,56,irace_final,720.000000,600.000000,120.000000,137454,137454,137454,0.000000,0.000000,604.028502,output/weak_sorted_init/ILS_iRace/weak_sorted_init/seed_056/input/synthetic/synthetic_80.txt,,,9ea0e7a5f98a8ece5c8f0f2ac53db4f323a53fed,true,3.11.2,Linux-6.1.0-49-cloud-amd64-x86_64-with-glibc2.36,
ok,ILS_iRace,weak_sorted_init,weak_sorted_init,variant_ablation,,input/synthetic/synthetic_80.txt,synthetic,67,irace_final,720.000000,600.000000,120.000000,137454,137454,137454,0.000000,0.000000,602.908234,output/weak_sorted_init/ILS_iRace/weak_sorted_init/seed_067/input/synthetic/synthetic_80.txt,,,9ea0e7a5f98a8ece5c8f0f2ac53db4f323a53fed,true,3.11.2,Linux-6.1.0-49-cloud-amd64-x86_64-with-glibc2.36,
ok,ILS_iRace,weak_sorted_init,weak_sorted_init,variant_ablation,,input/synthetic/synthetic_80.txt,synthetic,78,irace_final,720.000000,600.000000,120.000000,137454,137454,137454,0.000000,0.000000,603.515214,output/weak_sorted_init/ILS_iRace/weak_sorted_init/seed_078/input/synthetic/synthetic_80.txt,,,9ea0e7a5f98a8ece5c8f0f2ac53db4f323a53fed,true,3.11.2,Linux-6.1.0-49-cloud-amd64-x86_64-with-glibc2.36,
ok,ILS_iRace,weak_sorted_init,weak_sorted_init,variant_ablation,,input/synthetic/synthetic_80.txt,synthetic,89,irace_final,720.000000,600.000000,120.000000,137454,137454,137454,0.000000,0.000000,603.821358,output/weak_sorted_init/ILS_iRace/weak_sorted_init/seed_089/input/synthetic/synthetic_80.txt,,,9ea0e7a5f98a8ece5c8f0f2ac53db4f323a53fed,true,3.11.2,Linux-6.1.0-49-cloud-amd64-x86_64-with-glibc2.36,
ok,ILS_iRace,weak_sorted_init,weak_sorted_init,variant_ablation,,input/synthetic/synthetic_80.txt,synthetic,100,irace_final,720.000000,600.000000,120.000000,137454,137454,137454,0.000000,0.000000,603.618413,output/weak_sorted_init/ILS_iRace/weak_sorted_init/seed_100/input/synthetic/synthetic_80.txt,,,9ea0e7a5f98a8ece5c8f0f2ac53db4f323a53fed,true,3.11.2,Linux-6.1.0-49-cloud-amd64-x86_64-with-glibc2.36,
ok,ILS_iRace,weak_sorted_init,weak_sorted_init,variant_ablation,,input/synthetic/synthetic_85.txt,synthetic,1,irace_final,720.000000,600.000000,120.000000,2597661,2597661,2597661,0.000000,0.000000,600.024263,output/weak_sorted_init/ILS_iRace/weak_sorted_init/seed_001/input/synthetic/synthetic_85.txt,,,9ea0e7a5f98a8ece5c8f0f2ac53db4f323a53fed,true,3.11.2,Linux-6.1.0-49-cloud-amd64-x86_64-with-glibc2.36,
ok,ILS_iRace,weak_sorted_init,weak_sorted_init,variant_ablation,,input/synthetic/synthetic_85.txt,synthetic,12,irace_final,720.000000,600.000000,120.000000,2597661,2597661,2597661,0.000000,0.000000,600.018065,output/weak_sorted_init/ILS_iRace/weak_sorted_init/seed_012/input/synthetic/synthetic_85.txt,,,9ea0e7a5f98a8ece5c8f0f2ac53db4f323a53fed,true,3.11.2,Linux-6.1.0-49-cloud-amd64-x86_64-with-glibc2.36,
ok,ILS_iRace,weak_sorted_init,weak_sorted_init,variant_ablation,,input/synthetic/synthetic_85.txt,synthetic,23,irace_final,720.000000,600.000000,120.000000,2597661,2597661,2597661,0.000000,0.000000,600.023910,output/weak_sorted_init/ILS_iRace/weak_sorted_init/seed_023/input/synthetic/synthetic_85.txt,,,9ea0e7a5f98a8ece5c8f0f2ac53db4f323a53fed,true,3.11.2,Linux-6.1.0-49-cloud-amd64-x86_64-with-glibc2.36,
ok,ILS_iRace,weak_sorted_init,weak_sorted_init,variant_ablation,,input/synthetic/synthetic_85.txt,synthetic,34,irace_final,720.000000,600.000000,120.000000,2597661,2597661,2597661,0.000000,0.000000,600.019222,output/weak_sorted_init/ILS_iRace/weak_sorted_init/seed_034/input/synthetic/synthetic_85.txt,,,9ea0e7a5f98a8ece5c8f0f2ac53db4f323a53fed,true,3.11.2,Linux-6.1.0-49-cloud-amd64-x86_64-with-glibc2.36,
ok,ILS_iRace,weak_sorted_init,weak_sorted_init,variant_ablation,,input/synthetic/synthetic_85.txt,synthetic,45,irace_final,720.000000,600.000000,120.000000,2597661,2597661,2597661,0.000000,0.000000,600.018116,output/weak_sorted_init/ILS_iRace/weak_sorted_init/seed_045/input/synthetic/synthetic_85.txt,,,9ea0e7a5f98a8ece5c8f0f2ac53db4f323a53fed,true,3.11.2,Linux-6.1.0-49-cloud-amd64-x86_64-with-glibc2.36,
ok,ILS_iRace,weak_sorted_init,weak_sorted_init,variant_ablation,,input/synthetic/synthetic_85.txt,synthetic,56,irace_final,720.000000,600.000000,120.000000,2597661,2597661,2597661,0.000000,0.000000,600.019055,output/weak_sorted_init/ILS_iRace/weak_sorted_init/seed_056/input/synthetic/synthetic_85.txt,,,9ea0e7a5f98a8ece5c8f0f2ac53db4f323a53fed,true,3.11.2,Linux-6.1.0-49-cloud-amd64-x86_64-with-glibc2.36,
ok,ILS_iRace,weak_sorted_init,weak_sorted_init,variant_ablation,,input/synthetic/synthetic_85.txt,synthetic,67,irace_final,720.000000,600.000000,120.000000,2597661,2597661,2597661,0.000000,0.000000,600.023514,output/weak_sorted_init/ILS_iRace/weak_sorted_init/seed_067/input/synthetic/synthetic_85.txt,,,9ea0e7a5f98a8ece5c8f0f2ac53db4f323a53fed,true,3.11.2,Linux-6.1.0-49-cloud-amd64-x86_64-with-glibc2.36,
ok,ILS_iRace,weak_sorted_init,weak_sorted_init,variant_ablation,,input/synthetic/synthetic_85.txt,synthetic,78,irace_final,720.000000,600.000000,120.000000,2597661,2597661,2597661,0.000000,0.000000,600.017526,output/weak_sorted_init/ILS_iRace/weak_sorted_init/seed_078/input/synthetic/synthetic_85.txt,,,9ea0e7a5f98a8ece5c8f0f2ac53db4f323a53fed,true,3.11.2,Linux-6.1.0-49-cloud-amd64-x86_64-with-glibc2.36,
ok,ILS_iRace,weak_sorted_init,weak_sorted_init,variant_ablation,,input/synthetic/synthetic_85.txt,synthetic,89,irace_final,720.000000,600.000000,120.000000,2597661,2597661,2597661,0.000000,0.000000,600.017910,output/weak_sorted_init/ILS_iRace/weak_sorted_init/seed_089/input/synthetic/synthetic_85.txt,,,9ea0e7a5f98a8ece5c8f0f2ac53db4f323a53fed,true,3.11.2,Linux-6.1.0-49-cloud-amd64-x86_64-with-glibc2.36,
ok,ILS_iRace,weak_sorted_init,weak_sorted_init,variant_ablation,,input/synthetic/synthetic_85.txt,synthetic,100,irace_final,720.000000,600.000000,120.000000,2597661,2597661,2597661,0.000000,0.000000,600.018454,output/weak_sorted_init/ILS_iRace/weak_sorted_init/seed_100/input/synthetic/synthetic_85.txt,,,9ea0e7a5f98a8ece5c8f0f2ac53db4f323a53fed,true,3.11.2,Linux-6.1.0-49-cloud-amd64-x86_64-with-glibc2.36,
ok,ILS_iRace,weak_sorted_init,weak_sorted_init,variant_ablation,,input/synthetic/synthetic_90.txt,synthetic,1,irace_final,720.000000,600.000000,120.000000,177088,177823,177823,0.000000,0.415048,600.760600,output/weak_sorted_init/ILS_iRace/weak_sorted_init/seed_001/input/synthetic/synthetic_90.txt,,,9ea0e7a5f98a8ece5c8f0f2ac53db4f323a53fed,true,3.11.2,Linux-6.1.0-49-cloud-amd64-x86_64-with-glibc2.36,
ok,ILS_iRace,weak_sorted_init,weak_sorted_init,variant_ablation,,input/synthetic/synthetic_90.txt,synthetic,12,irace_final,720.000000,600.000000,120.000000,177088,177823,177823,0.000000,0.415048,600.855700,output/weak_sorted_init/ILS_iRace/weak_sorted_init/seed_012/input/synthetic/synthetic_90.txt,,,9ea0e7a5f98a8ece5c8f0f2ac53db4f323a53fed,true,3.11.2,Linux-6.1.0-49-cloud-amd64-x86_64-with-glibc2.36,
ok,ILS_iRace,weak_sorted_init,weak_sorted_init,variant_ablation,,input/synthetic/synthetic_90.txt,synthetic,23,irace_final,720.000000,600.000000,120.000000,177088,177823,177823,0.000000,0.415048,600.971800,output/weak_sorted_init/ILS_iRace/weak_sorted_init/seed_023/input/synthetic/synthetic_90.txt,,,9ea0e7a5f98a8ece5c8f0f2ac53db4f323a53fed,true,3.11.2,Linux-6.1.0-49-cloud-amd64-x86_64-with-glibc2.36,
ok,ILS_iRace,weak_sorted_init,weak_sorted_init,variant_ablation,,input/synthetic/synthetic_90.txt,synthetic,34,irace_final,720.000000,600.000000,120.000000,177088,177823,177823,0.000000,0.415048,600.875549,output/weak_sorted_init/ILS_iRace/weak_sorted_init/seed_034/input/synthetic/synthetic_90.txt,,,9ea0e7a5f98a8ece5c8f0f2ac53db4f323a53fed,true,3.11.2,Linux-6.1.0-49-cloud-amd64-x86_64-with-glibc2.36,
ok,ILS_iRace,weak_sorted_init,weak_sorted_init,variant_ablation,,input/synthetic/synthetic_90.txt,synthetic,45,irace_final,720.000000,600.000000,120.000000,177088,177823,177823,0.000000,0.415048,600.754920,output/weak_sorted_init/ILS_iRace/weak_sorted_init/seed_045/input/synthetic/synthetic_90.txt,,,9ea0e7a5f98a8ece5c8f0f2ac53db4f323a53fed,true,3.11.2,Linux-6.1.0-49-cloud-amd64-x86_64-with-glibc2.36,
ok,ILS_iRace,weak_sorted_init,weak_sorted_init,variant_ablation,,input/synthetic/synthetic_90.txt,synthetic,56,irace_final,720.000000,600.000000,120.000000,177088,177823,177823,0.000000,0.415048,601.078560,output/weak_sorted_init/ILS_iRace/weak_sorted_init/seed_056/input/synthetic/synthetic_90.txt,,,9ea0e7a5f98a8ece5c8f0f2ac53db4f323a53fed,true,3.11.2,Linux-6.1.0-49-cloud-amd64-x86_64-with-glibc2.36,
ok,ILS_iRace,weak_sorted_init,weak_sorted_init,variant_ablation,,input/synthetic/synthetic_90.txt,synthetic,67,irace_final,720.000000,600.000000,120.000000,177088,177823,177823,0.000000,0.415048,600.995557,output/weak_sorted_init/ILS_iRace/weak_sorted_init/seed_067/input/synthetic/synthetic_90.txt,,,9ea0e7a5f98a8ece5c8f0f2ac53db4f323a53fed,true,3.11.2,Linux-6.1.0-49-cloud-amd64-x86_64-with-glibc2.36,
ok,ILS_iRace,weak_sorted_init,weak_sorted_init,variant_ablation,,input/synthetic/synthetic_90.txt,synthetic,78,irace_final,720.000000,600.000000,120.000000,177088,177823,177823,0.000000,0.415048,600.700090,output/weak_sorted_init/ILS_iRace/weak_sorted_init/seed_078/input/synthetic/synthetic_90.txt,,,9ea0e7a5f98a8ece5c8f0f2ac53db4f323a53fed,true,3.11.2,Linux-6.1.0-49-cloud-amd64-x86_64-with-glibc2.36,
ok,ILS_iRace,weak_sorted_init,weak_sorted_init,variant_ablation,,input/synthetic/synthetic_90.txt,synthetic,89,irace_final,720.000000,600.000000,120.000000,177088,177823,177823,0.000000,0.415048,600.879273,output/weak_sorted_init/ILS_iRace/weak_sorted_init/seed_089/input/synthetic/synthetic_90.txt,,,9ea0e7a5f98a8ece5c8f0f2ac53db4f323a53fed,true,3.11.2,Linux-6.1.0-49-cloud-amd64-x86_64-with-glibc2.36,
ok,ILS_iRace,weak_sorted_init,weak_sorted_init,variant_ablation,,input/synthetic/synthetic_90.txt,synthetic,100,irace_final,720.000000,600.000000,120.000000,177088,177823,177823,0.000000,0.415048,600.902818,output/weak_sorted_init/ILS_iRace/weak_sorted_init/seed_100/input/synthetic/synthetic_90.txt,,,9ea0e7a5f98a8ece5c8f0f2ac53db4f323a53fed,true,3.11.2,Linux-6.1.0-49-cloud-amd64-x86_64-with-glibc2.36,
ok,ILS_iRace,weak_sorted_init,weak_sorted_init,variant_ablation,,input/synthetic/synthetic_95.txt,synthetic,1,irace_final,720.000000,600.000000,120.000000,170940,171405,171405,0.000000,0.272025,601.040978,output/weak_sorted_init/ILS_iRace/weak_sorted_init/seed_001/input/synthetic/synthetic_95.txt,,,9ea0e7a5f98a8ece5c8f0f2ac53db4f323a53fed,true,3.11.2,Linux-6.1.0-49-cloud-amd64-x86_64-with-glibc2.36,
ok,ILS_iRace,weak_sorted_init,weak_sorted_init,variant_ablation,,input/synthetic/synthetic_95.txt,synthetic,12,irace_final,720.000000,600.000000,120.000000,170940,171405,171405,0.000000,0.272025,601.176836,output/weak_sorted_init/ILS_iRace/weak_sorted_init/seed_012/input/synthetic/synthetic_95.txt,,,9ea0e7a5f98a8ece5c8f0f2ac53db4f323a53fed,true,3.11.2,Linux-6.1.0-49-cloud-amd64-x86_64-with-glibc2.36,
ok,ILS_iRace,weak_sorted_init,weak_sorted_init,variant_ablation,,input/synthetic/synthetic_95.txt,synthetic,23,irace_final,720.000000,600.000000,120.000000,170940,171405,171405,0.000000,0.272025,600.801045,output/weak_sorted_init/ILS_iRace/weak_sorted_init/seed_023/input/synthetic/synthetic_95.txt,,,9ea0e7a5f98a8ece5c8f0f2ac53db4f323a53fed,true,3.11.2,Linux-6.1.0-49-cloud-amd64-x86_64-with-glibc2.36,
ok,ILS_iRace,weak_sorted_init,weak_sorted_init,variant_ablation,,input/synthetic/synthetic_95.txt,synthetic,34,irace_final,720.000000,600.000000,120.000000,170940,171405,171405,0.000000,0.272025,601.019867,output/weak_sorted_init/ILS_iRace/weak_sorted_init/seed_034/input/synthetic/synthetic_95.txt,,,9ea0e7a5f98a8ece5c8f0f2ac53db4f323a53fed,true,3.11.2,Linux-6.1.0-49-cloud-amd64-x86_64-with-glibc2.36,
ok,ILS_iRace,weak_sorted_init,weak_sorted_init,variant_ablation,,input/synthetic/synthetic_95.txt,synthetic,45,irace_final,720.000000,600.000000,120.000000,170940,171405,171405,0.000000,0.272025,601.024443,output/weak_sorted_init/ILS_iRace/weak_sorted_init/seed_045/input/synthetic/synthetic_95.txt,,,9ea0e7a5f98a8ece5c8f0f2ac53db4f323a53fed,true,3.11.2,Linux-6.1.0-49-cloud-amd64-x86_64-with-glibc2.36,
ok,ILS_iRace,weak_sorted_init,weak_sorted_init,variant_ablation,,input/synthetic/synthetic_95.txt,synthetic,56,irace_final,720.000000,600.000000,120.000000,170940,171405,171405,0.000000,0.272025,601.166788,output/weak_sorted_init/ILS_iRace/weak_sorted_init/seed_056/input/synthetic/synthetic_95.txt,,,9ea0e7a5f98a8ece5c8f0f2ac53db4f323a53fed,true,3.11.2,Linux-6.1.0-49-cloud-amd64-x86_64-with-glibc2.36,
ok,ILS_iRace,weak_sorted_init,weak_sorted_init,variant_ablation,,input/synthetic/synthetic_95.txt,synthetic,67,irace_final,720.000000,600.000000,120.000000,170940,171405,171405,0.000000,0.272025,601.080699,output/weak_sorted_init/ILS_iRace/weak_sorted_init/seed_067/input/synthetic/synthetic_95.txt,,,9ea0e7a5f98a8ece5c8f0f2ac53db4f323a53fed,true,3.11.2,Linux-6.1.0-49-cloud-amd64-x86_64-with-glibc2.36,
ok,ILS_iRace,weak_sorted_init,weak_sorted_init,variant_ablation,,input/synthetic/synthetic_95.txt,synthetic,78,irace_final,720.000000,600.000000,120.000000,170940,171405,171405,0.000000,0.272025,600.746721,output/weak_sorted_init/ILS_iRace/weak_sorted_init/seed_078/input/synthetic/synthetic_95.txt,,,9ea0e7a5f98a8ece5c8f0f2ac53db4f323a53fed,true,3.11.2,Linux-6.1.0-49-cloud-amd64-x86_64-with-glibc2.36,
ok,ILS_iRace,weak_sorted_init,weak_sorted_init,variant_ablation,,input/synthetic/synthetic_95.txt,synthetic,89,irace_final,720.000000,600.000000,120.000000,170940,171405,171405,0.000000,0.272025,600.639625,output/weak_sorted_init/ILS_iRace/weak_sorted_init/seed_089/input/synthetic/synthetic_95.txt,,,9ea0e7a5f98a8ece5c8f0f2ac53db4f323a53fed,true,3.11.2,Linux-6.1.0-49-cloud-amd64-x86_64-with-glibc2.36,
ok,ILS_iRace,weak_sorted_init,weak_sorted_init,variant_ablation,,input/synthetic/synthetic_95.txt,synthetic,100,irace_final,720.000000,600.000000,120.000000,170940,171405,171405,0.000000,0.272025,600.962224,output/weak_sorted_init/ILS_iRace/weak_sorted_init/seed_100/input/synthetic/synthetic_95.txt,,,9ea0e7a5f98a8ece5c8f0f2ac53db4f323a53fed,true,3.11.2,Linux-6.1.0-49-cloud-amd64-x86_64-with-glibc2.36,
ok,ILS_iRace,weak_sorted_init,weak_sorted_init,variant_ablation,,input/synthetic/synthetic_100.txt,synthetic,1,irace_final,720.000000,600.000000,120.000000,156794,156794,156794,0.000000,0.000000,605.894534,output/weak_sorted_init/ILS_iRace/weak_sorted_init/seed_001/input/synthetic/synthetic_100.txt,,,9ea0e7a5f98a8ece5c8f0f2ac53db4f323a53fed,true,3.11.2,Linux-6.1.0-49-cloud-amd64-x86_64-with-glibc2.36,
ok,ILS_iRace,weak_sorted_init,weak_sorted_init,variant_ablation,,input/synthetic/synthetic_100.txt,synthetic,12,irace_final,720.000000,600.000000,120.000000,156794,156794,156794,0.000000,0.000000,604.034514,output/weak_sorted_init/ILS_iRace/weak_sorted_init/seed_012/input/synthetic/synthetic_100.txt,,,9ea0e7a5f98a8ece5c8f0f2ac53db4f323a53fed,true,3.11.2,Linux-6.1.0-49-cloud-amd64-x86_64-with-glibc2.36,
ok,ILS_iRace,weak_sorted_init,weak_sorted_init,variant_ablation,,input/synthetic/synthetic_100.txt,synthetic,23,irace_final,720.000000,600.000000,120.000000,156794,156794,156794,0.000000,0.000000,602.501454,output/weak_sorted_init/ILS_iRace/weak_sorted_init/seed_023/input/synthetic/synthetic_100.txt,,,9ea0e7a5f98a8ece5c8f0f2ac53db4f323a53fed,true,3.11.2,Linux-6.1.0-49-cloud-amd64-x86_64-with-glibc2.36,
ok,ILS_iRace,weak_sorted_init,weak_sorted_init,variant_ablation,,input/synthetic/synthetic_100.txt,synthetic,34,irace_final,720.000000,600.000000,120.000000,156794,156794,156794,0.000000,0.000000,602.776805,output/weak_sorted_init/ILS_iRace/weak_sorted_init/seed_034/input/synthetic/synthetic_100.txt,,,9ea0e7a5f98a8ece5c8f0f2ac53db4f323a53fed,true,3.11.2,Linux-6.1.0-49-cloud-amd64-x86_64-with-glibc2.36,
ok,ILS_iRace,weak_sorted_init,weak_sorted_init,variant_ablation,,input/synthetic/synthetic_100.txt,synthetic,45,irace_final,720.000000,600.000000,120.000000,156794,156794,156794,0.000000,0.000000,603.686092,output/weak_sorted_init/ILS_iRace/weak_sorted_init/seed_045/input/synthetic/synthetic_100.txt,,,9ea0e7a5f98a8ece5c8f0f2ac53db4f323a53fed,true,3.11.2,Linux-6.1.0-49-cloud-amd64-x86_64-with-glibc2.36,
ok,ILS_iRace,weak_sorted_init,weak_sorted_init,variant_ablation,,input/synthetic/synthetic_100.txt,synthetic,56,irace_final,720.000000,600.000000,120.000000,156794,156794,156794,0.000000,0.000000,604.198783,output/weak_sorted_init/ILS_iRace/weak_sorted_init/seed_056/input/synthetic/synthetic_100.txt,,,9ea0e7a5f98a8ece5c8f0f2ac53db4f323a53fed,true,3.11.2,Linux-6.1.0-49-cloud-amd64-x86_64-with-glibc2.36,
ok,ILS_iRace,weak_sorted_init,weak_sorted_init,variant_ablation,,input/synthetic/synthetic_100.txt,synthetic,67,irace_final,720.000000,600.000000,120.000000,156794,156794,156794,0.000000,0.000000,603.083902,output/weak_sorted_init/ILS_iRace/weak_sorted_init/seed_067/input/synthetic/synthetic_100.txt,,,9ea0e7a5f98a8ece5c8f0f2ac53db4f323a53fed,true,3.11.2,Linux-6.1.0-49-cloud-amd64-x86_64-with-glibc2.36,
ok,ILS_iRace,weak_sorted_init,weak_sorted_init,variant_ablation,,input/synthetic/synthetic_100.txt,synthetic,78,irace_final,720.000000,600.000000,120.000000,156794,156794,156794,0.000000,0.000000,604.322290,output/weak_sorted_init/ILS_iRace/weak_sorted_init/seed_078/input/synthetic/synthetic_100.txt,,,9ea0e7a5f98a8ece5c8f0f2ac53db4f323a53fed,true,3.11.2,Linux-6.1.0-49-cloud-amd64-x86_64-with-glibc2.36,
ok,ILS_iRace,weak_sorted_init,weak_sorted_init,variant_ablation,,input/synthetic/synthetic_100.txt,synthetic,89,irace_final,720.000000,600.000000,120.000000,156794,156794,156794,0.000000,0.000000,603.018831,output/weak_sorted_init/ILS_iRace/weak_sorted_init/seed_089/input/synthetic/synthetic_100.txt,,,9ea0e7a5f98a8ece5c8f0f2ac53db4f323a53fed,true,3.11.2,Linux-6.1.0-49-cloud-amd64-x86_64-with-glibc2.36,
ok,ILS_iRace,weak_sorted_init,weak_sorted_init,variant_ablation,,input/synthetic/synthetic_100.txt,synthetic,100,irace_final,720.000000,600.000000,120.000000,156794,156794,156794,0.000000,0.000000,603.485285,output/weak_sorted_init/ILS_iRace/weak_sorted_init/seed_100/input/synthetic/synthetic_100.txt,,,9ea0e7a5f98a8ece5c8f0f2ac53db4f323a53fed,true,3.11.2,Linux-6.1.0-49-cloud-amd64-x86_64-with-glibc2.36,
ok,ILS_iRace,weak_sorted_init,weak_sorted_init,variant_ablation,,input/synthetic/synthetic_105.txt,synthetic,1,irace_final,720.000000,600.000000,120.000000,8472179,8490974,8558652,0.790755,0.221844,600.434439,output/weak_sorted_init/ILS_iRace/weak_sorted_init/seed_001/input/synthetic/synthetic_105.txt,,,9ea0e7a5f98a8ece5c8f0f2ac53db4f323a53fed,true,3.11.2,Linux-6.1.0-49-cloud-amd64-x86_64-with-glibc2.36,
ok,ILS_iRace,weak_sorted_init,weak_sorted_init,variant_ablation,,input/synthetic/synthetic_105.txt,synthetic,12,irace_final,720.000000,600.000000,120.000000,8472179,8490974,8558652,0.790755,0.221844,600.526493,output/weak_sorted_init/ILS_iRace/weak_sorted_init/seed_012/input/synthetic/synthetic_105.txt,,,9ea0e7a5f98a8ece5c8f0f2ac53db4f323a53fed,true,3.11.2,Linux-6.1.0-49-cloud-amd64-x86_64-with-glibc2.36,
ok,ILS_iRace,weak_sorted_init,weak_sorted_init,variant_ablation,,input/synthetic/synthetic_105.txt,synthetic,23,irace_final,720.000000,600.000000,120.000000,8472179,8490974,8558652,0.790755,0.221844,600.531813,output/weak_sorted_init/ILS_iRace/weak_sorted_init/seed_023/input/synthetic/synthetic_105.txt,,,9ea0e7a5f98a8ece5c8f0f2ac53db4f323a53fed,true,3.11.2,Linux-6.1.0-49-cloud-amd64-x86_64-with-glibc2.36,
ok,ILS_iRace,weak_sorted_init,weak_sorted_init,variant_ablation,,input/synthetic/synthetic_105.txt,synthetic,34,irace_final,720.000000,600.000000,120.000000,8472179,8490974,8558652,0.790755,0.221844,600.318598,output/weak_sorted_init/ILS_iRace/weak_sorted_init/seed_034/input/synthetic/synthetic_105.txt,,,9ea0e7a5f98a8ece5c8f0f2ac53db4f323a53fed,true,3.11.2,Linux-6.1.0-49-cloud-amd64-x86_64-with-glibc2.36,
ok,ILS_iRace,weak_sorted_init,weak_sorted_init,variant_ablation,,input/synthetic/synthetic_105.txt,synthetic,45,irace_final,720.000000,600.000000,120.000000,8472179,8490974,8558652,0.790755,0.221844,600.484359,output/weak_sorted_init/ILS_iRace/weak_sorted_init/seed_045/input/synthetic/synthetic_105.txt,,,9ea0e7a5f98a8ece5c8f0f2ac53db4f323a53fed,true,3.11.2,Linux-6.1.0-49-cloud-amd64-x86_64-with-glibc2.36,
ok,ILS_iRace,weak_sorted_init,weak_sorted_init,variant_ablation,,input/synthetic/synthetic_105.txt,synthetic,56,irace_final,720.000000,600.000000,120.000000,8472179,8490974,8558652,0.790755,0.221844,600.500298,output/weak_sorted_init/ILS_iRace/weak_sorted_init/seed_056/input/synthetic/synthetic_105.txt,,,9ea0e7a5f98a8ece5c8f0f2ac53db4f323a53fed,true,3.11.2,Linux-6.1.0-49-cloud-amd64-x86_64-with-glibc2.36,
ok,ILS_iRace,weak_sorted_init,weak_sorted_init,variant_ablation,,input/synthetic/synthetic_105.txt,synthetic,67,irace_final,720.000000,600.000000,120.000000,8472179,8490974,8558652,0.790755,0.221844,600.655133,output/weak_sorted_init/ILS_iRace/weak_sorted_init/seed_067/input/synthetic/synthetic_105.txt,,,9ea0e7a5f98a8ece5c8f0f2ac53db4f323a53fed,true,3.11.2,Linux-6.1.0-49-cloud-amd64-x86_64-with-glibc2.36,
ok,ILS_iRace,weak_sorted_init,weak_sorted_init,variant_ablation,,input/synthetic/synthetic_105.txt,synthetic,78,irace_final,720.000000,600.000000,120.000000,8472179,8490974,8558652,0.790755,0.221844,600.421104,output/weak_sorted_init/ILS_iRace/weak_sorted_init/seed_078/input/synthetic/synthetic_105.txt,,,9ea0e7a5f98a8ece5c8f0f2ac53db4f323a53fed,true,3.11.2,Linux-6.1.0-49-cloud-amd64-x86_64-with-glibc2.36,
ok,ILS_iRace,weak_sorted_init,weak_sorted_init,variant_ablation,,input/synthetic/synthetic_105.txt,synthetic,89,irace_final,720.000000,600.000000,120.000000,8472179,8490974,8558652,0.790755,0.221844,600.700705,output/weak_sorted_init/ILS_iRace/weak_sorted_init/seed_089/input/synthetic/synthetic_105.txt,,,9ea0e7a5f98a8ece5c8f0f2ac53db4f323a53fed,true,3.11.2,Linux-6.1.0-49-cloud-amd64-x86_64-with-glibc2.36,
ok,ILS_iRace,weak_sorted_init,weak_sorted_init,variant_ablation,,input/synthetic/synthetic_105.txt,synthetic,100,irace_final,720.000000,600.000000,120.000000,8472179,8490974,8558652,0.790755,0.221844,600.652287,output/weak_sorted_init/ILS_iRace/weak_sorted_init/seed_100/input/synthetic/synthetic_105.txt,,,9ea0e7a5f98a8ece5c8f0f2ac53db4f323a53fed,true,3.11.2,Linux-6.1.0-49-cloud-amd64-x86_64-with-glibc2.36,
ok,ILS_iRace,weak_sorted_init,weak_sorted_init,variant_ablation,,input/synthetic/synthetic_110.txt,synthetic,1,irace_final,720.000000,600.000000,120.000000,3068764,3326700,14805607,77.530810,8.405208,604.160824,output/weak_sorted_init/ILS_iRace/weak_sorted_init/seed_001/input/synthetic/synthetic_110.txt,,,9ea0e7a5f98a8ece5c8f0f2ac53db4f323a53fed,true,3.11.2,Linux-6.1.0-49-cloud-amd64-x86_64-with-glibc2.36,
ok,ILS_iRace,weak_sorted_init,weak_sorted_init,variant_ablation,,input/synthetic/synthetic_110.txt,synthetic,12,irace_final,720.000000,600.000000,120.000000,3068764,3337512,14805607,77.457783,8.757532,603.212094,output/weak_sorted_init/ILS_iRace/weak_sorted_init/seed_012/input/synthetic/synthetic_110.txt,,,9ea0e7a5f98a8ece5c8f0f2ac53db4f323a53fed,true,3.11.2,Linux-6.1.0-49-cloud-amd64-x86_64-with-glibc2.36,
ok,ILS_iRace,weak_sorted_init,weak_sorted_init,variant_ablation,,input/synthetic/synthetic_110.txt,synthetic,23,irace_final,720.000000,600.000000,120.000000,3068764,3349547,14805607,77.376497,9.149710,604.229178,output/weak_sorted_init/ILS_iRace/weak_sorted_init/seed_023/input/synthetic/synthetic_110.txt,,,9ea0e7a5f98a8ece5c8f0f2ac53db4f323a53fed,true,3.11.2,Linux-6.1.0-49-cloud-amd64-x86_64-with-glibc2.36,
ok,ILS_iRace,weak_sorted_init,weak_sorted_init,variant_ablation,,input/synthetic/synthetic_110.txt,synthetic,34,irace_final,720.000000,600.000000,120.000000,3068764,3340200,14805607,77.439628,8.845125,604.416035,output/weak_sorted_init/ILS_iRace/weak_sorted_init/seed_034/input/synthetic/synthetic_110.txt,,,9ea0e7a5f98a8ece5c8f0f2ac53db4f323a53fed,true,3.11.2,Linux-6.1.0-49-cloud-amd64-x86_64-with-glibc2.36,
ok,ILS_iRace,weak_sorted_init,weak_sorted_init,variant_ablation,,input/synthetic/synthetic_110.txt,synthetic,45,irace_final,720.000000,600.000000,120.000000,3068764,3337299,14805607,77.459222,8.750591,603.026245,output/weak_sorted_init/ILS_iRace/weak_sorted_init/seed_045/input/synthetic/synthetic_110.txt,,,9ea0e7a5f98a8ece5c8f0f2ac53db4f323a53fed,true,3.11.2,Linux-6.1.0-49-cloud-amd64-x86_64-with-glibc2.36,
ok,ILS_iRace,weak_sorted_init,weak_sorted_init,variant_ablation,,input/synthetic/synthetic_110.txt,synthetic,56,irace_final,720.000000,600.000000,120.000000,3068764,3337630,14805607,77.456986,8.761378,604.107971,output/weak_sorted_init/ILS_iRace/weak_sorted_init/seed_056/input/synthetic/synthetic_110.txt,,,9ea0e7a5f98a8ece5c8f0f2ac53db4f323a53fed,true,3.11.2,Linux-6.1.0-49-cloud-amd64-x86_64-with-glibc2.36,
ok,ILS_iRace,weak_sorted_init,weak_sorted_init,variant_ablation,,input/synthetic/synthetic_110.txt,synthetic,67,irace_final,720.000000,600.000000,120.000000,3068764,3340355,14805607,77.438581,8.850176,604.059122,output/weak_sorted_init/ILS_iRace/weak_sorted_init/seed_067/input/synthetic/synthetic_110.txt,,,9ea0e7a5f98a8ece5c8f0f2ac53db4f323a53fed,true,3.11.2,Linux-6.1.0-49-cloud-amd64-x86_64-with-glibc2.36,
ok,ILS_iRace,weak_sorted_init,weak_sorted_init,variant_ablation,,input/synthetic/synthetic_110.txt,synthetic,78,irace_final,720.000000,600.000000,120.000000,3068764,3328583,14805607,77.518092,8.466568,603.849356,output/weak_sorted_init/ILS_iRace/weak_sorted_init/seed_078/input/synthetic/synthetic_110.txt,,,9ea0e7a5f98a8ece5c8f0f2ac53db4f323a53fed,true,3.11.2,Linux-6.1.0-49-cloud-amd64-x86_64-with-glibc2.36,
ok,ILS_iRace,weak_sorted_init,weak_sorted_init,variant_ablation,,input/synthetic/synthetic_110.txt,synthetic,89,irace_final,720.000000,600.000000,120.000000,3068764,3337794,14805607,77.455879,8.766722,603.003530,output/weak_sorted_init/ILS_iRace/weak_sorted_init/seed_089/input/synthetic/synthetic_110.txt,,,9ea0e7a5f98a8ece5c8f0f2ac53db4f323a53fed,true,3.11.2,Linux-6.1.0-49-cloud-amd64-x86_64-with-glibc2.36,
ok,ILS_iRace,weak_sorted_init,weak_sorted_init,variant_ablation,,input/synthetic/synthetic_110.txt,synthetic,100,irace_final,720.000000,600.000000,120.000000,3068764,3349755,14805607,77.375092,9.156488,602.708680,output/weak_sorted_init/ILS_iRace/weak_sorted_init/seed_100/input/synthetic/synthetic_110.txt,,,9ea0e7a5f98a8ece5c8f0f2ac53db4f323a53fed,true,3.11.2,Linux-6.1.0-49-cloud-amd64-x86_64-with-glibc2.36,
ok,ILS_iRace,weak_sorted_init,weak_sorted_init,variant_ablation,,input/synthetic/synthetic_115.txt,synthetic,1,irace_final,720.000000,600.000000,120.000000,345277,345277,345277,0.000000,0.000000,604.215486,output/weak_sorted_init/ILS_iRace/weak_sorted_init/seed_001/input/synthetic/synthetic_115.txt,,,9ea0e7a5f98a8ece5c8f0f2ac53db4f323a53fed,true,3.11.2,Linux-6.1.0-49-cloud-amd64-x86_64-with-glibc2.36,
ok,ILS_iRace,weak_sorted_init,weak_sorted_init,variant_ablation,,input/synthetic/synthetic_115.txt,synthetic,12,irace_final,720.000000,600.000000,120.000000,345277,345277,345277,0.000000,0.000000,602.985257,output/weak_sorted_init/ILS_iRace/weak_sorted_init/seed_012/input/synthetic/synthetic_115.txt,,,9ea0e7a5f98a8ece5c8f0f2ac53db4f323a53fed,true,3.11.2,Linux-6.1.0-49-cloud-amd64-x86_64-with-glibc2.36,
ok,ILS_iRace,weak_sorted_init,weak_sorted_init,variant_ablation,,input/synthetic/synthetic_115.txt,synthetic,23,irace_final,720.000000,600.000000,120.000000,345277,345277,345277,0.000000,0.000000,604.014650,output/weak_sorted_init/ILS_iRace/weak_sorted_init/seed_023/input/synthetic/synthetic_115.txt,,,9ea0e7a5f98a8ece5c8f0f2ac53db4f323a53fed,true,3.11.2,Linux-6.1.0-49-cloud-amd64-x86_64-with-glibc2.36,
ok,ILS_iRace,weak_sorted_init,weak_sorted_init,variant_ablation,,input/synthetic/synthetic_115.txt,synthetic,34,irace_final,720.000000,600.000000,120.000000,345277,345277,345277,0.000000,0.000000,602.593391,output/weak_sorted_init/ILS_iRace/weak_sorted_init/seed_034/input/synthetic/synthetic_115.txt,,,9ea0e7a5f98a8ece5c8f0f2ac53db4f323a53fed,true,3.11.2,Linux-6.1.0-49-cloud-amd64-x86_64-with-glibc2.36,
ok,ILS_iRace,weak_sorted_init,weak_sorted_init,variant_ablation,,input/synthetic/synthetic_115.txt,synthetic,45,irace_final,720.000000,600.000000,120.000000,345277,345277,345277,0.000000,0.000000,604.985976,output/weak_sorted_init/ILS_iRace/weak_sorted_init/seed_045/input/synthetic/synthetic_115.txt,,,9ea0e7a5f98a8ece5c8f0f2ac53db4f323a53fed,true,3.11.2,Linux-6.1.0-49-cloud-amd64-x86_64-with-glibc2.36,
ok,ILS_iRace,weak_sorted_init,weak_sorted_init,variant_ablation,,input/synthetic/synthetic_115.txt,synthetic,56,irace_final,720.000000,600.000000,120.000000,345277,345277,345277,0.000000,0.000000,603.969888,output/weak_sorted_init/ILS_iRace/weak_sorted_init/seed_056/input/synthetic/synthetic_115.txt,,,9ea0e7a5f98a8ece5c8f0f2ac53db4f323a53fed,true,3.11.2,Linux-6.1.0-49-cloud-amd64-x86_64-with-glibc2.36,
ok,ILS_iRace,weak_sorted_init,weak_sorted_init,variant_ablation,,input/synthetic/synthetic_115.txt,synthetic,67,irace_final,720.000000,600.000000,120.000000,345277,345277,345277,0.000000,0.000000,603.736667,output/weak_sorted_init/ILS_iRace/weak_sorted_init/seed_067/input/synthetic/synthetic_115.txt,,,9ea0e7a5f98a8ece5c8f0f2ac53db4f323a53fed,true,3.11.2,Linux-6.1.0-49-cloud-amd64-x86_64-with-glibc2.36,
ok,ILS_iRace,weak_sorted_init,weak_sorted_init,variant_ablation,,input/synthetic/synthetic_115.txt,synthetic,78,irace_final,720.000000,600.000000,120.000000,345277,345277,345277,0.000000,0.000000,602.691614,output/weak_sorted_init/ILS_iRace/weak_sorted_init/seed_078/input/synthetic/synthetic_115.txt,,,9ea0e7a5f98a8ece5c8f0f2ac53db4f323a53fed,true,3.11.2,Linux-6.1.0-49-cloud-amd64-x86_64-with-glibc2.36,
ok,ILS_iRace,weak_sorted_init,weak_sorted_init,variant_ablation,,input/synthetic/synthetic_115.txt,synthetic,89,irace_final,720.000000,600.000000,120.000000,345277,345277,345277,0.000000,0.000000,603.723969,output/weak_sorted_init/ILS_iRace/weak_sorted_init/seed_089/input/synthetic/synthetic_115.txt,,,9ea0e7a5f98a8ece5c8f0f2ac53db4f323a53fed,true,3.11.2,Linux-6.1.0-49-cloud-amd64-x86_64-with-glibc2.36,
ok,ILS_iRace,weak_sorted_init,weak_sorted_init,variant_ablation,,input/synthetic/synthetic_115.txt,synthetic,100,irace_final,720.000000,600.000000,120.000000,345277,345277,345277,0.000000,0.000000,604.127912,output/weak_sorted_init/ILS_iRace/weak_sorted_init/seed_100/input/synthetic/synthetic_115.txt,,,9ea0e7a5f98a8ece5c8f0f2ac53db4f323a53fed,true,3.11.2,Linux-6.1.0-49-cloud-amd64-x86_64-with-glibc2.36,
ok,ILS_iRace,weak_sorted_init,weak_sorted_init,variant_ablation,,input/synthetic/synthetic_120.txt,synthetic,1,irace_final,720.000000,600.000000,120.000000,187715,187715,187715,0.000000,0.000000,602.723297,output/weak_sorted_init/ILS_iRace/weak_sorted_init/seed_001/input/synthetic/synthetic_120.txt,,,9ea0e7a5f98a8ece5c8f0f2ac53db4f323a53fed,true,3.11.2,Linux-6.1.0-49-cloud-amd64-x86_64-with-glibc2.36,
ok,ILS_iRace,weak_sorted_init,weak_sorted_init,variant_ablation,,input/synthetic/synthetic_120.txt,synthetic,12,irace_final,720.000000,600.000000,120.000000,187715,187715,187715,0.000000,0.000000,602.957930,output/weak_sorted_init/ILS_iRace/weak_sorted_init/seed_012/input/synthetic/synthetic_120.txt,,,9ea0e7a5f98a8ece5c8f0f2ac53db4f323a53fed,true,3.11.2,Linux-6.1.0-49-cloud-amd64-x86_64-with-glibc2.36,
ok,ILS_iRace,weak_sorted_init,weak_sorted_init,variant_ablation,,input/synthetic/synthetic_120.txt,synthetic,23,irace_final,720.000000,600.000000,120.000000,187715,187715,187715,0.000000,0.000000,602.906686,output/weak_sorted_init/ILS_iRace/weak_sorted_init/seed_023/input/synthetic/synthetic_120.txt,,,9ea0e7a5f98a8ece5c8f0f2ac53db4f323a53fed,true,3.11.2,Linux-6.1.0-49-cloud-amd64-x86_64-with-glibc2.36,
ok,ILS_iRace,weak_sorted_init,weak_sorted_init,variant_ablation,,input/synthetic/synthetic_120.txt,synthetic,34,irace_final,720.000000,600.000000,120.000000,187715,187715,187715,0.000000,0.000000,604.296047,output/weak_sorted_init/ILS_iRace/weak_sorted_init/seed_034/input/synthetic/synthetic_120.txt,,,9ea0e7a5f98a8ece5c8f0f2ac53db4f323a53fed,true,3.11.2,Linux-6.1.0-49-cloud-amd64-x86_64-with-glibc2.36,
ok,ILS_iRace,weak_sorted_init,weak_sorted_init,variant_ablation,,input/synthetic/synthetic_120.txt,synthetic,45,irace_final,720.000000,600.000000,120.000000,187715,187715,187715,0.000000,0.000000,602.850279,output/weak_sorted_init/ILS_iRace/weak_sorted_init/seed_045/input/synthetic/synthetic_120.txt,,,9ea0e7a5f98a8ece5c8f0f2ac53db4f323a53fed,true,3.11.2,Linux-6.1.0-49-cloud-amd64-x86_64-with-glibc2.36,
ok,ILS_iRace,weak_sorted_init,weak_sorted_init,variant_ablation,,input/synthetic/synthetic_120.txt,synthetic,56,irace_final,720.000000,600.000000,120.000000,187715,187715,187715,0.000000,0.000000,603.996382,output/weak_sorted_init/ILS_iRace/weak_sorted_init/seed_056/input/synthetic/synthetic_120.txt,,,9ea0e7a5f98a8ece5c8f0f2ac53db4f323a53fed,true,3.11.2,Linux-6.1.0-49-cloud-amd64-x86_64-with-glibc2.36,
ok,ILS_iRace,weak_sorted_init,weak_sorted_init,variant_ablation,,input/synthetic/synthetic_120.txt,synthetic,67,irace_final,720.000000,600.000000,120.000000,187715,187715,187715,0.000000,0.000000,603.882537,output/weak_sorted_init/ILS_iRace/weak_sorted_init/seed_067/input/synthetic/synthetic_120.txt,,,9ea0e7a5f98a8ece5c8f0f2ac53db4f323a53fed,true,3.11.2,Linux-6.1.0-49-cloud-amd64-x86_64-with-glibc2.36,
ok,ILS_iRace,weak_sorted_init,weak_sorted_init,variant_ablation,,input/synthetic/synthetic_120.txt,synthetic,78,irace_final,720.000000,600.000000,120.000000,187715,187715,187715,0.000000,0.000000,604.238844,output/weak_sorted_init/ILS_iRace/weak_sorted_init/seed_078/input/synthetic/synthetic_120.txt,,,9ea0e7a5f98a8ece5c8f0f2ac53db4f323a53fed,true,3.11.2,Linux-6.1.0-49-cloud-amd64-x86_64-with-glibc2.36,
ok,ILS_iRace,weak_sorted_init,weak_sorted_init,variant_ablation,,input/synthetic/synthetic_120.txt,synthetic,89,irace_final,720.000000,600.000000,120.000000,187715,187715,187715,0.000000,0.000000,604.374677,output/weak_sorted_init/ILS_iRace/weak_sorted_init/seed_089/input/synthetic/synthetic_120.txt,,,9ea0e7a5f98a8ece5c8f0f2ac53db4f323a53fed,true,3.11.2,Linux-6.1.0-49-cloud-amd64-x86_64-with-glibc2.36,
ok,ILS_iRace,weak_sorted_init,weak_sorted_init,variant_ablation,,input/synthetic/synthetic_120.txt,synthetic,100,irace_final,720.000000,600.000000,120.000000,187715,187715,187715,0.000000,0.000000,603.667295,output/weak_sorted_init/ILS_iRace/weak_sorted_init/seed_100/input/synthetic/synthetic_120.txt,,,9ea0e7a5f98a8ece5c8f0f2ac53db4f323a53fed,true,3.11.2,Linux-6.1.0-49-cloud-amd64-x86_64-with-glibc2.36,
ok,ILS_iRace,weak_sorted_init,weak_sorted_init,variant_ablation,,input/synthetic/synthetic_125.txt,synthetic,1,irace_final,720.000000,600.000000,120.000000,330735,330735,330735,0.000000,0.000000,604.268825,output/weak_sorted_init/ILS_iRace/weak_sorted_init/seed_001/input/synthetic/synthetic_125.txt,,,9ea0e7a5f98a8ece5c8f0f2ac53db4f323a53fed,true,3.11.2,Linux-6.1.0-49-cloud-amd64-x86_64-with-glibc2.36,
ok,ILS_iRace,weak_sorted_init,weak_sorted_init,variant_ablation,,input/synthetic/synthetic_125.txt,synthetic,12,irace_final,720.000000,600.000000,120.000000,330735,330735,330735,0.000000,0.000000,604.011611,output/weak_sorted_init/ILS_iRace/weak_sorted_init/seed_012/input/synthetic/synthetic_125.txt,,,9ea0e7a5f98a8ece5c8f0f2ac53db4f323a53fed,true,3.11.2,Linux-6.1.0-49-cloud-amd64-x86_64-with-glibc2.36,
ok,ILS_iRace,weak_sorted_init,weak_sorted_init,variant_ablation,,input/synthetic/synthetic_125.txt,synthetic,34,irace_final,720.000000,600.000000,120.000000,330735,330735,330735,0.000000,0.000000,602.676214,output/weak_sorted_init/ILS_iRace/weak_sorted_init/seed_034/input/synthetic/synthetic_125.txt,,,9ea0e7a5f98a8ece5c8f0f2ac53db4f323a53fed,true,3.11.2,Linux-6.1.0-49-cloud-amd64-x86_64-with-glibc2.36,
ok,ILS_iRace,weak_sorted_init,weak_sorted_init,variant_ablation,,input/synthetic/synthetic_125.txt,synthetic,23,irace_final,720.000000,600.000000,120.000000,330735,330735,330735,0.000000,0.000000,604.024971,output/weak_sorted_init/ILS_iRace/weak_sorted_init/seed_023/input/synthetic/synthetic_125.txt,,,9ea0e7a5f98a8ece5c8f0f2ac53db4f323a53fed,true,3.11.2,Linux-6.1.0-49-cloud-amd64-x86_64-with-glibc2.36,
ok,ILS_iRace,weak_sorted_init,weak_sorted_init,variant_ablation,,input/synthetic/synthetic_125.txt,synthetic,45,irace_final,720.000000,600.000000,120.000000,330735,330735,330735,0.000000,0.000000,605.026476,output/weak_sorted_init/ILS_iRace/weak_sorted_init/seed_045/input/synthetic/synthetic_125.txt,,,9ea0e7a5f98a8ece5c8f0f2ac53db4f323a53fed,true,3.11.2,Linux-6.1.0-49-cloud-amd64-x86_64-with-glibc2.36,
ok,ILS_iRace,weak_sorted_init,weak_sorted_init,variant_ablation,,input/synthetic/synthetic_125.txt,synthetic,56,irace_final,720.000000,600.000000,120.000000,330735,330735,330735,0.000000,0.000000,605.087916,output/weak_sorted_init/ILS_iRace/weak_sorted_init/seed_056/input/synthetic/synthetic_125.txt,,,9ea0e7a5f98a8ece5c8f0f2ac53db4f323a53fed,true,3.11.2,Linux-6.1.0-49-cloud-amd64-x86_64-with-glibc2.36,
ok,ILS_iRace,weak_sorted_init,weak_sorted_init,variant_ablation,,input/synthetic/synthetic_125.txt,synthetic,67,irace_final,720.000000,600.000000,120.000000,330735,330735,330735,0.000000,0.000000,602.679487,output/weak_sorted_init/ILS_iRace/weak_sorted_init/seed_067/input/synthetic/synthetic_125.txt,,,9ea0e7a5f98a8ece5c8f0f2ac53db4f323a53fed,true,3.11.2,Linux-6.1.0-49-cloud-amd64-x86_64-with-glibc2.36,
ok,ILS_iRace,weak_sorted_init,weak_sorted_init,variant_ablation,,input/synthetic/synthetic_125.txt,synthetic,78,irace_final,720.000000,600.000000,120.000000,330735,330735,330735,0.000000,0.000000,602.733407,output/weak_sorted_init/ILS_iRace/weak_sorted_init/seed_078/input/synthetic/synthetic_125.txt,,,9ea0e7a5f98a8ece5c8f0f2ac53db4f323a53fed,true,3.11.2,Linux-6.1.0-49-cloud-amd64-x86_64-with-glibc2.36,
ok,ILS_iRace,weak_sorted_init,weak_sorted_init,variant_ablation,,input/synthetic/synthetic_125.txt,synthetic,89,irace_final,720.000000,600.000000,120.000000,330735,330735,330735,0.000000,0.000000,603.950120,output/weak_sorted_init/ILS_iRace/weak_sorted_init/seed_089/input/synthetic/synthetic_125.txt,,,9ea0e7a5f98a8ece5c8f0f2ac53db4f323a53fed,true,3.11.2,Linux-6.1.0-49-cloud-amd64-x86_64-with-glibc2.36,
ok,ILS_iRace,weak_sorted_init,weak_sorted_init,variant_ablation,,input/synthetic/synthetic_125.txt,synthetic,100,irace_final,720.000000,600.000000,120.000000,330735,330735,330735,0.000000,0.000000,603.956630,output/weak_sorted_init/ILS_iRace/weak_sorted_init/seed_100/input/synthetic/synthetic_125.txt,,,9ea0e7a5f98a8ece5c8f0f2ac53db4f323a53fed,true,3.11.2,Linux-6.1.0-49-cloud-amd64-x86_64-with-glibc2.36,
ok,ILS_iRace,weak_sorted_init,weak_sorted_init,variant_ablation,,input/synthetic/synthetic_130.txt,synthetic,12,irace_final,720.000000,600.000000,120.000000,226911,226911,226911,0.000000,0.000000,602.329666,output/weak_sorted_init/ILS_iRace/weak_sorted_init/seed_012/input/synthetic/synthetic_130.txt,,,9ea0e7a5f98a8ece5c8f0f2ac53db4f323a53fed,true,3.11.2,Linux-6.1.0-49-cloud-amd64-x86_64-with-glibc2.36,
ok,ILS_iRace,weak_sorted_init,weak_sorted_init,variant_ablation,,input/synthetic/synthetic_130.txt,synthetic,1,irace_final,720.000000,600.000000,120.000000,226911,226911,226911,0.000000,0.000000,603.442654,output/weak_sorted_init/ILS_iRace/weak_sorted_init/seed_001/input/synthetic/synthetic_130.txt,,,9ea0e7a5f98a8ece5c8f0f2ac53db4f323a53fed,true,3.11.2,Linux-6.1.0-49-cloud-amd64-x86_64-with-glibc2.36,
ok,ILS_iRace,weak_sorted_init,weak_sorted_init,variant_ablation,,input/synthetic/synthetic_130.txt,synthetic,23,irace_final,720.000000,600.000000,120.000000,226911,226911,226911,0.000000,0.000000,603.490352,output/weak_sorted_init/ILS_iRace/weak_sorted_init/seed_023/input/synthetic/synthetic_130.txt,,,9ea0e7a5f98a8ece5c8f0f2ac53db4f323a53fed,true,3.11.2,Linux-6.1.0-49-cloud-amd64-x86_64-with-glibc2.36,
ok,ILS_iRace,weak_sorted_init,weak_sorted_init,variant_ablation,,input/synthetic/synthetic_130.txt,synthetic,34,irace_final,720.000000,600.000000,120.000000,226911,226911,226911,0.000000,0.000000,603.685499,output/weak_sorted_init/ILS_iRace/weak_sorted_init/seed_034/input/synthetic/synthetic_130.txt,,,9ea0e7a5f98a8ece5c8f0f2ac53db4f323a53fed,true,3.11.2,Linux-6.1.0-49-cloud-amd64-x86_64-with-glibc2.36,
ok,ILS_iRace,weak_sorted_init,weak_sorted_init,variant_ablation,,input/synthetic/synthetic_130.txt,synthetic,45,irace_final,720.000000,600.000000,120.000000,226911,226911,226911,0.000000,0.000000,602.819509,output/weak_sorted_init/ILS_iRace/weak_sorted_init/seed_045/input/synthetic/synthetic_130.txt,,,9ea0e7a5f98a8ece5c8f0f2ac53db4f323a53fed,true,3.11.2,Linux-6.1.0-49-cloud-amd64-x86_64-with-glibc2.36,
ok,ILS_iRace,weak_sorted_init,weak_sorted_init,variant_ablation,,input/synthetic/synthetic_130.txt,synthetic,56,irace_final,720.000000,600.000000,120.000000,226911,226911,226911,0.000000,0.000000,603.696982,output/weak_sorted_init/ILS_iRace/weak_sorted_init/seed_056/input/synthetic/synthetic_130.txt,,,9ea0e7a5f98a8ece5c8f0f2ac53db4f323a53fed,true,3.11.2,Linux-6.1.0-49-cloud-amd64-x86_64-with-glibc2.36,
ok,ILS_iRace,weak_sorted_init,weak_sorted_init,variant_ablation,,input/synthetic/synthetic_130.txt,synthetic,67,irace_final,720.000000,600.000000,120.000000,226911,226911,226911,0.000000,0.000000,603.675870,output/weak_sorted_init/ILS_iRace/weak_sorted_init/seed_067/input/synthetic/synthetic_130.txt,,,9ea0e7a5f98a8ece5c8f0f2ac53db4f323a53fed,true,3.11.2,Linux-6.1.0-49-cloud-amd64-x86_64-with-glibc2.36,
ok,ILS_iRace,weak_sorted_init,weak_sorted_init,variant_ablation,,input/synthetic/synthetic_130.txt,synthetic,78,irace_final,720.000000,600.000000,120.000000,226911,226911,226911,0.000000,0.000000,602.908484,output/weak_sorted_init/ILS_iRace/weak_sorted_init/seed_078/input/synthetic/synthetic_130.txt,,,9ea0e7a5f98a8ece5c8f0f2ac53db4f323a53fed,true,3.11.2,Linux-6.1.0-49-cloud-amd64-x86_64-with-glibc2.36,
ok,ILS_iRace,weak_sorted_init,weak_sorted_init,variant_ablation,,input/synthetic/synthetic_130.txt,synthetic,89,irace_final,720.000000,600.000000,120.000000,226911,226911,226911,0.000000,0.000000,604.070859,output/weak_sorted_init/ILS_iRace/weak_sorted_init/seed_089/input/synthetic/synthetic_130.txt,,,9ea0e7a5f98a8ece5c8f0f2ac53db4f323a53fed,true,3.11.2,Linux-6.1.0-49-cloud-amd64-x86_64-with-glibc2.36,
ok,ILS_iRace,weak_sorted_init,weak_sorted_init,variant_ablation,,input/synthetic/synthetic_130.txt,synthetic,100,irace_final,720.000000,600.000000,120.000000,226911,226911,226911,0.000000,0.000000,603.775606,output/weak_sorted_init/ILS_iRace/weak_sorted_init/seed_100/input/synthetic/synthetic_130.txt,,,9ea0e7a5f98a8ece5c8f0f2ac53db4f323a53fed,true,3.11.2,Linux-6.1.0-49-cloud-amd64-x86_64-with-glibc2.36,
ok,ILS_iRace,weak_sorted_init,weak_sorted_init,variant_ablation,,input/synthetic/synthetic_135.txt,synthetic,1,irace_final,720.000000,600.000000,120.000000,217206,217206,217206,0.000000,0.000000,602.245408,output/weak_sorted_init/ILS_iRace/weak_sorted_init/seed_001/input/synthetic/synthetic_135.txt,,,9ea0e7a5f98a8ece5c8f0f2ac53db4f323a53fed,true,3.11.2,Linux-6.1.0-49-cloud-amd64-x86_64-with-glibc2.36,
ok,ILS_iRace,weak_sorted_init,weak_sorted_init,variant_ablation,,input/synthetic/synthetic_135.txt,synthetic,12,irace_final,720.000000,600.000000,120.000000,217206,217206,217206,0.000000,0.000000,602.302061,output/weak_sorted_init/ILS_iRace/weak_sorted_init/seed_012/input/synthetic/synthetic_135.txt,,,9ea0e7a5f98a8ece5c8f0f2ac53db4f323a53fed,true,3.11.2,Linux-6.1.0-49-cloud-amd64-x86_64-with-glibc2.36,
ok,ILS_iRace,weak_sorted_init,weak_sorted_init,variant_ablation,,input/synthetic/synthetic_135.txt,synthetic,23,irace_final,720.000000,600.000000,120.000000,217206,217206,217206,0.000000,0.000000,603.309776,output/weak_sorted_init/ILS_iRace/weak_sorted_init/seed_023/input/synthetic/synthetic_135.txt,,,9ea0e7a5f98a8ece5c8f0f2ac53db4f323a53fed,true,3.11.2,Linux-6.1.0-49-cloud-amd64-x86_64-with-glibc2.36,
ok,ILS_iRace,weak_sorted_init,weak_sorted_init,variant_ablation,,input/synthetic/synthetic_135.txt,synthetic,34,irace_final,720.000000,600.000000,120.000000,217206,217206,217206,0.000000,0.000000,604.625170,output/weak_sorted_init/ILS_iRace/weak_sorted_init/seed_034/input/synthetic/synthetic_135.txt,,,9ea0e7a5f98a8ece5c8f0f2ac53db4f323a53fed,true,3.11.2,Linux-6.1.0-49-cloud-amd64-x86_64-with-glibc2.36,
ok,ILS_iRace,weak_sorted_init,weak_sorted_init,variant_ablation,,input/synthetic/synthetic_135.txt,synthetic,45,irace_final,720.000000,600.000000,120.000000,217206,217206,217206,0.000000,0.000000,602.874959,output/weak_sorted_init/ILS_iRace/weak_sorted_init/seed_045/input/synthetic/synthetic_135.txt,,,9ea0e7a5f98a8ece5c8f0f2ac53db4f323a53fed,true,3.11.2,Linux-6.1.0-49-cloud-amd64-x86_64-with-glibc2.36,
ok,ILS_iRace,weak_sorted_init,weak_sorted_init,variant_ablation,,input/synthetic/synthetic_135.txt,synthetic,56,irace_final,720.000000,600.000000,120.000000,217206,217206,217206,0.000000,0.000000,602.882480,output/weak_sorted_init/ILS_iRace/weak_sorted_init/seed_056/input/synthetic/synthetic_135.txt,,,9ea0e7a5f98a8ece5c8f0f2ac53db4f323a53fed,true,3.11.2,Linux-6.1.0-49-cloud-amd64-x86_64-with-glibc2.36,
ok,ILS_iRace,weak_sorted_init,weak_sorted_init,variant_ablation,,input/synthetic/synthetic_135.txt,synthetic,67,irace_final,720.000000,600.000000,120.000000,217206,217206,217206,0.000000,0.000000,602.287921,output/weak_sorted_init/ILS_iRace/weak_sorted_init/seed_067/input/synthetic/synthetic_135.txt,,,9ea0e7a5f98a8ece5c8f0f2ac53db4f323a53fed,true,3.11.2,Linux-6.1.0-49-cloud-amd64-x86_64-with-glibc2.36,
ok,ILS_iRace,weak_sorted_init,weak_sorted_init,variant_ablation,,input/synthetic/synthetic_135.txt,synthetic,78,irace_final,720.000000,600.000000,120.000000,217206,217206,217206,0.000000,0.000000,603.227582,output/weak_sorted_init/ILS_iRace/weak_sorted_init/seed_078/input/synthetic/synthetic_135.txt,,,9ea0e7a5f98a8ece5c8f0f2ac53db4f323a53fed,true,3.11.2,Linux-6.1.0-49-cloud-amd64-x86_64-with-glibc2.36,
ok,ILS_iRace,weak_sorted_init,weak_sorted_init,variant_ablation,,input/synthetic/synthetic_135.txt,synthetic,89,irace_final,720.000000,600.000000,120.000000,217206,217206,217206,0.000000,0.000000,602.335891,output/weak_sorted_init/ILS_iRace/weak_sorted_init/seed_089/input/synthetic/synthetic_135.txt,,,9ea0e7a5f98a8ece5c8f0f2ac53db4f323a53fed,true,3.11.2,Linux-6.1.0-49-cloud-amd64-x86_64-with-glibc2.36,
ok,ILS_iRace,weak_sorted_init,weak_sorted_init,variant_ablation,,input/synthetic/synthetic_135.txt,synthetic,100,irace_final,720.000000,600.000000,120.000000,217206,217206,217206,0.000000,0.000000,603.165761,output/weak_sorted_init/ILS_iRace/weak_sorted_init/seed_100/input/synthetic/synthetic_135.txt,,,9ea0e7a5f98a8ece5c8f0f2ac53db4f323a53fed,true,3.11.2,Linux-6.1.0-49-cloud-amd64-x86_64-with-glibc2.36,
ok,ILS_iRace,weak_sorted_init,weak_sorted_init,variant_ablation,,input/seed_based/b_075x_012t.txt,seed_based,1,irace_final,720.000000,600.000000,120.000000,185273,185334,3374450,94.507727,0.032924,600.313699,output/weak_sorted_init/ILS_iRace/weak_sorted_init/seed_001/input/seed_based/b_075x_012t.txt,,,9ea0e7a5f98a8ece5c8f0f2ac53db4f323a53fed,true,3.11.2,Linux-6.1.0-49-cloud-amd64-x86_64-with-glibc2.36,
ok,ILS_iRace,weak_sorted_init,weak_sorted_init,variant_ablation,,input/seed_based/b_075x_012t.txt,seed_based,12,irace_final,720.000000,600.000000,120.000000,185273,185334,3374450,94.507727,0.032924,600.407542,output/weak_sorted_init/ILS_iRace/weak_sorted_init/seed_012/input/seed_based/b_075x_012t.txt,,,9ea0e7a5f98a8ece5c8f0f2ac53db4f323a53fed,true,3.11.2,Linux-6.1.0-49-cloud-amd64-x86_64-with-glibc2.36,
ok,ILS_iRace,weak_sorted_init,weak_sorted_init,variant_ablation,,input/seed_based/b_075x_012t.txt,seed_based,23,irace_final,720.000000,600.000000,120.000000,185273,185334,3374450,94.507727,0.032924,600.376010,output/weak_sorted_init/ILS_iRace/weak_sorted_init/seed_023/input/seed_based/b_075x_012t.txt,,,9ea0e7a5f98a8ece5c8f0f2ac53db4f323a53fed,true,3.11.2,Linux-6.1.0-49-cloud-amd64-x86_64-with-glibc2.36,
ok,ILS_iRace,weak_sorted_init,weak_sorted_init,variant_ablation,,input/seed_based/b_075x_012t.txt,seed_based,34,irace_final,720.000000,600.000000,120.000000,185273,185334,3374450,94.507727,0.032924,600.446932,output/weak_sorted_init/ILS_iRace/weak_sorted_init/seed_034/input/seed_based/b_075x_012t.txt,,,9ea0e7a5f98a8ece5c8f0f2ac53db4f323a53fed,true,3.11.2,Linux-6.1.0-49-cloud-amd64-x86_64-with-glibc2.36,
ok,ILS_iRace,weak_sorted_init,weak_sorted_init,variant_ablation,,input/seed_based/b_075x_012t.txt,seed_based,45,irace_final,720.000000,600.000000,120.000000,185273,185334,3374450,94.507727,0.032924,600.300366,output/weak_sorted_init/ILS_iRace/weak_sorted_init/seed_045/input/seed_based/b_075x_012t.txt,,,9ea0e7a5f98a8ece5c8f0f2ac53db4f323a53fed,true,3.11.2,Linux-6.1.0-49-cloud-amd64-x86_64-with-glibc2.36,
ok,ILS_iRace,weak_sorted_init,weak_sorted_init,variant_ablation,,input/seed_based/b_075x_012t.txt,seed_based,56,irace_final,720.000000,600.000000,120.000000,185273,185334,3374450,94.507727,0.032924,600.345522,output/weak_sorted_init/ILS_iRace/weak_sorted_init/seed_056/input/seed_based/b_075x_012t.txt,,,9ea0e7a5f98a8ece5c8f0f2ac53db4f323a53fed,true,3.11.2,Linux-6.1.0-49-cloud-amd64-x86_64-with-glibc2.36,
ok,ILS_iRace,weak_sorted_init,weak_sorted_init,variant_ablation,,input/seed_based/b_075x_012t.txt,seed_based,67,irace_final,720.000000,600.000000,120.000000,185273,185334,3374450,94.507727,0.032924,600.260843,output/weak_sorted_init/ILS_iRace/weak_sorted_init/seed_067/input/seed_based/b_075x_012t.txt,,,9ea0e7a5f98a8ece5c8f0f2ac53db4f323a53fed,true,3.11.2,Linux-6.1.0-49-cloud-amd64-x86_64-with-glibc2.36,
ok,ILS_iRace,weak_sorted_init,weak_sorted_init,variant_ablation,,input/seed_based/b_075x_012t.txt,seed_based,78,irace_final,720.000000,600.000000,120.000000,185273,185334,3374450,94.507727,0.032924,600.410778,output/weak_sorted_init/ILS_iRace/weak_sorted_init/seed_078/input/seed_based/b_075x_012t.txt,,,9ea0e7a5f98a8ece5c8f0f2ac53db4f323a53fed,true,3.11.2,Linux-6.1.0-49-cloud-amd64-x86_64-with-glibc2.36,
ok,ILS_iRace,weak_sorted_init,weak_sorted_init,variant_ablation,,input/seed_based/b_075x_012t.txt,seed_based,89,irace_final,720.000000,600.000000,120.000000,185273,185334,3374450,94.507727,0.032924,600.299744,output/weak_sorted_init/ILS_iRace/weak_sorted_init/seed_089/input/seed_based/b_075x_012t.txt,,,9ea0e7a5f98a8ece5c8f0f2ac53db4f323a53fed,true,3.11.2,Linux-6.1.0-49-cloud-amd64-x86_64-with-glibc2.36,
ok,ILS_iRace,weak_sorted_init,weak_sorted_init,variant_ablation,,input/seed_based/b_075x_012t.txt,seed_based,100,irace_final,720.000000,600.000000,120.000000,185273,185334,3374450,94.507727,0.032924,600.377967,output/weak_sorted_init/ILS_iRace/weak_sorted_init/seed_100/input/seed_based/b_075x_012t.txt,,,9ea0e7a5f98a8ece5c8f0f2ac53db4f323a53fed,true,3.11.2,Linux-6.1.0-49-cloud-amd64-x86_64-with-glibc2.36,
ok,ILS_iRace,weak_sorted_init,weak_sorted_init,variant_ablation,,input/seed_based/bc_060x_008t.txt,seed_based,1,irace_final,720.000000,600.000000,120.000000,884422,923228,3369254,72.598445,4.387724,600.401282,output/weak_sorted_init/ILS_iRace/weak_sorted_init/seed_001/input/seed_based/bc_060x_008t.txt,,,9ea0e7a5f98a8ece5c8f0f2ac53db4f323a53fed,true,3.11.2,Linux-6.1.0-49-cloud-amd64-x86_64-with-glibc2.36,
ok,ILS_iRace,weak_sorted_init,weak_sorted_init,variant_ablation,,input/seed_based/bc_060x_008t.txt,seed_based,12,irace_final,720.000000,600.000000,120.000000,884422,923199,3369254,72.599305,4.384445,600.766262,output/weak_sorted_init/ILS_iRace/weak_sorted_init/seed_012/input/seed_based/bc_060x_008t.txt,,,9ea0e7a5f98a8ece5c8f0f2ac53db4f323a53fed,true,3.11.2,Linux-6.1.0-49-cloud-amd64-x86_64-with-glibc2.36,
ok,ILS_iRace,weak_sorted_init,weak_sorted_init,variant_ablation,,input/seed_based/bc_060x_008t.txt,seed_based,23,irace_final,720.000000,600.000000,120.000000,884422,923208,3369254,72.599038,4.385463,600.626070,output/weak_sorted_init/ILS_iRace/weak_sorted_init/seed_023/input/seed_based/bc_060x_008t.txt,,,9ea0e7a5f98a8ece5c8f0f2ac53db4f323a53fed,true,3.11.2,Linux-6.1.0-49-cloud-amd64-x86_64-with-glibc2.36,
ok,ILS_iRace,weak_sorted_init,weak_sorted_init,variant_ablation,,input/seed_based/bc_060x_008t.txt,seed_based,34,irace_final,720.000000,600.000000,120.000000,884422,923159,3369254,72.600493,4.379923,600.591592,output/weak_sorted_init/ILS_iRace/weak_sorted_init/seed_034/input/seed_based/bc_060x_008t.txt,,,9ea0e7a5f98a8ece5c8f0f2ac53db4f323a53fed,true,3.11.2,Linux-6.1.0-49-cloud-amd64-x86_64-with-glibc2.36,
ok,ILS_iRace,weak_sorted_init,weak_sorted_init,variant_ablation,,input/seed_based/bc_060x_008t.txt,seed_based,45,irace_final,720.000000,600.000000,120.000000,884422,923219,3369254,72.598712,4.386707,600.383746,output/weak_sorted_init/ILS_iRace/weak_sorted_init/seed_045/input/seed_based/bc_060x_008t.txt,,,9ea0e7a5f98a8ece5c8f0f2ac53db4f323a53fed,true,3.11.2,Linux-6.1.0-49-cloud-amd64-x86_64-with-glibc2.36,
ok,ILS_iRace,weak_sorted_init,weak_sorted_init,variant_ablation,,input/seed_based/bc_060x_008t.txt,seed_based,56,irace_final,720.000000,600.000000,120.000000,884422,923216,3369254,72.598801,4.386368,600.578580,output/weak_sorted_init/ILS_iRace/weak_sorted_init/seed_056/input/seed_based/bc_060x_008t.txt,,,9ea0e7a5f98a8ece5c8f0f2ac53db4f323a53fed,true,3.11.2,Linux-6.1.0-49-cloud-amd64-x86_64-with-glibc2.36,
ok,ILS_iRace,weak_sorted_init,weak_sorted_init,variant_ablation,,input/seed_based/bc_060x_008t.txt,seed_based,67,irace_final,720.000000,600.000000,120.000000,884422,923219,3369254,72.598712,4.386707,600.614783,output/weak_sorted_init/ILS_iRace/weak_sorted_init/seed_067/input/seed_based/bc_060x_008t.txt,,,9ea0e7a5f98a8ece5c8f0f2ac53db4f323a53fed,true,3.11.2,Linux-6.1.0-49-cloud-amd64-x86_64-with-glibc2.36,
ok,ILS_iRace,weak_sorted_init,weak_sorted_init,variant_ablation,,input/seed_based/bc_060x_008t.txt,seed_based,78,irace_final,720.000000,600.000000,120.000000,884422,923201,3369254,72.599246,4.384672,600.624197,output/weak_sorted_init/ILS_iRace/weak_sorted_init/seed_078/input/seed_based/bc_060x_008t.txt,,,9ea0e7a5f98a8ece5c8f0f2ac53db4f323a53fed,true,3.11.2,Linux-6.1.0-49-cloud-amd64-x86_64-with-glibc2.36,
ok,ILS_iRace,weak_sorted_init,weak_sorted_init,variant_ablation,,input/seed_based/bc_060x_008t.txt,seed_based,89,irace_final,720.000000,600.000000,120.000000,884422,923192,3369254,72.599513,4.383654,600.466193,output/weak_sorted_init/ILS_iRace/weak_sorted_init/seed_089/input/seed_based/bc_060x_008t.txt,,,9ea0e7a5f98a8ece5c8f0f2ac53db4f323a53fed,true,3.11.2,Linux-6.1.0-49-cloud-amd64-x86_64-with-glibc2.36,
ok,ILS_iRace,weak_sorted_init,weak_sorted_init,variant_ablation,,input/seed_based/bc_060x_008t.txt,seed_based,100,irace_final,720.000000,600.000000,120.000000,884422,923181,3369254,72.599840,4.382410,600.552774,output/weak_sorted_init/ILS_iRace/weak_sorted_init/seed_100/input/seed_based/bc_060x_008t.txt,,,9ea0e7a5f98a8ece5c8f0f2ac53db4f323a53fed,true,3.11.2,Linux-6.1.0-49-cloud-amd64-x86_64-with-glibc2.36,
ok,ILS_iRace,weak_sorted_init,weak_sorted_init,variant_ablation,,input/seed_based/bc_075x_020t.txt,seed_based,1,irace_final,720.000000,600.000000,120.000000,1242607,1299751,5168217,74.851075,4.598719,600.904082,output/weak_sorted_init/ILS_iRace/weak_sorted_init/seed_001/input/seed_based/bc_075x_020t.txt,,,9ea0e7a5f98a8ece5c8f0f2ac53db4f323a53fed,true,3.11.2,Linux-6.1.0-49-cloud-amd64-x86_64-with-glibc2.36,
ok,ILS_iRace,weak_sorted_init,weak_sorted_init,variant_ablation,,input/seed_based/bc_075x_020t.txt,seed_based,12,irace_final,720.000000,600.000000,120.000000,1242607,1299708,5168217,74.851907,4.595258,601.059659,output/weak_sorted_init/ILS_iRace/weak_sorted_init/seed_012/input/seed_based/bc_075x_020t.txt,,,9ea0e7a5f98a8ece5c8f0f2ac53db4f323a53fed,true,3.11.2,Linux-6.1.0-49-cloud-amd64-x86_64-with-glibc2.36,
ok,ILS_iRace,weak_sorted_init,weak_sorted_init,variant_ablation,,input/seed_based/bc_075x_020t.txt,seed_based,23,irace_final,720.000000,600.000000,120.000000,1242607,1299698,5168217,74.852101,4.594453,600.918873,output/weak_sorted_init/ILS_iRace/weak_sorted_init/seed_023/input/seed_based/bc_075x_020t.txt,,,9ea0e7a5f98a8ece5c8f0f2ac53db4f323a53fed,true,3.11.2,Linux-6.1.0-49-cloud-amd64-x86_64-with-glibc2.36,
ok,ILS_iRace,weak_sorted_init,weak_sorted_init,variant_ablation,,input/seed_based/bc_075x_020t.txt,seed_based,34,irace_final,720.000000,600.000000,120.000000,1242607,1299764,5168217,74.850824,4.599765,600.769388,output/weak_sorted_init/ILS_iRace/weak_sorted_init/seed_034/input/seed_based/bc_075x_020t.txt,,,9ea0e7a5f98a8ece5c8f0f2ac53db4f323a53fed,true,3.11.2,Linux-6.1.0-49-cloud-amd64-x86_64-with-glibc2.36,
ok,ILS_iRace,weak_sorted_init,weak_sorted_init,variant_ablation,,input/seed_based/bc_075x_020t.txt,seed_based,45,irace_final,720.000000,600.000000,120.000000,1242607,1299682,5168217,74.852410,4.593166,600.658942,output/weak_sorted_init/ILS_iRace/weak_sorted_init/seed_045/input/seed_based/bc_075x_020t.txt,,,9ea0e7a5f98a8ece5c8f0f2ac53db4f323a53fed,true,3.11.2,Linux-6.1.0-49-cloud-amd64-x86_64-with-glibc2.36,
ok,ILS_iRace,weak_sorted_init,weak_sorted_init,variant_ablation,,input/seed_based/bc_075x_020t.txt,seed_based,56,irace_final,720.000000,600.000000,120.000000,1242607,1299728,5168217,74.851520,4.596868,600.847724,output/weak_sorted_init/ILS_iRace/weak_sorted_init/seed_056/input/seed_based/bc_075x_020t.txt,,,9ea0e7a5f98a8ece5c8f0f2ac53db4f323a53fed,true,3.11.2,Linux-6.1.0-49-cloud-amd64-x86_64-with-glibc2.36,
ok,ILS_iRace,weak_sorted_init,weak_sorted_init,variant_ablation,,input/seed_based/bc_075x_020t.txt,seed_based,67,irace_final,720.000000,600.000000,120.000000,1242607,1299663,5168217,74.852778,4.591637,600.545894,output/weak_sorted_init/ILS_iRace/weak_sorted_init/seed_067/input/seed_based/bc_075x_020t.txt,,,9ea0e7a5f98a8ece5c8f0f2ac53db4f323a53fed,true,3.11.2,Linux-6.1.0-49-cloud-amd64-x86_64-with-glibc2.36,
ok,ILS_iRace,weak_sorted_init,weak_sorted_init,variant_ablation,,input/seed_based/bc_075x_020t.txt,seed_based,78,irace_final,720.000000,600.000000,120.000000,1242607,1299739,5168217,74.851308,4.597753,601.103298,output/weak_sorted_init/ILS_iRace/weak_sorted_init/seed_078/input/seed_based/bc_075x_020t.txt,,,9ea0e7a5f98a8ece5c8f0f2ac53db4f323a53fed,true,3.11.2,Linux-6.1.0-49-cloud-amd64-x86_64-with-glibc2.36,
ok,ILS_iRace,weak_sorted_init,weak_sorted_init,variant_ablation,,input/seed_based/bc_075x_020t.txt,seed_based,89,irace_final,720.000000,600.000000,120.000000,1242607,1299759,5168217,74.850921,4.599362,601.006249,output/weak_sorted_init/ILS_iRace/weak_sorted_init/seed_089/input/seed_based/bc_075x_020t.txt,,,9ea0e7a5f98a8ece5c8f0f2ac53db4f323a53fed,true,3.11.2,Linux-6.1.0-49-cloud-amd64-x86_64-with-glibc2.36,
ok,ILS_iRace,weak_sorted_init,weak_sorted_init,variant_ablation,,input/seed_based/bc_075x_020t.txt,seed_based,100,irace_final,720.000000,600.000000,120.000000,1242607,1299697,5168217,74.852120,4.594373,600.796775,output/weak_sorted_init/ILS_iRace/weak_sorted_init/seed_100/input/seed_based/bc_075x_020t.txt,,,9ea0e7a5f98a8ece5c8f0f2ac53db4f323a53fed,true,3.11.2,Linux-6.1.0-49-cloud-amd64-x86_64-with-glibc2.36,
ok,ILS_iRace,weak_sorted_init,weak_sorted_init,variant_ablation,,input/seed_based/bd_060x_012t.txt,seed_based,1,irace_final,720.000000,600.000000,120.000000,1477714,1595615,3597755,55.649704,7.978607,600.876968,output/weak_sorted_init/ILS_iRace/weak_sorted_init/seed_001/input/seed_based/bd_060x_012t.txt,,,9ea0e7a5f98a8ece5c8f0f2ac53db4f323a53fed,true,3.11.2,Linux-6.1.0-49-cloud-amd64-x86_64-with-glibc2.36,
ok,ILS_iRace,weak_sorted_init,weak_sorted_init,variant_ablation,,input/seed_based/bd_060x_012t.txt,seed_based,12,irace_final,720.000000,600.000000,120.000000,1477714,1586630,3597755,55.899443,7.370574,601.225918,output/weak_sorted_init/ILS_iRace/weak_sorted_init/seed_012/input/seed_based/bd_060x_012t.txt,,,9ea0e7a5f98a8ece5c8f0f2ac53db4f323a53fed,true,3.11.2,Linux-6.1.0-49-cloud-amd64-x86_64-with-glibc2.36,
ok,ILS_iRace,weak_sorted_init,weak_sorted_init,variant_ablation,,input/seed_based/bd_060x_012t.txt,seed_based,23,irace_final,720.000000,600.000000,120.000000,1477714,1590483,3597755,55.792348,7.631314,601.087425,output/weak_sorted_init/ILS_iRace/weak_sorted_init/seed_023/input/seed_based/bd_060x_012t.txt,,,9ea0e7a5f98a8ece5c8f0f2ac53db4f323a53fed,true,3.11.2,Linux-6.1.0-49-cloud-amd64-x86_64-with-glibc2.36,
ok,ILS_iRace,weak_sorted_init,weak_sorted_init,variant_ablation,,input/seed_based/bd_060x_012t.txt,seed_based,34,irace_final,720.000000,600.000000,120.000000,1477714,1578829,3597755,56.116273,6.842664,601.403804,output/weak_sorted_init/ILS_iRace/weak_sorted_init/seed_034/input/seed_based/bd_060x_012t.txt,,,9ea0e7a5f98a8ece5c8f0f2ac53db4f323a53fed,true,3.11.2,Linux-6.1.0-49-cloud-amd64-x86_64-with-glibc2.36,
ok,ILS_iRace,weak_sorted_init,weak_sorted_init,variant_ablation,,input/seed_based/bd_060x_012t.txt,seed_based,45,irace_final,720.000000,600.000000,120.000000,1477714,1603049,3597755,55.443075,8.481682,601.094636,output/weak_sorted_init/ILS_iRace/weak_sorted_init/seed_045/input/seed_based/bd_060x_012t.txt,,,9ea0e7a5f98a8ece5c8f0f2ac53db4f323a53fed,true,3.11.2,Linux-6.1.0-49-cloud-amd64-x86_64-with-glibc2.36,
ok,ILS_iRace,weak_sorted_init,weak_sorted_init,variant_ablation,,input/seed_based/bd_060x_012t.txt,seed_based,56,irace_final,720.000000,600.000000,120.000000,1477714,1593856,3597755,55.698595,7.859572,601.093805,output/weak_sorted_init/ILS_iRace/weak_sorted_init/seed_056/input/seed_based/bd_060x_012t.txt,,,9ea0e7a5f98a8ece5c8f0f2ac53db4f323a53fed,true,3.11.2,Linux-6.1.0-49-cloud-amd64-x86_64-with-glibc2.36,
ok,ILS_iRace,weak_sorted_init,weak_sorted_init,variant_ablation,,input/seed_based/bd_060x_012t.txt,seed_based,67,irace_final,720.000000,600.000000,120.000000,1477714,1596704,3597755,55.619435,8.052302,600.975313,output/weak_sorted_init/ILS_iRace/weak_sorted_init/seed_067/input/seed_based/bd_060x_012t.txt,,,9ea0e7a5f98a8ece5c8f0f2ac53db4f323a53fed,true,3.11.2,Linux-6.1.0-49-cloud-amd64-x86_64-with-glibc2.36,
ok,ILS_iRace,weak_sorted_init,weak_sorted_init,variant_ablation,,input/seed_based/bd_060x_012t.txt,seed_based,78,irace_final,720.000000,600.000000,120.000000,1477714,1584097,3597755,55.969848,7.199160,601.223150,output/weak_sorted_init/ILS_iRace/weak_sorted_init/seed_078/input/seed_based/bd_060x_012t.txt,,,9ea0e7a5f98a8ece5c8f0f2ac53db4f323a53fed,true,3.11.2,Linux-6.1.0-49-cloud-amd64-x86_64-with-glibc2.36,
ok,ILS_iRace,weak_sorted_init,weak_sorted_init,variant_ablation,,input/seed_based/bd_060x_012t.txt,seed_based,89,irace_final,720.000000,600.000000,120.000000,1477714,1591208,3597755,55.772197,7.680377,600.965034,output/weak_sorted_init/ILS_iRace/weak_sorted_init/seed_089/input/seed_based/bd_060x_012t.txt,,,9ea0e7a5f98a8ece5c8f0f2ac53db4f323a53fed,true,3.11.2,Linux-6.1.0-49-cloud-amd64-x86_64-with-glibc2.36,
ok,ILS_iRace,weak_sorted_init,weak_sorted_init,variant_ablation,,input/seed_based/bd_060x_012t.txt,seed_based,100,irace_final,720.000000,600.000000,120.000000,1477714,1582945,3597755,56.001868,7.121202,601.072402,output/weak_sorted_init/ILS_iRace/weak_sorted_init/seed_100/input/seed_based/bd_060x_012t.txt,,,9ea0e7a5f98a8ece5c8f0f2ac53db4f323a53fed,true,3.11.2,Linux-6.1.0-49-cloud-amd64-x86_64-with-glibc2.36,
ok,ILS_iRace,weak_sorted_init,weak_sorted_init,variant_ablation,,input/seed_based/bd_090x_008t.txt,seed_based,1,irace_final,720.000000,600.000000,120.000000,2167170,2289038,6073672,62.312124,5.623371,601.906001,output/weak_sorted_init/ILS_iRace/weak_sorted_init/seed_001/input/seed_based/bd_090x_008t.txt,,,9ea0e7a5f98a8ece5c8f0f2ac53db4f323a53fed,true,3.11.2,Linux-6.1.0-49-cloud-amd64-x86_64-with-glibc2.36,
ok,ILS_iRace,weak_sorted_init,weak_sorted_init,variant_ablation,,input/seed_based/bd_090x_008t.txt,seed_based,12,irace_final,720.000000,600.000000,120.000000,2167170,2312196,6073672,61.930839,6.691953,601.677086,output/weak_sorted_init/ILS_iRace/weak_sorted_init/seed_012/input/seed_based/bd_090x_008t.txt,,,9ea0e7a5f98a8ece5c8f0f2ac53db4f323a53fed,true,3.11.2,Linux-6.1.0-49-cloud-amd64-x86_64-with-glibc2.36,
ok,ILS_iRace,weak_sorted_init,weak_sorted_init,variant_ablation,,input/seed_based/bd_090x_008t.txt,seed_based,23,irace_final,720.000000,600.000000,120.000000,2167170,2286040,6073672,62.361484,5.485033,602.008058,output/weak_sorted_init/ILS_iRace/weak_sorted_init/seed_023/input/seed_based/bd_090x_008t.txt,,,9ea0e7a5f98a8ece5c8f0f2ac53db4f323a53fed,true,3.11.2,Linux-6.1.0-49-cloud-amd64-x86_64-with-glibc2.36,
ok,ILS_iRace,weak_sorted_init,weak_sorted_init,variant_ablation,,input/seed_based/bd_090x_008t.txt,seed_based,34,irace_final,720.000000,600.000000,120.000000,2167170,2297807,6073672,62.167746,6.028000,602.005383,output/weak_sorted_init/ILS_iRace/weak_sorted_init/seed_034/input/seed_based/bd_090x_008t.txt,,,9ea0e7a5f98a8ece5c8f0f2ac53db4f323a53fed,true,3.11.2,Linux-6.1.0-49-cloud-amd64-x86_64-with-glibc2.36,
ok,ILS_iRace,weak_sorted_init,weak_sorted_init,variant_ablation,,input/seed_based/bd_090x_008t.txt,seed_based,45,irace_final,720.000000,600.000000,120.000000,2167170,2300597,6073672,62.121810,6.156739,601.831320,output/weak_sorted_init/ILS_iRace/weak_sorted_init/seed_045/input/seed_based/bd_090x_008t.txt,,,9ea0e7a5f98a8ece5c8f0f2ac53db4f323a53fed,true,3.11.2,Linux-6.1.0-49-cloud-amd64-x86_64-with-glibc2.36,
ok,ILS_iRace,weak_sorted_init,weak_sorted_init,variant_ablation,,input/seed_based/bd_090x_008t.txt,seed_based,56,irace_final,720.000000,600.000000,120.000000,2167170,2320892,6073672,61.787663,7.093214,601.227411,output/weak_sorted_init/ILS_iRace/weak_sorted_init/seed_056/input/seed_based/bd_090x_008t.txt,,,9ea0e7a5f98a8ece5c8f0f2ac53db4f323a53fed,true,3.11.2,Linux-6.1.0-49-cloud-amd64-x86_64-with-glibc2.36,
ok,ILS_iRace,weak_sorted_init,weak_sorted_init,variant_ablation,,input/seed_based/bd_090x_008t.txt,seed_based,67,irace_final,720.000000,600.000000,120.000000,2167170,2317971,6073672,61.835756,6.958430,601.776139,output/weak_sorted_init/ILS_iRace/weak_sorted_init/seed_067/input/seed_based/bd_090x_008t.txt,,,9ea0e7a5f98a8ece5c8f0f2ac53db4f323a53fed,true,3.11.2,Linux-6.1.0-49-cloud-amd64-x86_64-with-glibc2.36,
ok,ILS_iRace,weak_sorted_init,weak_sorted_init,variant_ablation,,input/seed_based/bd_090x_008t.txt,seed_based,78,irace_final,720.000000,600.000000,120.000000,2167170,2303407,6073672,62.075545,6.286401,601.854288,output/weak_sorted_init/ILS_iRace/weak_sorted_init/seed_078/input/seed_based/bd_090x_008t.txt,,,9ea0e7a5f98a8ece5c8f0f2ac53db4f323a53fed,true,3.11.2,Linux-6.1.0-49-cloud-amd64-x86_64-with-glibc2.36,
ok,ILS_iRace,weak_sorted_init,weak_sorted_init,variant_ablation,,input/seed_based/bd_090x_008t.txt,seed_based,89,irace_final,720.000000,600.000000,120.000000,2167170,2285252,6073672,62.374458,5.448673,601.860918,output/weak_sorted_init/ILS_iRace/weak_sorted_init/seed_089/input/seed_based/bd_090x_008t.txt,,,9ea0e7a5f98a8ece5c8f0f2ac53db4f323a53fed,true,3.11.2,Linux-6.1.0-49-cloud-amd64-x86_64-with-glibc2.36,
ok,ILS_iRace,weak_sorted_init,weak_sorted_init,variant_ablation,,input/seed_based/bd_090x_008t.txt,seed_based,100,irace_final,720.000000,600.000000,120.000000,2167170,2312446,6073672,61.926722,6.703489,601.191528,output/weak_sorted_init/ILS_iRace/weak_sorted_init/seed_100/input/seed_based/bd_090x_008t.txt,,,9ea0e7a5f98a8ece5c8f0f2ac53db4f323a53fed,true,3.11.2,Linux-6.1.0-49-cloud-amd64-x86_64-with-glibc2.36,
ok,ILS_iRace,weak_sorted_init,weak_sorted_init,variant_ablation,,input/seed_based/be_060x_020t.txt,seed_based,1,irace_final,720.000000,600.000000,120.000000,4254222,4472150,5500376,18.693740,5.122629,600.893055,output/weak_sorted_init/ILS_iRace/weak_sorted_init/seed_001/input/seed_based/be_060x_020t.txt,,,9ea0e7a5f98a8ece5c8f0f2ac53db4f323a53fed,true,3.11.2,Linux-6.1.0-49-cloud-amd64-x86_64-with-glibc2.36,
ok,ILS_iRace,weak_sorted_init,weak_sorted_init,variant_ablation,,input/seed_based/be_060x_020t.txt,seed_based,12,irace_final,720.000000,600.000000,120.000000,4254222,4472977,5500376,18.678705,5.142068,600.977993,output/weak_sorted_init/ILS_iRace/weak_sorted_init/seed_012/input/seed_based/be_060x_020t.txt,,,9ea0e7a5f98a8ece5c8f0f2ac53db4f323a53fed,true,3.11.2,Linux-6.1.0-49-cloud-amd64-x86_64-with-glibc2.36,
ok,ILS_iRace,weak_sorted_init,weak_sorted_init,variant_ablation,,input/seed_based/be_060x_020t.txt,seed_based,23,irace_final,720.000000,600.000000,120.000000,4254222,4473662,5500376,18.666251,5.158170,601.004525,output/weak_sorted_init/ILS_iRace/weak_sorted_init/seed_023/input/seed_based/be_060x_020t.txt,,,9ea0e7a5f98a8ece5c8f0f2ac53db4f323a53fed,true,3.11.2,Linux-6.1.0-49-cloud-amd64-x86_64-with-glibc2.36,
ok,ILS_iRace,weak_sorted_init,weak_sorted_init,variant_ablation,,input/seed_based/be_060x_020t.txt,seed_based,34,irace_final,720.000000,600.000000,120.000000,4254222,4473061,5500376,18.677178,5.144043,600.868323,output/weak_sorted_init/ILS_iRace/weak_sorted_init/seed_034/input/seed_based/be_060x_020t.txt,,,9ea0e7a5f98a8ece5c8f0f2ac53db4f323a53fed,true,3.11.2,Linux-6.1.0-49-cloud-amd64-x86_64-with-glibc2.36,
ok,ILS_iRace,weak_sorted_init,weak_sorted_init,variant_ablation,,input/seed_based/be_060x_020t.txt,seed_based,45,irace_final,720.000000,600.000000,120.000000,4254222,4472736,5500376,18.683086,5.136403,601.158762,output/weak_sorted_init/ILS_iRace/weak_sorted_init/seed_045/input/seed_based/be_060x_020t.txt,,,9ea0e7a5f98a8ece5c8f0f2ac53db4f323a53fed,true,3.11.2,Linux-6.1.0-49-cloud-amd64-x86_64-with-glibc2.36,
ok,ILS_iRace,weak_sorted_init,weak_sorted_init,variant_ablation,,input/seed_based/be_060x_020t.txt,seed_based,56,irace_final,720.000000,600.000000,120.000000,4254222,4471251,5500376,18.710085,5.101497,600.886560,output/weak_sorted_init/ILS_iRace/weak_sorted_init/seed_056/input/seed_based/be_060x_020t.txt,,,9ea0e7a5f98a8ece5c8f0f2ac53db4f323a53fed,true,3.11.2,Linux-6.1.0-49-cloud-amd64-x86_64-with-glibc2.36,
ok,ILS_iRace,weak_sorted_init,weak_sorted_init,variant_ablation,,input/seed_based/be_060x_020t.txt,seed_based,67,irace_final,720.000000,600.000000,120.000000,4254222,4475442,5500376,18.633890,5.200011,600.786304,output/weak_sorted_init/ILS_iRace/weak_sorted_init/seed_067/input/seed_based/be_060x_020t.txt,,,9ea0e7a5f98a8ece5c8f0f2ac53db4f323a53fed,true,3.11.2,Linux-6.1.0-49-cloud-amd64-x86_64-with-glibc2.36,
ok,ILS_iRace,weak_sorted_init,weak_sorted_init,variant_ablation,,input/seed_based/be_060x_020t.txt,seed_based,78,irace_final,720.000000,600.000000,120.000000,4254222,4473626,5500376,18.666906,5.157324,601.196651,output/weak_sorted_init/ILS_iRace/weak_sorted_init/seed_078/input/seed_based/be_060x_020t.txt,,,9ea0e7a5f98a8ece5c8f0f2ac53db4f323a53fed,true,3.11.2,Linux-6.1.0-49-cloud-amd64-x86_64-with-glibc2.36,
ok,ILS_iRace,weak_sorted_init,weak_sorted_init,variant_ablation,,input/seed_based/be_060x_020t.txt,seed_based,89,irace_final,720.000000,600.000000,120.000000,4254222,4474658,5500376,18.648143,5.181582,601.171871,output/weak_sorted_init/ILS_iRace/weak_sorted_init/seed_089/input/seed_based/be_060x_020t.txt,,,9ea0e7a5f98a8ece5c8f0f2ac53db4f323a53fed,true,3.11.2,Linux-6.1.0-49-cloud-amd64-x86_64-with-glibc2.36,
ok,ILS_iRace,weak_sorted_init,weak_sorted_init,variant_ablation,,input/seed_based/be_060x_020t.txt,seed_based,100,irace_final,720.000000,600.000000,120.000000,4254222,4473960,5500376,18.660833,5.165175,601.156349,output/weak_sorted_init/ILS_iRace/weak_sorted_init/seed_100/input/seed_based/be_060x_020t.txt,,,9ea0e7a5f98a8ece5c8f0f2ac53db4f323a53fed,true,3.11.2,Linux-6.1.0-49-cloud-amd64-x86_64-with-glibc2.36,
ok,ILS_iRace,weak_sorted_init,weak_sorted_init,variant_ablation,,input/seed_based/be_090x_012t.txt,seed_based,1,irace_final,720.000000,600.000000,120.000000,6991769,7361102,9261438,20.518801,5.282397,601.716513,output/weak_sorted_init/ILS_iRace/weak_sorted_init/seed_001/input/seed_based/be_090x_012t.txt,,,9ea0e7a5f98a8ece5c8f0f2ac53db4f323a53fed,true,3.11.2,Linux-6.1.0-49-cloud-amd64-x86_64-with-glibc2.36,
ok,ILS_iRace,weak_sorted_init,weak_sorted_init,variant_ablation,,input/seed_based/be_090x_012t.txt,seed_based,12,irace_final,720.000000,600.000000,120.000000,6991769,7351032,9261438,20.627531,5.138371,602.351454,output/weak_sorted_init/ILS_iRace/weak_sorted_init/seed_012/input/seed_based/be_090x_012t.txt,,,9ea0e7a5f98a8ece5c8f0f2ac53db4f323a53fed,true,3.11.2,Linux-6.1.0-49-cloud-amd64-x86_64-with-glibc2.36,
ok,ILS_iRace,weak_sorted_init,weak_sorted_init,variant_ablation,,input/seed_based/be_090x_012t.txt,seed_based,23,irace_final,720.000000,600.000000,120.000000,6991769,7353762,9261438,20.598054,5.177416,602.316688,output/weak_sorted_init/ILS_iRace/weak_sorted_init/seed_023/input/seed_based/be_090x_012t.txt,,,9ea0e7a5f98a8ece5c8f0f2ac53db4f323a53fed,true,3.11.2,Linux-6.1.0-49-cloud-amd64-x86_64-with-glibc2.36,
ok,ILS_iRace,weak_sorted_init,weak_sorted_init,variant_ablation,,input/seed_based/be_090x_012t.txt,seed_based,34,irace_final,720.000000,600.000000,120.000000,6991769,7351182,9261438,20.625911,5.140516,602.666413,output/weak_sorted_init/ILS_iRace/weak_sorted_init/seed_034/input/seed_based/be_090x_012t.txt,,,9ea0e7a5f98a8ece5c8f0f2ac53db4f323a53fed,true,3.11.2,Linux-6.1.0-49-cloud-amd64-x86_64-with-glibc2.36,
ok,ILS_iRace,weak_sorted_init,weak_sorted_init,variant_ablation,,input/seed_based/be_090x_012t.txt,seed_based,45,irace_final,720.000000,600.000000,120.000000,6991769,7351196,9261438,20.625760,5.140716,601.649138,output/weak_sorted_init/ILS_iRace/weak_sorted_init/seed_045/input/seed_based/be_090x_012t.txt,,,9ea0e7a5f98a8ece5c8f0f2ac53db4f323a53fed,true,3.11.2,Linux-6.1.0-49-cloud-amd64-x86_64-with-glibc2.36,
ok,ILS_iRace,weak_sorted_init,weak_sorted_init,variant_ablation,,input/seed_based/be_090x_012t.txt,seed_based,56,irace_final,720.000000,600.000000,120.000000,6991769,7341506,9261438,20.730388,5.002125,601.814322,output/weak_sorted_init/ILS_iRace/weak_sorted_init/seed_056/input/seed_based/be_090x_012t.txt,,,9ea0e7a5f98a8ece5c8f0f2ac53db4f323a53fed,true,3.11.2,Linux-6.1.0-49-cloud-amd64-x86_64-with-glibc2.36,
ok,ILS_iRace,weak_sorted_init,weak_sorted_init,variant_ablation,,input/seed_based/be_090x_012t.txt,seed_based,67,irace_final,720.000000,600.000000,120.000000,6991769,7357166,9261438,20.561299,5.226102,601.820225,output/weak_sorted_init/ILS_iRace/weak_sorted_init/seed_067/input/seed_based/be_090x_012t.txt,,,9ea0e7a5f98a8ece5c8f0f2ac53db4f323a53fed,true,3.11.2,Linux-6.1.0-49-cloud-amd64-x86_64-with-glibc2.36,
ok,ILS_iRace,weak_sorted_init,weak_sorted_init,variant_ablation,,input/seed_based/be_090x_012t.txt,seed_based,78,irace_final,720.000000,600.000000,120.000000,6991769,7355432,9261438,20.580022,5.201302,602.286110,output/weak_sorted_init/ILS_iRace/weak_sorted_init/seed_078/input/seed_based/be_090x_012t.txt,,,9ea0e7a5f98a8ece5c8f0f2ac53db4f323a53fed,true,3.11.2,Linux-6.1.0-49-cloud-amd64-x86_64-with-glibc2.36,
ok,ILS_iRace,weak_sorted_init,weak_sorted_init,variant_ablation,,input/seed_based/be_090x_012t.txt,seed_based,89,irace_final,720.000000,600.000000,120.000000,6991769,7359080,9261438,20.540633,5.253477,601.897588,output/weak_sorted_init/ILS_iRace/weak_sorted_init/seed_089/input/seed_based/be_090x_012t.txt,,,9ea0e7a5f98a8ece5c8f0f2ac53db4f323a53fed,true,3.11.2,Linux-6.1.0-49-cloud-amd64-x86_64-with-glibc2.36,
ok,ILS_iRace,weak_sorted_init,weak_sorted_init,variant_ablation,,input/seed_based/be_090x_012t.txt,seed_based,100,irace_final,720.000000,600.000000,120.000000,6991769,7360963,9261438,20.520301,5.280409,602.508764,output/weak_sorted_init/ILS_iRace/weak_sorted_init/seed_100/input/seed_based/be_090x_012t.txt,,,9ea0e7a5f98a8ece5c8f0f2ac53db4f323a53fed,true,3.11.2,Linux-6.1.0-49-cloud-amd64-x86_64-with-glibc2.36,
ok,ILS_iRace,weak_sorted_init,weak_sorted_init,variant_ablation,,input/seed_based/bf_075x_008t.txt,seed_based,1,irace_final,720.000000,600.000000,120.000000,3942051,4493810,7011170,35.904992,13.996749,601.480520,output/weak_sorted_init/ILS_iRace/weak_sorted_init/seed_001/input/seed_based/bf_075x_008t.txt,,,9ea0e7a5f98a8ece5c8f0f2ac53db4f323a53fed,true,3.11.2,Linux-6.1.0-49-cloud-amd64-x86_64-with-glibc2.36,
ok,ILS_iRace,weak_sorted_init,weak_sorted_init,variant_ablation,,input/seed_based/bf_075x_008t.txt,seed_based,12,irace_final,720.000000,600.000000,120.000000,3942051,4493759,7011170,35.905719,13.995456,601.018939,output/weak_sorted_init/ILS_iRace/weak_sorted_init/seed_012/input/seed_based/bf_075x_008t.txt,,,9ea0e7a5f98a8ece5c8f0f2ac53db4f323a53fed,true,3.11.2,Linux-6.1.0-49-cloud-amd64-x86_64-with-glibc2.36,
ok,ILS_iRace,weak_sorted_init,weak_sorted_init,variant_ablation,,input/seed_based/bf_075x_008t.txt,seed_based,23,irace_final,720.000000,600.000000,120.000000,3942051,4493563,7011170,35.908515,13.990484,601.614629,output/weak_sorted_init/ILS_iRace/weak_sorted_init/seed_023/input/seed_based/bf_075x_008t.txt,,,9ea0e7a5f98a8ece5c8f0f2ac53db4f323a53fed,true,3.11.2,Linux-6.1.0-49-cloud-amd64-x86_64-with-glibc2.36,
ok,ILS_iRace,weak_sorted_init,weak_sorted_init,variant_ablation,,input/seed_based/bf_075x_008t.txt,seed_based,34,irace_final,720.000000,600.000000,120.000000,3942051,4493563,7011170,35.908515,13.990484,601.670275,output/weak_sorted_init/ILS_iRace/weak_sorted_init/seed_034/input/seed_based/bf_075x_008t.txt,,,9ea0e7a5f98a8ece5c8f0f2ac53db4f323a53fed,true,3.11.2,Linux-6.1.0-49-cloud-amd64-x86_64-with-glibc2.36,
ok,ILS_iRace,weak_sorted_init,weak_sorted_init,variant_ablation,,input/seed_based/bf_075x_008t.txt,seed_based,45,irace_final,720.000000,600.000000,120.000000,3942051,4493563,7011170,35.908515,13.990484,601.183787,output/weak_sorted_init/ILS_iRace/weak_sorted_init/seed_045/input/seed_based/bf_075x_008t.txt,,,9ea0e7a5f98a8ece5c8f0f2ac53db4f323a53fed,true,3.11.2,Linux-6.1.0-49-cloud-amd64-x86_64-with-glibc2.36,
ok,ILS_iRace,weak_sorted_init,weak_sorted_init,variant_ablation,,input/seed_based/bf_075x_008t.txt,seed_based,56,irace_final,720.000000,600.000000,120.000000,3942051,4493563,7011170,35.908515,13.990484,601.202278,output/weak_sorted_init/ILS_iRace/weak_sorted_init/seed_056/input/seed_based/bf_075x_008t.txt,,,9ea0e7a5f98a8ece5c8f0f2ac53db4f323a53fed,true,3.11.2,Linux-6.1.0-49-cloud-amd64-x86_64-with-glibc2.36,
ok,ILS_iRace,weak_sorted_init,weak_sorted_init,variant_ablation,,input/seed_based/bf_075x_008t.txt,seed_based,67,irace_final,720.000000,600.000000,120.000000,3942051,4493563,7011170,35.908515,13.990484,601.604857,output/weak_sorted_init/ILS_iRace/weak_sorted_init/seed_067/input/seed_based/bf_075x_008t.txt,,,9ea0e7a5f98a8ece5c8f0f2ac53db4f323a53fed,true,3.11.2,Linux-6.1.0-49-cloud-amd64-x86_64-with-glibc2.36,
ok,ILS_iRace,weak_sorted_init,weak_sorted_init,variant_ablation,,input/seed_based/bf_075x_008t.txt,seed_based,78,irace_final,720.000000,600.000000,120.000000,3942051,4493563,7011170,35.908515,13.990484,601.710641,output/weak_sorted_init/ILS_iRace/weak_sorted_init/seed_078/input/seed_based/bf_075x_008t.txt,,,9ea0e7a5f98a8ece5c8f0f2ac53db4f323a53fed,true,3.11.2,Linux-6.1.0-49-cloud-amd64-x86_64-with-glibc2.36,
ok,ILS_iRace,weak_sorted_init,weak_sorted_init,variant_ablation,,input/seed_based/bf_075x_008t.txt,seed_based,89,irace_final,720.000000,600.000000,120.000000,3942051,4493563,7011170,35.908515,13.990484,601.061330,output/weak_sorted_init/ILS_iRace/weak_sorted_init/seed_089/input/seed_based/bf_075x_008t.txt,,,9ea0e7a5f98a8ece5c8f0f2ac53db4f323a53fed,true,3.11.2,Linux-6.1.0-49-cloud-amd64-x86_64-with-glibc2.36,
ok,ILS_iRace,weak_sorted_init,weak_sorted_init,variant_ablation,,input/seed_based/bf_075x_008t.txt,seed_based,100,irace_final,720.000000,600.000000,120.000000,3942051,4493563,7011170,35.908515,13.990484,601.525422,output/weak_sorted_init/ILS_iRace/weak_sorted_init/seed_100/input/seed_based/bf_075x_008t.txt,,,9ea0e7a5f98a8ece5c8f0f2ac53db4f323a53fed,true,3.11.2,Linux-6.1.0-49-cloud-amd64-x86_64-with-glibc2.36,
ok,ILS_iRace,weak_sorted_init,weak_sorted_init,variant_ablation,,input/seed_based/bf_090x_020t.txt,seed_based,1,irace_final,720.000000,600.000000,120.000000,6434566,6872910,7969327,13.757962,6.812332,602.395983,output/weak_sorted_init/ILS_iRace/weak_sorted_init/seed_001/input/seed_based/bf_090x_020t.txt,,,9ea0e7a5f98a8ece5c8f0f2ac53db4f323a53fed,true,3.11.2,Linux-6.1.0-49-cloud-amd64-x86_64-with-glibc2.36,
ok,ILS_iRace,weak_sorted_init,weak_sorted_init,variant_ablation,,input/seed_based/bf_090x_020t.txt,seed_based,12,irace_final,720.000000,600.000000,120.000000,6434566,6872910,7969327,13.757962,6.812332,602.285017,output/weak_sorted_init/ILS_iRace/weak_sorted_init/seed_012/input/seed_based/bf_090x_020t.txt,,,9ea0e7a5f98a8ece5c8f0f2ac53db4f323a53fed,true,3.11.2,Linux-6.1.0-49-cloud-amd64-x86_64-with-glibc2.36,
ok,ILS_iRace,weak_sorted_init,weak_sorted_init,variant_ablation,,input/seed_based/bf_090x_020t.txt,seed_based,23,irace_final,720.000000,600.000000,120.000000,6434566,6864245,7969327,13.866692,6.677669,601.649855,output/weak_sorted_init/ILS_iRace/weak_sorted_init/seed_023/input/seed_based/bf_090x_020t.txt,,,9ea0e7a5f98a8ece5c8f0f2ac53db4f323a53fed,true,3.11.2,Linux-6.1.0-49-cloud-amd64-x86_64-with-glibc2.36,
ok,ILS_iRace,weak_sorted_init,weak_sorted_init,variant_ablation,,input/seed_based/bf_090x_020t.txt,seed_based,34,irace_final,720.000000,600.000000,120.000000,6434566,6872910,7969327,13.757962,6.812332,601.459495,output/weak_sorted_init/ILS_iRace/weak_sorted_init/seed_034/input/seed_based/bf_090x_020t.txt,,,9ea0e7a5f98a8ece5c8f0f2ac53db4f323a53fed,true,3.11.2,Linux-6.1.0-49-cloud-amd64-x86_64-with-glibc2.36,
ok,ILS_iRace,weak_sorted_init,weak_sorted_init,variant_ablation,,input/seed_based/bf_090x_020t.txt,seed_based,45,irace_final,720.000000,600.000000,120.000000,6434566,6872910,7969327,13.757962,6.812332,602.150958,output/weak_sorted_init/ILS_iRace/weak_sorted_init/seed_045/input/seed_based/bf_090x_020t.txt,,,9ea0e7a5f98a8ece5c8f0f2ac53db4f323a53fed,true,3.11.2,Linux-6.1.0-49-cloud-amd64-x86_64-with-glibc2.36,
ok,ILS_iRace,weak_sorted_init,weak_sorted_init,variant_ablation,,input/seed_based/bf_090x_020t.txt,seed_based,56,irace_final,720.000000,600.000000,120.000000,6434566,6872910,7969327,13.757962,6.812332,602.286828,output/weak_sorted_init/ILS_iRace/weak_sorted_init/seed_056/input/seed_based/bf_090x_020t.txt,,,9ea0e7a5f98a8ece5c8f0f2ac53db4f323a53fed,true,3.11.2,Linux-6.1.0-49-cloud-amd64-x86_64-with-glibc2.36,
ok,ILS_iRace,weak_sorted_init,weak_sorted_init,variant_ablation,,input/seed_based/bf_090x_020t.txt,seed_based,67,irace_final,720.000000,600.000000,120.000000,6434566,6872910,7969327,13.757962,6.812332,602.953971,output/weak_sorted_init/ILS_iRace/weak_sorted_init/seed_067/input/seed_based/bf_090x_020t.txt,,,9ea0e7a5f98a8ece5c8f0f2ac53db4f323a53fed,true,3.11.2,Linux-6.1.0-49-cloud-amd64-x86_64-with-glibc2.36,
ok,ILS_iRace,weak_sorted_init,weak_sorted_init,variant_ablation,,input/seed_based/bf_090x_020t.txt,seed_based,78,irace_final,720.000000,600.000000,120.000000,6434566,6872910,7969327,13.757962,6.812332,601.823368,output/weak_sorted_init/ILS_iRace/weak_sorted_init/seed_078/input/seed_based/bf_090x_020t.txt,,,9ea0e7a5f98a8ece5c8f0f2ac53db4f323a53fed,true,3.11.2,Linux-6.1.0-49-cloud-amd64-x86_64-with-glibc2.36,
ok,ILS_iRace,weak_sorted_init,weak_sorted_init,variant_ablation,,input/seed_based/bf_090x_020t.txt,seed_based,89,irace_final,720.000000,600.000000,120.000000,6434566,6872910,7969327,13.757962,6.812332,601.758214,output/weak_sorted_init/ILS_iRace/weak_sorted_init/seed_089/input/seed_based/bf_090x_020t.txt,,,9ea0e7a5f98a8ece5c8f0f2ac53db4f323a53fed,true,3.11.2,Linux-6.1.0-49-cloud-amd64-x86_64-with-glibc2.36,
ok,ILS_iRace,weak_sorted_init,weak_sorted_init,variant_ablation,,input/seed_based/bf_090x_020t.txt,seed_based,100,irace_final,720.000000,600.000000,120.000000,6434566,6872910,7969327,13.757962,6.812332,602.020689,output/weak_sorted_init/ILS_iRace/weak_sorted_init/seed_100/input/seed_based/bf_090x_020t.txt,,,9ea0e7a5f98a8ece5c8f0f2ac53db4f323a53fed,true,3.11.2,Linux-6.1.0-49-cloud-amd64-x86_64-with-glibc2.36,
ok,ILS_iRace,weak_sorted_init,weak_sorted_init,variant_ablation,,input/seed_based/c_075x_012t.txt,seed_based,1,irace_final,720.000000,600.000000,120.000000,4125034,4331775,16428705,73.632888,5.011862,601.061105,output/weak_sorted_init/ILS_iRace/weak_sorted_init/seed_001/input/seed_based/c_075x_012t.txt,,,9ea0e7a5f98a8ece5c8f0f2ac53db4f323a53fed,true,3.11.2,Linux-6.1.0-49-cloud-amd64-x86_64-with-glibc2.36,
ok,ILS_iRace,weak_sorted_init,weak_sorted_init,variant_ablation,,input/seed_based/c_075x_012t.txt,seed_based,12,irace_final,720.000000,600.000000,120.000000,4125034,4331697,16428705,73.633363,5.009971,600.912484,output/weak_sorted_init/ILS_iRace/weak_sorted_init/seed_012/input/seed_based/c_075x_012t.txt,,,9ea0e7a5f98a8ece5c8f0f2ac53db4f323a53fed,true,3.11.2,Linux-6.1.0-49-cloud-amd64-x86_64-with-glibc2.36,
ok,ILS_iRace,weak_sorted_init,weak_sorted_init,variant_ablation,,input/seed_based/c_075x_012t.txt,seed_based,23,irace_final,720.000000,600.000000,120.000000,4125034,4331833,16428705,73.632535,5.013268,600.954508,output/weak_sorted_init/ILS_iRace/weak_sorted_init/seed_023/input/seed_based/c_075x_012t.txt,,,9ea0e7a5f98a8ece5c8f0f2ac53db4f323a53fed,true,3.11.2,Linux-6.1.0-49-cloud-amd64-x86_64-with-glibc2.36,
ok,ILS_iRace,weak_sorted_init,weak_sorted_init,variant_ablation,,input/seed_based/c_075x_012t.txt,seed_based,34,irace_final,720.000000,600.000000,120.000000,4125034,4331833,16428705,73.632535,5.013268,600.724675,output/weak_sorted_init/ILS_iRace/weak_sorted_init/seed_034/input/seed_based/c_075x_012t.txt,,,9ea0e7a5f98a8ece5c8f0f2ac53db4f323a53fed,true,3.11.2,Linux-6.1.0-49-cloud-amd64-x86_64-with-glibc2.36,
ok,ILS_iRace,weak_sorted_init,weak_sorted_init,variant_ablation,,input/seed_based/c_075x_012t.txt,seed_based,45,irace_final,720.000000,600.000000,120.000000,4125034,4331775,16428705,73.632888,5.011862,600.970101,output/weak_sorted_init/ILS_iRace/weak_sorted_init/seed_045/input/seed_based/c_075x_012t.txt,,,9ea0e7a5f98a8ece5c8f0f2ac53db4f323a53fed,true,3.11.2,Linux-6.1.0-49-cloud-amd64-x86_64-with-glibc2.36,
ok,ILS_iRace,weak_sorted_init,weak_sorted_init,variant_ablation,,input/seed_based/c_075x_012t.txt,seed_based,56,irace_final,720.000000,600.000000,120.000000,4125034,4331823,16428705,73.632596,5.013025,601.006661,output/weak_sorted_init/ILS_iRace/weak_sorted_init/seed_056/input/seed_based/c_075x_012t.txt,,,9ea0e7a5f98a8ece5c8f0f2ac53db4f323a53fed,true,3.11.2,Linux-6.1.0-49-cloud-amd64-x86_64-with-glibc2.36,
ok,ILS_iRace,weak_sorted_init,weak_sorted_init,variant_ablation,,input/seed_based/c_075x_012t.txt,seed_based,67,irace_final,720.000000,600.000000,120.000000,4125034,4331833,16428705,73.632535,5.013268,600.899358,output/weak_sorted_init/ILS_iRace/weak_sorted_init/seed_067/input/seed_based/c_075x_012t.txt,,,9ea0e7a5f98a8ece5c8f0f2ac53db4f323a53fed,true,3.11.2,Linux-6.1.0-49-cloud-amd64-x86_64-with-glibc2.36,
ok,ILS_iRace,weak_sorted_init,weak_sorted_init,variant_ablation,,input/seed_based/c_075x_012t.txt,seed_based,78,irace_final,720.000000,600.000000,120.000000,4125034,4331775,16428705,73.632888,5.011862,601.141392,output/weak_sorted_init/ILS_iRace/weak_sorted_init/seed_078/input/seed_based/c_075x_012t.txt,,,9ea0e7a5f98a8ece5c8f0f2ac53db4f323a53fed,true,3.11.2,Linux-6.1.0-49-cloud-amd64-x86_64-with-glibc2.36,
ok,ILS_iRace,weak_sorted_init,weak_sorted_init,variant_ablation,,input/seed_based/c_075x_012t.txt,seed_based,89,irace_final,720.000000,600.000000,120.000000,4125034,4331831,16428705,73.632547,5.013219,600.884850,output/weak_sorted_init/ILS_iRace/weak_sorted_init/seed_089/input/seed_based/c_075x_012t.txt,,,9ea0e7a5f98a8ece5c8f0f2ac53db4f323a53fed,true,3.11.2,Linux-6.1.0-49-cloud-amd64-x86_64-with-glibc2.36,
ok,ILS_iRace,weak_sorted_init,weak_sorted_init,variant_ablation,,input/seed_based/c_075x_012t.txt,seed_based,100,irace_final,720.000000,600.000000,120.000000,4125034,4331848,16428705,73.632444,5.013631,600.847469,output/weak_sorted_init/ILS_iRace/weak_sorted_init/seed_100/input/seed_based/c_075x_012t.txt,,,9ea0e7a5f98a8ece5c8f0f2ac53db4f323a53fed,true,3.11.2,Linux-6.1.0-49-cloud-amd64-x86_64-with-glibc2.36,
ok,ILS_iRace,weak_sorted_init,weak_sorted_init,variant_ablation,,input/seed_based/cd_060x_008t.txt,seed_based,1,irace_final,720.000000,600.000000,120.000000,3953624,4330556,11362607,61.887655,9.533835,600.874386,output/weak_sorted_init/ILS_iRace/weak_sorted_init/seed_001/input/seed_based/cd_060x_008t.txt,,,9ea0e7a5f98a8ece5c8f0f2ac53db4f323a53fed,true,3.11.2,Linux-6.1.0-49-cloud-amd64-x86_64-with-glibc2.36,
ok,ILS_iRace,weak_sorted_init,weak_sorted_init,variant_ablation,,input/seed_based/cd_060x_008t.txt,seed_based,12,irace_final,720.000000,600.000000,120.000000,3953624,4349974,11362607,61.716761,10.024980,601.132370,output/weak_sorted_init/ILS_iRace/weak_sorted_init/seed_012/input/seed_based/cd_060x_008t.txt,,,9ea0e7a5f98a8ece5c8f0f2ac53db4f323a53fed,true,3.11.2,Linux-6.1.0-49-cloud-amd64-x86_64-with-glibc2.36,
ok,ILS_iRace,weak_sorted_init,weak_sorted_init,variant_ablation,,input/seed_based/cd_060x_008t.txt,seed_based,23,irace_final,720.000000,600.000000,120.000000,3953624,4345125,11362607,61.759436,9.902333,600.722240,output/weak_sorted_init/ILS_iRace/weak_sorted_init/seed_023/input/seed_based/cd_060x_008t.txt,,,9ea0e7a5f98a8ece5c8f0f2ac53db4f323a53fed,true,3.11.2,Linux-6.1.0-49-cloud-amd64-x86_64-with-glibc2.36,
ok,ILS_iRace,weak_sorted_init,weak_sorted_init,variant_ablation,,input/seed_based/cd_060x_008t.txt,seed_based,34,irace_final,720.000000,600.000000,120.000000,3953624,4307346,11362607,62.091921,8.946779,600.969703,output/weak_sorted_init/ILS_iRace/weak_sorted_init/seed_034/input/seed_based/cd_060x_008t.txt,,,9ea0e7a5f98a8ece5c8f0f2ac53db4f323a53fed,true,3.11.2,Linux-6.1.0-49-cloud-amd64-x86_64-with-glibc2.36,
ok,ILS_iRace,weak_sorted_init,weak_sorted_init,variant_ablation,,input/seed_based/cd_060x_008t.txt,seed_based,45,irace_final,720.000000,600.000000,120.000000,3953624,4332246,11362607,61.872781,9.576581,601.028393,output/weak_sorted_init/ILS_iRace/weak_sorted_init/seed_045/input/seed_based/cd_060x_008t.txt,,,9ea0e7a5f98a8ece5c8f0f2ac53db4f323a53fed,true,3.11.2,Linux-6.1.0-49-cloud-amd64-x86_64-with-glibc2.36,
ok,ILS_iRace,weak_sorted_init,weak_sorted_init,variant_ablation,,input/seed_based/cd_060x_008t.txt,seed_based,56,irace_final,720.000000,600.000000,120.000000,3953624,4315864,11362607,62.016956,9.162227,600.951996,output/weak_sorted_init/ILS_iRace/weak_sorted_init/seed_056/input/seed_based/cd_060x_008t.txt,,,9ea0e7a5f98a8ece5c8f0f2ac53db4f323a53fed,true,3.11.2,Linux-6.1.0-49-cloud-amd64-x86_64-with-glibc2.36,
ok,ILS_iRace,weak_sorted_init,weak_sorted_init,variant_ablation,,input/seed_based/cd_060x_008t.txt,seed_based,67,irace_final,720.000000,600.000000,120.000000,3953624,4344981,11362607,61.760703,9.898690,600.833946,output/weak_sorted_init/ILS_iRace/weak_sorted_init/seed_067/input/seed_based/cd_060x_008t.txt,,,9ea0e7a5f98a8ece5c8f0f2ac53db4f323a53fed,true,3.11.2,Linux-6.1.0-49-cloud-amd64-x86_64-with-glibc2.36,
ok,ILS_iRace,weak_sorted_init,weak_sorted_init,variant_ablation,,input/seed_based/cd_060x_008t.txt,seed_based,78,irace_final,720.000000,600.000000,120.000000,3953624,4322247,11362607,61.960781,9.323674,601.187326,output/weak_sorted_init/ILS_iRace/weak_sorted_init/seed_078/input/seed_based/cd_060x_008t.txt,,,9ea0e7a5f98a8ece5c8f0f2ac53db4f323a53fed,true,3.11.2,Linux-6.1.0-49-cloud-amd64-x86_64-with-glibc2.36,
ok,ILS_iRace,weak_sorted_init,weak_sorted_init,variant_ablation,,input/seed_based/cd_060x_008t.txt,seed_based,89,irace_final,720.000000,600.000000,120.000000,3953624,4360940,11362607,61.620251,10.302345,601.138619,output/weak_sorted_init/ILS_iRace/weak_sorted_init/seed_089/input/seed_based/cd_060x_008t.txt,,,9ea0e7a5f98a8ece5c8f0f2ac53db4f323a53fed,true,3.11.2,Linux-6.1.0-49-cloud-amd64-x86_64-with-glibc2.36,
ok,ILS_iRace,weak_sorted_init,weak_sorted_init,variant_ablation,,input/seed_based/cd_060x_008t.txt,seed_based,100,irace_final,720.000000,600.000000,120.000000,3953624,4319780,11362607,61.982492,9.261275,600.703740,output/weak_sorted_init/ILS_iRace/weak_sorted_init/seed_100/input/seed_based/cd_060x_008t.txt,,,9ea0e7a5f98a8ece5c8f0f2ac53db4f323a53fed,true,3.11.2,Linux-6.1.0-49-cloud-amd64-x86_64-with-glibc2.36,
ok,ILS_iRace,weak_sorted_init,weak_sorted_init,variant_ablation,,input/seed_based/cd_075x_020t.txt,seed_based,1,irace_final,720.000000,600.000000,120.000000,9755342,10848717,16643615,34.817544,11.207962,601.818773,output/weak_sorted_init/ILS_iRace/weak_sorted_init/seed_001/input/seed_based/cd_075x_020t.txt,,,9ea0e7a5f98a8ece5c8f0f2ac53db4f323a53fed,true,3.11.2,Linux-6.1.0-49-cloud-amd64-x86_64-with-glibc2.36,
ok,ILS_iRace,weak_sorted_init,weak_sorted_init,variant_ablation,,input/seed_based/cd_075x_020t.txt,seed_based,12,irace_final,720.000000,600.000000,120.000000,9755342,10591256,16643615,36.364450,8.568782,601.688191,output/weak_sorted_init/ILS_iRace/weak_sorted_init/seed_012/input/seed_based/cd_075x_020t.txt,,,9ea0e7a5f98a8ece5c8f0f2ac53db4f323a53fed,true,3.11.2,Linux-6.1.0-49-cloud-amd64-x86_64-with-glibc2.36,
ok,ILS_iRace,weak_sorted_init,weak_sorted_init,variant_ablation,,input/seed_based/cd_075x_020t.txt,seed_based,23,irace_final,720.000000,600.000000,120.000000,9755342,10651240,16643615,36.004047,9.183666,601.696292,output/weak_sorted_init/ILS_iRace/weak_sorted_init/seed_023/input/seed_based/cd_075x_020t.txt,,,9ea0e7a5f98a8ece5c8f0f2ac53db4f323a53fed,true,3.11.2,Linux-6.1.0-49-cloud-amd64-x86_64-with-glibc2.36,
ok,ILS_iRace,weak_sorted_init,weak_sorted_init,variant_ablation,,input/seed_based/cd_075x_020t.txt,seed_based,34,irace_final,720.000000,600.000000,120.000000,9755342,10620427,16643615,36.189181,8.867808,601.103662,output/weak_sorted_init/ILS_iRace/weak_sorted_init/seed_034/input/seed_based/cd_075x_020t.txt,,,9ea0e7a5f98a8ece5c8f0f2ac53db4f323a53fed,true,3.11.2,Linux-6.1.0-49-cloud-amd64-x86_64-with-glibc2.36,
ok,ILS_iRace,weak_sorted_init,weak_sorted_init,variant_ablation,,input/seed_based/cd_075x_020t.txt,seed_based,45,irace_final,720.000000,600.000000,120.000000,9755342,10665985,16643615,35.915455,9.334814,601.502998,output/weak_sorted_init/ILS_iRace/weak_sorted_init/seed_045/input/seed_based/cd_075x_020t.txt,,,9ea0e7a5f98a8ece5c8f0f2ac53db4f323a53fed,true,3.11.2,Linux-6.1.0-49-cloud-amd64-x86_64-with-glibc2.36,
ok,ILS_iRace,weak_sorted_init,weak_sorted_init,variant_ablation,,input/seed_based/cd_075x_020t.txt,seed_based,56,irace_final,720.000000,600.000000,120.000000,9755342,10663214,16643615,35.932104,9.306409,601.907706,output/weak_sorted_init/ILS_iRace/weak_sorted_init/seed_056/input/seed_based/cd_075x_020t.txt,,,9ea0e7a5f98a8ece5c8f0f2ac53db4f323a53fed,true,3.11.2,Linux-6.1.0-49-cloud-amd64-x86_64-with-glibc2.36,
ok,ILS_iRace,weak_sorted_init,weak_sorted_init,variant_ablation,,input/seed_based/cd_075x_020t.txt,seed_based,67,irace_final,720.000000,600.000000,120.000000,9755342,10691624,16643615,35.761408,9.597634,601.919281,output/weak_sorted_init/ILS_iRace/weak_sorted_init/seed_067/input/seed_based/cd_075x_020t.txt,,,9ea0e7a5f98a8ece5c8f0f2ac53db4f323a53fed,true,3.11.2,Linux-6.1.0-49-cloud-amd64-x86_64-with-glibc2.36,
ok,ILS_iRace,weak_sorted_init,weak_sorted_init,variant_ablation,,input/seed_based/cd_075x_020t.txt,seed_based,78,irace_final,720.000000,600.000000,120.000000,9755342,10850600,16643615,34.806230,11.227264,601.333598,output/weak_sorted_init/ILS_iRace/weak_sorted_init/seed_078/input/seed_based/cd_075x_020t.txt,,,9ea0e7a5f98a8ece5c8f0f2ac53db4f323a53fed,true,3.11.2,Linux-6.1.0-49-cloud-amd64-x86_64-with-glibc2.36,
ok,ILS_iRace,weak_sorted_init,weak_sorted_init,variant_ablation,,input/seed_based/cd_075x_020t.txt,seed_based,89,irace_final,720.000000,600.000000,120.000000,9755342,10675664,16643615,35.857300,9.434031,601.245916,output/weak_sorted_init/ILS_iRace/weak_sorted_init/seed_089/input/seed_based/cd_075x_020t.txt,,,9ea0e7a5f98a8ece5c8f0f2ac53db4f323a53fed,true,3.11.2,Linux-6.1.0-49-cloud-amd64-x86_64-with-glibc2.36,
ok,ILS_iRace,weak_sorted_init,weak_sorted_init,variant_ablation,,input/seed_based/cd_075x_020t.txt,seed_based,100,irace_final,720.000000,600.000000,120.000000,9755342,10620547,16643615,36.188460,8.869038,601.919432,output/weak_sorted_init/ILS_iRace/weak_sorted_init/seed_100/input/seed_based/cd_075x_020t.txt,,,9ea0e7a5f98a8ece5c8f0f2ac53db4f323a53fed,true,3.11.2,Linux-6.1.0-49-cloud-amd64-x86_64-with-glibc2.36,
ok,ILS_iRace,weak_sorted_init,weak_sorted_init,variant_ablation,,input/seed_based/ce_060x_012t.txt,seed_based,1,irace_final,720.000000,600.000000,120.000000,12037001,13047600,18615160,29.908741,8.395771,601.124186,output/weak_sorted_init/ILS_iRace/weak_sorted_init/seed_001/input/seed_based/ce_060x_012t.txt,,,9ea0e7a5f98a8ece5c8f0f2ac53db4f323a53fed,true,3.11.2,Linux-6.1.0-49-cloud-amd64-x86_64-with-glibc2.36,
ok,ILS_iRace,weak_sorted_init,weak_sorted_init,variant_ablation,,input/seed_based/ce_060x_012t.txt,seed_based,12,irace_final,720.000000,600.000000,120.000000,12037001,13055809,18615160,29.864643,8.463969,601.331262,output/weak_sorted_init/ILS_iRace/weak_sorted_init/seed_012/input/seed_based/ce_060x_012t.txt,,,9ea0e7a5f98a8ece5c8f0f2ac53db4f323a53fed,true,3.11.2,Linux-6.1.0-49-cloud-amd64-x86_64-with-glibc2.36,
ok,ILS_iRace,weak_sorted_init,weak_sorted_init,variant_ablation,,input/seed_based/ce_060x_012t.txt,seed_based,23,irace_final,720.000000,600.000000,120.000000,12037001,13056722,18615160,29.859738,8.471554,600.996063,output/weak_sorted_init/ILS_iRace/weak_sorted_init/seed_023/input/seed_based/ce_060x_012t.txt,,,9ea0e7a5f98a8ece5c8f0f2ac53db4f323a53fed,true,3.11.2,Linux-6.1.0-49-cloud-amd64-x86_64-with-glibc2.36,
ok,ILS_iRace,weak_sorted_init,weak_sorted_init,variant_ablation,,input/seed_based/ce_060x_012t.txt,seed_based,34,irace_final,720.000000,600.000000,120.000000,12037001,13060708,18615160,29.838325,8.504668,601.089885,output/weak_sorted_init/ILS_iRace/weak_sorted_init/seed_034/input/seed_based/ce_060x_012t.txt,,,9ea0e7a5f98a8ece5c8f0f2ac53db4f323a53fed,true,3.11.2,Linux-6.1.0-49-cloud-amd64-x86_64-with-glibc2.36,
ok,ILS_iRace,weak_sorted_init,weak_sorted_init,variant_ablation,,input/seed_based/ce_060x_012t.txt,seed_based,45,irace_final,720.000000,600.000000,120.000000,12037001,13055787,18615160,29.864761,8.463786,600.958561,output/weak_sorted_init/ILS_iRace/weak_sorted_init/seed_045/input/seed_based/ce_060x_012t.txt,,,9ea0e7a5f98a8ece5c8f0f2ac53db4f323a53fed,true,3.11.2,Linux-6.1.0-49-cloud-amd64-x86_64-with-glibc2.36,
ok,ILS_iRace,weak_sorted_init,weak_sorted_init,variant_ablation,,input/seed_based/ce_060x_012t.txt,seed_based,56,irace_final,720.000000,600.000000,120.000000,12037001,13053987,18615160,29.874430,8.448832,601.363905,output/weak_sorted_init/ILS_iRace/weak_sorted_init/seed_056/input/seed_based/ce_060x_012t.txt,,,9ea0e7a5f98a8ece5c8f0f2ac53db4f323a53fed,true,3.11.2,Linux-6.1.0-49-cloud-amd64-x86_64-with-glibc2.36,
ok,ILS_iRace,weak_sorted_init,weak_sorted_init,variant_ablation,,input/seed_based/ce_060x_012t.txt,seed_based,67,irace_final,720.000000,600.000000,120.000000,12037001,13050342,18615160,29.894011,8.418550,601.311307,output/weak_sorted_init/ILS_iRace/weak_sorted_init/seed_067/input/seed_based/ce_060x_012t.txt,,,9ea0e7a5f98a8ece5c8f0f2ac53db4f323a53fed,true,3.11.2,Linux-6.1.0-49-cloud-amd64-x86_64-with-glibc2.36,
ok,ILS_iRace,weak_sorted_init,weak_sorted_init,variant_ablation,,input/seed_based/ce_060x_012t.txt,seed_based,78,irace_final,720.000000,600.000000,120.000000,12037001,13048703,18615160,29.902816,8.404934,600.964522,output/weak_sorted_init/ILS_iRace/weak_sorted_init/seed_078/input/seed_based/ce_060x_012t.txt,,,9ea0e7a5f98a8ece5c8f0f2ac53db4f323a53fed,true,3.11.2,Linux-6.1.0-49-cloud-amd64-x86_64-with-glibc2.36,
ok,ILS_iRace,weak_sorted_init,weak_sorted_init,variant_ablation,,input/seed_based/ce_060x_012t.txt,seed_based,89,irace_final,720.000000,600.000000,120.000000,12037001,13059570,18615160,29.844439,8.495214,601.295398,output/weak_sorted_init/ILS_iRace/weak_sorted_init/seed_089/input/seed_based/ce_060x_012t.txt,,,9ea0e7a5f98a8ece5c8f0f2ac53db4f323a53fed,true,3.11.2,Linux-6.1.0-49-cloud-amd64-x86_64-with-glibc2.36,
ok,ILS_iRace,weak_sorted_init,weak_sorted_init,variant_ablation,,input/seed_based/ce_060x_012t.txt,seed_based,100,irace_final,720.000000,600.000000,120.000000,12037001,13050713,18615160,29.892018,8.421633,601.198938,output/weak_sorted_init/ILS_iRace/weak_sorted_init/seed_100/input/seed_based/ce_060x_012t.txt,,,9ea0e7a5f98a8ece5c8f0f2ac53db4f323a53fed,true,3.11.2,Linux-6.1.0-49-cloud-amd64-x86_64-with-glibc2.36,
ok,ILS_iRace,weak_sorted_init,weak_sorted_init,variant_ablation,,input/seed_based/ce_090x_008t.txt,seed_based,1,irace_final,720.000000,600.000000,120.000000,19186640,20705360,28729695,27.930457,7.915508,602.945472,output/weak_sorted_init/ILS_iRace/weak_sorted_init/seed_001/input/seed_based/ce_090x_008t.txt,,,9ea0e7a5f98a8ece5c8f0f2ac53db4f323a53fed,true,3.11.2,Linux-6.1.0-49-cloud-amd64-x86_64-with-glibc2.36,
ok,ILS_iRace,weak_sorted_init,weak_sorted_init,variant_ablation,,input/seed_based/ce_090x_008t.txt,seed_based,12,irace_final,720.000000,600.000000,120.000000,19186640,20709725,28729695,27.915263,7.938258,602.467910,output/weak_sorted_init/ILS_iRace/weak_sorted_init/seed_012/input/seed_based/ce_090x_008t.txt,,,9ea0e7a5f98a8ece5c8f0f2ac53db4f323a53fed,true,3.11.2,Linux-6.1.0-49-cloud-amd64-x86_64-with-glibc2.36,
ok,ILS_iRace,weak_sorted_init,weak_sorted_init,variant_ablation,,input/seed_based/ce_090x_008t.txt,seed_based,23,irace_final,720.000000,600.000000,120.000000,19186640,20708704,28729695,27.918817,7.932937,602.957242,output/weak_sorted_init/ILS_iRace/weak_sorted_init/seed_023/input/seed_based/ce_090x_008t.txt,,,9ea0e7a5f98a8ece5c8f0f2ac53db4f323a53fed,true,3.11.2,Linux-6.1.0-49-cloud-amd64-x86_64-with-glibc2.36,
ok,ILS_iRace,weak_sorted_init,weak_sorted_init,variant_ablation,,input/seed_based/ce_090x_008t.txt,seed_based,34,irace_final,720.000000,600.000000,120.000000,19186640,20709388,28729695,27.916436,7.936502,601.950046,output/weak_sorted_init/ILS_iRace/weak_sorted_init/seed_034/input/seed_based/ce_090x_008t.txt,,,9ea0e7a5f98a8ece5c8f0f2ac53db4f323a53fed,true,3.11.2,Linux-6.1.0-49-cloud-amd64-x86_64-with-glibc2.36,
ok,ILS_iRace,weak_sorted_init,weak_sorted_init,variant_ablation,,input/seed_based/ce_090x_008t.txt,seed_based,45,irace_final,720.000000,600.000000,120.000000,19186640,20695794,28729695,27.963753,7.865650,602.676724,output/weak_sorted_init/ILS_iRace/weak_sorted_init/seed_045/input/seed_based/ce_090x_008t.txt,,,9ea0e7a5f98a8ece5c8f0f2ac53db4f323a53fed,true,3.11.2,Linux-6.1.0-49-cloud-amd64-x86_64-with-glibc2.36,
ok,ILS_iRace,weak_sorted_init,weak_sorted_init,variant_ablation,,input/seed_based/ce_090x_008t.txt,seed_based,56,irace_final,720.000000,600.000000,120.000000,19186640,20708646,28729695,27.919019,7.932634,601.860009,output/weak_sorted_init/ILS_iRace/weak_sorted_init/seed_056/input/seed_based/ce_090x_008t.txt,,,9ea0e7a5f98a8ece5c8f0f2ac53db4f323a53fed,true,3.11.2,Linux-6.1.0-49-cloud-amd64-x86_64-with-glibc2.36,
ok,ILS_iRace,weak_sorted_init,weak_sorted_init,variant_ablation,,input/seed_based/ce_090x_008t.txt,seed_based,67,irace_final,720.000000,600.000000,120.000000,19186640,20706233,28729695,27.927418,7.920058,602.718467,output/weak_sorted_init/ILS_iRace/weak_sorted_init/seed_067/input/seed_based/ce_090x_008t.txt,,,9ea0e7a5f98a8ece5c8f0f2ac53db4f323a53fed,true,3.11.2,Linux-6.1.0-49-cloud-amd64-x86_64-with-glibc2.36,
ok,ILS_iRace,weak_sorted_init,weak_sorted_init,variant_ablation,,input/seed_based/ce_090x_008t.txt,seed_based,78,irace_final,720.000000,600.000000,120.000000,19186640,20719803,28729695,27.880185,7.990784,602.543436,output/weak_sorted_init/ILS_iRace/weak_sorted_init/seed_078/input/seed_based/ce_090x_008t.txt,,,9ea0e7a5f98a8ece5c8f0f2ac53db4f323a53fed,true,3.11.2,Linux-6.1.0-49-cloud-amd64-x86_64-with-glibc2.36,
ok,ILS_iRace,weak_sorted_init,weak_sorted_init,variant_ablation,,input/seed_based/ce_090x_008t.txt,seed_based,89,irace_final,720.000000,600.000000,120.000000,19186640,20699201,28729695,27.951894,7.883407,602.897425,output/weak_sorted_init/ILS_iRace/weak_sorted_init/seed_089/input/seed_based/ce_090x_008t.txt,,,9ea0e7a5f98a8ece5c8f0f2ac53db4f323a53fed,true,3.11.2,Linux-6.1.0-49-cloud-amd64-x86_64-with-glibc2.36,
ok,ILS_iRace,weak_sorted_init,weak_sorted_init,variant_ablation,,input/seed_based/ce_090x_008t.txt,seed_based,100,irace_final,720.000000,600.000000,120.000000,19186640,20708941,28729695,27.917992,7.934172,601.758557,output/weak_sorted_init/ILS_iRace/weak_sorted_init/seed_100/input/seed_based/ce_090x_008t.txt,,,9ea0e7a5f98a8ece5c8f0f2ac53db4f323a53fed,true,3.11.2,Linux-6.1.0-49-cloud-amd64-x86_64-with-glibc2.36,
ok,ILS_iRace,weak_sorted_init,weak_sorted_init,variant_ablation,,input/seed_based/cf_060x_020t.txt,seed_based,1,irace_final,720.000000,600.000000,120.000000,12585196,13441183,16143221,16.737911,6.801539,601.204166,output/weak_sorted_init/ILS_iRace/weak_sorted_init/seed_001/input/seed_based/cf_060x_020t.txt,,,9ea0e7a5f98a8ece5c8f0f2ac53db4f323a53fed,true,3.11.2,Linux-6.1.0-49-cloud-amd64-x86_64-with-glibc2.36,
ok,ILS_iRace,weak_sorted_init,weak_sorted_init,variant_ablation,,input/seed_based/cf_060x_020t.txt,seed_based,12,irace_final,720.000000,600.000000,120.000000,12585196,13440269,16143221,16.743573,6.794276,600.947587,output/weak_sorted_init/ILS_iRace/weak_sorted_init/seed_012/input/seed_based/cf_060x_020t.txt,,,9ea0e7a5f98a8ece5c8f0f2ac53db4f323a53fed,true,3.11.2,Linux-6.1.0-49-cloud-amd64-x86_64-with-glibc2.36,
ok,ILS_iRace,weak_sorted_init,weak_sorted_init,variant_ablation,,input/seed_based/cf_060x_020t.txt,seed_based,23,irace_final,720.000000,600.000000,120.000000,12585196,13441183,16143221,16.737911,6.801539,601.091793,output/weak_sorted_init/ILS_iRace/weak_sorted_init/seed_023/input/seed_based/cf_060x_020t.txt,,,9ea0e7a5f98a8ece5c8f0f2ac53db4f323a53fed,true,3.11.2,Linux-6.1.0-49-cloud-amd64-x86_64-with-glibc2.36,
ok,ILS_iRace,weak_sorted_init,weak_sorted_init,variant_ablation,,input/seed_based/cf_060x_020t.txt,seed_based,34,irace_final,720.000000,600.000000,120.000000,12585196,13441875,16143221,16.733625,6.807037,600.896014,output/weak_sorted_init/ILS_iRace/weak_sorted_init/seed_034/input/seed_based/cf_060x_020t.txt,,,9ea0e7a5f98a8ece5c8f0f2ac53db4f323a53fed,true,3.11.2,Linux-6.1.0-49-cloud-amd64-x86_64-with-glibc2.36,
ok,ILS_iRace,weak_sorted_init,weak_sorted_init,variant_ablation,,input/seed_based/cf_060x_020t.txt,seed_based,45,irace_final,720.000000,600.000000,120.000000,12585196,13442043,16143221,16.732584,6.808372,601.024621,output/weak_sorted_init/ILS_iRace/weak_sorted_init/seed_045/input/seed_based/cf_060x_020t.txt,,,9ea0e7a5f98a8ece5c8f0f2ac53db4f323a53fed,true,3.11.2,Linux-6.1.0-49-cloud-amd64-x86_64-with-glibc2.36,
ok,ILS_iRace,weak_sorted_init,weak_sorted_init,variant_ablation,,input/seed_based/cf_060x_020t.txt,seed_based,56,irace_final,720.000000,600.000000,120.000000,12585196,13442088,16143221,16.732305,6.808730,601.372413,output/weak_sorted_init/ILS_iRace/weak_sorted_init/seed_056/input/seed_based/cf_060x_020t.txt,,,9ea0e7a5f98a8ece5c8f0f2ac53db4f323a53fed,true,3.11.2,Linux-6.1.0-49-cloud-amd64-x86_64-with-glibc2.36,
ok,ILS_iRace,weak_sorted_init,weak_sorted_init,variant_ablation,,input/seed_based/cf_060x_020t.txt,seed_based,67,irace_final,720.000000,600.000000,120.000000,12585196,13441285,16143221,16.737279,6.802349,601.008330,output/weak_sorted_init/ILS_iRace/weak_sorted_init/seed_067/input/seed_based/cf_060x_020t.txt,,,9ea0e7a5f98a8ece5c8f0f2ac53db4f323a53fed,true,3.11.2,Linux-6.1.0-49-cloud-amd64-x86_64-with-glibc2.36,
ok,ILS_iRace,weak_sorted_init,weak_sorted_init,variant_ablation,,input/seed_based/cf_060x_020t.txt,seed_based,78,irace_final,720.000000,600.000000,120.000000,12585196,13441183,16143221,16.737911,6.801539,600.939916,output/weak_sorted_init/ILS_iRace/weak_sorted_init/seed_078/input/seed_based/cf_060x_020t.txt,,,9ea0e7a5f98a8ece5c8f0f2ac53db4f323a53fed,true,3.11.2,Linux-6.1.0-49-cloud-amd64-x86_64-with-glibc2.36,
ok,ILS_iRace,weak_sorted_init,weak_sorted_init,variant_ablation,,input/seed_based/cf_060x_020t.txt,seed_based,89,irace_final,720.000000,600.000000,120.000000,12585196,13442043,16143221,16.732584,6.808372,601.146890,output/weak_sorted_init/ILS_iRace/weak_sorted_init/seed_089/input/seed_based/cf_060x_020t.txt,,,9ea0e7a5f98a8ece5c8f0f2ac53db4f323a53fed,true,3.11.2,Linux-6.1.0-49-cloud-amd64-x86_64-with-glibc2.36,
ok,ILS_iRace,weak_sorted_init,weak_sorted_init,variant_ablation,,input/seed_based/cf_060x_020t.txt,seed_based,100,irace_final,720.000000,600.000000,120.000000,12585196,13441285,16143221,16.737279,6.802349,601.066093,output/weak_sorted_init/ILS_iRace/weak_sorted_init/seed_100/input/seed_based/cf_060x_020t.txt,,,9ea0e7a5f98a8ece5c8f0f2ac53db4f323a53fed,true,3.11.2,Linux-6.1.0-49-cloud-amd64-x86_64-with-glibc2.36,
ok,ILS_iRace,weak_sorted_init,weak_sorted_init,variant_ablation,,input/seed_based/cf_090x_012t.txt,seed_based,1,irace_final,720.000000,600.000000,120.000000,19482582,21425558,28288174,24.259664,9.972888,602.414588,output/weak_sorted_init/ILS_iRace/weak_sorted_init/seed_001/input/seed_based/cf_090x_012t.txt,,,9ea0e7a5f98a8ece5c8f0f2ac53db4f323a53fed,true,3.11.2,Linux-6.1.0-49-cloud-amd64-x86_64-with-glibc2.36,
ok,ILS_iRace,weak_sorted_init,weak_sorted_init,variant_ablation,,input/seed_based/cf_090x_012t.txt,seed_based,12,irace_final,720.000000,600.000000,120.000000,19482582,21425244,28288174,24.260774,9.971276,602.566942,output/weak_sorted_init/ILS_iRace/weak_sorted_init/seed_012/input/seed_based/cf_090x_012t.txt,,,9ea0e7a5f98a8ece5c8f0f2ac53db4f323a53fed,true,3.11.2,Linux-6.1.0-49-cloud-amd64-x86_64-with-glibc2.36,
ok,ILS_iRace,weak_sorted_init,weak_sorted_init,variant_ablation,,input/seed_based/cf_090x_012t.txt,seed_based,23,irace_final,720.000000,600.000000,120.000000,19482582,21425988,28288174,24.258144,9.975095,601.910124,output/weak_sorted_init/ILS_iRace/weak_sorted_init/seed_023/input/seed_based/cf_090x_012t.txt,,,9ea0e7a5f98a8ece5c8f0f2ac53db4f323a53fed,true,3.11.2,Linux-6.1.0-49-cloud-amd64-x86_64-with-glibc2.36,
ok,ILS_iRace,weak_sorted_init,weak_sorted_init,variant_ablation,,input/seed_based/cf_090x_012t.txt,seed_based,34,irace_final,720.000000,600.000000,120.000000,19482582,21425244,28288174,24.260774,9.971276,601.948839,output/weak_sorted_init/ILS_iRace/weak_sorted_init/seed_034/input/seed_based/cf_090x_012t.txt,,,9ea0e7a5f98a8ece5c8f0f2ac53db4f323a53fed,true,3.11.2,Linux-6.1.0-49-cloud-amd64-x86_64-with-glibc2.36,
ok,ILS_iRace,weak_sorted_init,weak_sorted_init,variant_ablation,,input/seed_based/cf_090x_012t.txt,seed_based,45,irace_final,720.000000,600.000000,120.000000,19482582,21425977,28288174,24.258183,9.975038,601.696396,output/weak_sorted_init/ILS_iRace/weak_sorted_init/seed_045/input/seed_based/cf_090x_012t.txt,,,9ea0e7a5f98a8ece5c8f0f2ac53db4f323a53fed,true,3.11.2,Linux-6.1.0-49-cloud-amd64-x86_64-with-glibc2.36,
ok,ILS_iRace,weak_sorted_init,weak_sorted_init,variant_ablation,,input/seed_based/cf_090x_012t.txt,seed_based,56,irace_final,720.000000,600.000000,120.000000,19482582,21425244,28288174,24.260774,9.971276,602.838389,output/weak_sorted_init/ILS_iRace/weak_sorted_init/seed_056/input/seed_based/cf_090x_012t.txt,,,9ea0e7a5f98a8ece5c8f0f2ac53db4f323a53fed,true,3.11.2,Linux-6.1.0-49-cloud-amd64-x86_64-with-glibc2.36,
ok,ILS_iRace,weak_sorted_init,weak_sorted_init,variant_ablation,,input/seed_based/cf_090x_012t.txt,seed_based,67,irace_final,720.000000,600.000000,120.000000,19482582,21425650,28288174,24.259339,9.973360,602.605927,output/weak_sorted_init/ILS_iRace/weak_sorted_init/seed_067/input/seed_based/cf_090x_012t.txt,,,9ea0e7a5f98a8ece5c8f0f2ac53db4f323a53fed,true,3.11.2,Linux-6.1.0-49-cloud-amd64-x86_64-with-glibc2.36,
ok,ILS_iRace,weak_sorted_init,weak_sorted_init,variant_ablation,,input/seed_based/cf_090x_012t.txt,seed_based,78,irace_final,720.000000,600.000000,120.000000,19482582,21425558,28288174,24.259664,9.972888,602.359432,output/weak_sorted_init/ILS_iRace/weak_sorted_init/seed_078/input/seed_based/cf_090x_012t.txt,,,9ea0e7a5f98a8ece5c8f0f2ac53db4f323a53fed,true,3.11.2,Linux-6.1.0-49-cloud-amd64-x86_64-with-glibc2.36,
ok,ILS_iRace,weak_sorted_init,weak_sorted_init,variant_ablation,,input/seed_based/cf_090x_012t.txt,seed_based,89,irace_final,720.000000,600.000000,120.000000,19482582,21425558,28288174,24.259664,9.972888,601.659607,output/weak_sorted_init/ILS_iRace/weak_sorted_init/seed_089/input/seed_based/cf_090x_012t.txt,,,9ea0e7a5f98a8ece5c8f0f2ac53db4f323a53fed,true,3.11.2,Linux-6.1.0-49-cloud-amd64-x86_64-with-glibc2.36,
ok,ILS_iRace,weak_sorted_init,weak_sorted_init,variant_ablation,,input/seed_based/cf_090x_012t.txt,seed_based,100,irace_final,720.000000,600.000000,120.000000,19482582,21425988,28288174,24.258144,9.975095,602.554160,output/weak_sorted_init/ILS_iRace/weak_sorted_init/seed_100/input/seed_based/cf_090x_012t.txt,,,9ea0e7a5f98a8ece5c8f0f2ac53db4f323a53fed,true,3.11.2,Linux-6.1.0-49-cloud-amd64-x86_64-with-glibc2.36,
ok,ILS_iRace,weak_sorted_init,weak_sorted_init,variant_ablation,,input/seed_based/d_075x_008t.txt,seed_based,1,irace_final,720.000000,600.000000,120.000000,1027822,1104072,2899800,61.925926,7.418600,601.564647,output/weak_sorted_init/ILS_iRace/weak_sorted_init/seed_001/input/seed_based/d_075x_008t.txt,,,9ea0e7a5f98a8ece5c8f0f2ac53db4f323a53fed,true,3.11.2,Linux-6.1.0-49-cloud-amd64-x86_64-with-glibc2.36,
ok,ILS_iRace,weak_sorted_init,weak_sorted_init,variant_ablation,,input/seed_based/d_075x_008t.txt,seed_based,12,irace_final,720.000000,600.000000,120.000000,1027822,1102150,2899800,61.992206,7.231602,600.910809,output/weak_sorted_init/ILS_iRace/weak_sorted_init/seed_012/input/seed_based/d_075x_008t.txt,,,9ea0e7a5f98a8ece5c8f0f2ac53db4f323a53fed,true,3.11.2,Linux-6.1.0-49-cloud-amd64-x86_64-with-glibc2.36,
ok,ILS_iRace,weak_sorted_init,weak_sorted_init,variant_ablation,,input/seed_based/d_075x_008t.txt,seed_based,23,irace_final,720.000000,600.000000,120.000000,1027822,1106281,2899800,61.849748,7.633520,600.965475,output/weak_sorted_init/ILS_iRace/weak_sorted_init/seed_023/input/seed_based/d_075x_008t.txt,,,9ea0e7a5f98a8ece5c8f0f2ac53db4f323a53fed,true,3.11.2,Linux-6.1.0-49-cloud-amd64-x86_64-with-glibc2.36,
ok,ILS_iRace,weak_sorted_init,weak_sorted_init,variant_ablation,,input/seed_based/d_075x_008t.txt,seed_based,34,irace_final,720.000000,600.000000,120.000000,1027822,1098302,2899800,62.124905,6.857218,601.452548,output/weak_sorted_init/ILS_iRace/weak_sorted_init/seed_034/input/seed_based/d_075x_008t.txt,,,9ea0e7a5f98a8ece5c8f0f2ac53db4f323a53fed,true,3.11.2,Linux-6.1.0-49-cloud-amd64-x86_64-with-glibc2.36,
ok,ILS_iRace,weak_sorted_init,weak_sorted_init,variant_ablation,,input/seed_based/d_075x_008t.txt,seed_based,45,irace_final,720.000000,600.000000,120.000000,1027822,1101939,2899800,61.999483,7.211074,601.227239,output/weak_sorted_init/ILS_iRace/weak_sorted_init/seed_045/input/seed_based/d_075x_008t.txt,,,9ea0e7a5f98a8ece5c8f0f2ac53db4f323a53fed,true,3.11.2,Linux-6.1.0-49-cloud-amd64-x86_64-with-glibc2.36,
ok,ILS_iRace,weak_sorted_init,weak_sorted_init,variant_ablation,,input/seed_based/d_075x_008t.txt,seed_based,56,irace_final,720.000000,600.000000,120.000000,1027822,1103837,2899800,61.934030,7.395736,601.080535,output/weak_sorted_init/ILS_iRace/weak_sorted_init/seed_056/input/seed_based/d_075x_008t.txt,,,9ea0e7a5f98a8ece5c8f0f2ac53db4f323a53fed,true,3.11.2,Linux-6.1.0-49-cloud-amd64-x86_64-with-glibc2.36,
ok,ILS_iRace,weak_sorted_init,weak_sorted_init,variant_ablation,,input/seed_based/d_075x_008t.txt,seed_based,67,irace_final,720.000000,600.000000,120.000000,1027822,1114044,2899800,61.582040,8.388807,601.151761,output/weak_sorted_init/ILS_iRace/weak_sorted_init/seed_067/input/seed_based/d_075x_008t.txt,,,9ea0e7a5f98a8ece5c8f0f2ac53db4f323a53fed,true,3.11.2,Linux-6.1.0-49-cloud-amd64-x86_64-with-glibc2.36,
ok,ILS_iRace,weak_sorted_init,weak_sorted_init,variant_ablation,,input/seed_based/d_075x_008t.txt,seed_based,78,irace_final,720.000000,600.000000,120.000000,1027822,1100756,2899800,62.040279,7.095976,601.235430,output/weak_sorted_init/ILS_iRace/weak_sorted_init/seed_078/input/seed_based/d_075x_008t.txt,,,9ea0e7a5f98a8ece5c8f0f2ac53db4f323a53fed,true,3.11.2,Linux-6.1.0-49-cloud-amd64-x86_64-with-glibc2.36,
ok,ILS_iRace,weak_sorted_init,weak_sorted_init,variant_ablation,,input/seed_based/d_075x_008t.txt,seed_based,89,irace_final,720.000000,600.000000,120.000000,1027822,1101974,2899800,61.998276,7.214479,601.159016,output/weak_sorted_init/ILS_iRace/weak_sorted_init/seed_089/input/seed_based/d_075x_008t.txt,,,9ea0e7a5f98a8ece5c8f0f2ac53db4f323a53fed,true,3.11.2,Linux-6.1.0-49-cloud-amd64-x86_64-with-glibc2.36,
ok,ILS_iRace,weak_sorted_init,weak_sorted_init,variant_ablation,,input/seed_based/d_075x_008t.txt,seed_based,100,irace_final,720.000000,600.000000,120.000000,1027822,1099075,2899800,62.098248,6.932426,601.614820,output/weak_sorted_init/ILS_iRace/weak_sorted_init/seed_100/input/seed_based/d_075x_008t.txt,,,9ea0e7a5f98a8ece5c8f0f2ac53db4f323a53fed,true,3.11.2,Linux-6.1.0-49-cloud-amd64-x86_64-with-glibc2.36,
ok,ILS_iRace,weak_sorted_init,weak_sorted_init,variant_ablation,,input/seed_based/d_090x_020t.txt,seed_based,1,irace_final,720.000000,600.000000,120.000000,2307782,2456914,3773722,34.894144,6.462136,602.278739,output/weak_sorted_init/ILS_iRace/weak_sorted_init/seed_001/input/seed_based/d_090x_020t.txt,,,9ea0e7a5f98a8ece5c8f0f2ac53db4f323a53fed,true,3.11.2,Linux-6.1.0-49-cloud-amd64-x86_64-with-glibc2.36,
ok,ILS_iRace,weak_sorted_init,weak_sorted_init,variant_ablation,,input/seed_based/d_090x_020t.txt,seed_based,12,irace_final,720.000000,600.000000,120.000000,2307782,2489204,3773722,34.038490,7.861314,601.342831,output/weak_sorted_init/ILS_iRace/weak_sorted_init/seed_012/input/seed_based/d_090x_020t.txt,,,9ea0e7a5f98a8ece5c8f0f2ac53db4f323a53fed,true,3.11.2,Linux-6.1.0-49-cloud-amd64-x86_64-with-glibc2.36,
ok,ILS_iRace,weak_sorted_init,weak_sorted_init,variant_ablation,,input/seed_based/d_090x_020t.txt,seed_based,23,irace_final,720.000000,600.000000,120.000000,2307782,2474081,3773722,34.439235,7.206010,601.796325,output/weak_sorted_init/ILS_iRace/weak_sorted_init/seed_023/input/seed_based/d_090x_020t.txt,,,9ea0e7a5f98a8ece5c8f0f2ac53db4f323a53fed,true,3.11.2,Linux-6.1.0-49-cloud-amd64-x86_64-with-glibc2.36,
ok,ILS_iRace,weak_sorted_init,weak_sorted_init,variant_ablation,,input/seed_based/d_090x_020t.txt,seed_based,34,irace_final,720.000000,600.000000,120.000000,2307782,2447093,3773722,35.154391,6.036575,602.095479,output/weak_sorted_init/ILS_iRace/weak_sorted_init/seed_034/input/seed_based/d_090x_020t.txt,,,9ea0e7a5f98a8ece5c8f0f2ac53db4f323a53fed,true,3.11.2,Linux-6.1.0-49-cloud-amd64-x86_64-with-glibc2.36,
ok,ILS_iRace,weak_sorted_init,weak_sorted_init,variant_ablation,,input/seed_based/d_090x_020t.txt,seed_based,45,irace_final,720.000000,600.000000,120.000000,2307782,2460711,3773722,34.793527,6.626666,602.025233,output/weak_sorted_init/ILS_iRace/weak_sorted_init/seed_045/input/seed_based/d_090x_020t.txt,,,9ea0e7a5f98a8ece5c8f0f2ac53db4f323a53fed,true,3.11.2,Linux-6.1.0-49-cloud-amd64-x86_64-with-glibc2.36,
ok,ILS_iRace,weak_sorted_init,weak_sorted_init,variant_ablation,,input/seed_based/d_090x_020t.txt,seed_based,56,irace_final,720.000000,600.000000,120.000000,2307782,2460475,3773722,34.799781,6.616440,601.859386,output/weak_sorted_init/ILS_iRace/weak_sorted_init/seed_056/input/seed_based/d_090x_020t.txt,,,9ea0e7a5f98a8ece5c8f0f2ac53db4f323a53fed,true,3.11.2,Linux-6.1.0-49-cloud-amd64-x86_64-with-glibc2.36,
ok,ILS_iRace,weak_sorted_init,weak_sorted_init,variant_ablation,,input/seed_based/d_090x_020t.txt,seed_based,67,irace_final,720.000000,600.000000,120.000000,2307782,2487858,3773722,34.074158,7.802990,601.331776,output/weak_sorted_init/ILS_iRace/weak_sorted_init/seed_067/input/seed_based/d_090x_020t.txt,,,9ea0e7a5f98a8ece5c8f0f2ac53db4f323a53fed,true,3.11.2,Linux-6.1.0-49-cloud-amd64-x86_64-with-glibc2.36,
ok,ILS_iRace,weak_sorted_init,weak_sorted_init,variant_ablation,,input/seed_based/d_090x_020t.txt,seed_based,78,irace_final,720.000000,600.000000,120.000000,2307782,2472366,3773722,34.484681,7.131696,601.980615,output/weak_sorted_init/ILS_iRace/weak_sorted_init/seed_078/input/seed_based/d_090x_020t.txt,,,9ea0e7a5f98a8ece5c8f0f2ac53db4f323a53fed,true,3.11.2,Linux-6.1.0-49-cloud-amd64-x86_64-with-glibc2.36,
ok,ILS_iRace,weak_sorted_init,weak_sorted_init,variant_ablation,,input/seed_based/d_090x_020t.txt,seed_based,89,irace_final,720.000000,600.000000,120.000000,2307782,2468573,3773722,34.585192,6.967339,602.062792,output/weak_sorted_init/ILS_iRace/weak_sorted_init/seed_089/input/seed_based/d_090x_020t.txt,,,9ea0e7a5f98a8ece5c8f0f2ac53db4f323a53fed,true,3.11.2,Linux-6.1.0-49-cloud-amd64-x86_64-with-glibc2.36,
ok,ILS_iRace,weak_sorted_init,weak_sorted_init,variant_ablation,,input/seed_based/d_090x_020t.txt,seed_based,100,irace_final,720.000000,600.000000,120.000000,2307782,2460266,3773722,34.805320,6.607383,602.163948,output/weak_sorted_init/ILS_iRace/weak_sorted_init/seed_100/input/seed_based/d_090x_020t.txt,,,9ea0e7a5f98a8ece5c8f0f2ac53db4f323a53fed,true,3.11.2,Linux-6.1.0-49-cloud-amd64-x86_64-with-glibc2.36,
ok,ILS_iRace,weak_sorted_init,weak_sorted_init,variant_ablation,,input/seed_based/de_075x_012t.txt,seed_based,1,irace_final,720.000000,600.000000,120.000000,2788951,2975377,3783606,21.361342,6.684449,601.189552,output/weak_sorted_init/ILS_iRace/weak_sorted_init/seed_001/input/seed_based/de_075x_012t.txt,,,9ea0e7a5f98a8ece5c8f0f2ac53db4f323a53fed,true,3.11.2,Linux-6.1.0-49-cloud-amd64-x86_64-with-glibc2.36,
ok,ILS_iRace,weak_sorted_init,weak_sorted_init,variant_ablation,,input/seed_based/de_075x_012t.txt,seed_based,12,irace_final,720.000000,600.000000,120.000000,2788951,2979864,3783606,21.242751,6.845334,600.946902,output/weak_sorted_init/ILS_iRace/weak_sorted_init/seed_012/input/seed_based/de_075x_012t.txt,,,9ea0e7a5f98a8ece5c8f0f2ac53db4f323a53fed,true,3.11.2,Linux-6.1.0-49-cloud-amd64-x86_64-with-glibc2.36,
ok,ILS_iRace,weak_sorted_init,weak_sorted_init,variant_ablation,,input/seed_based/de_075x_012t.txt,seed_based,23,irace_final,720.000000,600.000000,120.000000,2788951,2980729,3783606,21.219889,6.876349,601.420577,output/weak_sorted_init/ILS_iRace/weak_sorted_init/seed_023/input/seed_based/de_075x_012t.txt,,,9ea0e7a5f98a8ece5c8f0f2ac53db4f323a53fed,true,3.11.2,Linux-6.1.0-49-cloud-amd64-x86_64-with-glibc2.36,
ok,ILS_iRace,weak_sorted_init,weak_sorted_init,variant_ablation,,input/seed_based/de_075x_012t.txt,seed_based,34,irace_final,720.000000,600.000000,120.000000,2788951,2974292,3783606,21.390018,6.645545,601.515872,output/weak_sorted_init/ILS_iRace/weak_sorted_init/seed_034/input/seed_based/de_075x_012t.txt,,,9ea0e7a5f98a8ece5c8f0f2ac53db4f323a53fed,true,3.11.2,Linux-6.1.0-49-cloud-amd64-x86_64-with-glibc2.36,
ok,ILS_iRace,weak_sorted_init,weak_sorted_init,variant_ablation,,input/seed_based/de_075x_012t.txt,seed_based,45,irace_final,720.000000,600.000000,120.000000,2788951,2977814,3783606,21.296932,6.771829,601.450874,output/weak_sorted_init/ILS_iRace/weak_sorted_init/seed_045/input/seed_based/de_075x_012t.txt,,,9ea0e7a5f98a8ece5c8f0f2ac53db4f323a53fed,true,3.11.2,Linux-6.1.0-49-cloud-amd64-x86_64-with-glibc2.36,
ok,ILS_iRace,weak_sorted_init,weak_sorted_init,variant_ablation,,input/seed_based/de_075x_012t.txt,seed_based,56,irace_final,720.000000,600.000000,120.000000,2788951,2978814,3783606,21.270502,6.807685,600.975284,output/weak_sorted_init/ILS_iRace/weak_sorted_init/seed_056/input/seed_based/de_075x_012t.txt,,,9ea0e7a5f98a8ece5c8f0f2ac53db4f323a53fed,true,3.11.2,Linux-6.1.0-49-cloud-amd64-x86_64-with-glibc2.36,
ok,ILS_iRace,weak_sorted_init,weak_sorted_init,variant_ablation,,input/seed_based/de_075x_012t.txt,seed_based,67,irace_final,720.000000,600.000000,120.000000,2788951,2975324,3783606,21.362742,6.682548,601.204527,output/weak_sorted_init/ILS_iRace/weak_sorted_init/seed_067/input/seed_based/de_075x_012t.txt,,,9ea0e7a5f98a8ece5c8f0f2ac53db4f323a53fed,true,3.11.2,Linux-6.1.0-49-cloud-amd64-x86_64-with-glibc2.36,
ok,ILS_iRace,weak_sorted_init,weak_sorted_init,variant_ablation,,input/seed_based/de_075x_012t.txt,seed_based,78,irace_final,720.000000,600.000000,120.000000,2788951,2977092,3783606,21.316014,6.745941,601.588035,output/weak_sorted_init/ILS_iRace/weak_sorted_init/seed_078/input/seed_based/de_075x_012t.txt,,,9ea0e7a5f98a8ece5c8f0f2ac53db4f323a53fed,true,3.11.2,Linux-6.1.0-49-cloud-amd64-x86_64-with-glibc2.36,
ok,ILS_iRace,weak_sorted_init,weak_sorted_init,variant_ablation,,input/seed_based/de_075x_012t.txt,seed_based,89,irace_final,720.000000,600.000000,120.000000,2788951,2981301,3783606,21.204771,6.896858,601.574588,output/weak_sorted_init/ILS_iRace/weak_sorted_init/seed_089/input/seed_based/de_075x_012t.txt,,,9ea0e7a5f98a8ece5c8f0f2ac53db4f323a53fed,true,3.11.2,Linux-6.1.0-49-cloud-amd64-x86_64-with-glibc2.36,
ok,ILS_iRace,weak_sorted_init,weak_sorted_init,variant_ablation,,input/seed_based/de_075x_012t.txt,seed_based,100,irace_final,720.000000,600.000000,120.000000,2788951,2974903,3783606,21.373869,6.667453,600.895694,output/weak_sorted_init/ILS_iRace/weak_sorted_init/seed_100/input/seed_based/de_075x_012t.txt,,,9ea0e7a5f98a8ece5c8f0f2ac53db4f323a53fed,true,3.11.2,Linux-6.1.0-49-cloud-amd64-x86_64-with-glibc2.36,
ok,ILS_iRace,weak_sorted_init,weak_sorted_init,variant_ablation,,input/seed_based/df_060x_008t.txt,seed_based,1,irace_final,720.000000,600.000000,120.000000,1751522,2007440,2933572,31.570113,14.611178,601.064471,output/weak_sorted_init/ILS_iRace/weak_sorted_init/seed_001/input/seed_based/df_060x_008t.txt,,,9ea0e7a5f98a8ece5c8f0f2ac53db4f323a53fed,true,3.11.2,Linux-6.1.0-49-cloud-amd64-x86_64-with-glibc2.36,
ok,ILS_iRace,weak_sorted_init,weak_sorted_init,variant_ablation,,input/seed_based/df_060x_008t.txt,seed_based,12,irace_final,720.000000,600.000000,120.000000,1751522,2007440,2933572,31.570113,14.611178,600.944185,output/weak_sorted_init/ILS_iRace/weak_sorted_init/seed_012/input/seed_based/df_060x_008t.txt,,,9ea0e7a5f98a8ece5c8f0f2ac53db4f323a53fed,true,3.11.2,Linux-6.1.0-49-cloud-amd64-x86_64-with-glibc2.36,
ok,ILS_iRace,weak_sorted_init,weak_sorted_init,variant_ablation,,input/seed_based/df_060x_008t.txt,seed_based,23,irace_final,720.000000,600.000000,120.000000,1751522,2007440,2933572,31.570113,14.611178,601.171486,output/weak_sorted_init/ILS_iRace/weak_sorted_init/seed_023/input/seed_based/df_060x_008t.txt,,,9ea0e7a5f98a8ece5c8f0f2ac53db4f323a53fed,true,3.11.2,Linux-6.1.0-49-cloud-amd64-x86_64-with-glibc2.36,
ok,ILS_iRace,weak_sorted_init,weak_sorted_init,variant_ablation,,input/seed_based/df_060x_008t.txt,seed_based,34,irace_final,720.000000,600.000000,120.000000,1751522,2007687,2933572,31.561693,14.625280,600.686506,output/weak_sorted_init/ILS_iRace/weak_sorted_init/seed_034/input/seed_based/df_060x_008t.txt,,,9ea0e7a5f98a8ece5c8f0f2ac53db4f323a53fed,true,3.11.2,Linux-6.1.0-49-cloud-amd64-x86_64-with-glibc2.36,
ok,ILS_iRace,weak_sorted_init,weak_sorted_init,variant_ablation,,input/seed_based/df_060x_008t.txt,seed_based,45,irace_final,720.000000,600.000000,120.000000,1751522,2007440,2933572,31.570113,14.611178,601.113050,output/weak_sorted_init/ILS_iRace/weak_sorted_init/seed_045/input/seed_based/df_060x_008t.txt,,,9ea0e7a5f98a8ece5c8f0f2ac53db4f323a53fed,true,3.11.2,Linux-6.1.0-49-cloud-amd64-x86_64-with-glibc2.36,
ok,ILS_iRace,weak_sorted_init,weak_sorted_init,variant_ablation,,input/seed_based/df_060x_008t.txt,seed_based,56,irace_final,720.000000,600.000000,120.000000,1751522,2007570,2933572,31.565682,14.618600,600.667481,output/weak_sorted_init/ILS_iRace/weak_sorted_init/seed_056/input/seed_based/df_060x_008t.txt,,,9ea0e7a5f98a8ece5c8f0f2ac53db4f323a53fed,true,3.11.2,Linux-6.1.0-49-cloud-amd64-x86_64-with-glibc2.36,
ok,ILS_iRace,weak_sorted_init,weak_sorted_init,variant_ablation,,input/seed_based/df_060x_008t.txt,seed_based,67,irace_final,720.000000,600.000000,120.000000,1751522,2007440,2933572,31.570113,14.611178,601.040653,output/weak_sorted_init/ILS_iRace/weak_sorted_init/seed_067/input/seed_based/df_060x_008t.txt,,,9ea0e7a5f98a8ece5c8f0f2ac53db4f323a53fed,true,3.11.2,Linux-6.1.0-49-cloud-amd64-x86_64-with-glibc2.36,
ok,ILS_iRace,weak_sorted_init,weak_sorted_init,variant_ablation,,input/seed_based/df_060x_008t.txt,seed_based,78,irace_final,720.000000,600.000000,120.000000,1751522,2007440,2933572,31.570113,14.611178,600.813537,output/weak_sorted_init/ILS_iRace/weak_sorted_init/seed_078/input/seed_based/df_060x_008t.txt,,,9ea0e7a5f98a8ece5c8f0f2ac53db4f323a53fed,true,3.11.2,Linux-6.1.0-49-cloud-amd64-x86_64-with-glibc2.36,
ok,ILS_iRace,weak_sorted_init,weak_sorted_init,variant_ablation,,input/seed_based/df_060x_008t.txt,seed_based,89,irace_final,720.000000,600.000000,120.000000,1751522,2007570,2933572,31.565682,14.618600,601.125526,output/weak_sorted_init/ILS_iRace/weak_sorted_init/seed_089/input/seed_based/df_060x_008t.txt,,,9ea0e7a5f98a8ece5c8f0f2ac53db4f323a53fed,true,3.11.2,Linux-6.1.0-49-cloud-amd64-x86_64-with-glibc2.36,
ok,ILS_iRace,weak_sorted_init,weak_sorted_init,variant_ablation,,input/seed_based/df_060x_008t.txt,seed_based,100,irace_final,720.000000,600.000000,120.000000,1751522,2007440,2933572,31.570113,14.611178,600.660500,output/weak_sorted_init/ILS_iRace/weak_sorted_init/seed_100/input/seed_based/df_060x_008t.txt,,,9ea0e7a5f98a8ece5c8f0f2ac53db4f323a53fed,true,3.11.2,Linux-6.1.0-49-cloud-amd64-x86_64-with-glibc2.36,
ok,ILS_iRace,weak_sorted_init,weak_sorted_init,variant_ablation,,input/seed_based/df_075x_020t.txt,seed_based,1,irace_final,720.000000,600.000000,120.000000,3216196,3404719,3903784,12.784135,5.861676,601.434787,output/weak_sorted_init/ILS_iRace/weak_sorted_init/seed_001/input/seed_based/df_075x_020t.txt,,,9ea0e7a5f98a8ece5c8f0f2ac53db4f323a53fed,true,3.11.2,Linux-6.1.0-49-cloud-amd64-x86_64-with-glibc2.36,
ok,ILS_iRace,weak_sorted_init,weak_sorted_init,variant_ablation,,input/seed_based/df_075x_020t.txt,seed_based,12,irace_final,720.000000,600.000000,120.000000,3216196,3404582,3903784,12.787644,5.857417,601.662106,output/weak_sorted_init/ILS_iRace/weak_sorted_init/seed_012/input/seed_based/df_075x_020t.txt,,,9ea0e7a5f98a8ece5c8f0f2ac53db4f323a53fed,true,3.11.2,Linux-6.1.0-49-cloud-amd64-x86_64-with-glibc2.36,
ok,ILS_iRace,weak_sorted_init,weak_sorted_init,variant_ablation,,input/seed_based/df_075x_020t.txt,seed_based,23,irace_final,720.000000,600.000000,120.000000,3216196,3404582,3903784,12.787644,5.857417,602.009192,output/weak_sorted_init/ILS_iRace/weak_sorted_init/seed_023/input/seed_based/df_075x_020t.txt,,,9ea0e7a5f98a8ece5c8f0f2ac53db4f323a53fed,true,3.11.2,Linux-6.1.0-49-cloud-amd64-x86_64-with-glibc2.36,
ok,ILS_iRace,weak_sorted_init,weak_sorted_init,variant_ablation,,input/seed_based/df_075x_020t.txt,seed_based,34,irace_final,720.000000,600.000000,120.000000,3216196,3404582,3903784,12.787644,5.857417,601.314550,output/weak_sorted_init/ILS_iRace/weak_sorted_init/seed_034/input/seed_based/df_075x_020t.txt,,,9ea0e7a5f98a8ece5c8f0f2ac53db4f323a53fed,true,3.11.2,Linux-6.1.0-49-cloud-amd64-x86_64-with-glibc2.36,
ok,ILS_iRace,weak_sorted_init,weak_sorted_init,variant_ablation,,input/seed_based/df_075x_020t.txt,seed_based,45,irace_final,720.000000,600.000000,120.000000,3216196,3394679,3903784,13.041321,5.549506,601.814018,output/weak_sorted_init/ILS_iRace/weak_sorted_init/seed_045/input/seed_based/df_075x_020t.txt,,,9ea0e7a5f98a8ece5c8f0f2ac53db4f323a53fed,true,3.11.2,Linux-6.1.0-49-cloud-amd64-x86_64-with-glibc2.36,
ok,ILS_iRace,weak_sorted_init,weak_sorted_init,variant_ablation,,input/seed_based/df_075x_020t.txt,seed_based,56,irace_final,720.000000,600.000000,120.000000,3216196,3404582,3903784,12.787644,5.857417,601.170820,output/weak_sorted_init/ILS_iRace/weak_sorted_init/seed_056/input/seed_based/df_075x_020t.txt,,,9ea0e7a5f98a8ece5c8f0f2ac53db4f323a53fed,true,3.11.2,Linux-6.1.0-49-cloud-amd64-x86_64-with-glibc2.36,
ok,ILS_iRace,weak_sorted_init,weak_sorted_init,variant_ablation,,input/seed_based/df_075x_020t.txt,seed_based,67,irace_final,720.000000,600.000000,120.000000,3216196,3394627,3903784,13.042653,5.547889,601.516977,output/weak_sorted_init/ILS_iRace/weak_sorted_init/seed_067/input/seed_based/df_075x_020t.txt,,,9ea0e7a5f98a8ece5c8f0f2ac53db4f323a53fed,true,3.11.2,Linux-6.1.0-49-cloud-amd64-x86_64-with-glibc2.36,
ok,ILS_iRace,weak_sorted_init,weak_sorted_init,variant_ablation,,input/seed_based/df_075x_020t.txt,seed_based,78,irace_final,720.000000,600.000000,120.000000,3216196,3404582,3903784,12.787644,5.857417,601.851855,output/weak_sorted_init/ILS_iRace/weak_sorted_init/seed_078/input/seed_based/df_075x_020t.txt,,,9ea0e7a5f98a8ece5c8f0f2ac53db4f323a53fed,true,3.11.2,Linux-6.1.0-49-cloud-amd64-x86_64-with-glibc2.36,
ok,ILS_iRace,weak_sorted_init,weak_sorted_init,variant_ablation,,input/seed_based/df_075x_020t.txt,seed_based,100,irace_final,720.000000,600.000000,120.000000,3216196,3404682,3903784,12.785082,5.860526,601.188381,output/weak_sorted_init/ILS_iRace/weak_sorted_init/seed_100/input/seed_based/df_075x_020t.txt,,,9ea0e7a5f98a8ece5c8f0f2ac53db4f323a53fed,true,3.11.2,Linux-6.1.0-49-cloud-amd64-x86_64-with-glibc2.36,
ok,ILS_iRace,weak_sorted_init,weak_sorted_init,variant_ablation,,input/seed_based/df_075x_020t.txt,seed_based,89,irace_final,720.000000,600.000000,120.000000,3216196,3404582,3903784,12.787644,5.857417,601.754799,output/weak_sorted_init/ILS_iRace/weak_sorted_init/seed_089/input/seed_based/df_075x_020t.txt,,,9ea0e7a5f98a8ece5c8f0f2ac53db4f323a53fed,true,3.11.2,Linux-6.1.0-49-cloud-amd64-x86_64-with-glibc2.36,
ok,ILS_iRace,weak_sorted_init,weak_sorted_init,variant_ablation,,input/seed_based/e_060x_012t.txt,seed_based,1,irace_final,720.000000,600.000000,120.000000,5203257,5659537,7723605,26.724153,8.769123,600.910717,output/weak_sorted_init/ILS_iRace/weak_sorted_init/seed_001/input/seed_based/e_060x_012t.txt,,,9ea0e7a5f98a8ece5c8f0f2ac53db4f323a53fed,true,3.11.2,Linux-6.1.0-49-cloud-amd64-x86_64-with-glibc2.36,
ok,ILS_iRace,weak_sorted_init,weak_sorted_init,variant_ablation,,input/seed_based/e_060x_012t.txt,seed_based,12,irace_final,720.000000,600.000000,120.000000,5203257,5659160,7723605,26.729034,8.761877,601.076058,output/weak_sorted_init/ILS_iRace/weak_sorted_init/seed_012/input/seed_based/e_060x_012t.txt,,,9ea0e7a5f98a8ece5c8f0f2ac53db4f323a53fed,true,3.11.2,Linux-6.1.0-49-cloud-amd64-x86_64-with-glibc2.36,
ok,ILS_iRace,weak_sorted_init,weak_sorted_init,variant_ablation,,input/seed_based/e_060x_012t.txt,seed_based,23,irace_final,720.000000,600.000000,120.000000,5203257,5659697,7723605,26.722081,8.772198,600.936104,output/weak_sorted_init/ILS_iRace/weak_sorted_init/seed_023/input/seed_based/e_060x_012t.txt,,,9ea0e7a5f98a8ece5c8f0f2ac53db4f323a53fed,true,3.11.2,Linux-6.1.0-49-cloud-amd64-x86_64-with-glibc2.36,
ok,ILS_iRace,weak_sorted_init,weak_sorted_init,variant_ablation,,input/seed_based/e_060x_012t.txt,seed_based,34,irace_final,720.000000,600.000000,120.000000,5203257,5660212,7723605,26.715413,8.782096,601.145425,output/weak_sorted_init/ILS_iRace/weak_sorted_init/seed_034/input/seed_based/e_060x_012t.txt,,,9ea0e7a5f98a8ece5c8f0f2ac53db4f323a53fed,true,3.11.2,Linux-6.1.0-49-cloud-amd64-x86_64-with-glibc2.36,
ok,ILS_iRace,weak_sorted_init,weak_sorted_init,variant_ablation,,input/seed_based/e_060x_012t.txt,seed_based,45,irace_final,720.000000,600.000000,120.000000,5203257,5660366,7723605,26.713419,8.785055,601.176239,output/weak_sorted_init/ILS_iRace/weak_sorted_init/seed_045/input/seed_based/e_060x_012t.txt,,,9ea0e7a5f98a8ece5c8f0f2ac53db4f323a53fed,true,3.11.2,Linux-6.1.0-49-cloud-amd64-x86_64-with-glibc2.36,
ok,ILS_iRace,weak_sorted_init,weak_sorted_init,variant_ablation,,input/seed_based/e_060x_012t.txt,seed_based,56,irace_final,720.000000,600.000000,120.000000,5203257,5659669,7723605,26.722444,8.771660,600.787778,output/weak_sorted_init/ILS_iRace/weak_sorted_init/seed_056/input/seed_based/e_060x_012t.txt,,,9ea0e7a5f98a8ece5c8f0f2ac53db4f323a53fed,true,3.11.2,Linux-6.1.0-49-cloud-amd64-x86_64-with-glibc2.36,
ok,ILS_iRace,weak_sorted_init,weak_sorted_init,variant_ablation,,input/seed_based/e_060x_012t.txt,seed_based,67,irace_final,720.000000,600.000000,120.000000,5203257,5660298,7723605,26.714300,8.783748,601.073033,output/weak_sorted_init/ILS_iRace/weak_sorted_init/seed_067/input/seed_based/e_060x_012t.txt,,,9ea0e7a5f98a8ece5c8f0f2ac53db4f323a53fed,true,3.11.2,Linux-6.1.0-49-cloud-amd64-x86_64-with-glibc2.36,
ok,ILS_iRace,weak_sorted_init,weak_sorted_init,variant_ablation,,input/seed_based/e_060x_012t.txt,seed_based,78,irace_final,720.000000,600.000000,120.000000,5203257,5659476,7723605,26.724943,8.767951,600.890296,output/weak_sorted_init/ILS_iRace/weak_sorted_init/seed_078/input/seed_based/e_060x_012t.txt,,,9ea0e7a5f98a8ece5c8f0f2ac53db4f323a53fed,true,3.11.2,Linux-6.1.0-49-cloud-amd64-x86_64-with-glibc2.36,
ok,ILS_iRace,weak_sorted_init,weak_sorted_init,variant_ablation,,input/seed_based/e_060x_012t.txt,seed_based,89,irace_final,720.000000,600.000000,120.000000,5203257,5655350,7723605,26.778363,8.688654,601.187520,output/weak_sorted_init/ILS_iRace/weak_sorted_init/seed_089/input/seed_based/e_060x_012t.txt,,,9ea0e7a5f98a8ece5c8f0f2ac53db4f323a53fed,true,3.11.2,Linux-6.1.0-49-cloud-amd64-x86_64-with-glibc2.36,
ok,ILS_iRace,weak_sorted_init,weak_sorted_init,variant_ablation,,input/seed_based/e_060x_012t.txt,seed_based,100,irace_final,720.000000,600.000000,120.000000,5203257,5659170,7723605,26.728904,8.762070,600.762210,output/weak_sorted_init/ILS_iRace/weak_sorted_init/seed_100/input/seed_based/e_060x_012t.txt,,,9ea0e7a5f98a8ece5c8f0f2ac53db4f323a53fed,true,3.11.2,Linux-6.1.0-49-cloud-amd64-x86_64-with-glibc2.36,
ok,ILS_iRace,weak_sorted_init,weak_sorted_init,variant_ablation,,input/seed_based/e_090x_008t.txt,seed_based,1,irace_final,720.000000,600.000000,120.000000,8338149,8910717,12120060,26.479597,6.866848,601.592288,output/weak_sorted_init/ILS_iRace/weak_sorted_init/seed_001/input/seed_based/e_090x_008t.txt,,,9ea0e7a5f98a8ece5c8f0f2ac53db4f323a53fed,true,3.11.2,Linux-6.1.0-49-cloud-amd64-x86_64-with-glibc2.36,
ok,ILS_iRace,weak_sorted_init,weak_sorted_init,variant_ablation,,input/seed_based/e_090x_008t.txt,seed_based,12,irace_final,720.000000,600.000000,120.000000,8338149,8909371,12120060,26.490702,6.850705,602.638635,output/weak_sorted_init/ILS_iRace/weak_sorted_init/seed_012/input/seed_based/e_090x_008t.txt,,,9ea0e7a5f98a8ece5c8f0f2ac53db4f323a53fed,true,3.11.2,Linux-6.1.0-49-cloud-amd64-x86_64-with-glibc2.36,
ok,ILS_iRace,weak_sorted_init,weak_sorted_init,variant_ablation,,input/seed_based/e_090x_008t.txt,seed_based,23,irace_final,720.000000,600.000000,120.000000,8338149,8908001,12120060,26.502006,6.834275,602.577303,output/weak_sorted_init/ILS_iRace/weak_sorted_init/seed_023/input/seed_based/e_090x_008t.txt,,,9ea0e7a5f98a8ece5c8f0f2ac53db4f323a53fed,true,3.11.2,Linux-6.1.0-49-cloud-amd64-x86_64-with-glibc2.36,
ok,ILS_iRace,weak_sorted_init,weak_sorted_init,variant_ablation,,input/seed_based/e_090x_008t.txt,seed_based,34,irace_final,720.000000,600.000000,120.000000,8338149,8913966,12120060,26.452790,6.905813,601.852676,output/weak_sorted_init/ILS_iRace/weak_sorted_init/seed_034/input/seed_based/e_090x_008t.txt,,,9ea0e7a5f98a8ece5c8f0f2ac53db4f323a53fed,true,3.11.2,Linux-6.1.0-49-cloud-amd64-x86_64-with-glibc2.36,
ok,ILS_iRace,weak_sorted_init,weak_sorted_init,variant_ablation,,input/seed_based/e_090x_008t.txt,seed_based,45,irace_final,720.000000,600.000000,120.000000,8338149,8912964,12120060,26.461057,6.893796,601.549634,output/weak_sorted_init/ILS_iRace/weak_sorted_init/seed_045/input/seed_based/e_090x_008t.txt,,,9ea0e7a5f98a8ece5c8f0f2ac53db4f323a53fed,true,3.11.2,Linux-6.1.0-49-cloud-amd64-x86_64-with-glibc2.36,
ok,ILS_iRace,weak_sorted_init,weak_sorted_init,variant_ablation,,input/seed_based/e_090x_008t.txt,seed_based,56,irace_final,720.000000,600.000000,120.000000,8338149,8906365,12120060,26.515504,6.814654,602.435090,output/weak_sorted_init/ILS_iRace/weak_sorted_init/seed_056/input/seed_based/e_090x_008t.txt,,,9ea0e7a5f98a8ece5c8f0f2ac53db4f323a53fed,true,3.11.2,Linux-6.1.0-49-cloud-amd64-x86_64-with-glibc2.36,
ok,ILS_iRace,weak_sorted_init,weak_sorted_init,variant_ablation,,input/seed_based/e_090x_008t.txt,seed_based,67,irace_final,720.000000,600.000000,120.000000,8338149,8913273,12120060,26.458508,6.897502,602.155424,output/weak_sorted_init/ILS_iRace/weak_sorted_init/seed_067/input/seed_based/e_090x_008t.txt,,,9ea0e7a5f98a8ece5c8f0f2ac53db4f323a53fed,true,3.11.2,Linux-6.1.0-49-cloud-amd64-x86_64-with-glibc2.36,
ok,ILS_iRace,weak_sorted_init,weak_sorted_init,variant_ablation,,input/seed_based/e_090x_008t.txt,seed_based,78,irace_final,720.000000,600.000000,120.000000,8338149,8904646,12120060,26.529687,6.794038,602.437180,output/weak_sorted_init/ILS_iRace/weak_sorted_init/seed_078/input/seed_based/e_090x_008t.txt,,,9ea0e7a5f98a8ece5c8f0f2ac53db4f323a53fed,true,3.11.2,Linux-6.1.0-49-cloud-amd64-x86_64-with-glibc2.36,
ok,ILS_iRace,weak_sorted_init,weak_sorted_init,variant_ablation,,input/seed_based/e_090x_008t.txt,seed_based,89,irace_final,720.000000,600.000000,120.000000,8338149,8919098,12120060,26.410447,6.967362,601.582353,output/weak_sorted_init/ILS_iRace/weak_sorted_init/seed_089/input/seed_based/e_090x_008t.txt,,,9ea0e7a5f98a8ece5c8f0f2ac53db4f323a53fed,true,3.11.2,Linux-6.1.0-49-cloud-amd64-x86_64-with-glibc2.36,
ok,ILS_iRace,weak_sorted_init,weak_sorted_init,variant_ablation,,input/seed_based/e_090x_008t.txt,seed_based,100,irace_final,720.000000,600.000000,120.000000,8338149,8908808,12120060,26.495347,6.843953,602.576700,output/weak_sorted_init/ILS_iRace/weak_sorted_init/seed_100/input/seed_based/e_090x_008t.txt,,,9ea0e7a5f98a8ece5c8f0f2ac53db4f323a53fed,true,3.11.2,Linux-6.1.0-49-cloud-amd64-x86_64-with-glibc2.36,
ok,ILS_iRace,weak_sorted_init,weak_sorted_init,variant_ablation,,input/seed_based/ef_060x_020t.txt,seed_based,1,irace_final,720.000000,600.000000,120.000000,5493347,5938241,7007807,15.262492,8.098778,600.932165,output/weak_sorted_init/ILS_iRace/weak_sorted_init/seed_001/input/seed_based/ef_060x_020t.txt,,,9ea0e7a5f98a8ece5c8f0f2ac53db4f323a53fed,true,3.11.2,Linux-6.1.0-49-cloud-amd64-x86_64-with-glibc2.36,
ok,ILS_iRace,weak_sorted_init,weak_sorted_init,variant_ablation,,input/seed_based/ef_060x_020t.txt,seed_based,12,irace_final,720.000000,600.000000,120.000000,5493347,5938316,7007807,15.261422,8.100144,601.237640,output/weak_sorted_init/ILS_iRace/weak_sorted_init/seed_012/input/seed_based/ef_060x_020t.txt,,,9ea0e7a5f98a8ece5c8f0f2ac53db4f323a53fed,true,3.11.2,Linux-6.1.0-49-cloud-amd64-x86_64-with-glibc2.36,
ok,ILS_iRace,weak_sorted_init,weak_sorted_init,variant_ablation,,input/seed_based/ef_060x_020t.txt,seed_based,23,irace_final,720.000000,600.000000,120.000000,5493347,5938316,7007807,15.261422,8.100144,600.781997,output/weak_sorted_init/ILS_iRace/weak_sorted_init/seed_023/input/seed_based/ef_060x_020t.txt,,,9ea0e7a5f98a8ece5c8f0f2ac53db4f323a53fed,true,3.11.2,Linux-6.1.0-49-cloud-amd64-x86_64-with-glibc2.36,
ok,ILS_iRace,weak_sorted_init,weak_sorted_init,variant_ablation,,input/seed_based/ef_060x_020t.txt,seed_based,34,irace_final,720.000000,600.000000,120.000000,5493347,5938316,7007807,15.261422,8.100144,601.271926,output/weak_sorted_init/ILS_iRace/weak_sorted_init/seed_034/input/seed_based/ef_060x_020t.txt,,,9ea0e7a5f98a8ece5c8f0f2ac53db4f323a53fed,true,3.11.2,Linux-6.1.0-49-cloud-amd64-x86_64-with-glibc2.36,
ok,ILS_iRace,weak_sorted_init,weak_sorted_init,variant_ablation,,input/seed_based/ef_060x_020t.txt,seed_based,45,irace_final,720.000000,600.000000,120.000000,5493347,5938316,7007807,15.261422,8.100144,601.150397,output/weak_sorted_init/ILS_iRace/weak_sorted_init/seed_045/input/seed_based/ef_060x_020t.txt,,,9ea0e7a5f98a8ece5c8f0f2ac53db4f323a53fed,true,3.11.2,Linux-6.1.0-49-cloud-amd64-x86_64-with-glibc2.36,
ok,ILS_iRace,weak_sorted_init,weak_sorted_init,variant_ablation,,input/seed_based/ef_060x_020t.txt,seed_based,56,irace_final,720.000000,600.000000,120.000000,5493347,5938316,7007807,15.261422,8.100144,601.185012,output/weak_sorted_init/ILS_iRace/weak_sorted_init/seed_056/input/seed_based/ef_060x_020t.txt,,,9ea0e7a5f98a8ece5c8f0f2ac53db4f323a53fed,true,3.11.2,Linux-6.1.0-49-cloud-amd64-x86_64-with-glibc2.36,
ok,ILS_iRace,weak_sorted_init,weak_sorted_init,variant_ablation,,input/seed_based/ef_060x_020t.txt,seed_based,67,irace_final,720.000000,600.000000,120.000000,5493347,5938316,7007807,15.261422,8.100144,600.882530,output/weak_sorted_init/ILS_iRace/weak_sorted_init/seed_067/input/seed_based/ef_060x_020t.txt,,,9ea0e7a5f98a8ece5c8f0f2ac53db4f323a53fed,true,3.11.2,Linux-6.1.0-49-cloud-amd64-x86_64-with-glibc2.36,
ok,ILS_iRace,weak_sorted_init,weak_sorted_init,variant_ablation,,input/seed_based/ef_060x_020t.txt,seed_based,78,irace_final,720.000000,600.000000,120.000000,5493347,5938241,7007807,15.262492,8.098778,601.313308,output/weak_sorted_init/ILS_iRace/weak_sorted_init/seed_078/input/seed_based/ef_060x_020t.txt,,,9ea0e7a5f98a8ece5c8f0f2ac53db4f323a53fed,true,3.11.2,Linux-6.1.0-49-cloud-amd64-x86_64-with-glibc2.36,
ok,ILS_iRace,weak_sorted_init,weak_sorted_init,variant_ablation,,input/seed_based/ef_060x_020t.txt,seed_based,89,irace_final,720.000000,600.000000,120.000000,5493347,5938316,7007807,15.261422,8.100144,600.972120,output/weak_sorted_init/ILS_iRace/weak_sorted_init/seed_089/input/seed_based/ef_060x_020t.txt,,,9ea0e7a5f98a8ece5c8f0f2ac53db4f323a53fed,true,3.11.2,Linux-6.1.0-49-cloud-amd64-x86_64-with-glibc2.36,
ok,ILS_iRace,weak_sorted_init,weak_sorted_init,variant_ablation,,input/seed_based/ef_060x_020t.txt,seed_based,100,irace_final,720.000000,600.000000,120.000000,5493347,5938316,7007807,15.261422,8.100144,601.421965,output/weak_sorted_init/ILS_iRace/weak_sorted_init/seed_100/input/seed_based/ef_060x_020t.txt,,,9ea0e7a5f98a8ece5c8f0f2ac53db4f323a53fed,true,3.11.2,Linux-6.1.0-49-cloud-amd64-x86_64-with-glibc2.36,
ok,ILS_iRace,weak_sorted_init,weak_sorted_init,variant_ablation,,input/seed_based/ef_090x_012t.txt,seed_based,1,irace_final,720.000000,600.000000,120.000000,7485564,8009885,9193700,12.876372,7.004429,602.228529,output/weak_sorted_init/ILS_iRace/weak_sorted_init/seed_001/input/seed_based/ef_090x_012t.txt,,,9ea0e7a5f98a8ece5c8f0f2ac53db4f323a53fed,true,3.11.2,Linux-6.1.0-49-cloud-amd64-x86_64-with-glibc2.36,
ok,ILS_iRace,weak_sorted_init,weak_sorted_init,variant_ablation,,input/seed_based/ef_090x_012t.txt,seed_based,12,irace_final,720.000000,600.000000,120.000000,7485564,8009885,9193700,12.876372,7.004429,602.637825,output/weak_sorted_init/ILS_iRace/weak_sorted_init/seed_012/input/seed_based/ef_090x_012t.txt,,,9ea0e7a5f98a8ece5c8f0f2ac53db4f323a53fed,true,3.11.2,Linux-6.1.0-49-cloud-amd64-x86_64-with-glibc2.36,
ok,ILS_iRace,weak_sorted_init,weak_sorted_init,variant_ablation,,input/seed_based/ef_090x_012t.txt,seed_based,23,irace_final,720.000000,600.000000,120.000000,7485564,8009885,9193700,12.876372,7.004429,602.673701,output/weak_sorted_init/ILS_iRace/weak_sorted_init/seed_023/input/seed_based/ef_090x_012t.txt,,,9ea0e7a5f98a8ece5c8f0f2ac53db4f323a53fed,true,3.11.2,Linux-6.1.0-49-cloud-amd64-x86_64-with-glibc2.36,
ok,ILS_iRace,weak_sorted_init,weak_sorted_init,variant_ablation,,input/seed_based/ef_090x_012t.txt,seed_based,34,irace_final,720.000000,600.000000,120.000000,7485564,8009885,9193700,12.876372,7.004429,602.918208,output/weak_sorted_init/ILS_iRace/weak_sorted_init/seed_034/input/seed_based/ef_090x_012t.txt,,,9ea0e7a5f98a8ece5c8f0f2ac53db4f323a53fed,true,3.11.2,Linux-6.1.0-49-cloud-amd64-x86_64-with-glibc2.36,
ok,ILS_iRace,weak_sorted_init,weak_sorted_init,variant_ablation,,input/seed_based/ef_090x_012t.txt,seed_based,45,irace_final,720.000000,600.000000,120.000000,7485564,8009885,9193700,12.876372,7.004429,601.609021,output/weak_sorted_init/ILS_iRace/weak_sorted_init/seed_045/input/seed_based/ef_090x_012t.txt,,,9ea0e7a5f98a8ece5c8f0f2ac53db4f323a53fed,true,3.11.2,Linux-6.1.0-49-cloud-amd64-x86_64-with-glibc2.36,
ok,ILS_iRace,weak_sorted_init,weak_sorted_init,variant_ablation,,input/seed_based/ef_090x_012t.txt,seed_based,56,irace_final,720.000000,600.000000,120.000000,7485564,8009885,9193700,12.876372,7.004429,602.592597,output/weak_sorted_init/ILS_iRace/weak_sorted_init/seed_056/input/seed_based/ef_090x_012t.txt,,,9ea0e7a5f98a8ece5c8f0f2ac53db4f323a53fed,true,3.11.2,Linux-6.1.0-49-cloud-amd64-x86_64-with-glibc2.36,
ok,ILS_iRace,weak_sorted_init,weak_sorted_init,variant_ablation,,input/seed_based/ef_090x_012t.txt,seed_based,67,irace_final,720.000000,600.000000,120.000000,7485564,8009885,9193700,12.876372,7.004429,602.320442,output/weak_sorted_init/ILS_iRace/weak_sorted_init/seed_067/input/seed_based/ef_090x_012t.txt,,,9ea0e7a5f98a8ece5c8f0f2ac53db4f323a53fed,true,3.11.2,Linux-6.1.0-49-cloud-amd64-x86_64-with-glibc2.36,
ok,ILS_iRace,weak_sorted_init,weak_sorted_init,variant_ablation,,input/seed_based/ef_090x_012t.txt,seed_based,89,irace_final,720.000000,600.000000,120.000000,7485564,8009885,9193700,12.876372,7.004429,601.907278,output/weak_sorted_init/ILS_iRace/weak_sorted_init/seed_089/input/seed_based/ef_090x_012t.txt,,,9ea0e7a5f98a8ece5c8f0f2ac53db4f323a53fed,true,3.11.2,Linux-6.1.0-49-cloud-amd64-x86_64-with-glibc2.36,
ok,ILS_iRace,weak_sorted_init,weak_sorted_init,variant_ablation,,input/seed_based/ef_090x_012t.txt,seed_based,78,irace_final,720.000000,600.000000,120.000000,7485564,8009885,9193700,12.876372,7.004429,602.436838,output/weak_sorted_init/ILS_iRace/weak_sorted_init/seed_078/input/seed_based/ef_090x_012t.txt,,,9ea0e7a5f98a8ece5c8f0f2ac53db4f323a53fed,true,3.11.2,Linux-6.1.0-49-cloud-amd64-x86_64-with-glibc2.36,
ok,ILS_iRace,weak_sorted_init,weak_sorted_init,variant_ablation,,input/seed_based/ef_090x_012t.txt,seed_based,100,irace_final,720.000000,600.000000,120.000000,7485564,8009885,9193700,12.876372,7.004429,602.317374,output/weak_sorted_init/ILS_iRace/weak_sorted_init/seed_100/input/seed_based/ef_090x_012t.txt,,,9ea0e7a5f98a8ece5c8f0f2ac53db4f323a53fed,true,3.11.2,Linux-6.1.0-49-cloud-amd64-x86_64-with-glibc2.36,
ok,ILS_iRace,weak_sorted_init,weak_sorted_init,variant_ablation,,input/seed_based/f_075x_008t.txt,seed_based,1,irace_final,720.000000,600.000000,120.000000,16271547,18243051,24117937,24.358991,12.116267,601.145781,output/weak_sorted_init/ILS_iRace/weak_sorted_init/seed_001/input/seed_based/f_075x_008t.txt,,,9ea0e7a5f98a8ece5c8f0f2ac53db4f323a53fed,true,3.11.2,Linux-6.1.0-49-cloud-amd64-x86_64-with-glibc2.36,
ok,ILS_iRace,weak_sorted_init,weak_sorted_init,variant_ablation,,input/seed_based/f_075x_008t.txt,seed_based,12,irace_final,720.000000,600.000000,120.000000,16271547,18243051,24117937,24.358991,12.116267,601.905328,output/weak_sorted_init/ILS_iRace/weak_sorted_init/seed_012/input/seed_based/f_075x_008t.txt,,,9ea0e7a5f98a8ece5c8f0f2ac53db4f323a53fed,true,3.11.2,Linux-6.1.0-49-cloud-amd64-x86_64-with-glibc2.36,
ok,ILS_iRace,weak_sorted_init,weak_sorted_init,variant_ablation,,input/seed_based/f_075x_008t.txt,seed_based,23,irace_final,720.000000,600.000000,120.000000,16271547,18243051,24117937,24.358991,12.116267,601.838232,output/weak_sorted_init/ILS_iRace/weak_sorted_init/seed_023/input/seed_based/f_075x_008t.txt,,,9ea0e7a5f98a8ece5c8f0f2ac53db4f323a53fed,true,3.11.2,Linux-6.1.0-49-cloud-amd64-x86_64-with-glibc2.36,
ok,ILS_iRace,weak_sorted_init,weak_sorted_init,variant_ablation,,input/seed_based/f_075x_008t.txt,seed_based,34,irace_final,720.000000,600.000000,120.000000,16271547,18243051,24117937,24.358991,12.116267,601.199404,output/weak_sorted_init/ILS_iRace/weak_sorted_init/seed_034/input/seed_based/f_075x_008t.txt,,,9ea0e7a5f98a8ece5c8f0f2ac53db4f323a53fed,true,3.11.2,Linux-6.1.0-49-cloud-amd64-x86_64-with-glibc2.36,
ok,ILS_iRace,weak_sorted_init,weak_sorted_init,variant_ablation,,input/seed_based/f_075x_008t.txt,seed_based,45,irace_final,720.000000,600.000000,120.000000,16271547,18243051,24117937,24.358991,12.116267,601.363019,output/weak_sorted_init/ILS_iRace/weak_sorted_init/seed_045/input/seed_based/f_075x_008t.txt,,,9ea0e7a5f98a8ece5c8f0f2ac53db4f323a53fed,true,3.11.2,Linux-6.1.0-49-cloud-amd64-x86_64-with-glibc2.36,
ok,ILS_iRace,weak_sorted_init,weak_sorted_init,variant_ablation,,input/seed_based/f_075x_008t.txt,seed_based,56,irace_final,720.000000,600.000000,120.000000,16271547,18243051,24117937,24.358991,12.116267,601.827476,output/weak_sorted_init/ILS_iRace/weak_sorted_init/seed_056/input/seed_based/f_075x_008t.txt,,,9ea0e7a5f98a8ece5c8f0f2ac53db4f323a53fed,true,3.11.2,Linux-6.1.0-49-cloud-amd64-x86_64-with-glibc2.36,
ok,ILS_iRace,weak_sorted_init,weak_sorted_init,variant_ablation,,input/seed_based/f_075x_008t.txt,seed_based,67,irace_final,720.000000,600.000000,120.000000,16271547,18243051,24117937,24.358991,12.116267,601.912731,output/weak_sorted_init/ILS_iRace/weak_sorted_init/seed_067/input/seed_based/f_075x_008t.txt,,,9ea0e7a5f98a8ece5c8f0f2ac53db4f323a53fed,true,3.11.2,Linux-6.1.0-49-cloud-amd64-x86_64-with-glibc2.36,
ok,ILS_iRace,weak_sorted_init,weak_sorted_init,variant_ablation,,input/seed_based/f_075x_008t.txt,seed_based,78,irace_final,720.000000,600.000000,120.000000,16271547,18243051,24117937,24.358991,12.116267,601.139788,output/weak_sorted_init/ILS_iRace/weak_sorted_init/seed_078/input/seed_based/f_075x_008t.txt,,,9ea0e7a5f98a8ece5c8f0f2ac53db4f323a53fed,true,3.11.2,Linux-6.1.0-49-cloud-amd64-x86_64-with-glibc2.36,
ok,ILS_iRace,weak_sorted_init,weak_sorted_init,variant_ablation,,input/seed_based/f_075x_008t.txt,seed_based,89,irace_final,720.000000,600.000000,120.000000,16271547,18243051,24117937,24.358991,12.116267,602.495335,output/weak_sorted_init/ILS_iRace/weak_sorted_init/seed_089/input/seed_based/f_075x_008t.txt,,,9ea0e7a5f98a8ece5c8f0f2ac53db4f323a53fed,true,3.11.2,Linux-6.1.0-49-cloud-amd64-x86_64-with-glibc2.36,
ok,ILS_iRace,weak_sorted_init,weak_sorted_init,variant_ablation,,input/seed_based/f_075x_008t.txt,seed_based,100,irace_final,720.000000,600.000000,120.000000,16271547,18243051,24117937,24.358991,12.116267,601.642205,output/weak_sorted_init/ILS_iRace/weak_sorted_init/seed_100/input/seed_based/f_075x_008t.txt,,,9ea0e7a5f98a8ece5c8f0f2ac53db4f323a53fed,true,3.11.2,Linux-6.1.0-49-cloud-amd64-x86_64-with-glibc2.36,
ok,ILS_iRace,weak_sorted_init,weak_sorted_init,variant_ablation,,input/seed_based/f_090x_020t.txt,seed_based,1,irace_final,720.000000,600.000000,120.000000,26562032,27538662,29232950,5.795816,3.676789,603.122943,output/weak_sorted_init/ILS_iRace/weak_sorted_init/seed_001/input/seed_based/f_090x_020t.txt,,,9ea0e7a5f98a8ece5c8f0f2ac53db4f323a53fed,true,3.11.2,Linux-6.1.0-49-cloud-amd64-x86_64-with-glibc2.36,
ok,ILS_iRace,weak_sorted_init,weak_sorted_init,variant_ablation,,input/seed_based/f_090x_020t.txt,seed_based,12,irace_final,720.000000,600.000000,120.000000,26562032,27578752,29232950,5.658676,3.827719,601.898559,output/weak_sorted_init/ILS_iRace/weak_sorted_init/seed_012/input/seed_based/f_090x_020t.txt,,,9ea0e7a5f98a8ece5c8f0f2ac53db4f323a53fed,true,3.11.2,Linux-6.1.0-49-cloud-amd64-x86_64-with-glibc2.36,
ok,ILS_iRace,weak_sorted_init,weak_sorted_init,variant_ablation,,input/seed_based/f_090x_020t.txt,seed_based,23,irace_final,720.000000,600.000000,120.000000,26562032,27522320,29232950,5.851719,3.615266,602.998898,output/weak_sorted_init/ILS_iRace/weak_sorted_init/seed_023/input/seed_based/f_090x_020t.txt,,,9ea0e7a5f98a8ece5c8f0f2ac53db4f323a53fed,true,3.11.2,Linux-6.1.0-49-cloud-amd64-x86_64-with-glibc2.36,
ok,ILS_iRace,weak_sorted_init,weak_sorted_init,variant_ablation,,input/seed_based/f_090x_020t.txt,seed_based,34,irace_final,720.000000,600.000000,120.000000,26562032,27578968,29232950,5.657937,3.828532,601.907994,output/weak_sorted_init/ILS_iRace/weak_sorted_init/seed_034/input/seed_based/f_090x_020t.txt,,,9ea0e7a5f98a8ece5c8f0f2ac53db4f323a53fed,true,3.11.2,Linux-6.1.0-49-cloud-amd64-x86_64-with-glibc2.36,
ok,ILS_iRace,weak_sorted_init,weak_sorted_init,variant_ablation,,input/seed_based/f_090x_020t.txt,seed_based,45,irace_final,720.000000,600.000000,120.000000,26562032,27573538,29232950,5.676512,3.808090,602.999577,output/weak_sorted_init/ILS_iRace/weak_sorted_init/seed_045/input/seed_based/f_090x_020t.txt,,,9ea0e7a5f98a8ece5c8f0f2ac53db4f323a53fed,true,3.11.2,Linux-6.1.0-49-cloud-amd64-x86_64-with-glibc2.36,
ok,ILS_iRace,weak_sorted_init,weak_sorted_init,variant_ablation,,input/seed_based/f_090x_020t.txt,seed_based,56,irace_final,720.000000,600.000000,120.000000,26562032,27576924,29232950,5.664929,3.820837,602.035766,output/weak_sorted_init/ILS_iRace/weak_sorted_init/seed_056/input/seed_based/f_090x_020t.txt,,,9ea0e7a5f98a8ece5c8f0f2ac53db4f323a53fed,true,3.11.2,Linux-6.1.0-49-cloud-amd64-x86_64-with-glibc2.36,
ok,ILS_iRace,weak_sorted_init,weak_sorted_init,variant_ablation,,input/seed_based/f_090x_020t.txt,seed_based,67,irace_final,720.000000,600.000000,120.000000,26562032,27576604,29232950,5.666024,3.819632,603.008067,output/weak_sorted_init/ILS_iRace/weak_sorted_init/seed_067/input/seed_based/f_090x_020t.txt,,,9ea0e7a5f98a8ece5c8f0f2ac53db4f323a53fed,true,3.11.2,Linux-6.1.0-49-cloud-amd64-x86_64-with-glibc2.36,
ok,ILS_iRace,weak_sorted_init,weak_sorted_init,variant_ablation,,input/seed_based/f_090x_020t.txt,seed_based,78,irace_final,720.000000,600.000000,120.000000,26562032,27578196,29232950,5.660578,3.825626,602.064077,output/weak_sorted_init/ILS_iRace/weak_sorted_init/seed_078/input/seed_based/f_090x_020t.txt,,,9ea0e7a5f98a8ece5c8f0f2ac53db4f323a53fed,true,3.11.2,Linux-6.1.0-49-cloud-amd64-x86_64-with-glibc2.36,
ok,ILS_iRace,weak_sorted_init,weak_sorted_init,variant_ablation,,input/seed_based/f_090x_020t.txt,seed_based,89,irace_final,720.000000,600.000000,120.000000,26562032,27475302,29232950,6.012558,3.438254,603.228496,output/weak_sorted_init/ILS_iRace/weak_sorted_init/seed_089/input/seed_based/f_090x_020t.txt,,,9ea0e7a5f98a8ece5c8f0f2ac53db4f323a53fed,true,3.11.2,Linux-6.1.0-49-cloud-amd64-x86_64-with-glibc2.36,
ok,ILS_iRace,weak_sorted_init,weak_sorted_init,variant_ablation,,input/seed_based/f_090x_020t.txt,seed_based,100,irace_final,720.000000,600.000000,120.000000,26562032,27523902,29232950,5.846307,3.621221,602.745710,output/weak_sorted_init/ILS_iRace/weak_sorted_init/seed_100/input/seed_based/f_090x_020t.txt,,,9ea0e7a5f98a8ece5c8f0f2ac53db4f323a53fed,true,3.11.2,Linux-6.1.0-49-cloud-amd64-x86_64-with-glibc2.36,
ok,ILS_iRace,weak_sorted_init,weak_sorted_init,variant_ablation,,input/real_world/B90_L6_D11.txt,real_world,1,irace_final,720.000000,600.000000,120.000000,1770,2567,3704,30.696544,45.028249,600.001709,output/weak_sorted_init/ILS_iRace/weak_sorted_init/seed_001/input/real_world/B90_L6_D11.txt,,,9ea0e7a5f98a8ece5c8f0f2ac53db4f323a53fed,true,3.11.2,Linux-6.1.0-49-cloud-amd64-x86_64-with-glibc2.36,
ok,ILS_iRace,weak_sorted_init,weak_sorted_init,variant_ablation,,input/real_world/B90_L6_D11.txt,real_world,12,irace_final,720.000000,600.000000,120.000000,1770,2567,3704,30.696544,45.028249,600.002059,output/weak_sorted_init/ILS_iRace/weak_sorted_init/seed_012/input/real_world/B90_L6_D11.txt,,,9ea0e7a5f98a8ece5c8f0f2ac53db4f323a53fed,true,3.11.2,Linux-6.1.0-49-cloud-amd64-x86_64-with-glibc2.36,
ok,ILS_iRace,weak_sorted_init,weak_sorted_init,variant_ablation,,input/real_world/B90_L6_D11.txt,real_world,23,irace_final,720.000000,600.000000,120.000000,1770,2567,3704,30.696544,45.028249,600.002019,output/weak_sorted_init/ILS_iRace/weak_sorted_init/seed_023/input/real_world/B90_L6_D11.txt,,,9ea0e7a5f98a8ece5c8f0f2ac53db4f323a53fed,true,3.11.2,Linux-6.1.0-49-cloud-amd64-x86_64-with-glibc2.36,
ok,ILS_iRace,weak_sorted_init,weak_sorted_init,variant_ablation,,input/real_world/B90_L6_D11.txt,real_world,34,irace_final,720.000000,600.000000,120.000000,1770,2567,3704,30.696544,45.028249,600.001668,output/weak_sorted_init/ILS_iRace/weak_sorted_init/seed_034/input/real_world/B90_L6_D11.txt,,,9ea0e7a5f98a8ece5c8f0f2ac53db4f323a53fed,true,3.11.2,Linux-6.1.0-49-cloud-amd64-x86_64-with-glibc2.36,
ok,ILS_iRace,weak_sorted_init,weak_sorted_init,variant_ablation,,input/real_world/B90_L6_D11.txt,real_world,45,irace_final,720.000000,600.000000,120.000000,1770,2567,3704,30.696544,45.028249,600.001708,output/weak_sorted_init/ILS_iRace/weak_sorted_init/seed_045/input/real_world/B90_L6_D11.txt,,,9ea0e7a5f98a8ece5c8f0f2ac53db4f323a53fed,true,3.11.2,Linux-6.1.0-49-cloud-amd64-x86_64-with-glibc2.36,
ok,ILS_iRace,weak_sorted_init,weak_sorted_init,variant_ablation,,input/real_world/B90_L6_D11.txt,real_world,56,irace_final,720.000000,600.000000,120.000000,1770,2567,3704,30.696544,45.028249,600.001827,output/weak_sorted_init/ILS_iRace/weak_sorted_init/seed_056/input/real_world/B90_L6_D11.txt,,,9ea0e7a5f98a8ece5c8f0f2ac53db4f323a53fed,true,3.11.2,Linux-6.1.0-49-cloud-amd64-x86_64-with-glibc2.36,
ok,ILS_iRace,weak_sorted_init,weak_sorted_init,variant_ablation,,input/real_world/B90_L6_D11.txt,real_world,67,irace_final,720.000000,600.000000,120.000000,1770,2567,3704,30.696544,45.028249,600.001786,output/weak_sorted_init/ILS_iRace/weak_sorted_init/seed_067/input/real_world/B90_L6_D11.txt,,,9ea0e7a5f98a8ece5c8f0f2ac53db4f323a53fed,true,3.11.2,Linux-6.1.0-49-cloud-amd64-x86_64-with-glibc2.36,
ok,ILS_iRace,weak_sorted_init,weak_sorted_init,variant_ablation,,input/real_world/B90_L6_D11.txt,real_world,78,irace_final,720.000000,600.000000,120.000000,1770,2567,3704,30.696544,45.028249,600.001504,output/weak_sorted_init/ILS_iRace/weak_sorted_init/seed_078/input/real_world/B90_L6_D11.txt,,,9ea0e7a5f98a8ece5c8f0f2ac53db4f323a53fed,true,3.11.2,Linux-6.1.0-49-cloud-amd64-x86_64-with-glibc2.36,
ok,ILS_iRace,weak_sorted_init,weak_sorted_init,variant_ablation,,input/real_world/B90_L6_D11.txt,real_world,89,irace_final,720.000000,600.000000,120.000000,1770,2567,3704,30.696544,45.028249,600.001616,output/weak_sorted_init/ILS_iRace/weak_sorted_init/seed_089/input/real_world/B90_L6_D11.txt,,,9ea0e7a5f98a8ece5c8f0f2ac53db4f323a53fed,true,3.11.2,Linux-6.1.0-49-cloud-amd64-x86_64-with-glibc2.36,
ok,ILS_iRace,weak_sorted_init,weak_sorted_init,variant_ablation,,input/real_world/B90_L6_D11.txt,real_world,100,irace_final,720.000000,600.000000,120.000000,1770,2567,3704,30.696544,45.028249,600.001735,output/weak_sorted_init/ILS_iRace/weak_sorted_init/seed_100/input/real_world/B90_L6_D11.txt,,,9ea0e7a5f98a8ece5c8f0f2ac53db4f323a53fed,true,3.11.2,Linux-6.1.0-49-cloud-amd64-x86_64-with-glibc2.36,
ok,ILS_iRace,weak_sorted_init,weak_sorted_init,variant_ablation,,input/real_world/B100_L9_D18.txt,real_world,1,irace_final,720.000000,600.000000,120.000000,4838,4916,6246,21.293628,1.612236,600.002077,output/weak_sorted_init/ILS_iRace/weak_sorted_init/seed_001/input/real_world/B100_L9_D18.txt,,,9ea0e7a5f98a8ece5c8f0f2ac53db4f323a53fed,true,3.11.2,Linux-6.1.0-49-cloud-amd64-x86_64-with-glibc2.36,
ok,ILS_iRace,weak_sorted_init,weak_sorted_init,variant_ablation,,input/real_world/B100_L9_D18.txt,real_world,12,irace_final,720.000000,600.000000,120.000000,4838,4916,6246,21.293628,1.612236,600.001966,output/weak_sorted_init/ILS_iRace/weak_sorted_init/seed_012/input/real_world/B100_L9_D18.txt,,,9ea0e7a5f98a8ece5c8f0f2ac53db4f323a53fed,true,3.11.2,Linux-6.1.0-49-cloud-amd64-x86_64-with-glibc2.36,
ok,ILS_iRace,weak_sorted_init,weak_sorted_init,variant_ablation,,input/real_world/B100_L9_D18.txt,real_world,23,irace_final,720.000000,600.000000,120.000000,4838,4916,6246,21.293628,1.612236,600.001881,output/weak_sorted_init/ILS_iRace/weak_sorted_init/seed_023/input/real_world/B100_L9_D18.txt,,,9ea0e7a5f98a8ece5c8f0f2ac53db4f323a53fed,true,3.11.2,Linux-6.1.0-49-cloud-amd64-x86_64-with-glibc2.36,
ok,ILS_iRace,weak_sorted_init,weak_sorted_init,variant_ablation,,input/real_world/B100_L9_D18.txt,real_world,34,irace_final,720.000000,600.000000,120.000000,4838,4916,6246,21.293628,1.612236,600.002074,output/weak_sorted_init/ILS_iRace/weak_sorted_init/seed_034/input/real_world/B100_L9_D18.txt,,,9ea0e7a5f98a8ece5c8f0f2ac53db4f323a53fed,true,3.11.2,Linux-6.1.0-49-cloud-amd64-x86_64-with-glibc2.36,
ok,ILS_iRace,weak_sorted_init,weak_sorted_init,variant_ablation,,input/real_world/B100_L9_D18.txt,real_world,45,irace_final,720.000000,600.000000,120.000000,4838,4916,6246,21.293628,1.612236,600.002187,output/weak_sorted_init/ILS_iRace/weak_sorted_init/seed_045/input/real_world/B100_L9_D18.txt,,,9ea0e7a5f98a8ece5c8f0f2ac53db4f323a53fed,true,3.11.2,Linux-6.1.0-49-cloud-amd64-x86_64-with-glibc2.36,
ok,ILS_iRace,weak_sorted_init,weak_sorted_init,variant_ablation,,input/real_world/B100_L9_D18.txt,real_world,56,irace_final,720.000000,600.000000,120.000000,4838,4916,6246,21.293628,1.612236,600.002367,output/weak_sorted_init/ILS_iRace/weak_sorted_init/seed_056/input/real_world/B100_L9_D18.txt,,,9ea0e7a5f98a8ece5c8f0f2ac53db4f323a53fed,true,3.11.2,Linux-6.1.0-49-cloud-amd64-x86_64-with-glibc2.36,
ok,ILS_iRace,weak_sorted_init,weak_sorted_init,variant_ablation,,input/real_world/B100_L9_D18.txt,real_world,67,irace_final,720.000000,600.000000,120.000000,4838,4916,6246,21.293628,1.612236,600.001837,output/weak_sorted_init/ILS_iRace/weak_sorted_init/seed_067/input/real_world/B100_L9_D18.txt,,,9ea0e7a5f98a8ece5c8f0f2ac53db4f323a53fed,true,3.11.2,Linux-6.1.0-49-cloud-amd64-x86_64-with-glibc2.36,
ok,ILS_iRace,weak_sorted_init,weak_sorted_init,variant_ablation,,input/real_world/B100_L9_D18.txt,real_world,78,irace_final,720.000000,600.000000,120.000000,4838,4916,6246,21.293628,1.612236,600.002290,output/weak_sorted_init/ILS_iRace/weak_sorted_init/seed_078/input/real_world/B100_L9_D18.txt,,,9ea0e7a5f98a8ece5c8f0f2ac53db4f323a53fed,true,3.11.2,Linux-6.1.0-49-cloud-amd64-x86_64-with-glibc2.36,
ok,ILS_iRace,weak_sorted_init,weak_sorted_init,variant_ablation,,input/real_world/B100_L9_D18.txt,real_world,89,irace_final,720.000000,600.000000,120.000000,4838,4916,6246,21.293628,1.612236,600.002517,output/weak_sorted_init/ILS_iRace/weak_sorted_init/seed_089/input/real_world/B100_L9_D18.txt,,,9ea0e7a5f98a8ece5c8f0f2ac53db4f323a53fed,true,3.11.2,Linux-6.1.0-49-cloud-amd64-x86_64-with-glibc2.36,
ok,ILS_iRace,weak_sorted_init,weak_sorted_init,variant_ablation,,input/real_world/B100_L9_D18.txt,real_world,100,irace_final,720.000000,600.000000,120.000000,4838,4916,6246,21.293628,1.612236,600.002430,output/weak_sorted_init/ILS_iRace/weak_sorted_init/seed_100/input/real_world/B100_L9_D18.txt,,,9ea0e7a5f98a8ece5c8f0f2ac53db4f323a53fed,true,3.11.2,Linux-6.1.0-49-cloud-amd64-x86_64-with-glibc2.36,
ok,ILS_iRace,weak_sorted_init,weak_sorted_init,variant_ablation,,input/real_world/B1k_L18_D17.txt,real_world,1,irace_final,720.000000,600.000000,120.000000,116176,127579,283465,54.993033,9.815280,600.011146,output/weak_sorted_init/ILS_iRace/weak_sorted_init/seed_001/input/real_world/B1k_L18_D17.txt,,,9ea0e7a5f98a8ece5c8f0f2ac53db4f323a53fed,true,3.11.2,Linux-6.1.0-49-cloud-amd64-x86_64-with-glibc2.36,
ok,ILS_iRace,weak_sorted_init,weak_sorted_init,variant_ablation,,input/real_world/B1k_L18_D17.txt,real_world,12,irace_final,720.000000,600.000000,120.000000,116176,127579,283465,54.993033,9.815280,600.015233,output/weak_sorted_init/ILS_iRace/weak_sorted_init/seed_012/input/real_world/B1k_L18_D17.txt,,,9ea0e7a5f98a8ece5c8f0f2ac53db4f323a53fed,true,3.11.2,Linux-6.1.0-49-cloud-amd64-x86_64-with-glibc2.36,
ok,ILS_iRace,weak_sorted_init,weak_sorted_init,variant_ablation,,input/real_world/B1k_L18_D17.txt,real_world,23,irace_final,720.000000,600.000000,120.000000,116176,127579,283465,54.993033,9.815280,600.014759,output/weak_sorted_init/ILS_iRace/weak_sorted_init/seed_023/input/real_world/B1k_L18_D17.txt,,,9ea0e7a5f98a8ece5c8f0f2ac53db4f323a53fed,true,3.11.2,Linux-6.1.0-49-cloud-amd64-x86_64-with-glibc2.36,
ok,ILS_iRace,weak_sorted_init,weak_sorted_init,variant_ablation,,input/real_world/B1k_L18_D17.txt,real_world,34,irace_final,720.000000,600.000000,120.000000,116176,127579,283465,54.993033,9.815280,600.012391,output/weak_sorted_init/ILS_iRace/weak_sorted_init/seed_034/input/real_world/B1k_L18_D17.txt,,,9ea0e7a5f98a8ece5c8f0f2ac53db4f323a53fed,true,3.11.2,Linux-6.1.0-49-cloud-amd64-x86_64-with-glibc2.36,
ok,ILS_iRace,weak_sorted_init,weak_sorted_init,variant_ablation,,input/real_world/B1k_L18_D17.txt,real_world,45,irace_final,720.000000,600.000000,120.000000,116176,127579,283465,54.993033,9.815280,600.013985,output/weak_sorted_init/ILS_iRace/weak_sorted_init/seed_045/input/real_world/B1k_L18_D17.txt,,,9ea0e7a5f98a8ece5c8f0f2ac53db4f323a53fed,true,3.11.2,Linux-6.1.0-49-cloud-amd64-x86_64-with-glibc2.36,
ok,ILS_iRace,weak_sorted_init,weak_sorted_init,variant_ablation,,input/real_world/B1k_L18_D17.txt,real_world,56,irace_final,720.000000,600.000000,120.000000,116176,127579,283465,54.993033,9.815280,600.012403,output/weak_sorted_init/ILS_iRace/weak_sorted_init/seed_056/input/real_world/B1k_L18_D17.txt,,,9ea0e7a5f98a8ece5c8f0f2ac53db4f323a53fed,true,3.11.2,Linux-6.1.0-49-cloud-amd64-x86_64-with-glibc2.36,
ok,ILS_iRace,weak_sorted_init,weak_sorted_init,variant_ablation,,input/real_world/B1k_L18_D17.txt,real_world,67,irace_final,720.000000,600.000000,120.000000,116176,127579,283465,54.993033,9.815280,600.015394,output/weak_sorted_init/ILS_iRace/weak_sorted_init/seed_067/input/real_world/B1k_L18_D17.txt,,,9ea0e7a5f98a8ece5c8f0f2ac53db4f323a53fed,true,3.11.2,Linux-6.1.0-49-cloud-amd64-x86_64-with-glibc2.36,
ok,ILS_iRace,weak_sorted_init,weak_sorted_init,variant_ablation,,input/real_world/B1k_L18_D17.txt,real_world,78,irace_final,720.000000,600.000000,120.000000,116176,127579,283465,54.993033,9.815280,600.011919,output/weak_sorted_init/ILS_iRace/weak_sorted_init/seed_078/input/real_world/B1k_L18_D17.txt,,,9ea0e7a5f98a8ece5c8f0f2ac53db4f323a53fed,true,3.11.2,Linux-6.1.0-49-cloud-amd64-x86_64-with-glibc2.36,
ok,ILS_iRace,weak_sorted_init,weak_sorted_init,variant_ablation,,input/real_world/B1k_L18_D17.txt,real_world,89,irace_final,720.000000,600.000000,120.000000,116176,127579,283465,54.993033,9.815280,600.014453,output/weak_sorted_init/ILS_iRace/weak_sorted_init/seed_089/input/real_world/B1k_L18_D17.txt,,,9ea0e7a5f98a8ece5c8f0f2ac53db4f323a53fed,true,3.11.2,Linux-6.1.0-49-cloud-amd64-x86_64-with-glibc2.36,
ok,ILS_iRace,weak_sorted_init,weak_sorted_init,variant_ablation,,input/real_world/B1k_L18_D17.txt,real_world,100,irace_final,720.000000,600.000000,120.000000,116176,127579,283465,54.993033,9.815280,600.010545,output/weak_sorted_init/ILS_iRace/weak_sorted_init/seed_100/input/real_world/B1k_L18_D17.txt,,,9ea0e7a5f98a8ece5c8f0f2ac53db4f323a53fed,true,3.11.2,Linux-6.1.0-49-cloud-amd64-x86_64-with-glibc2.36,
ok,ILS_iRace,weak_sorted_init,weak_sorted_init,variant_ablation,,input/real_world/B6k_L35_D70.txt,real_world,1,irace_final,720.000000,600.000000,120.000000,2307803,2307803,2936308,21.404601,0.000000,600.154240,output/weak_sorted_init/ILS_iRace/weak_sorted_init/seed_001/input/real_world/B6k_L35_D70.txt,,,9ea0e7a5f98a8ece5c8f0f2ac53db4f323a53fed,true,3.11.2,Linux-6.1.0-49-cloud-amd64-x86_64-with-glibc2.36,
ok,ILS_iRace,weak_sorted_init,weak_sorted_init,variant_ablation,,input/real_world/B6k_L35_D70.txt,real_world,12,irace_final,720.000000,600.000000,120.000000,2307803,2307803,2936308,21.404601,0.000000,600.110433,output/weak_sorted_init/ILS_iRace/weak_sorted_init/seed_012/input/real_world/B6k_L35_D70.txt,,,9ea0e7a5f98a8ece5c8f0f2ac53db4f323a53fed,true,3.11.2,Linux-6.1.0-49-cloud-amd64-x86_64-with-glibc2.36,
ok,ILS_iRace,weak_sorted_init,weak_sorted_init,variant_ablation,,input/real_world/B6k_L35_D70.txt,real_world,23,irace_final,720.000000,600.000000,120.000000,2307803,2307803,2936308,21.404601,0.000000,600.151937,output/weak_sorted_init/ILS_iRace/weak_sorted_init/seed_023/input/real_world/B6k_L35_D70.txt,,,9ea0e7a5f98a8ece5c8f0f2ac53db4f323a53fed,true,3.11.2,Linux-6.1.0-49-cloud-amd64-x86_64-with-glibc2.36,
ok,ILS_iRace,weak_sorted_init,weak_sorted_init,variant_ablation,,input/real_world/B6k_L35_D70.txt,real_world,34,irace_final,720.000000,600.000000,120.000000,2307803,2307803,2936308,21.404601,0.000000,600.120522,output/weak_sorted_init/ILS_iRace/weak_sorted_init/seed_034/input/real_world/B6k_L35_D70.txt,,,9ea0e7a5f98a8ece5c8f0f2ac53db4f323a53fed,true,3.11.2,Linux-6.1.0-49-cloud-amd64-x86_64-with-glibc2.36,
ok,ILS_iRace,weak_sorted_init,weak_sorted_init,variant_ablation,,input/real_world/B6k_L35_D70.txt,real_world,45,irace_final,720.000000,600.000000,120.000000,2307803,2307803,2936308,21.404601,0.000000,600.088055,output/weak_sorted_init/ILS_iRace/weak_sorted_init/seed_045/input/real_world/B6k_L35_D70.txt,,,9ea0e7a5f98a8ece5c8f0f2ac53db4f323a53fed,true,3.11.2,Linux-6.1.0-49-cloud-amd64-x86_64-with-glibc2.36,
ok,ILS_iRace,weak_sorted_init,weak_sorted_init,variant_ablation,,input/real_world/B6k_L35_D70.txt,real_world,56,irace_final,720.000000,600.000000,120.000000,2307803,2307803,2936308,21.404601,0.000000,600.071959,output/weak_sorted_init/ILS_iRace/weak_sorted_init/seed_056/input/real_world/B6k_L35_D70.txt,,,9ea0e7a5f98a8ece5c8f0f2ac53db4f323a53fed,true,3.11.2,Linux-6.1.0-49-cloud-amd64-x86_64-with-glibc2.36,
ok,ILS_iRace,weak_sorted_init,weak_sorted_init,variant_ablation,,input/real_world/B6k_L35_D70.txt,real_world,67,irace_final,720.000000,600.000000,120.000000,2307803,2307803,2936308,21.404601,0.000000,600.069617,output/weak_sorted_init/ILS_iRace/weak_sorted_init/seed_067/input/real_world/B6k_L35_D70.txt,,,9ea0e7a5f98a8ece5c8f0f2ac53db4f323a53fed,true,3.11.2,Linux-6.1.0-49-cloud-amd64-x86_64-with-glibc2.36,
ok,ILS_iRace,weak_sorted_init,weak_sorted_init,variant_ablation,,input/real_world/B6k_L35_D70.txt,real_world,78,irace_final,720.000000,600.000000,120.000000,2307803,2307803,2936308,21.404601,0.000000,600.158332,output/weak_sorted_init/ILS_iRace/weak_sorted_init/seed_078/input/real_world/B6k_L35_D70.txt,,,9ea0e7a5f98a8ece5c8f0f2ac53db4f323a53fed,true,3.11.2,Linux-6.1.0-49-cloud-amd64-x86_64-with-glibc2.36,
ok,ILS_iRace,weak_sorted_init,weak_sorted_init,variant_ablation,,input/real_world/B6k_L35_D70.txt,real_world,89,irace_final,720.000000,600.000000,120.000000,2307803,2307803,2936308,21.404601,0.000000,600.153442,output/weak_sorted_init/ILS_iRace/weak_sorted_init/seed_089/input/real_world/B6k_L35_D70.txt,,,9ea0e7a5f98a8ece5c8f0f2ac53db4f323a53fed,true,3.11.2,Linux-6.1.0-49-cloud-amd64-x86_64-with-glibc2.36,
ok,ILS_iRace,weak_sorted_init,weak_sorted_init,variant_ablation,,input/real_world/B6k_L35_D70.txt,real_world,100,irace_final,720.000000,600.000000,120.000000,2307803,2307803,2936308,21.404601,0.000000,600.104954,output/weak_sorted_init/ILS_iRace/weak_sorted_init/seed_100/input/real_world/B6k_L35_D70.txt,,,9ea0e7a5f98a8ece5c8f0f2ac53db4f323a53fed,true,3.11.2,Linux-6.1.0-49-cloud-amd64-x86_64-with-glibc2.36,
ok,ILS_iRace,weak_sorted_init,weak_sorted_init,variant_ablation,,input/real_world/B35k_L60_D120.txt,real_world,1,irace_final,720.000000,600.000000,120.000000,10700619,12864753,20578732,37.485201,20.224381,600.693127,output/weak_sorted_init/ILS_iRace/weak_sorted_init/seed_001/input/real_world/B35k_L60_D120.txt,,,9ea0e7a5f98a8ece5c8f0f2ac53db4f323a53fed,true,3.11.2,Linux-6.1.0-49-cloud-amd64-x86_64-with-glibc2.36,
ok,ILS_iRace,weak_sorted_init,weak_sorted_init,variant_ablation,,input/real_world/B35k_L60_D120.txt,real_world,12,irace_final,720.000000,600.000000,120.000000,10700619,12864753,20578732,37.485201,20.224381,600.615602,output/weak_sorted_init/ILS_iRace/weak_sorted_init/seed_012/input/real_world/B35k_L60_D120.txt,,,9ea0e7a5f98a8ece5c8f0f2ac53db4f323a53fed,true,3.11.2,Linux-6.1.0-49-cloud-amd64-x86_64-with-glibc2.36,
ok,ILS_iRace,weak_sorted_init,weak_sorted_init,variant_ablation,,input/real_world/B35k_L60_D120.txt,real_world,23,irace_final,720.000000,600.000000,120.000000,10700619,12864753,20578732,37.485201,20.224381,600.567183,output/weak_sorted_init/ILS_iRace/weak_sorted_init/seed_023/input/real_world/B35k_L60_D120.txt,,,9ea0e7a5f98a8ece5c8f0f2ac53db4f323a53fed,true,3.11.2,Linux-6.1.0-49-cloud-amd64-x86_64-with-glibc2.36,
ok,ILS_iRace,weak_sorted_init,weak_sorted_init,variant_ablation,,input/real_world/B35k_L60_D120.txt,real_world,34,irace_final,720.000000,600.000000,120.000000,10700619,12864753,20578732,37.485201,20.224381,600.560434,output/weak_sorted_init/ILS_iRace/weak_sorted_init/seed_034/input/real_world/B35k_L60_D120.txt,,,9ea0e7a5f98a8ece5c8f0f2ac53db4f323a53fed,true,3.11.2,Linux-6.1.0-49-cloud-amd64-x86_64-with-glibc2.36,
ok,ILS_iRace,weak_sorted_init,weak_sorted_init,variant_ablation,,input/real_world/B35k_L60_D120.txt,real_world,45,irace_final,720.000000,600.000000,120.000000,10700619,12864753,20578732,37.485201,20.224381,600.590645,output/weak_sorted_init/ILS_iRace/weak_sorted_init/seed_045/input/real_world/B35k_L60_D120.txt,,,9ea0e7a5f98a8ece5c8f0f2ac53db4f323a53fed,true,3.11.2,Linux-6.1.0-49-cloud-amd64-x86_64-with-glibc2.36,
ok,ILS_iRace,weak_sorted_init,weak_sorted_init,variant_ablation,,input/real_world/B35k_L60_D120.txt,real_world,56,irace_final,720.000000,600.000000,120.000000,10700619,12864753,20578732,37.485201,20.224381,600.661646,output/weak_sorted_init/ILS_iRace/weak_sorted_init/seed_056/input/real_world/B35k_L60_D120.txt,,,9ea0e7a5f98a8ece5c8f0f2ac53db4f323a53fed,true,3.11.2,Linux-6.1.0-49-cloud-amd64-x86_64-with-glibc2.36,
ok,ILS_iRace,weak_sorted_init,weak_sorted_init,variant_ablation,,input/real_world/B35k_L60_D120.txt,real_world,67,irace_final,720.000000,600.000000,120.000000,10700619,12864753,20578732,37.485201,20.224381,600.619079,output/weak_sorted_init/ILS_iRace/weak_sorted_init/seed_067/input/real_world/B35k_L60_D120.txt,,,9ea0e7a5f98a8ece5c8f0f2ac53db4f323a53fed,true,3.11.2,Linux-6.1.0-49-cloud-amd64-x86_64-with-glibc2.36,
ok,ILS_iRace,weak_sorted_init,weak_sorted_init,variant_ablation,,input/real_world/B35k_L60_D120.txt,real_world,78,irace_final,720.000000,600.000000,120.000000,10700619,12864753,20578732,37.485201,20.224381,600.614905,output/weak_sorted_init/ILS_iRace/weak_sorted_init/seed_078/input/real_world/B35k_L60_D120.txt,,,9ea0e7a5f98a8ece5c8f0f2ac53db4f323a53fed,true,3.11.2,Linux-6.1.0-49-cloud-amd64-x86_64-with-glibc2.36,
ok,ILS_iRace,weak_sorted_init,weak_sorted_init,variant_ablation,,input/real_world/B35k_L60_D120.txt,real_world,89,irace_final,720.000000,600.000000,120.000000,10700619,12864753,20578732,37.485201,20.224381,600.635754,output/weak_sorted_init/ILS_iRace/weak_sorted_init/seed_089/input/real_world/B35k_L60_D120.txt,,,9ea0e7a5f98a8ece5c8f0f2ac53db4f323a53fed,true,3.11.2,Linux-6.1.0-49-cloud-amd64-x86_64-with-glibc2.36,
ok,ILS_iRace,weak_sorted_init,weak_sorted_init,variant_ablation,,input/real_world/B35k_L60_D120.txt,real_world,100,irace_final,720.000000,600.000000,120.000000,10700619,12864753,20578732,37.485201,20.224381,600.557069,output/weak_sorted_init/ILS_iRace/weak_sorted_init/seed_100/input/real_world/B35k_L60_D120.txt,,,9ea0e7a5f98a8ece5c8f0f2ac53db4f323a53fed,true,3.11.2,Linux-6.1.0-49-cloud-amd64-x86_64-with-glibc2.36,
ok,ILS_iRace,weak_sorted_init,weak_sorted_init,variant_ablation,,input/real_world/B90k_L850_D21.txt,real_world,1,irace_final,720.000000,600.000000,120.000000,828,869,418275,99.792242,4.951691,600.202137,output/weak_sorted_init/ILS_iRace/weak_sorted_init/seed_001/input/real_world/B90k_L850_D21.txt,,,9ea0e7a5f98a8ece5c8f0f2ac53db4f323a53fed,true,3.11.2,Linux-6.1.0-49-cloud-amd64-x86_64-with-glibc2.36,
ok,ILS_iRace,weak_sorted_init,weak_sorted_init,variant_ablation,,input/real_world/B90k_L850_D21.txt,real_world,12,irace_final,720.000000,600.000000,120.000000,828,869,418275,99.792242,4.951691,600.203650,output/weak_sorted_init/ILS_iRace/weak_sorted_init/seed_012/input/real_world/B90k_L850_D21.txt,,,9ea0e7a5f98a8ece5c8f0f2ac53db4f323a53fed,true,3.11.2,Linux-6.1.0-49-cloud-amd64-x86_64-with-glibc2.36,
ok,ILS_iRace,weak_sorted_init,weak_sorted_init,variant_ablation,,input/real_world/B90k_L850_D21.txt,real_world,23,irace_final,720.000000,600.000000,120.000000,828,869,418275,99.792242,4.951691,600.203654,output/weak_sorted_init/ILS_iRace/weak_sorted_init/seed_023/input/real_world/B90k_L850_D21.txt,,,9ea0e7a5f98a8ece5c8f0f2ac53db4f323a53fed,true,3.11.2,Linux-6.1.0-49-cloud-amd64-x86_64-with-glibc2.36,
ok,ILS_iRace,weak_sorted_init,weak_sorted_init,variant_ablation,,input/real_world/B90k_L850_D21.txt,real_world,34,irace_final,720.000000,600.000000,120.000000,828,869,418275,99.792242,4.951691,600.241210,output/weak_sorted_init/ILS_iRace/weak_sorted_init/seed_034/input/real_world/B90k_L850_D21.txt,,,9ea0e7a5f98a8ece5c8f0f2ac53db4f323a53fed,true,3.11.2,Linux-6.1.0-49-cloud-amd64-x86_64-with-glibc2.36,
ok,ILS_iRace,weak_sorted_init,weak_sorted_init,variant_ablation,,input/real_world/B90k_L850_D21.txt,real_world,45,irace_final,720.000000,600.000000,120.000000,828,869,418275,99.792242,4.951691,600.207227,output/weak_sorted_init/ILS_iRace/weak_sorted_init/seed_045/input/real_world/B90k_L850_D21.txt,,,9ea0e7a5f98a8ece5c8f0f2ac53db4f323a53fed,true,3.11.2,Linux-6.1.0-49-cloud-amd64-x86_64-with-glibc2.36,
ok,ILS_iRace,weak_sorted_init,weak_sorted_init,variant_ablation,,input/real_world/B90k_L850_D21.txt,real_world,56,irace_final,720.000000,600.000000,120.000000,828,869,418275,99.792242,4.951691,600.251948,output/weak_sorted_init/ILS_iRace/weak_sorted_init/seed_056/input/real_world/B90k_L850_D21.txt,,,9ea0e7a5f98a8ece5c8f0f2ac53db4f323a53fed,true,3.11.2,Linux-6.1.0-49-cloud-amd64-x86_64-with-glibc2.36,
ok,ILS_iRace,weak_sorted_init,weak_sorted_init,variant_ablation,,input/real_world/B90k_L850_D21.txt,real_world,67,irace_final,720.000000,600.000000,120.000000,828,869,418275,99.792242,4.951691,600.207073,output/weak_sorted_init/ILS_iRace/weak_sorted_init/seed_067/input/real_world/B90k_L850_D21.txt,,,9ea0e7a5f98a8ece5c8f0f2ac53db4f323a53fed,true,3.11.2,Linux-6.1.0-49-cloud-amd64-x86_64-with-glibc2.36,
ok,ILS_iRace,weak_sorted_init,weak_sorted_init,variant_ablation,,input/real_world/B90k_L850_D21.txt,real_world,78,irace_final,720.000000,600.000000,120.000000,828,869,418275,99.792242,4.951691,600.207819,output/weak_sorted_init/ILS_iRace/weak_sorted_init/seed_078/input/real_world/B90k_L850_D21.txt,,,9ea0e7a5f98a8ece5c8f0f2ac53db4f323a53fed,true,3.11.2,Linux-6.1.0-49-cloud-amd64-x86_64-with-glibc2.36,
ok,ILS_iRace,weak_sorted_init,weak_sorted_init,variant_ablation,,input/real_world/B90k_L850_D21.txt,real_world,89,irace_final,720.000000,600.000000,120.000000,828,869,418275,99.792242,4.951691,600.242594,output/weak_sorted_init/ILS_iRace/weak_sorted_init/seed_089/input/real_world/B90k_L850_D21.txt,,,9ea0e7a5f98a8ece5c8f0f2ac53db4f323a53fed,true,3.11.2,Linux-6.1.0-49-cloud-amd64-x86_64-with-glibc2.36,
ok,ILS_iRace,weak_sorted_init,weak_sorted_init,variant_ablation,,input/real_world/B90k_L850_D21.txt,real_world,100,irace_final,720.000000,600.000000,120.000000,828,869,418275,99.792242,4.951691,600.214552,output/weak_sorted_init/ILS_iRace/weak_sorted_init/seed_100/input/real_world/B90k_L850_D21.txt,,,9ea0e7a5f98a8ece5c8f0f2ac53db4f323a53fed,true,3.11.2,Linux-6.1.0-49-cloud-amd64-x86_64-with-glibc2.36,
ok,ILS_iRace,weak_sorted_init,weak_sorted_init,variant_ablation,,input/real_world/B240k_L90_D180.txt,real_world,1,irace_final,720.000000,600.000000,120.000000,29433701,43085291,138925961,68.986868,46.380814,602.659553,output/weak_sorted_init/ILS_iRace/weak_sorted_init/seed_001/input/real_world/B240k_L90_D180.txt,,,9ea0e7a5f98a8ece5c8f0f2ac53db4f323a53fed,true,3.11.2,Linux-6.1.0-49-cloud-amd64-x86_64-with-glibc2.36,
ok,ILS_iRace,weak_sorted_init,weak_sorted_init,variant_ablation,,input/real_world/B240k_L90_D180.txt,real_world,12,irace_final,720.000000,600.000000,120.000000,29433701,43085291,138925961,68.986868,46.380814,602.545623,output/weak_sorted_init/ILS_iRace/weak_sorted_init/seed_012/input/real_world/B240k_L90_D180.txt,,,9ea0e7a5f98a8ece5c8f0f2ac53db4f323a53fed,true,3.11.2,Linux-6.1.0-49-cloud-amd64-x86_64-with-glibc2.36,
ok,ILS_iRace,weak_sorted_init,weak_sorted_init,variant_ablation,,input/real_world/B240k_L90_D180.txt,real_world,23,irace_final,720.000000,600.000000,120.000000,29433701,43085291,138925961,68.986868,46.380814,602.592405,output/weak_sorted_init/ILS_iRace/weak_sorted_init/seed_023/input/real_world/B240k_L90_D180.txt,,,9ea0e7a5f98a8ece5c8f0f2ac53db4f323a53fed,true,3.11.2,Linux-6.1.0-49-cloud-amd64-x86_64-with-glibc2.36,
ok,ILS_iRace,weak_sorted_init,weak_sorted_init,variant_ablation,,input/real_world/B240k_L90_D180.txt,real_world,34,irace_final,720.000000,600.000000,120.000000,29433701,43085291,138925961,68.986868,46.380814,602.574466,output/weak_sorted_init/ILS_iRace/weak_sorted_init/seed_034/input/real_world/B240k_L90_D180.txt,,,9ea0e7a5f98a8ece5c8f0f2ac53db4f323a53fed,true,3.11.2,Linux-6.1.0-49-cloud-amd64-x86_64-with-glibc2.36,
ok,ILS_iRace,weak_sorted_init,weak_sorted_init,variant_ablation,,input/real_world/B240k_L90_D180.txt,real_world,45,irace_final,720.000000,600.000000,120.000000,29433701,43085291,138925961,68.986868,46.380814,602.675514,output/weak_sorted_init/ILS_iRace/weak_sorted_init/seed_045/input/real_world/B240k_L90_D180.txt,,,9ea0e7a5f98a8ece5c8f0f2ac53db4f323a53fed,true,3.11.2,Linux-6.1.0-49-cloud-amd64-x86_64-with-glibc2.36,
ok,ILS_iRace,weak_sorted_init,weak_sorted_init,variant_ablation,,input/real_world/B240k_L90_D180.txt,real_world,56,irace_final,720.000000,600.000000,120.000000,29433701,43085291,138925961,68.986868,46.380814,602.494758,output/weak_sorted_init/ILS_iRace/weak_sorted_init/seed_056/input/real_world/B240k_L90_D180.txt,,,9ea0e7a5f98a8ece5c8f0f2ac53db4f323a53fed,true,3.11.2,Linux-6.1.0-49-cloud-amd64-x86_64-with-glibc2.36,
ok,ILS_iRace,weak_sorted_init,weak_sorted_init,variant_ablation,,input/real_world/B240k_L90_D180.txt,real_world,67,irace_final,720.000000,600.000000,120.000000,29433701,43085291,138925961,68.986868,46.380814,602.617524,output/weak_sorted_init/ILS_iRace/weak_sorted_init/seed_067/input/real_world/B240k_L90_D180.txt,,,9ea0e7a5f98a8ece5c8f0f2ac53db4f323a53fed,true,3.11.2,Linux-6.1.0-49-cloud-amd64-x86_64-with-glibc2.36,
ok,ILS_iRace,weak_sorted_init,weak_sorted_init,variant_ablation,,input/real_world/B240k_L90_D180.txt,real_world,78,irace_final,720.000000,600.000000,120.000000,29433701,43085291,138925961,68.986868,46.380814,602.481829,output/weak_sorted_init/ILS_iRace/weak_sorted_init/seed_078/input/real_world/B240k_L90_D180.txt,,,9ea0e7a5f98a8ece5c8f0f2ac53db4f323a53fed,true,3.11.2,Linux-6.1.0-49-cloud-amd64-x86_64-with-glibc2.36,
ok,ILS_iRace,weak_sorted_init,weak_sorted_init,variant_ablation,,input/real_world/B240k_L90_D180.txt,real_world,89,irace_final,720.000000,600.000000,120.000000,29433701,43085291,138925961,68.986868,46.380814,602.481007,output/weak_sorted_init/ILS_iRace/weak_sorted_init/seed_089/input/real_world/B240k_L90_D180.txt,,,9ea0e7a5f98a8ece5c8f0f2ac53db4f323a53fed,true,3.11.2,Linux-6.1.0-49-cloud-amd64-x86_64-with-glibc2.36,
ok,ILS_iRace,weak_sorted_init,weak_sorted_init,variant_ablation,,input/real_world/B240k_L90_D180.txt,real_world,100,irace_final,720.000000,600.000000,120.000000,29433701,43085291,138925961,68.986868,46.380814,602.751476,output/weak_sorted_init/ILS_iRace/weak_sorted_init/seed_100/input/real_world/B240k_L90_D180.txt,,,9ea0e7a5f98a8ece5c8f0f2ac53db4f323a53fed,true,3.11.2,Linux-6.1.0-49-cloud-amd64-x86_64-with-glibc2.36,
ok,ILS_iRace,weak_sorted_init,weak_sorted_init,variant_ablation,,input/real_world/B1000k_L115_D230.txt,real_world,1,irace_final,720.000000,600.000000,120.000000,46977255,57027193,360585201,84.184822,21.393200,605.823588,output/weak_sorted_init/ILS_iRace/weak_sorted_init/seed_001/input/real_world/B1000k_L115_D230.txt,,,9ea0e7a5f98a8ece5c8f0f2ac53db4f323a53fed,true,3.11.2,Linux-6.1.0-49-cloud-amd64-x86_64-with-glibc2.36,
ok,ILS_iRace,weak_sorted_init,weak_sorted_init,variant_ablation,,input/real_world/B1000k_L115_D230.txt,real_world,12,irace_final,720.000000,600.000000,120.000000,46977255,57027193,360585201,84.184822,21.393200,605.894155,output/weak_sorted_init/ILS_iRace/weak_sorted_init/seed_012/input/real_world/B1000k_L115_D230.txt,,,9ea0e7a5f98a8ece5c8f0f2ac53db4f323a53fed,true,3.11.2,Linux-6.1.0-49-cloud-amd64-x86_64-with-glibc2.36,
ok,ILS_iRace,weak_sorted_init,weak_sorted_init,variant_ablation,,input/real_world/B1000k_L115_D230.txt,real_world,23,irace_final,720.000000,600.000000,120.000000,46977255,57027193,360585201,84.184822,21.393200,605.770866,output/weak_sorted_init/ILS_iRace/weak_sorted_init/seed_023/input/real_world/B1000k_L115_D230.txt,,,9ea0e7a5f98a8ece5c8f0f2ac53db4f323a53fed,true,3.11.2,Linux-6.1.0-49-cloud-amd64-x86_64-with-glibc2.36,
ok,ILS_iRace,weak_sorted_init,weak_sorted_init,variant_ablation,,input/real_world/B1000k_L115_D230.txt,real_world,34,irace_final,720.000000,600.000000,120.000000,46977255,57027193,360585201,84.184822,21.393200,605.753937,output/weak_sorted_init/ILS_iRace/weak_sorted_init/seed_034/input/real_world/B1000k_L115_D230.txt,,,9ea0e7a5f98a8ece5c8f0f2ac53db4f323a53fed,true,3.11.2,Linux-6.1.0-49-cloud-amd64-x86_64-with-glibc2.36,
ok,ILS_iRace,weak_sorted_init,weak_sorted_init,variant_ablation,,input/real_world/B1000k_L115_D230.txt,real_world,45,irace_final,720.000000,600.000000,120.000000,46977255,57027193,360585201,84.184822,21.393200,605.836488,output/weak_sorted_init/ILS_iRace/weak_sorted_init/seed_045/input/real_world/B1000k_L115_D230.txt,,,9ea0e7a5f98a8ece5c8f0f2ac53db4f323a53fed,true,3.11.2,Linux-6.1.0-49-cloud-amd64-x86_64-with-glibc2.36,
ok,ILS_iRace,weak_sorted_init,weak_sorted_init,variant_ablation,,input/real_world/B1000k_L115_D230.txt,real_world,56,irace_final,720.000000,600.000000,120.000000,46977255,57027193,360585201,84.184822,21.393200,605.706129,output/weak_sorted_init/ILS_iRace/weak_sorted_init/seed_056/input/real_world/B1000k_L115_D230.txt,,,9ea0e7a5f98a8ece5c8f0f2ac53db4f323a53fed,true,3.11.2,Linux-6.1.0-49-cloud-amd64-x86_64-with-glibc2.36,
ok,ILS_iRace,weak_sorted_init,weak_sorted_init,variant_ablation,,input/real_world/B1000k_L115_D230.txt,real_world,67,irace_final,720.000000,600.000000,120.000000,46977255,57027193,360585201,84.184822,21.393200,605.627436,output/weak_sorted_init/ILS_iRace/weak_sorted_init/seed_067/input/real_world/B1000k_L115_D230.txt,,,9ea0e7a5f98a8ece5c8f0f2ac53db4f323a53fed,true,3.11.2,Linux-6.1.0-49-cloud-amd64-x86_64-with-glibc2.36,
ok,ILS_iRace,weak_sorted_init,weak_sorted_init,variant_ablation,,input/real_world/B1000k_L115_D230.txt,real_world,78,irace_final,720.000000,600.000000,120.000000,46977255,57027193,360585201,84.184822,21.393200,605.790116,output/weak_sorted_init/ILS_iRace/weak_sorted_init/seed_078/input/real_world/B1000k_L115_D230.txt,,,9ea0e7a5f98a8ece5c8f0f2ac53db4f323a53fed,true,3.11.2,Linux-6.1.0-49-cloud-amd64-x86_64-with-glibc2.36,
ok,ILS_iRace,weak_sorted_init,weak_sorted_init,variant_ablation,,input/real_world/B1000k_L115_D230.txt,real_world,89,irace_final,720.000000,600.000000,120.000000,46977255,57027193,360585201,84.184822,21.393200,605.374396,output/weak_sorted_init/ILS_iRace/weak_sorted_init/seed_089/input/real_world/B1000k_L115_D230.txt,,,9ea0e7a5f98a8ece5c8f0f2ac53db4f323a53fed,true,3.11.2,Linux-6.1.0-49-cloud-amd64-x86_64-with-glibc2.36,
ok,ILS_iRace,weak_sorted_init,weak_sorted_init,variant_ablation,,input/real_world/B1000k_L115_D230.txt,real_world,100,irace_final,720.000000,600.000000,120.000000,46977255,57027193,360585201,84.184822,21.393200,605.782114,output/weak_sorted_init/ILS_iRace/weak_sorted_init/seed_100/input/real_world/B1000k_L115_D230.txt,,,9ea0e7a5f98a8ece5c8f0f2ac53db4f323a53fed,true,3.11.2,Linux-6.1.0-49-cloud-amd64-x86_64-with-glibc2.36,
ok,ILS_iRace,weak_sorted_init,weak_sorted_init,variant_ablation,,input/real_world/B2000k_L140_D280.txt,real_world,1,irace_final,720.000000,600.000000,120.000000,51630228,60961958,578379827,89.459875,18.074160,609.869064,output/weak_sorted_init/ILS_iRace/weak_sorted_init/seed_001/input/real_world/B2000k_L140_D280.txt,,,9ea0e7a5f98a8ece5c8f0f2ac53db4f323a53fed,true,3.11.2,Linux-6.1.0-49-cloud-amd64-x86_64-with-glibc2.36,
ok,ILS_iRace,weak_sorted_init,weak_sorted_init,variant_ablation,,input/real_world/B2000k_L140_D280.txt,real_world,12,irace_final,720.000000,600.000000,120.000000,51630228,60961958,578379827,89.459875,18.074160,609.428651,output/weak_sorted_init/ILS_iRace/weak_sorted_init/seed_012/input/real_world/B2000k_L140_D280.txt,,,9ea0e7a5f98a8ece5c8f0f2ac53db4f323a53fed,true,3.11.2,Linux-6.1.0-49-cloud-amd64-x86_64-with-glibc2.36,
ok,ILS_iRace,weak_sorted_init,weak_sorted_init,variant_ablation,,input/real_world/B2000k_L140_D280.txt,real_world,23,irace_final,720.000000,600.000000,120.000000,51630228,61011720,578379827,89.451271,18.170541,609.644542,output/weak_sorted_init/ILS_iRace/weak_sorted_init/seed_023/input/real_world/B2000k_L140_D280.txt,,,9ea0e7a5f98a8ece5c8f0f2ac53db4f323a53fed,true,3.11.2,Linux-6.1.0-49-cloud-amd64-x86_64-with-glibc2.36,
ok,ILS_iRace,weak_sorted_init,weak_sorted_init,variant_ablation,,input/real_world/B2000k_L140_D280.txt,real_world,34,irace_final,720.000000,600.000000,120.000000,51630228,60961958,578379827,89.459875,18.074160,609.699606,output/weak_sorted_init/ILS_iRace/weak_sorted_init/seed_034/input/real_world/B2000k_L140_D280.txt,,,9ea0e7a5f98a8ece5c8f0f2ac53db4f323a53fed,true,3.11.2,Linux-6.1.0-49-cloud-amd64-x86_64-with-glibc2.36,
ok,ILS_iRace,weak_sorted_init,weak_sorted_init,variant_ablation,,input/real_world/B2000k_L140_D280.txt,real_world,45,irace_final,720.000000,600.000000,120.000000,51630228,60961958,578379827,89.459875,18.074160,609.321121,output/weak_sorted_init/ILS_iRace/weak_sorted_init/seed_045/input/real_world/B2000k_L140_D280.txt,,,9ea0e7a5f98a8ece5c8f0f2ac53db4f323a53fed,true,3.11.2,Linux-6.1.0-49-cloud-amd64-x86_64-with-glibc2.36,
ok,ILS_iRace,weak_sorted_init,weak_sorted_init,variant_ablation,,input/real_world/B2000k_L140_D280.txt,real_world,56,irace_final,720.000000,600.000000,120.000000,51630228,60961958,578379827,89.459875,18.074160,609.737138,output/weak_sorted_init/ILS_iRace/weak_sorted_init/seed_056/input/real_world/B2000k_L140_D280.txt,,,9ea0e7a5f98a8ece5c8f0f2ac53db4f323a53fed,true,3.11.2,Linux-6.1.0-49-cloud-amd64-x86_64-with-glibc2.36,
ok,ILS_iRace,weak_sorted_init,weak_sorted_init,variant_ablation,,input/real_world/B2000k_L140_D280.txt,real_world,67,irace_final,720.000000,600.000000,120.000000,51630228,61011720,578379827,89.451271,18.170541,609.578368,output/weak_sorted_init/ILS_iRace/weak_sorted_init/seed_067/input/real_world/B2000k_L140_D280.txt,,,9ea0e7a5f98a8ece5c8f0f2ac53db4f323a53fed,true,3.11.2,Linux-6.1.0-49-cloud-amd64-x86_64-with-glibc2.36,
ok,ILS_iRace,weak_sorted_init,weak_sorted_init,variant_ablation,,input/real_world/B2000k_L140_D280.txt,real_world,78,irace_final,720.000000,600.000000,120.000000,51630228,60961958,578379827,89.459875,18.074160,609.432281,output/weak_sorted_init/ILS_iRace/weak_sorted_init/seed_078/input/real_world/B2000k_L140_D280.txt,,,9ea0e7a5f98a8ece5c8f0f2ac53db4f323a53fed,true,3.11.2,Linux-6.1.0-49-cloud-amd64-x86_64-with-glibc2.36,
ok,ILS_iRace,weak_sorted_init,weak_sorted_init,variant_ablation,,input/real_world/B2000k_L140_D280.txt,real_world,89,irace_final,720.000000,600.000000,120.000000,51630228,60961958,578379827,89.459875,18.074160,609.434879,output/weak_sorted_init/ILS_iRace/weak_sorted_init/seed_089/input/real_world/B2000k_L140_D280.txt,,,9ea0e7a5f98a8ece5c8f0f2ac53db4f323a53fed,true,3.11.2,Linux-6.1.0-49-cloud-amd64-x86_64-with-glibc2.36,
ok,ILS_iRace,weak_sorted_init,weak_sorted_init,variant_ablation,,input/google_hashcode/b_read_on.txt,google_hashcode,1,irace_final,720.000000,600.000000,120.000000,5822900,5822900,10000000,41.771000,0.000000,600.336804,output/weak_sorted_init/ILS_iRace/weak_sorted_init/seed_001/input/google_hashcode/b_read_on.txt,,,9ea0e7a5f98a8ece5c8f0f2ac53db4f323a53fed,true,3.11.2,Linux-6.1.0-49-cloud-amd64-x86_64-with-glibc2.36,
ok,ILS_iRace,weak_sorted_init,weak_sorted_init,variant_ablation,,input/google_hashcode/b_read_on.txt,google_hashcode,12,irace_final,720.000000,600.000000,120.000000,5822900,5822900,10000000,41.771000,0.000000,600.350988,output/weak_sorted_init/ILS_iRace/weak_sorted_init/seed_012/input/google_hashcode/b_read_on.txt,,,9ea0e7a5f98a8ece5c8f0f2ac53db4f323a53fed,true,3.11.2,Linux-6.1.0-49-cloud-amd64-x86_64-with-glibc2.36,
ok,ILS_iRace,weak_sorted_init,weak_sorted_init,variant_ablation,,input/real_world/B2000k_L140_D280.txt,real_world,100,irace_final,720.000000,600.000000,120.000000,51630228,60968796,578379827,89.458693,18.087404,609.382466,output/weak_sorted_init/ILS_iRace/weak_sorted_init/seed_100/input/real_world/B2000k_L140_D280.txt,,,9ea0e7a5f98a8ece5c8f0f2ac53db4f323a53fed,true,3.11.2,Linux-6.1.0-49-cloud-amd64-x86_64-with-glibc2.36,
ok,ILS_iRace,weak_sorted_init,weak_sorted_init,variant_ablation,,input/google_hashcode/b_read_on.txt,google_hashcode,23,irace_final,720.000000,600.000000,120.000000,5822900,5822900,10000000,41.771000,0.000000,600.330903,output/weak_sorted_init/ILS_iRace/weak_sorted_init/seed_023/input/google_hashcode/b_read_on.txt,,,9ea0e7a5f98a8ece5c8f0f2ac53db4f323a53fed,true,3.11.2,Linux-6.1.0-49-cloud-amd64-x86_64-with-glibc2.36,
ok,ILS_iRace,weak_sorted_init,weak_sorted_init,variant_ablation,,input/google_hashcode/b_read_on.txt,google_hashcode,34,irace_final,720.000000,600.000000,120.000000,5822900,5822900,10000000,41.771000,0.000000,600.328865,output/weak_sorted_init/ILS_iRace/weak_sorted_init/seed_034/input/google_hashcode/b_read_on.txt,,,9ea0e7a5f98a8ece5c8f0f2ac53db4f323a53fed,true,3.11.2,Linux-6.1.0-49-cloud-amd64-x86_64-with-glibc2.36,
ok,ILS_iRace,weak_sorted_init,weak_sorted_init,variant_ablation,,input/google_hashcode/b_read_on.txt,google_hashcode,45,irace_final,720.000000,600.000000,120.000000,5822900,5822900,10000000,41.771000,0.000000,600.331451,output/weak_sorted_init/ILS_iRace/weak_sorted_init/seed_045/input/google_hashcode/b_read_on.txt,,,9ea0e7a5f98a8ece5c8f0f2ac53db4f323a53fed,true,3.11.2,Linux-6.1.0-49-cloud-amd64-x86_64-with-glibc2.36,
ok,ILS_iRace,weak_sorted_init,weak_sorted_init,variant_ablation,,input/google_hashcode/b_read_on.txt,google_hashcode,56,irace_final,720.000000,600.000000,120.000000,5822900,5822900,10000000,41.771000,0.000000,600.406384,output/weak_sorted_init/ILS_iRace/weak_sorted_init/seed_056/input/google_hashcode/b_read_on.txt,,,9ea0e7a5f98a8ece5c8f0f2ac53db4f323a53fed,true,3.11.2,Linux-6.1.0-49-cloud-amd64-x86_64-with-glibc2.36,
ok,ILS_iRace,weak_sorted_init,weak_sorted_init,variant_ablation,,input/google_hashcode/b_read_on.txt,google_hashcode,67,irace_final,720.000000,600.000000,120.000000,5822900,5822900,10000000,41.771000,0.000000,600.350045,output/weak_sorted_init/ILS_iRace/weak_sorted_init/seed_067/input/google_hashcode/b_read_on.txt,,,9ea0e7a5f98a8ece5c8f0f2ac53db4f323a53fed,true,3.11.2,Linux-6.1.0-49-cloud-amd64-x86_64-with-glibc2.36,
ok,ILS_iRace,weak_sorted_init,weak_sorted_init,variant_ablation,,input/google_hashcode/b_read_on.txt,google_hashcode,78,irace_final,720.000000,600.000000,120.000000,5822900,5822900,10000000,41.771000,0.000000,600.377426,output/weak_sorted_init/ILS_iRace/weak_sorted_init/seed_078/input/google_hashcode/b_read_on.txt,,,9ea0e7a5f98a8ece5c8f0f2ac53db4f323a53fed,true,3.11.2,Linux-6.1.0-49-cloud-amd64-x86_64-with-glibc2.36,
ok,ILS_iRace,weak_sorted_init,weak_sorted_init,variant_ablation,,input/google_hashcode/b_read_on.txt,google_hashcode,89,irace_final,720.000000,600.000000,120.000000,5822900,5822900,10000000,41.771000,0.000000,600.410212,output/weak_sorted_init/ILS_iRace/weak_sorted_init/seed_089/input/google_hashcode/b_read_on.txt,,,9ea0e7a5f98a8ece5c8f0f2ac53db4f323a53fed,true,3.11.2,Linux-6.1.0-49-cloud-amd64-x86_64-with-glibc2.36,
ok,ILS_iRace,weak_sorted_init,weak_sorted_init,variant_ablation,,input/google_hashcode/b_read_on.txt,google_hashcode,100,irace_final,720.000000,600.000000,120.000000,5822900,5822900,10000000,41.771000,0.000000,600.402880,output/weak_sorted_init/ILS_iRace/weak_sorted_init/seed_100/input/google_hashcode/b_read_on.txt,,,9ea0e7a5f98a8ece5c8f0f2ac53db4f323a53fed,true,3.11.2,Linux-6.1.0-49-cloud-amd64-x86_64-with-glibc2.36,
ok,ILS_iRace,weak_sorted_init,weak_sorted_init,variant_ablation,,input/google_hashcode/c_incunabula.txt,google_hashcode,1,irace_final,720.000000,600.000000,120.000000,5467966,5690468,23372244,75.652881,4.069191,600.842831,output/weak_sorted_init/ILS_iRace/weak_sorted_init/seed_001/input/google_hashcode/c_incunabula.txt,,,9ea0e7a5f98a8ece5c8f0f2ac53db4f323a53fed,true,3.11.2,Linux-6.1.0-49-cloud-amd64-x86_64-with-glibc2.36,
ok,ILS_iRace,weak_sorted_init,weak_sorted_init,variant_ablation,,input/google_hashcode/c_incunabula.txt,google_hashcode,12,irace_final,720.000000,600.000000,120.000000,5467966,5690429,23372244,75.653048,4.068478,600.815120,output/weak_sorted_init/ILS_iRace/weak_sorted_init/seed_012/input/google_hashcode/c_incunabula.txt,,,9ea0e7a5f98a8ece5c8f0f2ac53db4f323a53fed,true,3.11.2,Linux-6.1.0-49-cloud-amd64-x86_64-with-glibc2.36,
ok,ILS_iRace,weak_sorted_init,weak_sorted_init,variant_ablation,,input/google_hashcode/c_incunabula.txt,google_hashcode,23,irace_final,720.000000,600.000000,120.000000,5467966,5690468,23372244,75.652881,4.069191,600.913986,output/weak_sorted_init/ILS_iRace/weak_sorted_init/seed_023/input/google_hashcode/c_incunabula.txt,,,9ea0e7a5f98a8ece5c8f0f2ac53db4f323a53fed,true,3.11.2,Linux-6.1.0-49-cloud-amd64-x86_64-with-glibc2.36,
ok,ILS_iRace,weak_sorted_init,weak_sorted_init,variant_ablation,,input/google_hashcode/c_incunabula.txt,google_hashcode,34,irace_final,720.000000,600.000000,120.000000,5467966,5690468,23372244,75.652881,4.069191,600.879796,output/weak_sorted_init/ILS_iRace/weak_sorted_init/seed_034/input/google_hashcode/c_incunabula.txt,,,9ea0e7a5f98a8ece5c8f0f2ac53db4f323a53fed,true,3.11.2,Linux-6.1.0-49-cloud-amd64-x86_64-with-glibc2.36,
ok,ILS_iRace,weak_sorted_init,weak_sorted_init,variant_ablation,,input/google_hashcode/c_incunabula.txt,google_hashcode,45,irace_final,720.000000,600.000000,120.000000,5467966,5690419,23372244,75.653091,4.068295,600.893739,output/weak_sorted_init/ILS_iRace/weak_sorted_init/seed_045/input/google_hashcode/c_incunabula.txt,,,9ea0e7a5f98a8ece5c8f0f2ac53db4f323a53fed,true,3.11.2,Linux-6.1.0-49-cloud-amd64-x86_64-with-glibc2.36,
ok,ILS_iRace,weak_sorted_init,weak_sorted_init,variant_ablation,,input/google_hashcode/c_incunabula.txt,google_hashcode,56,irace_final,720.000000,600.000000,120.000000,5467966,5690403,23372244,75.653159,4.068003,600.830873,output/weak_sorted_init/ILS_iRace/weak_sorted_init/seed_056/input/google_hashcode/c_incunabula.txt,,,9ea0e7a5f98a8ece5c8f0f2ac53db4f323a53fed,true,3.11.2,Linux-6.1.0-49-cloud-amd64-x86_64-with-glibc2.36,
ok,ILS_iRace,weak_sorted_init,weak_sorted_init,variant_ablation,,input/google_hashcode/c_incunabula.txt,google_hashcode,67,irace_final,720.000000,600.000000,120.000000,5467966,5690468,23372244,75.652881,4.069191,600.923034,output/weak_sorted_init/ILS_iRace/weak_sorted_init/seed_067/input/google_hashcode/c_incunabula.txt,,,9ea0e7a5f98a8ece5c8f0f2ac53db4f323a53fed,true,3.11.2,Linux-6.1.0-49-cloud-amd64-x86_64-with-glibc2.36,
ok,ILS_iRace,weak_sorted_init,weak_sorted_init,variant_ablation,,input/google_hashcode/c_incunabula.txt,google_hashcode,78,irace_final,720.000000,600.000000,120.000000,5467966,5690468,23372244,75.652881,4.069191,601.025261,output/weak_sorted_init/ILS_iRace/weak_sorted_init/seed_078/input/google_hashcode/c_incunabula.txt,,,9ea0e7a5f98a8ece5c8f0f2ac53db4f323a53fed,true,3.11.2,Linux-6.1.0-49-cloud-amd64-x86_64-with-glibc2.36,
ok,ILS_iRace,weak_sorted_init,weak_sorted_init,variant_ablation,,input/google_hashcode/c_incunabula.txt,google_hashcode,89,irace_final,720.000000,600.000000,120.000000,5467966,5690429,23372244,75.653048,4.068478,600.824947,output/weak_sorted_init/ILS_iRace/weak_sorted_init/seed_089/input/google_hashcode/c_incunabula.txt,,,9ea0e7a5f98a8ece5c8f0f2ac53db4f323a53fed,true,3.11.2,Linux-6.1.0-49-cloud-amd64-x86_64-with-glibc2.36,
ok,ILS_iRace,weak_sorted_init,weak_sorted_init,variant_ablation,,input/google_hashcode/c_incunabula.txt,google_hashcode,100,irace_final,720.000000,600.000000,120.000000,5467966,5690419,23372244,75.653091,4.068295,600.963568,output/weak_sorted_init/ILS_iRace/weak_sorted_init/seed_100/input/google_hashcode/c_incunabula.txt,,,9ea0e7a5f98a8ece5c8f0f2ac53db4f323a53fed,true,3.11.2,Linux-6.1.0-49-cloud-amd64-x86_64-with-glibc2.36,
ok,ILS_iRace,weak_sorted_init,weak_sorted_init,variant_ablation,,input/google_hashcode/d_tough_choices.txt,google_hashcode,1,irace_final,720.000000,600.000000,120.000000,4815395,5094180,5109000,0.290076,5.789452,601.802688,output/weak_sorted_init/ILS_iRace/weak_sorted_init/seed_001/input/google_hashcode/d_tough_choices.txt,,,9ea0e7a5f98a8ece5c8f0f2ac53db4f323a53fed,true,3.11.2,Linux-6.1.0-49-cloud-amd64-x86_64-with-glibc2.36,
ok,ILS_iRace,weak_sorted_init,weak_sorted_init,variant_ablation,,input/google_hashcode/d_tough_choices.txt,google_hashcode,12,irace_final,720.000000,600.000000,120.000000,4815395,5093270,5109000,0.307888,5.770555,604.448633,output/weak_sorted_init/ILS_iRace/weak_sorted_init/seed_012/input/google_hashcode/d_tough_choices.txt,,,9ea0e7a5f98a8ece5c8f0f2ac53db4f323a53fed,true,3.11.2,Linux-6.1.0-49-cloud-amd64-x86_64-with-glibc2.36,
ok,ILS_iRace,weak_sorted_init,weak_sorted_init,variant_ablation,,input/google_hashcode/d_tough_choices.txt,google_hashcode,23,irace_final,720.000000,600.000000,120.000000,4815395,5094050,5109000,0.292621,5.786753,601.754024,output/weak_sorted_init/ILS_iRace/weak_sorted_init/seed_023/input/google_hashcode/d_tough_choices.txt,,,9ea0e7a5f98a8ece5c8f0f2ac53db4f323a53fed,true,3.11.2,Linux-6.1.0-49-cloud-amd64-x86_64-with-glibc2.36,
ok,ILS_iRace,weak_sorted_init,weak_sorted_init,variant_ablation,,input/google_hashcode/d_tough_choices.txt,google_hashcode,34,irace_final,720.000000,600.000000,120.000000,4815395,5092945,5109000,0.314249,5.763805,601.767204,output/weak_sorted_init/ILS_iRace/weak_sorted_init/seed_034/input/google_hashcode/d_tough_choices.txt,,,9ea0e7a5f98a8ece5c8f0f2ac53db4f323a53fed,true,3.11.2,Linux-6.1.0-49-cloud-amd64-x86_64-with-glibc2.36,
ok,ILS_iRace,weak_sorted_init,weak_sorted_init,variant_ablation,,input/google_hashcode/d_tough_choices.txt,google_hashcode,45,irace_final,720.000000,600.000000,120.000000,4815395,5092815,5109000,0.316794,5.761106,604.833679,output/weak_sorted_init/ILS_iRace/weak_sorted_init/seed_045/input/google_hashcode/d_tough_choices.txt,,,9ea0e7a5f98a8ece5c8f0f2ac53db4f323a53fed,true,3.11.2,Linux-6.1.0-49-cloud-amd64-x86_64-with-glibc2.36,
ok,ILS_iRace,weak_sorted_init,weak_sorted_init,variant_ablation,,input/google_hashcode/d_tough_choices.txt,google_hashcode,56,irace_final,720.000000,600.000000,120.000000,4815395,5092945,5109000,0.314249,5.763805,602.371084,output/weak_sorted_init/ILS_iRace/weak_sorted_init/seed_056/input/google_hashcode/d_tough_choices.txt,,,9ea0e7a5f98a8ece5c8f0f2ac53db4f323a53fed,true,3.11.2,Linux-6.1.0-49-cloud-amd64-x86_64-with-glibc2.36,
ok,ILS_iRace,weak_sorted_init,weak_sorted_init,variant_ablation,,input/google_hashcode/d_tough_choices.txt,google_hashcode,78,irace_final,720.000000,600.000000,120.000000,4815395,5092425,5109000,0.324427,5.753007,601.580019,output/weak_sorted_init/ILS_iRace/weak_sorted_init/seed_078/input/google_hashcode/d_tough_choices.txt,,,9ea0e7a5f98a8ece5c8f0f2ac53db4f323a53fed,true,3.11.2,Linux-6.1.0-49-cloud-amd64-x86_64-with-glibc2.36,
ok,ILS_iRace,weak_sorted_init,weak_sorted_init,variant_ablation,,input/google_hashcode/d_tough_choices.txt,google_hashcode,67,irace_final,720.000000,600.000000,120.000000,4815395,5093985,5109000,0.293893,5.785403,602.018477,output/weak_sorted_init/ILS_iRace/weak_sorted_init/seed_067/input/google_hashcode/d_tough_choices.txt,,,9ea0e7a5f98a8ece5c8f0f2ac53db4f323a53fed,true,3.11.2,Linux-6.1.0-49-cloud-amd64-x86_64-with-glibc2.36,
ok,ILS_iRace,weak_sorted_init,weak_sorted_init,variant_ablation,,input/google_hashcode/d_tough_choices.txt,google_hashcode,89,irace_final,720.000000,600.000000,120.000000,4815395,5094115,5109000,0.291349,5.788103,603.066903,output/weak_sorted_init/ILS_iRace/weak_sorted_init/seed_089/input/google_hashcode/d_tough_choices.txt,,,9ea0e7a5f98a8ece5c8f0f2ac53db4f323a53fed,true,3.11.2,Linux-6.1.0-49-cloud-amd64-x86_64-with-glibc2.36,
ok,ILS_iRace,weak_sorted_init,weak_sorted_init,variant_ablation,,input/google_hashcode/d_tough_choices.txt,google_hashcode,100,irace_final,720.000000,600.000000,120.000000,4815395,5093010,5109000,0.312977,5.765155,603.574928,output/weak_sorted_init/ILS_iRace/weak_sorted_init/seed_100/input/google_hashcode/d_tough_choices.txt,,,9ea0e7a5f98a8ece5c8f0f2ac53db4f323a53fed,true,3.11.2,Linux-6.1.0-49-cloud-amd64-x86_64-with-glibc2.36,
ok,ILS_iRace,weak_sorted_init,weak_sorted_init,variant_ablation,,input/google_hashcode/e_so_many_books.txt,google_hashcode,1,irace_final,720.000000,600.000000,120.000000,4840778,5239899,12457261,57.936990,8.244976,601.531178,output/weak_sorted_init/ILS_iRace/weak_sorted_init/seed_001/input/google_hashcode/e_so_many_books.txt,,,9ea0e7a5f98a8ece5c8f0f2ac53db4f323a53fed,true,3.11.2,Linux-6.1.0-49-cloud-amd64-x86_64-with-glibc2.36,
ok,ILS_iRace,weak_sorted_init,weak_sorted_init,variant_ablation,,input/google_hashcode/e_so_many_books.txt,google_hashcode,12,irace_final,720.000000,600.000000,120.000000,4840778,5239997,12457261,57.936203,8.247001,601.512069,output/weak_sorted_init/ILS_iRace/weak_sorted_init/seed_012/input/google_hashcode/e_so_many_books.txt,,,9ea0e7a5f98a8ece5c8f0f2ac53db4f323a53fed,true,3.11.2,Linux-6.1.0-49-cloud-amd64-x86_64-with-glibc2.36,
ok,ILS_iRace,weak_sorted_init,weak_sorted_init,variant_ablation,,input/google_hashcode/e_so_many_books.txt,google_hashcode,23,irace_final,720.000000,600.000000,120.000000,4840778,5240032,12457261,57.935922,8.247724,601.605369,output/weak_sorted_init/ILS_iRace/weak_sorted_init/seed_023/input/google_hashcode/e_so_many_books.txt,,,9ea0e7a5f98a8ece5c8f0f2ac53db4f323a53fed,true,3.11.2,Linux-6.1.0-49-cloud-amd64-x86_64-with-glibc2.36,
ok,ILS_iRace,weak_sorted_init,weak_sorted_init,variant_ablation,,input/google_hashcode/e_so_many_books.txt,google_hashcode,34,irace_final,720.000000,600.000000,120.000000,4840778,5239942,12457261,57.936644,8.245865,601.541267,output/weak_sorted_init/ILS_iRace/weak_sorted_init/seed_034/input/google_hashcode/e_so_many_books.txt,,,9ea0e7a5f98a8ece5c8f0f2ac53db4f323a53fed,true,3.11.2,Linux-6.1.0-49-cloud-amd64-x86_64-with-glibc2.36,
ok,ILS_iRace,weak_sorted_init,weak_sorted_init,variant_ablation,,input/google_hashcode/e_so_many_books.txt,google_hashcode,45,irace_final,720.000000,600.000000,120.000000,4840778,5239966,12457261,57.936452,8.246360,601.605001,output/weak_sorted_init/ILS_iRace/weak_sorted_init/seed_045/input/google_hashcode/e_so_many_books.txt,,,9ea0e7a5f98a8ece5c8f0f2ac53db4f323a53fed,true,3.11.2,Linux-6.1.0-49-cloud-amd64-x86_64-with-glibc2.36,
ok,ILS_iRace,weak_sorted_init,weak_sorted_init,variant_ablation,,input/google_hashcode/e_so_many_books.txt,google_hashcode,56,irace_final,720.000000,600.000000,120.000000,4840778,5240032,12457261,57.935922,8.247724,601.638814,output/weak_sorted_init/ILS_iRace/weak_sorted_init/seed_056/input/google_hashcode/e_so_many_books.txt,,,9ea0e7a5f98a8ece5c8f0f2ac53db4f323a53fed,true,3.11.2,Linux-6.1.0-49-cloud-amd64-x86_64-with-glibc2.36,
ok,ILS_iRace,weak_sorted_init,weak_sorted_init,variant_ablation,,input/google_hashcode/e_so_many_books.txt,google_hashcode,67,irace_final,720.000000,600.000000,120.000000,4840778,5239985,12457261,57.936299,8.246753,601.592991,output/weak_sorted_init/ILS_iRace/weak_sorted_init/seed_067/input/google_hashcode/e_so_many_books.txt,,,9ea0e7a5f98a8ece5c8f0f2ac53db4f323a53fed,true,3.11.2,Linux-6.1.0-49-cloud-amd64-x86_64-with-glibc2.36,
ok,ILS_iRace,weak_sorted_init,weak_sorted_init,variant_ablation,,input/google_hashcode/e_so_many_books.txt,google_hashcode,78,irace_final,720.000000,600.000000,120.000000,4840778,5239558,12457261,57.939727,8.237932,601.705351,output/weak_sorted_init/ILS_iRace/weak_sorted_init/seed_078/input/google_hashcode/e_so_many_books.txt,,,9ea0e7a5f98a8ece5c8f0f2ac53db4f323a53fed,true,3.11.2,Linux-6.1.0-49-cloud-amd64-x86_64-with-glibc2.36,
ok,ILS_iRace,weak_sorted_init,weak_sorted_init,variant_ablation,,input/google_hashcode/e_so_many_books.txt,google_hashcode,89,irace_final,720.000000,600.000000,120.000000,4840778,5239991,12457261,57.936251,8.246877,601.549746,output/weak_sorted_init/ILS_iRace/weak_sorted_init/seed_089/input/google_hashcode/e_so_many_books.txt,,,9ea0e7a5f98a8ece5c8f0f2ac53db4f323a53fed,true,3.11.2,Linux-6.1.0-49-cloud-amd64-x86_64-with-glibc2.36,
ok,ILS_iRace,weak_sorted_init,weak_sorted_init,variant_ablation,,input/google_hashcode/e_so_many_books.txt,google_hashcode,100,irace_final,720.000000,600.000000,120.000000,4840778,5240012,12457261,57.936082,8.247311,601.571915,output/weak_sorted_init/ILS_iRace/weak_sorted_init/seed_100/input/google_hashcode/e_so_many_books.txt,,,9ea0e7a5f98a8ece5c8f0f2ac53db4f323a53fed,true,3.11.2,Linux-6.1.0-49-cloud-amd64-x86_64-with-glibc2.36,
ok,ILS_iRace,weak_sorted_init,weak_sorted_init,variant_ablation,,input/google_hashcode/f_libraries_of_the_world.txt,google_hashcode,1,irace_final,720.000000,600.000000,120.000000,2703359,5348248,39885586,86.591026,97.837135,601.802147,output/weak_sorted_init/ILS_iRace/weak_sorted_init/seed_001/input/google_hashcode/f_libraries_of_the_world.txt,,,9ea0e7a5f98a8ece5c8f0f2ac53db4f323a53fed,true,3.11.2,Linux-6.1.0-49-cloud-amd64-x86_64-with-glibc2.36,
ok,ILS_iRace,weak_sorted_init,weak_sorted_init,variant_ablation,,input/google_hashcode/f_libraries_of_the_world.txt,google_hashcode,12,irace_final,720.000000,600.000000,120.000000,2703359,5348248,39885586,86.591026,97.837135,601.956426,output/weak_sorted_init/ILS_iRace/weak_sorted_init/seed_012/input/google_hashcode/f_libraries_of_the_world.txt,,,9ea0e7a5f98a8ece5c8f0f2ac53db4f323a53fed,true,3.11.2,Linux-6.1.0-49-cloud-amd64-x86_64-with-glibc2.36,
ok,ILS_iRace,weak_sorted_init,weak_sorted_init,variant_ablation,,input/google_hashcode/f_libraries_of_the_world.txt,google_hashcode,23,irace_final,720.000000,600.000000,120.000000,2703359,5348248,39885586,86.591026,97.837135,601.868801,output/weak_sorted_init/ILS_iRace/weak_sorted_init/seed_023/input/google_hashcode/f_libraries_of_the_world.txt,,,9ea0e7a5f98a8ece5c8f0f2ac53db4f323a53fed,true,3.11.2,Linux-6.1.0-49-cloud-amd64-x86_64-with-glibc2.36,
ok,ILS_iRace,weak_sorted_init,weak_sorted_init,variant_ablation,,input/google_hashcode/f_libraries_of_the_world.txt,google_hashcode,34,irace_final,720.000000,600.000000,120.000000,2703359,5348248,39885586,86.591026,97.837135,601.932864,output/weak_sorted_init/ILS_iRace/weak_sorted_init/seed_034/input/google_hashcode/f_libraries_of_the_world.txt,,,9ea0e7a5f98a8ece5c8f0f2ac53db4f323a53fed,true,3.11.2,Linux-6.1.0-49-cloud-amd64-x86_64-with-glibc2.36,
ok,ILS_iRace,weak_sorted_init,weak_sorted_init,variant_ablation,,input/google_hashcode/f_libraries_of_the_world.txt,google_hashcode,45,irace_final,720.000000,600.000000,120.000000,2703359,5348248,39885586,86.591026,97.837135,601.897011,output/weak_sorted_init/ILS_iRace/weak_sorted_init/seed_045/input/google_hashcode/f_libraries_of_the_world.txt,,,9ea0e7a5f98a8ece5c8f0f2ac53db4f323a53fed,true,3.11.2,Linux-6.1.0-49-cloud-amd64-x86_64-with-glibc2.36,
ok,ILS_iRace,weak_sorted_init,weak_sorted_init,variant_ablation,,input/google_hashcode/f_libraries_of_the_world.txt,google_hashcode,56,irace_final,720.000000,600.000000,120.000000,2703359,5348248,39885586,86.591026,97.837135,601.891127,output/weak_sorted_init/ILS_iRace/weak_sorted_init/seed_056/input/google_hashcode/f_libraries_of_the_world.txt,,,9ea0e7a5f98a8ece5c8f0f2ac53db4f323a53fed,true,3.11.2,Linux-6.1.0-49-cloud-amd64-x86_64-with-glibc2.36,
ok,ILS_iRace,weak_sorted_init,weak_sorted_init,variant_ablation,,input/google_hashcode/f_libraries_of_the_world.txt,google_hashcode,67,irace_final,720.000000,600.000000,120.000000,2703359,5348248,39885586,86.591026,97.837135,601.809836,output/weak_sorted_init/ILS_iRace/weak_sorted_init/seed_067/input/google_hashcode/f_libraries_of_the_world.txt,,,9ea0e7a5f98a8ece5c8f0f2ac53db4f323a53fed,true,3.11.2,Linux-6.1.0-49-cloud-amd64-x86_64-with-glibc2.36,
ok,ILS_iRace,weak_sorted_init,weak_sorted_init,variant_ablation,,input/google_hashcode/f_libraries_of_the_world.txt,google_hashcode,78,irace_final,720.000000,600.000000,120.000000,2703359,5348248,39885586,86.591026,97.837135,601.731534,output/weak_sorted_init/ILS_iRace/weak_sorted_init/seed_078/input/google_hashcode/f_libraries_of_the_world.txt,,,9ea0e7a5f98a8ece5c8f0f2ac53db4f323a53fed,true,3.11.2,Linux-6.1.0-49-cloud-amd64-x86_64-with-glibc2.36,
ok,ILS_iRace,weak_sorted_init,weak_sorted_init,variant_ablation,,input/google_hashcode/f_libraries_of_the_world.txt,google_hashcode,89,irace_final,720.000000,600.000000,120.000000,2703359,5348248,39885586,86.591026,97.837135,601.807652,output/weak_sorted_init/ILS_iRace/weak_sorted_init/seed_089/input/google_hashcode/f_libraries_of_the_world.txt,,,9ea0e7a5f98a8ece5c8f0f2ac53db4f323a53fed,true,3.11.2,Linux-6.1.0-49-cloud-amd64-x86_64-with-glibc2.36,
ok,ILS_iRace,weak_sorted_init,weak_sorted_init,variant_ablation,,input/google_hashcode/f_libraries_of_the_world.txt,google_hashcode,100,irace_final,720.000000,600.000000,120.000000,2703359,5348248,39885586,86.591026,97.837135,601.836435,output/weak_sorted_init/ILS_iRace/weak_sorted_init/seed_100/input/google_hashcode/f_libraries_of_the_world.txt,,,9ea0e7a5f98a8ece5c8f0f2ac53db4f323a53fed,true,3.11.2,Linux-6.1.0-49-cloud-amd64-x86_64-with-glibc2.36,
