status,algorithm,run_label,variant,component,omitted_operator,instance,dataset,seed,param_set,total_budget_s,time_limit_s,init_max_time_s,initial_score,final_score,upper_bound,gap_to_bound_pct,improvement_pct,elapsed_s,output_path,log_csv,operator_stats_csv,git_commit,git_dirty,python_version,platform,error
ok,ILS_iRace,drop_order_operators,full,operator_group_ablation,group:order,input/synthetic/synthetic_5.txt,synthetic,1,irace_final,720.000000,600.000000,120.000000,28639,28639,28639,0.000000,0.000000,609.298139,output/operator_group_ablation/ILS_iRace/drop_order_operators/seed_001/input/synthetic/synthetic_5.txt,,,da27c8e3402deb8a0832aaa211b98a39d670003f,true,3.11.2,Linux-6.1.0-44-cloud-amd64-x86_64-with-glibc2.36,
ok,ILS_iRace,drop_insert_operators,full,operator_group_ablation,group:insert,input/synthetic/synthetic_5.txt,synthetic,1,irace_final,720.000000,600.000000,120.000000,28639,28639,28639,0.000000,0.000000,609.302397,output/operator_group_ablation/ILS_iRace/drop_insert_operators/seed_001/input/synthetic/synthetic_5.txt,,,da27c8e3402deb8a0832aaa211b98a39d670003f,true,3.11.2,Linux-6.1.0-44-cloud-amd64-x86_64-with-glibc2.36,
ok,ILS_iRace,drop_strategic_operators,full,operator_group_ablation,group:strategic,input/synthetic/synthetic_5.txt,synthetic,12,irace_final,720.000000,600.000000,120.000000,28639,28639,28639,0.000000,0.000000,611.901780,output/operator_group_ablation/ILS_iRace/drop_strategic_operators/seed_012/input/synthetic/synthetic_5.txt,,,da27c8e3402deb8a0832aaa211b98a39d670003f,true,3.11.2,Linux-6.1.0-44-cloud-amd64-x86_64-with-glibc2.36,
ok,ILS_iRace,drop_strategic_operators,full,operator_group_ablation,group:strategic,input/synthetic/synthetic_5.txt,synthetic,1,irace_final,720.000000,600.000000,120.000000,28639,28639,28639,0.000000,0.000000,611.907807,output/operator_group_ablation/ILS_iRace/drop_strategic_operators/seed_001/input/synthetic/synthetic_5.txt,,,da27c8e3402deb8a0832aaa211b98a39d670003f,true,3.11.2,Linux-6.1.0-44-cloud-amd64-x86_64-with-glibc2.36,
ok,ILS_iRace,drop_insert_operators,full,operator_group_ablation,group:insert,input/synthetic/synthetic_5.txt,synthetic,12,irace_final,720.000000,600.000000,120.000000,28639,28639,28639,0.000000,0.000000,611.942519,output/operator_group_ablation/ILS_iRace/drop_insert_operators/seed_012/input/synthetic/synthetic_5.txt,,,da27c8e3402deb8a0832aaa211b98a39d670003f,true,3.11.2,Linux-6.1.0-44-cloud-amd64-x86_64-with-glibc2.36,
ok,ILS_iRace,drop_order_operators,full,operator_group_ablation,group:order,input/synthetic/synthetic_5.txt,synthetic,12,irace_final,720.000000,600.000000,120.000000,28639,28639,28639,0.000000,0.000000,611.964068,output/operator_group_ablation/ILS_iRace/drop_order_operators/seed_012/input/synthetic/synthetic_5.txt,,,da27c8e3402deb8a0832aaa211b98a39d670003f,true,3.11.2,Linux-6.1.0-44-cloud-amd64-x86_64-with-glibc2.36,
ok,ILS_iRace,drop_insert_operators,full,operator_group_ablation,group:insert,input/synthetic/synthetic_5.txt,synthetic,23,irace_final,720.000000,600.000000,120.000000,28639,28639,28639,0.000000,0.000000,609.207839,output/operator_group_ablation/ILS_iRace/drop_insert_operators/seed_023/input/synthetic/synthetic_5.txt,,,da27c8e3402deb8a0832aaa211b98a39d670003f,true,3.11.2,Linux-6.1.0-44-cloud-amd64-x86_64-with-glibc2.36,
ok,ILS_iRace,drop_order_operators,full,operator_group_ablation,group:order,input/synthetic/synthetic_5.txt,synthetic,23,irace_final,720.000000,600.000000,120.000000,28639,28639,28639,0.000000,0.000000,609.402252,output/operator_group_ablation/ILS_iRace/drop_order_operators/seed_023/input/synthetic/synthetic_5.txt,,,da27c8e3402deb8a0832aaa211b98a39d670003f,true,3.11.2,Linux-6.1.0-44-cloud-amd64-x86_64-with-glibc2.36,
ok,ILS_iRace,drop_insert_operators,full,operator_group_ablation,group:insert,input/synthetic/synthetic_5.txt,synthetic,34,irace_final,720.000000,600.000000,120.000000,28639,28639,28639,0.000000,0.000000,611.495713,output/operator_group_ablation/ILS_iRace/drop_insert_operators/seed_034/input/synthetic/synthetic_5.txt,,,da27c8e3402deb8a0832aaa211b98a39d670003f,true,3.11.2,Linux-6.1.0-44-cloud-amd64-x86_64-with-glibc2.36,
ok,ILS_iRace,drop_strategic_operators,full,operator_group_ablation,group:strategic,input/synthetic/synthetic_5.txt,synthetic,23,irace_final,720.000000,600.000000,120.000000,28639,28639,28639,0.000000,0.000000,611.684206,output/operator_group_ablation/ILS_iRace/drop_strategic_operators/seed_023/input/synthetic/synthetic_5.txt,,,da27c8e3402deb8a0832aaa211b98a39d670003f,true,3.11.2,Linux-6.1.0-44-cloud-amd64-x86_64-with-glibc2.36,
ok,ILS_iRace,drop_order_operators,full,operator_group_ablation,group:order,input/synthetic/synthetic_5.txt,synthetic,34,irace_final,720.000000,600.000000,120.000000,28639,28639,28639,0.000000,0.000000,612.144092,output/operator_group_ablation/ILS_iRace/drop_order_operators/seed_034/input/synthetic/synthetic_5.txt,,,da27c8e3402deb8a0832aaa211b98a39d670003f,true,3.11.2,Linux-6.1.0-44-cloud-amd64-x86_64-with-glibc2.36,
ok,ILS_iRace,drop_strategic_operators,full,operator_group_ablation,group:strategic,input/synthetic/synthetic_5.txt,synthetic,34,irace_final,720.000000,600.000000,120.000000,28639,28639,28639,0.000000,0.000000,612.125831,output/operator_group_ablation/ILS_iRace/drop_strategic_operators/seed_034/input/synthetic/synthetic_5.txt,,,da27c8e3402deb8a0832aaa211b98a39d670003f,true,3.11.2,Linux-6.1.0-44-cloud-amd64-x86_64-with-glibc2.36,
ok,ILS_iRace,drop_insert_operators,full,operator_group_ablation,group:insert,input/synthetic/synthetic_5.txt,synthetic,45,irace_final,720.000000,600.000000,120.000000,28639,28639,28639,0.000000,0.000000,609.488991,output/operator_group_ablation/ILS_iRace/drop_insert_operators/seed_045/input/synthetic/synthetic_5.txt,,,da27c8e3402deb8a0832aaa211b98a39d670003f,true,3.11.2,Linux-6.1.0-44-cloud-amd64-x86_64-with-glibc2.36,
ok,ILS_iRace,drop_order_operators,full,operator_group_ablation,group:order,input/synthetic/synthetic_5.txt,synthetic,45,irace_final,720.000000,600.000000,120.000000,28639,28639,28639,0.000000,0.000000,609.403784,output/operator_group_ablation/ILS_iRace/drop_order_operators/seed_045/input/synthetic/synthetic_5.txt,,,da27c8e3402deb8a0832aaa211b98a39d670003f,true,3.11.2,Linux-6.1.0-44-cloud-amd64-x86_64-with-glibc2.36,
ok,ILS_iRace,drop_insert_operators,full,operator_group_ablation,group:insert,input/synthetic/synthetic_5.txt,synthetic,56,irace_final,720.000000,600.000000,120.000000,28639,28639,28639,0.000000,0.000000,611.859489,output/operator_group_ablation/ILS_iRace/drop_insert_operators/seed_056/input/synthetic/synthetic_5.txt,,,da27c8e3402deb8a0832aaa211b98a39d670003f,true,3.11.2,Linux-6.1.0-44-cloud-amd64-x86_64-with-glibc2.36,
ok,ILS_iRace,drop_strategic_operators,full,operator_group_ablation,group:strategic,input/synthetic/synthetic_5.txt,synthetic,45,irace_final,720.000000,600.000000,120.000000,28639,28639,28639,0.000000,0.000000,612.164578,output/operator_group_ablation/ILS_iRace/drop_strategic_operators/seed_045/input/synthetic/synthetic_5.txt,,,da27c8e3402deb8a0832aaa211b98a39d670003f,true,3.11.2,Linux-6.1.0-44-cloud-amd64-x86_64-with-glibc2.36,
ok,ILS_iRace,drop_strategic_operators,full,operator_group_ablation,group:strategic,input/synthetic/synthetic_5.txt,synthetic,56,irace_final,720.000000,600.000000,120.000000,28639,28639,28639,0.000000,0.000000,611.476268,output/operator_group_ablation/ILS_iRace/drop_strategic_operators/seed_056/input/synthetic/synthetic_5.txt,,,da27c8e3402deb8a0832aaa211b98a39d670003f,true,3.11.2,Linux-6.1.0-44-cloud-amd64-x86_64-with-glibc2.36,
ok,ILS_iRace,drop_order_operators,full,operator_group_ablation,group:order,input/synthetic/synthetic_5.txt,synthetic,56,irace_final,720.000000,600.000000,120.000000,28639,28639,28639,0.000000,0.000000,611.833610,output/operator_group_ablation/ILS_iRace/drop_order_operators/seed_056/input/synthetic/synthetic_5.txt,,,da27c8e3402deb8a0832aaa211b98a39d670003f,true,3.11.2,Linux-6.1.0-44-cloud-amd64-x86_64-with-glibc2.36,
ok,ILS_iRace,drop_order_operators,full,operator_group_ablation,group:order,input/synthetic/synthetic_5.txt,synthetic,67,irace_final,720.000000,600.000000,120.000000,28639,28639,28639,0.000000,0.000000,611.908974,output/operator_group_ablation/ILS_iRace/drop_order_operators/seed_067/input/synthetic/synthetic_5.txt,,,da27c8e3402deb8a0832aaa211b98a39d670003f,true,3.11.2,Linux-6.1.0-44-cloud-amd64-x86_64-with-glibc2.36,
ok,ILS_iRace,drop_insert_operators,full,operator_group_ablation,group:insert,input/synthetic/synthetic_5.txt,synthetic,67,irace_final,720.000000,600.000000,120.000000,28639,28639,28639,0.000000,0.000000,612.213354,output/operator_group_ablation/ILS_iRace/drop_insert_operators/seed_067/input/synthetic/synthetic_5.txt,,,da27c8e3402deb8a0832aaa211b98a39d670003f,true,3.11.2,Linux-6.1.0-44-cloud-amd64-x86_64-with-glibc2.36,
ok,ILS_iRace,drop_strategic_operators,full,operator_group_ablation,group:strategic,input/synthetic/synthetic_5.txt,synthetic,67,irace_final,720.000000,600.000000,120.000000,28639,28639,28639,0.000000,0.000000,609.471589,output/operator_group_ablation/ILS_iRace/drop_strategic_operators/seed_067/input/synthetic/synthetic_5.txt,,,da27c8e3402deb8a0832aaa211b98a39d670003f,true,3.11.2,Linux-6.1.0-44-cloud-amd64-x86_64-with-glibc2.36,
ok,ILS_iRace,drop_strategic_operators,full,operator_group_ablation,group:strategic,input/synthetic/synthetic_5.txt,synthetic,78,irace_final,720.000000,600.000000,120.000000,28639,28639,28639,0.000000,0.000000,609.190038,output/operator_group_ablation/ILS_iRace/drop_strategic_operators/seed_078/input/synthetic/synthetic_5.txt,,,da27c8e3402deb8a0832aaa211b98a39d670003f,true,3.11.2,Linux-6.1.0-44-cloud-amd64-x86_64-with-glibc2.36,
ok,ILS_iRace,drop_order_operators,full,operator_group_ablation,group:order,input/synthetic/synthetic_5.txt,synthetic,78,irace_final,720.000000,600.000000,120.000000,28639,28639,28639,0.000000,0.000000,611.465195,output/operator_group_ablation/ILS_iRace/drop_order_operators/seed_078/input/synthetic/synthetic_5.txt,,,da27c8e3402deb8a0832aaa211b98a39d670003f,true,3.11.2,Linux-6.1.0-44-cloud-amd64-x86_64-with-glibc2.36,
ok,ILS_iRace,drop_insert_operators,full,operator_group_ablation,group:insert,input/synthetic/synthetic_5.txt,synthetic,78,irace_final,720.000000,600.000000,120.000000,28639,28639,28639,0.000000,0.000000,612.203971,output/operator_group_ablation/ILS_iRace/drop_insert_operators/seed_078/input/synthetic/synthetic_5.txt,,,da27c8e3402deb8a0832aaa211b98a39d670003f,true,3.11.2,Linux-6.1.0-44-cloud-amd64-x86_64-with-glibc2.36,
ok,ILS_iRace,drop_insert_operators,full,operator_group_ablation,group:insert,input/synthetic/synthetic_5.txt,synthetic,89,irace_final,720.000000,600.000000,120.000000,28639,28639,28639,0.000000,0.000000,609.204403,output/operator_group_ablation/ILS_iRace/drop_insert_operators/seed_089/input/synthetic/synthetic_5.txt,,,da27c8e3402deb8a0832aaa211b98a39d670003f,true,3.11.2,Linux-6.1.0-44-cloud-amd64-x86_64-with-glibc2.36,
ok,ILS_iRace,drop_order_operators,full,operator_group_ablation,group:order,input/synthetic/synthetic_5.txt,synthetic,89,irace_final,720.000000,600.000000,120.000000,28639,28639,28639,0.000000,0.000000,611.876396,output/operator_group_ablation/ILS_iRace/drop_order_operators/seed_089/input/synthetic/synthetic_5.txt,,,da27c8e3402deb8a0832aaa211b98a39d670003f,true,3.11.2,Linux-6.1.0-44-cloud-amd64-x86_64-with-glibc2.36,
ok,ILS_iRace,drop_insert_operators,full,operator_group_ablation,group:insert,input/synthetic/synthetic_5.txt,synthetic,100,irace_final,720.000000,600.000000,120.000000,28639,28639,28639,0.000000,0.000000,609.133162,output/operator_group_ablation/ILS_iRace/drop_insert_operators/seed_100/input/synthetic/synthetic_5.txt,,,da27c8e3402deb8a0832aaa211b98a39d670003f,true,3.11.2,Linux-6.1.0-44-cloud-amd64-x86_64-with-glibc2.36,
ok,ILS_iRace,drop_strategic_operators,full,operator_group_ablation,group:strategic,input/synthetic/synthetic_5.txt,synthetic,89,irace_final,720.000000,600.000000,120.000000,28639,28639,28639,0.000000,0.000000,612.042905,output/operator_group_ablation/ILS_iRace/drop_strategic_operators/seed_089/input/synthetic/synthetic_5.txt,,,da27c8e3402deb8a0832aaa211b98a39d670003f,true,3.11.2,Linux-6.1.0-44-cloud-amd64-x86_64-with-glibc2.36,
ok,ILS_iRace,drop_order_operators,full,operator_group_ablation,group:order,input/synthetic/synthetic_5.txt,synthetic,100,irace_final,720.000000,600.000000,120.000000,28639,28639,28639,0.000000,0.000000,611.798512,output/operator_group_ablation/ILS_iRace/drop_order_operators/seed_100/input/synthetic/synthetic_5.txt,,,da27c8e3402deb8a0832aaa211b98a39d670003f,true,3.11.2,Linux-6.1.0-44-cloud-amd64-x86_64-with-glibc2.36,
ok,ILS_iRace,drop_strategic_operators,full,operator_group_ablation,group:strategic,input/synthetic/synthetic_5.txt,synthetic,100,irace_final,720.000000,600.000000,120.000000,28639,28639,28639,0.000000,0.000000,611.912875,output/operator_group_ablation/ILS_iRace/drop_strategic_operators/seed_100/input/synthetic/synthetic_5.txt,,,da27c8e3402deb8a0832aaa211b98a39d670003f,true,3.11.2,Linux-6.1.0-44-cloud-amd64-x86_64-with-glibc2.36,
ok,ILS_iRace,drop_insert_operators,full,operator_group_ablation,group:insert,input/synthetic/synthetic_10.txt,synthetic,1,irace_final,720.000000,600.000000,120.000000,17463,17463,51834,66.309758,0.000000,607.960270,output/operator_group_ablation/ILS_iRace/drop_insert_operators/seed_001/input/synthetic/synthetic_10.txt,,,da27c8e3402deb8a0832aaa211b98a39d670003f,true,3.11.2,Linux-6.1.0-44-cloud-amd64-x86_64-with-glibc2.36,
ok,ILS_iRace,drop_order_operators,full,operator_group_ablation,group:order,input/synthetic/synthetic_10.txt,synthetic,1,irace_final,720.000000,600.000000,120.000000,17463,17463,51834,66.309758,0.000000,610.054049,output/operator_group_ablation/ILS_iRace/drop_order_operators/seed_001/input/synthetic/synthetic_10.txt,,,da27c8e3402deb8a0832aaa211b98a39d670003f,true,3.11.2,Linux-6.1.0-44-cloud-amd64-x86_64-with-glibc2.36,
ok,ILS_iRace,drop_strategic_operators,full,operator_group_ablation,group:strategic,input/synthetic/synthetic_10.txt,synthetic,1,irace_final,720.000000,600.000000,120.000000,17463,17463,51834,66.309758,0.000000,608.088667,output/operator_group_ablation/ILS_iRace/drop_strategic_operators/seed_001/input/synthetic/synthetic_10.txt,,,da27c8e3402deb8a0832aaa211b98a39d670003f,true,3.11.2,Linux-6.1.0-44-cloud-amd64-x86_64-with-glibc2.36,
ok,ILS_iRace,drop_insert_operators,full,operator_group_ablation,group:insert,input/synthetic/synthetic_10.txt,synthetic,12,irace_final,720.000000,600.000000,120.000000,17463,17463,51834,66.309758,0.000000,610.454484,output/operator_group_ablation/ILS_iRace/drop_insert_operators/seed_012/input/synthetic/synthetic_10.txt,,,da27c8e3402deb8a0832aaa211b98a39d670003f,true,3.11.2,Linux-6.1.0-44-cloud-amd64-x86_64-with-glibc2.36,
ok,ILS_iRace,drop_order_operators,full,operator_group_ablation,group:order,input/synthetic/synthetic_10.txt,synthetic,12,irace_final,720.000000,600.000000,120.000000,17463,17463,51834,66.309758,0.000000,610.316825,output/operator_group_ablation/ILS_iRace/drop_order_operators/seed_012/input/synthetic/synthetic_10.txt,,,da27c8e3402deb8a0832aaa211b98a39d670003f,true,3.11.2,Linux-6.1.0-44-cloud-amd64-x86_64-with-glibc2.36,
ok,ILS_iRace,drop_strategic_operators,full,operator_group_ablation,group:strategic,input/synthetic/synthetic_10.txt,synthetic,12,irace_final,720.000000,600.000000,120.000000,17463,17463,51834,66.309758,0.000000,610.559139,output/operator_group_ablation/ILS_iRace/drop_strategic_operators/seed_012/input/synthetic/synthetic_10.txt,,,da27c8e3402deb8a0832aaa211b98a39d670003f,true,3.11.2,Linux-6.1.0-44-cloud-amd64-x86_64-with-glibc2.36,
ok,ILS_iRace,drop_insert_operators,full,operator_group_ablation,group:insert,input/synthetic/synthetic_10.txt,synthetic,23,irace_final,720.000000,600.000000,120.000000,17463,17463,51834,66.309758,0.000000,608.375423,output/operator_group_ablation/ILS_iRace/drop_insert_operators/seed_023/input/synthetic/synthetic_10.txt,,,da27c8e3402deb8a0832aaa211b98a39d670003f,true,3.11.2,Linux-6.1.0-44-cloud-amd64-x86_64-with-glibc2.36,
ok,ILS_iRace,drop_strategic_operators,full,operator_group_ablation,group:strategic,input/synthetic/synthetic_10.txt,synthetic,23,irace_final,720.000000,600.000000,120.000000,17463,17463,51834,66.309758,0.000000,608.013596,output/operator_group_ablation/ILS_iRace/drop_strategic_operators/seed_023/input/synthetic/synthetic_10.txt,,,da27c8e3402deb8a0832aaa211b98a39d670003f,true,3.11.2,Linux-6.1.0-44-cloud-amd64-x86_64-with-glibc2.36,
ok,ILS_iRace,drop_order_operators,full,operator_group_ablation,group:order,input/synthetic/synthetic_10.txt,synthetic,23,irace_final,720.000000,600.000000,120.000000,17463,17463,51834,66.309758,0.000000,610.116286,output/operator_group_ablation/ILS_iRace/drop_order_operators/seed_023/input/synthetic/synthetic_10.txt,,,da27c8e3402deb8a0832aaa211b98a39d670003f,true,3.11.2,Linux-6.1.0-44-cloud-amd64-x86_64-with-glibc2.36,
ok,ILS_iRace,drop_insert_operators,full,operator_group_ablation,group:insert,input/synthetic/synthetic_10.txt,synthetic,34,irace_final,720.000000,600.000000,120.000000,17463,17463,51834,66.309758,0.000000,610.289001,output/operator_group_ablation/ILS_iRace/drop_insert_operators/seed_034/input/synthetic/synthetic_10.txt,,,da27c8e3402deb8a0832aaa211b98a39d670003f,true,3.11.2,Linux-6.1.0-44-cloud-amd64-x86_64-with-glibc2.36,
ok,ILS_iRace,drop_order_operators,full,operator_group_ablation,group:order,input/synthetic/synthetic_10.txt,synthetic,34,irace_final,720.000000,600.000000,120.000000,17463,17463,51834,66.309758,0.000000,609.862551,output/operator_group_ablation/ILS_iRace/drop_order_operators/seed_034/input/synthetic/synthetic_10.txt,,,da27c8e3402deb8a0832aaa211b98a39d670003f,true,3.11.2,Linux-6.1.0-44-cloud-amd64-x86_64-with-glibc2.36,
ok,ILS_iRace,drop_strategic_operators,full,operator_group_ablation,group:strategic,input/synthetic/synthetic_10.txt,synthetic,34,irace_final,720.000000,600.000000,120.000000,17463,17463,51834,66.309758,0.000000,610.321165,output/operator_group_ablation/ILS_iRace/drop_strategic_operators/seed_034/input/synthetic/synthetic_10.txt,,,da27c8e3402deb8a0832aaa211b98a39d670003f,true,3.11.2,Linux-6.1.0-44-cloud-amd64-x86_64-with-glibc2.36,
ok,ILS_iRace,drop_insert_operators,full,operator_group_ablation,group:insert,input/synthetic/synthetic_10.txt,synthetic,45,irace_final,720.000000,600.000000,120.000000,17463,17463,51834,66.309758,0.000000,608.022049,output/operator_group_ablation/ILS_iRace/drop_insert_operators/seed_045/input/synthetic/synthetic_10.txt,,,da27c8e3402deb8a0832aaa211b98a39d670003f,true,3.11.2,Linux-6.1.0-44-cloud-amd64-x86_64-with-glibc2.36,
ok,ILS_iRace,drop_order_operators,full,operator_group_ablation,group:order,input/synthetic/synthetic_10.txt,synthetic,45,irace_final,720.000000,600.000000,120.000000,17463,17463,51834,66.309758,0.000000,608.665592,output/operator_group_ablation/ILS_iRace/drop_order_operators/seed_045/input/synthetic/synthetic_10.txt,,,da27c8e3402deb8a0832aaa211b98a39d670003f,true,3.11.2,Linux-6.1.0-44-cloud-amd64-x86_64-with-glibc2.36,
ok,ILS_iRace,drop_strategic_operators,full,operator_group_ablation,group:strategic,input/synthetic/synthetic_10.txt,synthetic,45,irace_final,720.000000,600.000000,120.000000,17463,17463,51834,66.309758,0.000000,610.186887,output/operator_group_ablation/ILS_iRace/drop_strategic_operators/seed_045/input/synthetic/synthetic_10.txt,,,da27c8e3402deb8a0832aaa211b98a39d670003f,true,3.11.2,Linux-6.1.0-44-cloud-amd64-x86_64-with-glibc2.36,
ok,ILS_iRace,drop_insert_operators,full,operator_group_ablation,group:insert,input/synthetic/synthetic_10.txt,synthetic,56,irace_final,720.000000,600.000000,120.000000,17463,17463,51834,66.309758,0.000000,610.146080,output/operator_group_ablation/ILS_iRace/drop_insert_operators/seed_056/input/synthetic/synthetic_10.txt,,,da27c8e3402deb8a0832aaa211b98a39d670003f,true,3.11.2,Linux-6.1.0-44-cloud-amd64-x86_64-with-glibc2.36,
ok,ILS_iRace,drop_order_operators,full,operator_group_ablation,group:order,input/synthetic/synthetic_10.txt,synthetic,56,irace_final,720.000000,600.000000,120.000000,17463,17463,51834,66.309758,0.000000,610.082368,output/operator_group_ablation/ILS_iRace/drop_order_operators/seed_056/input/synthetic/synthetic_10.txt,,,da27c8e3402deb8a0832aaa211b98a39d670003f,true,3.11.2,Linux-6.1.0-44-cloud-amd64-x86_64-with-glibc2.36,
ok,ILS_iRace,drop_strategic_operators,full,operator_group_ablation,group:strategic,input/synthetic/synthetic_10.txt,synthetic,56,irace_final,720.000000,600.000000,120.000000,17463,17463,51834,66.309758,0.000000,610.144767,output/operator_group_ablation/ILS_iRace/drop_strategic_operators/seed_056/input/synthetic/synthetic_10.txt,,,da27c8e3402deb8a0832aaa211b98a39d670003f,true,3.11.2,Linux-6.1.0-44-cloud-amd64-x86_64-with-glibc2.36,
ok,ILS_iRace,drop_insert_operators,full,operator_group_ablation,group:insert,input/synthetic/synthetic_10.txt,synthetic,67,irace_final,720.000000,600.000000,120.000000,17463,17463,51834,66.309758,0.000000,607.926253,output/operator_group_ablation/ILS_iRace/drop_insert_operators/seed_067/input/synthetic/synthetic_10.txt,,,da27c8e3402deb8a0832aaa211b98a39d670003f,true,3.11.2,Linux-6.1.0-44-cloud-amd64-x86_64-with-glibc2.36,
ok,ILS_iRace,drop_order_operators,full,operator_group_ablation,group:order,input/synthetic/synthetic_10.txt,synthetic,67,irace_final,720.000000,600.000000,120.000000,17463,17463,51834,66.309758,0.000000,610.063946,output/operator_group_ablation/ILS_iRace/drop_order_operators/seed_067/input/synthetic/synthetic_10.txt,,,da27c8e3402deb8a0832aaa211b98a39d670003f,true,3.11.2,Linux-6.1.0-44-cloud-amd64-x86_64-with-glibc2.36,
ok,ILS_iRace,drop_strategic_operators,full,operator_group_ablation,group:strategic,input/synthetic/synthetic_10.txt,synthetic,67,irace_final,720.000000,600.000000,120.000000,17463,17463,51834,66.309758,0.000000,609.981061,output/operator_group_ablation/ILS_iRace/drop_strategic_operators/seed_067/input/synthetic/synthetic_10.txt,,,da27c8e3402deb8a0832aaa211b98a39d670003f,true,3.11.2,Linux-6.1.0-44-cloud-amd64-x86_64-with-glibc2.36,
ok,ILS_iRace,drop_insert_operators,full,operator_group_ablation,group:insert,input/synthetic/synthetic_10.txt,synthetic,78,irace_final,720.000000,600.000000,120.000000,17463,17463,51834,66.309758,0.000000,610.117650,output/operator_group_ablation/ILS_iRace/drop_insert_operators/seed_078/input/synthetic/synthetic_10.txt,,,da27c8e3402deb8a0832aaa211b98a39d670003f,true,3.11.2,Linux-6.1.0-44-cloud-amd64-x86_64-with-glibc2.36,
ok,ILS_iRace,drop_order_operators,full,operator_group_ablation,group:order,input/synthetic/synthetic_10.txt,synthetic,78,irace_final,720.000000,600.000000,120.000000,17463,17463,51834,66.309758,0.000000,609.664536,output/operator_group_ablation/ILS_iRace/drop_order_operators/seed_078/input/synthetic/synthetic_10.txt,,,da27c8e3402deb8a0832aaa211b98a39d670003f,true,3.11.2,Linux-6.1.0-44-cloud-amd64-x86_64-with-glibc2.36,
ok,ILS_iRace,drop_strategic_operators,full,operator_group_ablation,group:strategic,input/synthetic/synthetic_10.txt,synthetic,78,irace_final,720.000000,600.000000,120.000000,17463,17463,51834,66.309758,0.000000,608.159879,output/operator_group_ablation/ILS_iRace/drop_strategic_operators/seed_078/input/synthetic/synthetic_10.txt,,,da27c8e3402deb8a0832aaa211b98a39d670003f,true,3.11.2,Linux-6.1.0-44-cloud-amd64-x86_64-with-glibc2.36,
ok,ILS_iRace,drop_insert_operators,full,operator_group_ablation,group:insert,input/synthetic/synthetic_10.txt,synthetic,89,irace_final,720.000000,600.000000,120.000000,17463,17463,51834,66.309758,0.000000,608.050515,output/operator_group_ablation/ILS_iRace/drop_insert_operators/seed_089/input/synthetic/synthetic_10.txt,,,da27c8e3402deb8a0832aaa211b98a39d670003f,true,3.11.2,Linux-6.1.0-44-cloud-amd64-x86_64-with-glibc2.36,
ok,ILS_iRace,drop_order_operators,full,operator_group_ablation,group:order,input/synthetic/synthetic_10.txt,synthetic,89,irace_final,720.000000,600.000000,120.000000,17463,17463,51834,66.309758,0.000000,610.043752,output/operator_group_ablation/ILS_iRace/drop_order_operators/seed_089/input/synthetic/synthetic_10.txt,,,da27c8e3402deb8a0832aaa211b98a39d670003f,true,3.11.2,Linux-6.1.0-44-cloud-amd64-x86_64-with-glibc2.36,
ok,ILS_iRace,drop_strategic_operators,full,operator_group_ablation,group:strategic,input/synthetic/synthetic_10.txt,synthetic,89,irace_final,720.000000,600.000000,120.000000,17463,17463,51834,66.309758,0.000000,610.230885,output/operator_group_ablation/ILS_iRace/drop_strategic_operators/seed_089/input/synthetic/synthetic_10.txt,,,da27c8e3402deb8a0832aaa211b98a39d670003f,true,3.11.2,Linux-6.1.0-44-cloud-amd64-x86_64-with-glibc2.36,
ok,ILS_iRace,drop_strategic_operators,full,operator_group_ablation,group:strategic,input/synthetic/synthetic_10.txt,synthetic,100,irace_final,720.000000,600.000000,120.000000,17463,17463,51834,66.309758,0.000000,608.010566,output/operator_group_ablation/ILS_iRace/drop_strategic_operators/seed_100/input/synthetic/synthetic_10.txt,,,da27c8e3402deb8a0832aaa211b98a39d670003f,true,3.11.2,Linux-6.1.0-44-cloud-amd64-x86_64-with-glibc2.36,
ok,ILS_iRace,drop_order_operators,full,operator_group_ablation,group:order,input/synthetic/synthetic_10.txt,synthetic,100,irace_final,720.000000,600.000000,120.000000,17463,17463,51834,66.309758,0.000000,608.478599,output/operator_group_ablation/ILS_iRace/drop_order_operators/seed_100/input/synthetic/synthetic_10.txt,,,da27c8e3402deb8a0832aaa211b98a39d670003f,true,3.11.2,Linux-6.1.0-44-cloud-amd64-x86_64-with-glibc2.36,
ok,ILS_iRace,drop_insert_operators,full,operator_group_ablation,group:insert,input/synthetic/synthetic_10.txt,synthetic,100,irace_final,720.000000,600.000000,120.000000,17463,17463,51834,66.309758,0.000000,609.954318,output/operator_group_ablation/ILS_iRace/drop_insert_operators/seed_100/input/synthetic/synthetic_10.txt,,,da27c8e3402deb8a0832aaa211b98a39d670003f,true,3.11.2,Linux-6.1.0-44-cloud-amd64-x86_64-with-glibc2.36,
ok,ILS_iRace,drop_insert_operators,full,operator_group_ablation,group:insert,input/synthetic/synthetic_15.txt,synthetic,1,irace_final,720.000000,600.000000,120.000000,49747,49747,49747,0.000000,0.000000,605.015939,output/operator_group_ablation/ILS_iRace/drop_insert_operators/seed_001/input/synthetic/synthetic_15.txt,,,da27c8e3402deb8a0832aaa211b98a39d670003f,true,3.11.2,Linux-6.1.0-44-cloud-amd64-x86_64-with-glibc2.36,
ok,ILS_iRace,drop_order_operators,full,operator_group_ablation,group:order,input/synthetic/synthetic_15.txt,synthetic,1,irace_final,720.000000,600.000000,120.000000,49747,49747,49747,0.000000,0.000000,605.028018,output/operator_group_ablation/ILS_iRace/drop_order_operators/seed_001/input/synthetic/synthetic_15.txt,,,da27c8e3402deb8a0832aaa211b98a39d670003f,true,3.11.2,Linux-6.1.0-44-cloud-amd64-x86_64-with-glibc2.36,
ok,ILS_iRace,drop_strategic_operators,full,operator_group_ablation,group:strategic,input/synthetic/synthetic_15.txt,synthetic,1,irace_final,720.000000,600.000000,120.000000,49747,49747,49747,0.000000,0.000000,605.025558,output/operator_group_ablation/ILS_iRace/drop_strategic_operators/seed_001/input/synthetic/synthetic_15.txt,,,da27c8e3402deb8a0832aaa211b98a39d670003f,true,3.11.2,Linux-6.1.0-44-cloud-amd64-x86_64-with-glibc2.36,
ok,ILS_iRace,drop_insert_operators,full,operator_group_ablation,group:insert,input/synthetic/synthetic_15.txt,synthetic,12,irace_final,720.000000,600.000000,120.000000,49747,49747,49747,0.000000,0.000000,605.016167,output/operator_group_ablation/ILS_iRace/drop_insert_operators/seed_012/input/synthetic/synthetic_15.txt,,,da27c8e3402deb8a0832aaa211b98a39d670003f,true,3.11.2,Linux-6.1.0-44-cloud-amd64-x86_64-with-glibc2.36,
ok,ILS_iRace,drop_order_operators,full,operator_group_ablation,group:order,input/synthetic/synthetic_15.txt,synthetic,12,irace_final,720.000000,600.000000,120.000000,49747,49747,49747,0.000000,0.000000,605.030813,output/operator_group_ablation/ILS_iRace/drop_order_operators/seed_012/input/synthetic/synthetic_15.txt,,,da27c8e3402deb8a0832aaa211b98a39d670003f,true,3.11.2,Linux-6.1.0-44-cloud-amd64-x86_64-with-glibc2.36,
ok,ILS_iRace,drop_strategic_operators,full,operator_group_ablation,group:strategic,input/synthetic/synthetic_15.txt,synthetic,12,irace_final,720.000000,600.000000,120.000000,49747,49747,49747,0.000000,0.000000,605.028557,output/operator_group_ablation/ILS_iRace/drop_strategic_operators/seed_012/input/synthetic/synthetic_15.txt,,,da27c8e3402deb8a0832aaa211b98a39d670003f,true,3.11.2,Linux-6.1.0-44-cloud-amd64-x86_64-with-glibc2.36,
ok,ILS_iRace,drop_insert_operators,full,operator_group_ablation,group:insert,input/synthetic/synthetic_15.txt,synthetic,23,irace_final,720.000000,600.000000,120.000000,49747,49747,49747,0.000000,0.000000,605.016475,output/operator_group_ablation/ILS_iRace/drop_insert_operators/seed_023/input/synthetic/synthetic_15.txt,,,da27c8e3402deb8a0832aaa211b98a39d670003f,true,3.11.2,Linux-6.1.0-44-cloud-amd64-x86_64-with-glibc2.36,
ok,ILS_iRace,drop_order_operators,full,operator_group_ablation,group:order,input/synthetic/synthetic_15.txt,synthetic,23,irace_final,720.000000,600.000000,120.000000,49747,49747,49747,0.000000,0.000000,605.029262,output/operator_group_ablation/ILS_iRace/drop_order_operators/seed_023/input/synthetic/synthetic_15.txt,,,da27c8e3402deb8a0832aaa211b98a39d670003f,true,3.11.2,Linux-6.1.0-44-cloud-amd64-x86_64-with-glibc2.36,
ok,ILS_iRace,drop_strategic_operators,full,operator_group_ablation,group:strategic,input/synthetic/synthetic_15.txt,synthetic,23,irace_final,720.000000,600.000000,120.000000,49747,49747,49747,0.000000,0.000000,605.029047,output/operator_group_ablation/ILS_iRace/drop_strategic_operators/seed_023/input/synthetic/synthetic_15.txt,,,da27c8e3402deb8a0832aaa211b98a39d670003f,true,3.11.2,Linux-6.1.0-44-cloud-amd64-x86_64-with-glibc2.36,
ok,ILS_iRace,drop_insert_operators,full,operator_group_ablation,group:insert,input/synthetic/synthetic_15.txt,synthetic,34,irace_final,720.000000,600.000000,120.000000,49747,49747,49747,0.000000,0.000000,605.016203,output/operator_group_ablation/ILS_iRace/drop_insert_operators/seed_034/input/synthetic/synthetic_15.txt,,,da27c8e3402deb8a0832aaa211b98a39d670003f,true,3.11.2,Linux-6.1.0-44-cloud-amd64-x86_64-with-glibc2.36,
ok,ILS_iRace,drop_order_operators,full,operator_group_ablation,group:order,input/synthetic/synthetic_15.txt,synthetic,34,irace_final,720.000000,600.000000,120.000000,49747,49747,49747,0.000000,0.000000,605.030406,output/operator_group_ablation/ILS_iRace/drop_order_operators/seed_034/input/synthetic/synthetic_15.txt,,,da27c8e3402deb8a0832aaa211b98a39d670003f,true,3.11.2,Linux-6.1.0-44-cloud-amd64-x86_64-with-glibc2.36,
ok,ILS_iRace,drop_strategic_operators,full,operator_group_ablation,group:strategic,input/synthetic/synthetic_15.txt,synthetic,34,irace_final,720.000000,600.000000,120.000000,49747,49747,49747,0.000000,0.000000,605.029107,output/operator_group_ablation/ILS_iRace/drop_strategic_operators/seed_034/input/synthetic/synthetic_15.txt,,,da27c8e3402deb8a0832aaa211b98a39d670003f,true,3.11.2,Linux-6.1.0-44-cloud-amd64-x86_64-with-glibc2.36,
ok,ILS_iRace,drop_insert_operators,full,operator_group_ablation,group:insert,input/synthetic/synthetic_15.txt,synthetic,45,irace_final,720.000000,600.000000,120.000000,49747,49747,49747,0.000000,0.000000,605.017529,output/operator_group_ablation/ILS_iRace/drop_insert_operators/seed_045/input/synthetic/synthetic_15.txt,,,da27c8e3402deb8a0832aaa211b98a39d670003f,true,3.11.2,Linux-6.1.0-44-cloud-amd64-x86_64-with-glibc2.36,
ok,ILS_iRace,drop_order_operators,full,operator_group_ablation,group:order,input/synthetic/synthetic_15.txt,synthetic,45,irace_final,720.000000,600.000000,120.000000,49747,49747,49747,0.000000,0.000000,605.026064,output/operator_group_ablation/ILS_iRace/drop_order_operators/seed_045/input/synthetic/synthetic_15.txt,,,da27c8e3402deb8a0832aaa211b98a39d670003f,true,3.11.2,Linux-6.1.0-44-cloud-amd64-x86_64-with-glibc2.36,
ok,ILS_iRace,drop_strategic_operators,full,operator_group_ablation,group:strategic,input/synthetic/synthetic_15.txt,synthetic,45,irace_final,720.000000,600.000000,120.000000,49747,49747,49747,0.000000,0.000000,605.027116,output/operator_group_ablation/ILS_iRace/drop_strategic_operators/seed_045/input/synthetic/synthetic_15.txt,,,da27c8e3402deb8a0832aaa211b98a39d670003f,true,3.11.2,Linux-6.1.0-44-cloud-amd64-x86_64-with-glibc2.36,
ok,ILS_iRace,drop_insert_operators,full,operator_group_ablation,group:insert,input/synthetic/synthetic_15.txt,synthetic,56,irace_final,720.000000,600.000000,120.000000,49747,49747,49747,0.000000,0.000000,605.016159,output/operator_group_ablation/ILS_iRace/drop_insert_operators/seed_056/input/synthetic/synthetic_15.txt,,,da27c8e3402deb8a0832aaa211b98a39d670003f,true,3.11.2,Linux-6.1.0-44-cloud-amd64-x86_64-with-glibc2.36,
ok,ILS_iRace,drop_order_operators,full,operator_group_ablation,group:order,input/synthetic/synthetic_15.txt,synthetic,56,irace_final,720.000000,600.000000,120.000000,49747,49747,49747,0.000000,0.000000,605.026759,output/operator_group_ablation/ILS_iRace/drop_order_operators/seed_056/input/synthetic/synthetic_15.txt,,,da27c8e3402deb8a0832aaa211b98a39d670003f,true,3.11.2,Linux-6.1.0-44-cloud-amd64-x86_64-with-glibc2.36,
ok,ILS_iRace,drop_strategic_operators,full,operator_group_ablation,group:strategic,input/synthetic/synthetic_15.txt,synthetic,56,irace_final,720.000000,600.000000,120.000000,49747,49747,49747,0.000000,0.000000,605.027606,output/operator_group_ablation/ILS_iRace/drop_strategic_operators/seed_056/input/synthetic/synthetic_15.txt,,,da27c8e3402deb8a0832aaa211b98a39d670003f,true,3.11.2,Linux-6.1.0-44-cloud-amd64-x86_64-with-glibc2.36,
ok,ILS_iRace,drop_insert_operators,full,operator_group_ablation,group:insert,input/synthetic/synthetic_15.txt,synthetic,67,irace_final,720.000000,600.000000,120.000000,49747,49747,49747,0.000000,0.000000,605.015500,output/operator_group_ablation/ILS_iRace/drop_insert_operators/seed_067/input/synthetic/synthetic_15.txt,,,da27c8e3402deb8a0832aaa211b98a39d670003f,true,3.11.2,Linux-6.1.0-44-cloud-amd64-x86_64-with-glibc2.36,
ok,ILS_iRace,drop_order_operators,full,operator_group_ablation,group:order,input/synthetic/synthetic_15.txt,synthetic,67,irace_final,720.000000,600.000000,120.000000,49747,49747,49747,0.000000,0.000000,605.029118,output/operator_group_ablation/ILS_iRace/drop_order_operators/seed_067/input/synthetic/synthetic_15.txt,,,da27c8e3402deb8a0832aaa211b98a39d670003f,true,3.11.2,Linux-6.1.0-44-cloud-amd64-x86_64-with-glibc2.36,
ok,ILS_iRace,drop_strategic_operators,full,operator_group_ablation,group:strategic,input/synthetic/synthetic_15.txt,synthetic,67,irace_final,720.000000,600.000000,120.000000,49747,49747,49747,0.000000,0.000000,605.029414,output/operator_group_ablation/ILS_iRace/drop_strategic_operators/seed_067/input/synthetic/synthetic_15.txt,,,da27c8e3402deb8a0832aaa211b98a39d670003f,true,3.11.2,Linux-6.1.0-44-cloud-amd64-x86_64-with-glibc2.36,
ok,ILS_iRace,drop_insert_operators,full,operator_group_ablation,group:insert,input/synthetic/synthetic_15.txt,synthetic,78,irace_final,720.000000,600.000000,120.000000,49747,49747,49747,0.000000,0.000000,605.025283,output/operator_group_ablation/ILS_iRace/drop_insert_operators/seed_078/input/synthetic/synthetic_15.txt,,,da27c8e3402deb8a0832aaa211b98a39d670003f,true,3.11.2,Linux-6.1.0-44-cloud-amd64-x86_64-with-glibc2.36,
ok,ILS_iRace,drop_order_operators,full,operator_group_ablation,group:order,input/synthetic/synthetic_15.txt,synthetic,78,irace_final,720.000000,600.000000,120.000000,49747,49747,49747,0.000000,0.000000,605.030699,output/operator_group_ablation/ILS_iRace/drop_order_operators/seed_078/input/synthetic/synthetic_15.txt,,,da27c8e3402deb8a0832aaa211b98a39d670003f,true,3.11.2,Linux-6.1.0-44-cloud-amd64-x86_64-with-glibc2.36,
ok,ILS_iRace,drop_strategic_operators,full,operator_group_ablation,group:strategic,input/synthetic/synthetic_15.txt,synthetic,78,irace_final,720.000000,600.000000,120.000000,49747,49747,49747,0.000000,0.000000,605.029311,output/operator_group_ablation/ILS_iRace/drop_strategic_operators/seed_078/input/synthetic/synthetic_15.txt,,,da27c8e3402deb8a0832aaa211b98a39d670003f,true,3.11.2,Linux-6.1.0-44-cloud-amd64-x86_64-with-glibc2.36,
ok,ILS_iRace,drop_insert_operators,full,operator_group_ablation,group:insert,input/synthetic/synthetic_15.txt,synthetic,89,irace_final,720.000000,600.000000,120.000000,49747,49747,49747,0.000000,0.000000,605.016386,output/operator_group_ablation/ILS_iRace/drop_insert_operators/seed_089/input/synthetic/synthetic_15.txt,,,da27c8e3402deb8a0832aaa211b98a39d670003f,true,3.11.2,Linux-6.1.0-44-cloud-amd64-x86_64-with-glibc2.36,
ok,ILS_iRace,drop_order_operators,full,operator_group_ablation,group:order,input/synthetic/synthetic_15.txt,synthetic,89,irace_final,720.000000,600.000000,120.000000,49747,49747,49747,0.000000,0.000000,605.029522,output/operator_group_ablation/ILS_iRace/drop_order_operators/seed_089/input/synthetic/synthetic_15.txt,,,da27c8e3402deb8a0832aaa211b98a39d670003f,true,3.11.2,Linux-6.1.0-44-cloud-amd64-x86_64-with-glibc2.36,
ok,ILS_iRace,drop_strategic_operators,full,operator_group_ablation,group:strategic,input/synthetic/synthetic_15.txt,synthetic,89,irace_final,720.000000,600.000000,120.000000,49747,49747,49747,0.000000,0.000000,605.027186,output/operator_group_ablation/ILS_iRace/drop_strategic_operators/seed_089/input/synthetic/synthetic_15.txt,,,da27c8e3402deb8a0832aaa211b98a39d670003f,true,3.11.2,Linux-6.1.0-44-cloud-amd64-x86_64-with-glibc2.36,
ok,ILS_iRace,drop_insert_operators,full,operator_group_ablation,group:insert,input/synthetic/synthetic_15.txt,synthetic,100,irace_final,720.000000,600.000000,120.000000,49747,49747,49747,0.000000,0.000000,605.014650,output/operator_group_ablation/ILS_iRace/drop_insert_operators/seed_100/input/synthetic/synthetic_15.txt,,,da27c8e3402deb8a0832aaa211b98a39d670003f,true,3.11.2,Linux-6.1.0-44-cloud-amd64-x86_64-with-glibc2.36,
ok,ILS_iRace,drop_order_operators,full,operator_group_ablation,group:order,input/synthetic/synthetic_15.txt,synthetic,100,irace_final,720.000000,600.000000,120.000000,49747,49747,49747,0.000000,0.000000,605.028800,output/operator_group_ablation/ILS_iRace/drop_order_operators/seed_100/input/synthetic/synthetic_15.txt,,,da27c8e3402deb8a0832aaa211b98a39d670003f,true,3.11.2,Linux-6.1.0-44-cloud-amd64-x86_64-with-glibc2.36,
ok,ILS_iRace,drop_strategic_operators,full,operator_group_ablation,group:strategic,input/synthetic/synthetic_15.txt,synthetic,100,irace_final,720.000000,600.000000,120.000000,49747,49747,49747,0.000000,0.000000,605.030041,output/operator_group_ablation/ILS_iRace/drop_strategic_operators/seed_100/input/synthetic/synthetic_15.txt,,,da27c8e3402deb8a0832aaa211b98a39d670003f,true,3.11.2,Linux-6.1.0-44-cloud-amd64-x86_64-with-glibc2.36,
ok,ILS_iRace,drop_insert_operators,full,operator_group_ablation,group:insert,input/synthetic/synthetic_20.txt,synthetic,1,irace_final,720.000000,600.000000,120.000000,29666098,29679898,31034336,4.364321,0.046518,641.194929,output/operator_group_ablation/ILS_iRace/drop_insert_operators/seed_001/input/synthetic/synthetic_20.txt,,,da27c8e3402deb8a0832aaa211b98a39d670003f,true,3.11.2,Linux-6.1.0-44-cloud-amd64-x86_64-with-glibc2.36,
ok,ILS_iRace,drop_insert_operators,full,operator_group_ablation,group:insert,input/synthetic/synthetic_20.txt,synthetic,12,irace_final,720.000000,600.000000,120.000000,29666098,29689635,31034336,4.332946,0.079340,642.301700,output/operator_group_ablation/ILS_iRace/drop_insert_operators/seed_012/input/synthetic/synthetic_20.txt,,,da27c8e3402deb8a0832aaa211b98a39d670003f,true,3.11.2,Linux-6.1.0-44-cloud-amd64-x86_64-with-glibc2.36,
ok,ILS_iRace,drop_order_operators,full,operator_group_ablation,group:order,input/synthetic/synthetic_20.txt,synthetic,1,irace_final,720.000000,600.000000,120.000000,29666098,29695173,31034336,4.315101,0.098007,664.677403,output/operator_group_ablation/ILS_iRace/drop_order_operators/seed_001/input/synthetic/synthetic_20.txt,,,da27c8e3402deb8a0832aaa211b98a39d670003f,true,3.11.2,Linux-6.1.0-44-cloud-amd64-x86_64-with-glibc2.36,
ok,ILS_iRace,drop_strategic_operators,full,operator_group_ablation,group:strategic,input/synthetic/synthetic_20.txt,synthetic,1,irace_final,720.000000,600.000000,120.000000,29666098,29688617,31034336,4.336226,0.075908,666.412270,output/operator_group_ablation/ILS_iRace/drop_strategic_operators/seed_001/input/synthetic/synthetic_20.txt,,,da27c8e3402deb8a0832aaa211b98a39d670003f,true,3.11.2,Linux-6.1.0-44-cloud-amd64-x86_64-with-glibc2.36,
ok,ILS_iRace,drop_order_operators,full,operator_group_ablation,group:order,input/synthetic/synthetic_20.txt,synthetic,12,irace_final,720.000000,600.000000,120.000000,29666098,29695070,31034336,4.315433,0.097660,667.397889,output/operator_group_ablation/ILS_iRace/drop_order_operators/seed_012/input/synthetic/synthetic_20.txt,,,da27c8e3402deb8a0832aaa211b98a39d670003f,true,3.11.2,Linux-6.1.0-44-cloud-amd64-x86_64-with-glibc2.36,
ok,ILS_iRace,drop_strategic_operators,full,operator_group_ablation,group:strategic,input/synthetic/synthetic_20.txt,synthetic,12,irace_final,720.000000,600.000000,120.000000,29666098,29687807,31034336,4.338836,0.073178,666.941141,output/operator_group_ablation/ILS_iRace/drop_strategic_operators/seed_012/input/synthetic/synthetic_20.txt,,,da27c8e3402deb8a0832aaa211b98a39d670003f,true,3.11.2,Linux-6.1.0-44-cloud-amd64-x86_64-with-glibc2.36,
ok,ILS_iRace,drop_insert_operators,full,operator_group_ablation,group:insert,input/synthetic/synthetic_20.txt,synthetic,23,irace_final,720.000000,600.000000,120.000000,29666098,29682314,31034336,4.356536,0.054662,645.599506,output/operator_group_ablation/ILS_iRace/drop_insert_operators/seed_023/input/synthetic/synthetic_20.txt,,,da27c8e3402deb8a0832aaa211b98a39d670003f,true,3.11.2,Linux-6.1.0-44-cloud-amd64-x86_64-with-glibc2.36,
ok,ILS_iRace,drop_order_operators,full,operator_group_ablation,group:order,input/synthetic/synthetic_20.txt,synthetic,23,irace_final,720.000000,600.000000,120.000000,29666098,29691294,31034336,4.327600,0.084932,643.719585,output/operator_group_ablation/ILS_iRace/drop_order_operators/seed_023/input/synthetic/synthetic_20.txt,,,da27c8e3402deb8a0832aaa211b98a39d670003f,true,3.11.2,Linux-6.1.0-44-cloud-amd64-x86_64-with-glibc2.36,
ok,ILS_iRace,drop_strategic_operators,full,operator_group_ablation,group:strategic,input/synthetic/synthetic_20.txt,synthetic,23,irace_final,720.000000,600.000000,120.000000,29666098,29692152,31034336,4.324836,0.087824,668.811964,output/operator_group_ablation/ILS_iRace/drop_strategic_operators/seed_023/input/synthetic/synthetic_20.txt,,,da27c8e3402deb8a0832aaa211b98a39d670003f,true,3.11.2,Linux-6.1.0-44-cloud-amd64-x86_64-with-glibc2.36,
ok,ILS_iRace,drop_insert_operators,full,operator_group_ablation,group:insert,input/synthetic/synthetic_20.txt,synthetic,34,irace_final,720.000000,600.000000,120.000000,29666098,29676551,31034336,4.375106,0.035236,668.764819,output/operator_group_ablation/ILS_iRace/drop_insert_operators/seed_034/input/synthetic/synthetic_20.txt,,,da27c8e3402deb8a0832aaa211b98a39d670003f,true,3.11.2,Linux-6.1.0-44-cloud-amd64-x86_64-with-glibc2.36,
ok,ILS_iRace,drop_order_operators,full,operator_group_ablation,group:order,input/synthetic/synthetic_20.txt,synthetic,34,irace_final,720.000000,600.000000,120.000000,29666098,29692641,31034336,4.323260,0.089473,665.870167,output/operator_group_ablation/ILS_iRace/drop_order_operators/seed_034/input/synthetic/synthetic_20.txt,,,da27c8e3402deb8a0832aaa211b98a39d670003f,true,3.11.2,Linux-6.1.0-44-cloud-amd64-x86_64-with-glibc2.36,
ok,ILS_iRace,drop_strategic_operators,full,operator_group_ablation,group:strategic,input/synthetic/synthetic_20.txt,synthetic,34,irace_final,720.000000,600.000000,120.000000,29666098,29690320,31034336,4.330739,0.081649,667.642168,output/operator_group_ablation/ILS_iRace/drop_strategic_operators/seed_034/input/synthetic/synthetic_20.txt,,,da27c8e3402deb8a0832aaa211b98a39d670003f,true,3.11.2,Linux-6.1.0-44-cloud-amd64-x86_64-with-glibc2.36,
ok,ILS_iRace,drop_insert_operators,full,operator_group_ablation,group:insert,input/synthetic/synthetic_20.txt,synthetic,45,irace_final,720.000000,600.000000,120.000000,29666098,29686146,31034336,4.344188,0.067579,646.117558,output/operator_group_ablation/ILS_iRace/drop_insert_operators/seed_045/input/synthetic/synthetic_20.txt,,,da27c8e3402deb8a0832aaa211b98a39d670003f,true,3.11.2,Linux-6.1.0-44-cloud-amd64-x86_64-with-glibc2.36,
ok,ILS_iRace,drop_order_operators,full,operator_group_ablation,group:order,input/synthetic/synthetic_20.txt,synthetic,45,irace_final,720.000000,600.000000,120.000000,29666098,29693367,31034336,4.320921,0.091920,645.437354,output/operator_group_ablation/ILS_iRace/drop_order_operators/seed_045/input/synthetic/synthetic_20.txt,,,da27c8e3402deb8a0832aaa211b98a39d670003f,true,3.11.2,Linux-6.1.0-44-cloud-amd64-x86_64-with-glibc2.36,
ok,ILS_iRace,drop_strategic_operators,full,operator_group_ablation,group:strategic,input/synthetic/synthetic_20.txt,synthetic,45,irace_final,720.000000,600.000000,120.000000,29666098,29689642,31034336,4.332923,0.079363,668.448604,output/operator_group_ablation/ILS_iRace/drop_strategic_operators/seed_045/input/synthetic/synthetic_20.txt,,,da27c8e3402deb8a0832aaa211b98a39d670003f,true,3.11.2,Linux-6.1.0-44-cloud-amd64-x86_64-with-glibc2.36,
ok,ILS_iRace,drop_insert_operators,full,operator_group_ablation,group:insert,input/synthetic/synthetic_20.txt,synthetic,56,irace_final,720.000000,600.000000,120.000000,29666098,29681835,31034336,4.358079,0.053047,669.157818,output/operator_group_ablation/ILS_iRace/drop_insert_operators/seed_056/input/synthetic/synthetic_20.txt,,,da27c8e3402deb8a0832aaa211b98a39d670003f,true,3.11.2,Linux-6.1.0-44-cloud-amd64-x86_64-with-glibc2.36,
ok,ILS_iRace,drop_order_operators,full,operator_group_ablation,group:order,input/synthetic/synthetic_20.txt,synthetic,56,irace_final,720.000000,600.000000,120.000000,29666098,29693230,31034336,4.321362,0.091458,668.718087,output/operator_group_ablation/ILS_iRace/drop_order_operators/seed_056/input/synthetic/synthetic_20.txt,,,da27c8e3402deb8a0832aaa211b98a39d670003f,true,3.11.2,Linux-6.1.0-44-cloud-amd64-x86_64-with-glibc2.36,
ok,ILS_iRace,drop_strategic_operators,full,operator_group_ablation,group:strategic,input/synthetic/synthetic_20.txt,synthetic,56,irace_final,720.000000,600.000000,120.000000,29666098,29692391,31034336,4.324065,0.088630,667.155827,output/operator_group_ablation/ILS_iRace/drop_strategic_operators/seed_056/input/synthetic/synthetic_20.txt,,,da27c8e3402deb8a0832aaa211b98a39d670003f,true,3.11.2,Linux-6.1.0-44-cloud-amd64-x86_64-with-glibc2.36,
ok,ILS_iRace,drop_insert_operators,full,operator_group_ablation,group:insert,input/synthetic/synthetic_20.txt,synthetic,67,irace_final,720.000000,600.000000,120.000000,29666098,29687348,31034336,4.340315,0.071631,645.833801,output/operator_group_ablation/ILS_iRace/drop_insert_operators/seed_067/input/synthetic/synthetic_20.txt,,,da27c8e3402deb8a0832aaa211b98a39d670003f,true,3.11.2,Linux-6.1.0-44-cloud-amd64-x86_64-with-glibc2.36,
ok,ILS_iRace,drop_order_operators,full,operator_group_ablation,group:order,input/synthetic/synthetic_20.txt,synthetic,67,irace_final,720.000000,600.000000,120.000000,29666098,29693663,31034336,4.319967,0.092918,671.494472,output/operator_group_ablation/ILS_iRace/drop_order_operators/seed_067/input/synthetic/synthetic_20.txt,,,da27c8e3402deb8a0832aaa211b98a39d670003f,true,3.11.2,Linux-6.1.0-44-cloud-amd64-x86_64-with-glibc2.36,
ok,ILS_iRace,drop_strategic_operators,full,operator_group_ablation,group:strategic,input/synthetic/synthetic_20.txt,synthetic,78,irace_final,720.000000,600.000000,120.000000,29666098,29689957,31034336,4.331908,0.080425,644.599203,output/operator_group_ablation/ILS_iRace/drop_strategic_operators/seed_078/input/synthetic/synthetic_20.txt,,,da27c8e3402deb8a0832aaa211b98a39d670003f,true,3.11.2,Linux-6.1.0-44-cloud-amd64-x86_64-with-glibc2.36,
ok,ILS_iRace,drop_strategic_operators,full,operator_group_ablation,group:strategic,input/synthetic/synthetic_20.txt,synthetic,67,irace_final,720.000000,600.000000,120.000000,29666098,29693282,31034336,4.321194,0.091633,671.345353,output/operator_group_ablation/ILS_iRace/drop_strategic_operators/seed_067/input/synthetic/synthetic_20.txt,,,da27c8e3402deb8a0832aaa211b98a39d670003f,true,3.11.2,Linux-6.1.0-44-cloud-amd64-x86_64-with-glibc2.36,
ok,ILS_iRace,drop_insert_operators,full,operator_group_ablation,group:insert,input/synthetic/synthetic_20.txt,synthetic,78,irace_final,720.000000,600.000000,120.000000,29666098,29687429,31034336,4.340054,0.071904,667.649796,output/operator_group_ablation/ILS_iRace/drop_insert_operators/seed_078/input/synthetic/synthetic_20.txt,,,da27c8e3402deb8a0832aaa211b98a39d670003f,true,3.11.2,Linux-6.1.0-44-cloud-amd64-x86_64-with-glibc2.36,
ok,ILS_iRace,drop_order_operators,full,operator_group_ablation,group:order,input/synthetic/synthetic_20.txt,synthetic,78,irace_final,720.000000,600.000000,120.000000,29666098,29692663,31034336,4.323189,0.089547,670.439196,output/operator_group_ablation/ILS_iRace/drop_order_operators/seed_078/input/synthetic/synthetic_20.txt,,,da27c8e3402deb8a0832aaa211b98a39d670003f,true,3.11.2,Linux-6.1.0-44-cloud-amd64-x86_64-with-glibc2.36,
ok,ILS_iRace,drop_insert_operators,full,operator_group_ablation,group:insert,input/synthetic/synthetic_20.txt,synthetic,89,irace_final,720.000000,600.000000,120.000000,29666098,29678939,31034336,4.367411,0.043285,645.401804,output/operator_group_ablation/ILS_iRace/drop_insert_operators/seed_089/input/synthetic/synthetic_20.txt,,,da27c8e3402deb8a0832aaa211b98a39d670003f,true,3.11.2,Linux-6.1.0-44-cloud-amd64-x86_64-with-glibc2.36,
ok,ILS_iRace,drop_order_operators,full,operator_group_ablation,group:order,input/synthetic/synthetic_20.txt,synthetic,89,irace_final,720.000000,600.000000,120.000000,29666098,29698982,31034336,4.302828,0.110847,670.527436,output/operator_group_ablation/ILS_iRace/drop_order_operators/seed_089/input/synthetic/synthetic_20.txt,,,da27c8e3402deb8a0832aaa211b98a39d670003f,true,3.11.2,Linux-6.1.0-44-cloud-amd64-x86_64-with-glibc2.36,
ok,ILS_iRace,drop_strategic_operators,full,operator_group_ablation,group:strategic,input/synthetic/synthetic_20.txt,synthetic,89,irace_final,720.000000,600.000000,120.000000,29666098,29693769,31034336,4.319625,0.093275,644.704988,output/operator_group_ablation/ILS_iRace/drop_strategic_operators/seed_089/input/synthetic/synthetic_20.txt,,,da27c8e3402deb8a0832aaa211b98a39d670003f,true,3.11.2,Linux-6.1.0-44-cloud-amd64-x86_64-with-glibc2.36,
ok,ILS_iRace,drop_insert_operators,full,operator_group_ablation,group:insert,input/synthetic/synthetic_20.txt,synthetic,100,irace_final,720.000000,600.000000,120.000000,29667543,29670630,31034336,4.394185,0.010405,668.943025,output/operator_group_ablation/ILS_iRace/drop_insert_operators/seed_100/input/synthetic/synthetic_20.txt,,,da27c8e3402deb8a0832aaa211b98a39d670003f,true,3.11.2,Linux-6.1.0-44-cloud-amd64-x86_64-with-glibc2.36,
ok,ILS_iRace,drop_order_operators,full,operator_group_ablation,group:order,input/synthetic/synthetic_20.txt,synthetic,100,irace_final,720.000000,600.000000,120.000000,29667543,29695813,31034336,4.313039,0.095289,669.324601,output/operator_group_ablation/ILS_iRace/drop_order_operators/seed_100/input/synthetic/synthetic_20.txt,,,da27c8e3402deb8a0832aaa211b98a39d670003f,true,3.11.2,Linux-6.1.0-44-cloud-amd64-x86_64-with-glibc2.36,
ok,ILS_iRace,drop_strategic_operators,full,operator_group_ablation,group:strategic,input/synthetic/synthetic_20.txt,synthetic,100,irace_final,720.000000,600.000000,120.000000,29667543,29691406,31034336,4.327239,0.080435,667.518362,output/operator_group_ablation/ILS_iRace/drop_strategic_operators/seed_100/input/synthetic/synthetic_20.txt,,,da27c8e3402deb8a0832aaa211b98a39d670003f,true,3.11.2,Linux-6.1.0-44-cloud-amd64-x86_64-with-glibc2.36,
ok,ILS_iRace,drop_insert_operators,full,operator_group_ablation,group:insert,input/synthetic/synthetic_25.txt,synthetic,1,irace_final,720.000000,600.000000,120.000000,244295,244295,244295,0.000000,0.000000,615.608479,output/operator_group_ablation/ILS_iRace/drop_insert_operators/seed_001/input/synthetic/synthetic_25.txt,,,da27c8e3402deb8a0832aaa211b98a39d670003f,true,3.11.2,Linux-6.1.0-44-cloud-amd64-x86_64-with-glibc2.36,
ok,ILS_iRace,drop_order_operators,full,operator_group_ablation,group:order,input/synthetic/synthetic_25.txt,synthetic,1,irace_final,720.000000,600.000000,120.000000,244295,244295,244295,0.000000,0.000000,621.478487,output/operator_group_ablation/ILS_iRace/drop_order_operators/seed_001/input/synthetic/synthetic_25.txt,,,da27c8e3402deb8a0832aaa211b98a39d670003f,true,3.11.2,Linux-6.1.0-44-cloud-amd64-x86_64-with-glibc2.36,
ok,ILS_iRace,drop_strategic_operators,full,operator_group_ablation,group:strategic,input/synthetic/synthetic_25.txt,synthetic,1,irace_final,720.000000,600.000000,120.000000,244295,244295,244295,0.000000,0.000000,615.343516,output/operator_group_ablation/ILS_iRace/drop_strategic_operators/seed_001/input/synthetic/synthetic_25.txt,,,da27c8e3402deb8a0832aaa211b98a39d670003f,true,3.11.2,Linux-6.1.0-44-cloud-amd64-x86_64-with-glibc2.36,
ok,ILS_iRace,drop_strategic_operators,full,operator_group_ablation,group:strategic,input/synthetic/synthetic_25.txt,synthetic,12,irace_final,720.000000,600.000000,120.000000,244295,244295,244295,0.000000,0.000000,615.234272,output/operator_group_ablation/ILS_iRace/drop_strategic_operators/seed_012/input/synthetic/synthetic_25.txt,,,da27c8e3402deb8a0832aaa211b98a39d670003f,true,3.11.2,Linux-6.1.0-44-cloud-amd64-x86_64-with-glibc2.36,
ok,ILS_iRace,drop_insert_operators,full,operator_group_ablation,group:insert,input/synthetic/synthetic_25.txt,synthetic,12,irace_final,720.000000,600.000000,120.000000,244295,244295,244295,0.000000,0.000000,621.627690,output/operator_group_ablation/ILS_iRace/drop_insert_operators/seed_012/input/synthetic/synthetic_25.txt,,,da27c8e3402deb8a0832aaa211b98a39d670003f,true,3.11.2,Linux-6.1.0-44-cloud-amd64-x86_64-with-glibc2.36,
ok,ILS_iRace,drop_order_operators,full,operator_group_ablation,group:order,input/synthetic/synthetic_25.txt,synthetic,12,irace_final,720.000000,600.000000,120.000000,244295,244295,244295,0.000000,0.000000,621.113130,output/operator_group_ablation/ILS_iRace/drop_order_operators/seed_012/input/synthetic/synthetic_25.txt,,,da27c8e3402deb8a0832aaa211b98a39d670003f,true,3.11.2,Linux-6.1.0-44-cloud-amd64-x86_64-with-glibc2.36,
ok,ILS_iRace,drop_insert_operators,full,operator_group_ablation,group:insert,input/synthetic/synthetic_25.txt,synthetic,23,irace_final,720.000000,600.000000,120.000000,244295,244295,244295,0.000000,0.000000,622.123857,output/operator_group_ablation/ILS_iRace/drop_insert_operators/seed_023/input/synthetic/synthetic_25.txt,,,da27c8e3402deb8a0832aaa211b98a39d670003f,true,3.11.2,Linux-6.1.0-44-cloud-amd64-x86_64-with-glibc2.36,
ok,ILS_iRace,drop_order_operators,full,operator_group_ablation,group:order,input/synthetic/synthetic_25.txt,synthetic,23,irace_final,720.000000,600.000000,120.000000,244295,244295,244295,0.000000,0.000000,621.258775,output/operator_group_ablation/ILS_iRace/drop_order_operators/seed_023/input/synthetic/synthetic_25.txt,,,da27c8e3402deb8a0832aaa211b98a39d670003f,true,3.11.2,Linux-6.1.0-44-cloud-amd64-x86_64-with-glibc2.36,
ok,ILS_iRace,drop_strategic_operators,full,operator_group_ablation,group:strategic,input/synthetic/synthetic_25.txt,synthetic,23,irace_final,720.000000,600.000000,120.000000,244295,244295,244295,0.000000,0.000000,615.340919,output/operator_group_ablation/ILS_iRace/drop_strategic_operators/seed_023/input/synthetic/synthetic_25.txt,,,da27c8e3402deb8a0832aaa211b98a39d670003f,true,3.11.2,Linux-6.1.0-44-cloud-amd64-x86_64-with-glibc2.36,
ok,ILS_iRace,drop_insert_operators,full,operator_group_ablation,group:insert,input/synthetic/synthetic_25.txt,synthetic,34,irace_final,720.000000,600.000000,120.000000,244295,244295,244295,0.000000,0.000000,615.160940,output/operator_group_ablation/ILS_iRace/drop_insert_operators/seed_034/input/synthetic/synthetic_25.txt,,,da27c8e3402deb8a0832aaa211b98a39d670003f,true,3.11.2,Linux-6.1.0-44-cloud-amd64-x86_64-with-glibc2.36,
ok,ILS_iRace,drop_order_operators,full,operator_group_ablation,group:order,input/synthetic/synthetic_25.txt,synthetic,34,irace_final,720.000000,600.000000,120.000000,244295,244295,244295,0.000000,0.000000,621.373124,output/operator_group_ablation/ILS_iRace/drop_order_operators/seed_034/input/synthetic/synthetic_25.txt,,,da27c8e3402deb8a0832aaa211b98a39d670003f,true,3.11.2,Linux-6.1.0-44-cloud-amd64-x86_64-with-glibc2.36,
ok,ILS_iRace,drop_strategic_operators,full,operator_group_ablation,group:strategic,input/synthetic/synthetic_25.txt,synthetic,34,irace_final,720.000000,600.000000,120.000000,244295,244295,244295,0.000000,0.000000,621.316341,output/operator_group_ablation/ILS_iRace/drop_strategic_operators/seed_034/input/synthetic/synthetic_25.txt,,,da27c8e3402deb8a0832aaa211b98a39d670003f,true,3.11.2,Linux-6.1.0-44-cloud-amd64-x86_64-with-glibc2.36,
ok,ILS_iRace,drop_insert_operators,full,operator_group_ablation,group:insert,input/synthetic/synthetic_25.txt,synthetic,45,irace_final,720.000000,600.000000,120.000000,244295,244295,244295,0.000000,0.000000,621.349021,output/operator_group_ablation/ILS_iRace/drop_insert_operators/seed_045/input/synthetic/synthetic_25.txt,,,da27c8e3402deb8a0832aaa211b98a39d670003f,true,3.11.2,Linux-6.1.0-44-cloud-amd64-x86_64-with-glibc2.36,
ok,ILS_iRace,drop_order_operators,full,operator_group_ablation,group:order,input/synthetic/synthetic_25.txt,synthetic,45,irace_final,720.000000,600.000000,120.000000,244295,244295,244295,0.000000,0.000000,620.972220,output/operator_group_ablation/ILS_iRace/drop_order_operators/seed_045/input/synthetic/synthetic_25.txt,,,da27c8e3402deb8a0832aaa211b98a39d670003f,true,3.11.2,Linux-6.1.0-44-cloud-amd64-x86_64-with-glibc2.36,
ok,ILS_iRace,drop_strategic_operators,full,operator_group_ablation,group:strategic,input/synthetic/synthetic_25.txt,synthetic,45,irace_final,720.000000,600.000000,120.000000,244295,244295,244295,0.000000,0.000000,615.058332,output/operator_group_ablation/ILS_iRace/drop_strategic_operators/seed_045/input/synthetic/synthetic_25.txt,,,da27c8e3402deb8a0832aaa211b98a39d670003f,true,3.11.2,Linux-6.1.0-44-cloud-amd64-x86_64-with-glibc2.36,
ok,ILS_iRace,drop_insert_operators,full,operator_group_ablation,group:insert,input/synthetic/synthetic_25.txt,synthetic,56,irace_final,720.000000,600.000000,120.000000,244295,244295,244295,0.000000,0.000000,615.216968,output/operator_group_ablation/ILS_iRace/drop_insert_operators/seed_056/input/synthetic/synthetic_25.txt,,,da27c8e3402deb8a0832aaa211b98a39d670003f,true,3.11.2,Linux-6.1.0-44-cloud-amd64-x86_64-with-glibc2.36,
ok,ILS_iRace,drop_order_operators,full,operator_group_ablation,group:order,input/synthetic/synthetic_25.txt,synthetic,56,irace_final,720.000000,600.000000,120.000000,244295,244295,244295,0.000000,0.000000,621.091899,output/operator_group_ablation/ILS_iRace/drop_order_operators/seed_056/input/synthetic/synthetic_25.txt,,,da27c8e3402deb8a0832aaa211b98a39d670003f,true,3.11.2,Linux-6.1.0-44-cloud-amd64-x86_64-with-glibc2.36,
ok,ILS_iRace,drop_strategic_operators,full,operator_group_ablation,group:strategic,input/synthetic/synthetic_25.txt,synthetic,56,irace_final,720.000000,600.000000,120.000000,244295,244295,244295,0.000000,0.000000,621.402184,output/operator_group_ablation/ILS_iRace/drop_strategic_operators/seed_056/input/synthetic/synthetic_25.txt,,,da27c8e3402deb8a0832aaa211b98a39d670003f,true,3.11.2,Linux-6.1.0-44-cloud-amd64-x86_64-with-glibc2.36,
ok,ILS_iRace,drop_insert_operators,full,operator_group_ablation,group:insert,input/synthetic/synthetic_25.txt,synthetic,67,irace_final,720.000000,600.000000,120.000000,244295,244295,244295,0.000000,0.000000,621.372528,output/operator_group_ablation/ILS_iRace/drop_insert_operators/seed_067/input/synthetic/synthetic_25.txt,,,da27c8e3402deb8a0832aaa211b98a39d670003f,true,3.11.2,Linux-6.1.0-44-cloud-amd64-x86_64-with-glibc2.36,
ok,ILS_iRace,drop_strategic_operators,full,operator_group_ablation,group:strategic,input/synthetic/synthetic_25.txt,synthetic,67,irace_final,720.000000,600.000000,120.000000,244295,244295,244295,0.000000,0.000000,615.428596,output/operator_group_ablation/ILS_iRace/drop_strategic_operators/seed_067/input/synthetic/synthetic_25.txt,,,da27c8e3402deb8a0832aaa211b98a39d670003f,true,3.11.2,Linux-6.1.0-44-cloud-amd64-x86_64-with-glibc2.36,
ok,ILS_iRace,drop_order_operators,full,operator_group_ablation,group:order,input/synthetic/synthetic_25.txt,synthetic,67,irace_final,720.000000,600.000000,120.000000,244295,244295,244295,0.000000,0.000000,621.163954,output/operator_group_ablation/ILS_iRace/drop_order_operators/seed_067/input/synthetic/synthetic_25.txt,,,da27c8e3402deb8a0832aaa211b98a39d670003f,true,3.11.2,Linux-6.1.0-44-cloud-amd64-x86_64-with-glibc2.36,
ok,ILS_iRace,drop_insert_operators,full,operator_group_ablation,group:insert,input/synthetic/synthetic_25.txt,synthetic,78,irace_final,720.000000,600.000000,120.000000,244295,244295,244295,0.000000,0.000000,615.355971,output/operator_group_ablation/ILS_iRace/drop_insert_operators/seed_078/input/synthetic/synthetic_25.txt,,,da27c8e3402deb8a0832aaa211b98a39d670003f,true,3.11.2,Linux-6.1.0-44-cloud-amd64-x86_64-with-glibc2.36,
ok,ILS_iRace,drop_order_operators,full,operator_group_ablation,group:order,input/synthetic/synthetic_25.txt,synthetic,78,irace_final,720.000000,600.000000,120.000000,244295,244295,244295,0.000000,0.000000,621.211147,output/operator_group_ablation/ILS_iRace/drop_order_operators/seed_078/input/synthetic/synthetic_25.txt,,,da27c8e3402deb8a0832aaa211b98a39d670003f,true,3.11.2,Linux-6.1.0-44-cloud-amd64-x86_64-with-glibc2.36,
ok,ILS_iRace,drop_strategic_operators,full,operator_group_ablation,group:strategic,input/synthetic/synthetic_25.txt,synthetic,78,irace_final,720.000000,600.000000,120.000000,244295,244295,244295,0.000000,0.000000,621.171108,output/operator_group_ablation/ILS_iRace/drop_strategic_operators/seed_078/input/synthetic/synthetic_25.txt,,,da27c8e3402deb8a0832aaa211b98a39d670003f,true,3.11.2,Linux-6.1.0-44-cloud-amd64-x86_64-with-glibc2.36,
ok,ILS_iRace,drop_insert_operators,full,operator_group_ablation,group:insert,input/synthetic/synthetic_25.txt,synthetic,89,irace_final,720.000000,600.000000,120.000000,244295,244295,244295,0.000000,0.000000,620.919266,output/operator_group_ablation/ILS_iRace/drop_insert_operators/seed_089/input/synthetic/synthetic_25.txt,,,da27c8e3402deb8a0832aaa211b98a39d670003f,true,3.11.2,Linux-6.1.0-44-cloud-amd64-x86_64-with-glibc2.36,
ok,ILS_iRace,drop_order_operators,full,operator_group_ablation,group:order,input/synthetic/synthetic_25.txt,synthetic,89,irace_final,720.000000,600.000000,120.000000,244295,244295,244295,0.000000,0.000000,615.177573,output/operator_group_ablation/ILS_iRace/drop_order_operators/seed_089/input/synthetic/synthetic_25.txt,,,da27c8e3402deb8a0832aaa211b98a39d670003f,true,3.11.2,Linux-6.1.0-44-cloud-amd64-x86_64-with-glibc2.36,
ok,ILS_iRace,drop_strategic_operators,full,operator_group_ablation,group:strategic,input/synthetic/synthetic_25.txt,synthetic,89,irace_final,720.000000,600.000000,120.000000,244295,244295,244295,0.000000,0.000000,621.084142,output/operator_group_ablation/ILS_iRace/drop_strategic_operators/seed_089/input/synthetic/synthetic_25.txt,,,da27c8e3402deb8a0832aaa211b98a39d670003f,true,3.11.2,Linux-6.1.0-44-cloud-amd64-x86_64-with-glibc2.36,
ok,ILS_iRace,drop_insert_operators,full,operator_group_ablation,group:insert,input/synthetic/synthetic_25.txt,synthetic,100,irace_final,720.000000,600.000000,120.000000,244295,244295,244295,0.000000,0.000000,615.147957,output/operator_group_ablation/ILS_iRace/drop_insert_operators/seed_100/input/synthetic/synthetic_25.txt,,,da27c8e3402deb8a0832aaa211b98a39d670003f,true,3.11.2,Linux-6.1.0-44-cloud-amd64-x86_64-with-glibc2.36,
ok,ILS_iRace,drop_order_operators,full,operator_group_ablation,group:order,input/synthetic/synthetic_25.txt,synthetic,100,irace_final,720.000000,600.000000,120.000000,244295,244295,244295,0.000000,0.000000,621.414126,output/operator_group_ablation/ILS_iRace/drop_order_operators/seed_100/input/synthetic/synthetic_25.txt,,,da27c8e3402deb8a0832aaa211b98a39d670003f,true,3.11.2,Linux-6.1.0-44-cloud-amd64-x86_64-with-glibc2.36,
ok,ILS_iRace,drop_strategic_operators,full,operator_group_ablation,group:strategic,input/synthetic/synthetic_25.txt,synthetic,100,irace_final,720.000000,600.000000,120.000000,244295,244295,244295,0.000000,0.000000,621.195812,output/operator_group_ablation/ILS_iRace/drop_strategic_operators/seed_100/input/synthetic/synthetic_25.txt,,,da27c8e3402deb8a0832aaa211b98a39d670003f,true,3.11.2,Linux-6.1.0-44-cloud-amd64-x86_64-with-glibc2.36,
ok,ILS_iRace,drop_insert_operators,full,operator_group_ablation,group:insert,input/synthetic/synthetic_30.txt,synthetic,1,irace_final,720.000000,600.000000,120.000000,2282117,2282117,2282117,0.000000,0.000000,605.041235,output/operator_group_ablation/ILS_iRace/drop_insert_operators/seed_001/input/synthetic/synthetic_30.txt,,,da27c8e3402deb8a0832aaa211b98a39d670003f,true,3.11.2,Linux-6.1.0-44-cloud-amd64-x86_64-with-glibc2.36,
ok,ILS_iRace,drop_order_operators,full,operator_group_ablation,group:order,input/synthetic/synthetic_30.txt,synthetic,1,irace_final,720.000000,600.000000,120.000000,2282117,2282117,2282117,0.000000,0.000000,605.022773,output/operator_group_ablation/ILS_iRace/drop_order_operators/seed_001/input/synthetic/synthetic_30.txt,,,da27c8e3402deb8a0832aaa211b98a39d670003f,true,3.11.2,Linux-6.1.0-44-cloud-amd64-x86_64-with-glibc2.36,
ok,ILS_iRace,drop_strategic_operators,full,operator_group_ablation,group:strategic,input/synthetic/synthetic_30.txt,synthetic,1,irace_final,720.000000,600.000000,120.000000,2282117,2282117,2282117,0.000000,0.000000,605.039642,output/operator_group_ablation/ILS_iRace/drop_strategic_operators/seed_001/input/synthetic/synthetic_30.txt,,,da27c8e3402deb8a0832aaa211b98a39d670003f,true,3.11.2,Linux-6.1.0-44-cloud-amd64-x86_64-with-glibc2.36,
ok,ILS_iRace,drop_insert_operators,full,operator_group_ablation,group:insert,input/synthetic/synthetic_30.txt,synthetic,12,irace_final,720.000000,600.000000,120.000000,2282117,2282117,2282117,0.000000,0.000000,605.023326,output/operator_group_ablation/ILS_iRace/drop_insert_operators/seed_012/input/synthetic/synthetic_30.txt,,,da27c8e3402deb8a0832aaa211b98a39d670003f,true,3.11.2,Linux-6.1.0-44-cloud-amd64-x86_64-with-glibc2.36,
ok,ILS_iRace,drop_order_operators,full,operator_group_ablation,group:order,input/synthetic/synthetic_30.txt,synthetic,12,irace_final,720.000000,600.000000,120.000000,2282117,2282117,2282117,0.000000,0.000000,605.041603,output/operator_group_ablation/ILS_iRace/drop_order_operators/seed_012/input/synthetic/synthetic_30.txt,,,da27c8e3402deb8a0832aaa211b98a39d670003f,true,3.11.2,Linux-6.1.0-44-cloud-amd64-x86_64-with-glibc2.36,
ok,ILS_iRace,drop_strategic_operators,full,operator_group_ablation,group:strategic,input/synthetic/synthetic_30.txt,synthetic,12,irace_final,720.000000,600.000000,120.000000,2282117,2282117,2282117,0.000000,0.000000,605.042973,output/operator_group_ablation/ILS_iRace/drop_strategic_operators/seed_012/input/synthetic/synthetic_30.txt,,,da27c8e3402deb8a0832aaa211b98a39d670003f,true,3.11.2,Linux-6.1.0-44-cloud-amd64-x86_64-with-glibc2.36,
ok,ILS_iRace,drop_insert_operators,full,operator_group_ablation,group:insert,input/synthetic/synthetic_30.txt,synthetic,23,irace_final,720.000000,600.000000,120.000000,2282117,2282117,2282117,0.000000,0.000000,605.042172,output/operator_group_ablation/ILS_iRace/drop_insert_operators/seed_023/input/synthetic/synthetic_30.txt,,,da27c8e3402deb8a0832aaa211b98a39d670003f,true,3.11.2,Linux-6.1.0-44-cloud-amd64-x86_64-with-glibc2.36,
ok,ILS_iRace,drop_order_operators,full,operator_group_ablation,group:order,input/synthetic/synthetic_30.txt,synthetic,23,irace_final,720.000000,600.000000,120.000000,2282117,2282117,2282117,0.000000,0.000000,605.023326,output/operator_group_ablation/ILS_iRace/drop_order_operators/seed_023/input/synthetic/synthetic_30.txt,,,da27c8e3402deb8a0832aaa211b98a39d670003f,true,3.11.2,Linux-6.1.0-44-cloud-amd64-x86_64-with-glibc2.36,
ok,ILS_iRace,drop_strategic_operators,full,operator_group_ablation,group:strategic,input/synthetic/synthetic_30.txt,synthetic,23,irace_final,720.000000,600.000000,120.000000,2282117,2282117,2282117,0.000000,0.000000,605.040478,output/operator_group_ablation/ILS_iRace/drop_strategic_operators/seed_023/input/synthetic/synthetic_30.txt,,,da27c8e3402deb8a0832aaa211b98a39d670003f,true,3.11.2,Linux-6.1.0-44-cloud-amd64-x86_64-with-glibc2.36,
ok,ILS_iRace,drop_insert_operators,full,operator_group_ablation,group:insert,input/synthetic/synthetic_30.txt,synthetic,34,irace_final,720.000000,600.000000,120.000000,2282117,2282117,2282117,0.000000,0.000000,605.022876,output/operator_group_ablation/ILS_iRace/drop_insert_operators/seed_034/input/synthetic/synthetic_30.txt,,,da27c8e3402deb8a0832aaa211b98a39d670003f,true,3.11.2,Linux-6.1.0-44-cloud-amd64-x86_64-with-glibc2.36,
ok,ILS_iRace,drop_order_operators,full,operator_group_ablation,group:order,input/synthetic/synthetic_30.txt,synthetic,34,irace_final,720.000000,600.000000,120.000000,2282117,2282117,2282117,0.000000,0.000000,605.039778,output/operator_group_ablation/ILS_iRace/drop_order_operators/seed_034/input/synthetic/synthetic_30.txt,,,da27c8e3402deb8a0832aaa211b98a39d670003f,true,3.11.2,Linux-6.1.0-44-cloud-amd64-x86_64-with-glibc2.36,
ok,ILS_iRace,drop_strategic_operators,full,operator_group_ablation,group:strategic,input/synthetic/synthetic_30.txt,synthetic,34,irace_final,720.000000,600.000000,120.000000,2282117,2282117,2282117,0.000000,0.000000,605.042294,output/operator_group_ablation/ILS_iRace/drop_strategic_operators/seed_034/input/synthetic/synthetic_30.txt,,,da27c8e3402deb8a0832aaa211b98a39d670003f,true,3.11.2,Linux-6.1.0-44-cloud-amd64-x86_64-with-glibc2.36,
ok,ILS_iRace,drop_insert_operators,full,operator_group_ablation,group:insert,input/synthetic/synthetic_30.txt,synthetic,45,irace_final,720.000000,600.000000,120.000000,2282117,2282117,2282117,0.000000,0.000000,605.042758,output/operator_group_ablation/ILS_iRace/drop_insert_operators/seed_045/input/synthetic/synthetic_30.txt,,,da27c8e3402deb8a0832aaa211b98a39d670003f,true,3.11.2,Linux-6.1.0-44-cloud-amd64-x86_64-with-glibc2.36,
ok,ILS_iRace,drop_order_operators,full,operator_group_ablation,group:order,input/synthetic/synthetic_30.txt,synthetic,45,irace_final,720.000000,600.000000,120.000000,2282117,2282117,2282117,0.000000,0.000000,605.021869,output/operator_group_ablation/ILS_iRace/drop_order_operators/seed_045/input/synthetic/synthetic_30.txt,,,da27c8e3402deb8a0832aaa211b98a39d670003f,true,3.11.2,Linux-6.1.0-44-cloud-amd64-x86_64-with-glibc2.36,
ok,ILS_iRace,drop_strategic_operators,full,operator_group_ablation,group:strategic,input/synthetic/synthetic_30.txt,synthetic,45,irace_final,720.000000,600.000000,120.000000,2282117,2282117,2282117,0.000000,0.000000,605.041175,output/operator_group_ablation/ILS_iRace/drop_strategic_operators/seed_045/input/synthetic/synthetic_30.txt,,,da27c8e3402deb8a0832aaa211b98a39d670003f,true,3.11.2,Linux-6.1.0-44-cloud-amd64-x86_64-with-glibc2.36,
ok,ILS_iRace,drop_insert_operators,full,operator_group_ablation,group:insert,input/synthetic/synthetic_30.txt,synthetic,56,irace_final,720.000000,600.000000,120.000000,2282117,2282117,2282117,0.000000,0.000000,605.023068,output/operator_group_ablation/ILS_iRace/drop_insert_operators/seed_056/input/synthetic/synthetic_30.txt,,,da27c8e3402deb8a0832aaa211b98a39d670003f,true,3.11.2,Linux-6.1.0-44-cloud-amd64-x86_64-with-glibc2.36,
ok,ILS_iRace,drop_order_operators,full,operator_group_ablation,group:order,input/synthetic/synthetic_30.txt,synthetic,56,irace_final,720.000000,600.000000,120.000000,2282117,2282117,2282117,0.000000,0.000000,605.040575,output/operator_group_ablation/ILS_iRace/drop_order_operators/seed_056/input/synthetic/synthetic_30.txt,,,da27c8e3402deb8a0832aaa211b98a39d670003f,true,3.11.2,Linux-6.1.0-44-cloud-amd64-x86_64-with-glibc2.36,
ok,ILS_iRace,drop_strategic_operators,full,operator_group_ablation,group:strategic,input/synthetic/synthetic_30.txt,synthetic,56,irace_final,720.000000,600.000000,120.000000,2282117,2282117,2282117,0.000000,0.000000,605.042450,output/operator_group_ablation/ILS_iRace/drop_strategic_operators/seed_056/input/synthetic/synthetic_30.txt,,,da27c8e3402deb8a0832aaa211b98a39d670003f,true,3.11.2,Linux-6.1.0-44-cloud-amd64-x86_64-with-glibc2.36,
ok,ILS_iRace,drop_insert_operators,full,operator_group_ablation,group:insert,input/synthetic/synthetic_30.txt,synthetic,67,irace_final,720.000000,600.000000,120.000000,2282117,2282117,2282117,0.000000,0.000000,605.041194,output/operator_group_ablation/ILS_iRace/drop_insert_operators/seed_067/input/synthetic/synthetic_30.txt,,,da27c8e3402deb8a0832aaa211b98a39d670003f,true,3.11.2,Linux-6.1.0-44-cloud-amd64-x86_64-with-glibc2.36,
ok,ILS_iRace,drop_order_operators,full,operator_group_ablation,group:order,input/synthetic/synthetic_30.txt,synthetic,67,irace_final,720.000000,600.000000,120.000000,2282117,2282117,2282117,0.000000,0.000000,605.026868,output/operator_group_ablation/ILS_iRace/drop_order_operators/seed_067/input/synthetic/synthetic_30.txt,,,da27c8e3402deb8a0832aaa211b98a39d670003f,true,3.11.2,Linux-6.1.0-44-cloud-amd64-x86_64-with-glibc2.36,
ok,ILS_iRace,drop_strategic_operators,full,operator_group_ablation,group:strategic,input/synthetic/synthetic_30.txt,synthetic,67,irace_final,720.000000,600.000000,120.000000,2282117,2282117,2282117,0.000000,0.000000,605.036020,output/operator_group_ablation/ILS_iRace/drop_strategic_operators/seed_067/input/synthetic/synthetic_30.txt,,,da27c8e3402deb8a0832aaa211b98a39d670003f,true,3.11.2,Linux-6.1.0-44-cloud-amd64-x86_64-with-glibc2.36,
ok,ILS_iRace,drop_insert_operators,full,operator_group_ablation,group:insert,input/synthetic/synthetic_30.txt,synthetic,78,irace_final,720.000000,600.000000,120.000000,2282117,2282117,2282117,0.000000,0.000000,605.022916,output/operator_group_ablation/ILS_iRace/drop_insert_operators/seed_078/input/synthetic/synthetic_30.txt,,,da27c8e3402deb8a0832aaa211b98a39d670003f,true,3.11.2,Linux-6.1.0-44-cloud-amd64-x86_64-with-glibc2.36,
ok,ILS_iRace,drop_order_operators,full,operator_group_ablation,group:order,input/synthetic/synthetic_30.txt,synthetic,78,irace_final,720.000000,600.000000,120.000000,2282117,2282117,2282117,0.000000,0.000000,605.042388,output/operator_group_ablation/ILS_iRace/drop_order_operators/seed_078/input/synthetic/synthetic_30.txt,,,da27c8e3402deb8a0832aaa211b98a39d670003f,true,3.11.2,Linux-6.1.0-44-cloud-amd64-x86_64-with-glibc2.36,
ok,ILS_iRace,drop_strategic_operators,full,operator_group_ablation,group:strategic,input/synthetic/synthetic_30.txt,synthetic,78,irace_final,720.000000,600.000000,120.000000,2282117,2282117,2282117,0.000000,0.000000,605.083520,output/operator_group_ablation/ILS_iRace/drop_strategic_operators/seed_078/input/synthetic/synthetic_30.txt,,,da27c8e3402deb8a0832aaa211b98a39d670003f,true,3.11.2,Linux-6.1.0-44-cloud-amd64-x86_64-with-glibc2.36,
ok,ILS_iRace,drop_insert_operators,full,operator_group_ablation,group:insert,input/synthetic/synthetic_30.txt,synthetic,89,irace_final,720.000000,600.000000,120.000000,2282117,2282117,2282117,0.000000,0.000000,605.043161,output/operator_group_ablation/ILS_iRace/drop_insert_operators/seed_089/input/synthetic/synthetic_30.txt,,,da27c8e3402deb8a0832aaa211b98a39d670003f,true,3.11.2,Linux-6.1.0-44-cloud-amd64-x86_64-with-glibc2.36,
ok,ILS_iRace,drop_order_operators,full,operator_group_ablation,group:order,input/synthetic/synthetic_30.txt,synthetic,89,irace_final,720.000000,600.000000,120.000000,2282117,2282117,2282117,0.000000,0.000000,605.040336,output/operator_group_ablation/ILS_iRace/drop_order_operators/seed_089/input/synthetic/synthetic_30.txt,,,da27c8e3402deb8a0832aaa211b98a39d670003f,true,3.11.2,Linux-6.1.0-44-cloud-amd64-x86_64-with-glibc2.36,
ok,ILS_iRace,drop_strategic_operators,full,operator_group_ablation,group:strategic,input/synthetic/synthetic_30.txt,synthetic,89,irace_final,720.000000,600.000000,120.000000,2282117,2282117,2282117,0.000000,0.000000,605.022818,output/operator_group_ablation/ILS_iRace/drop_strategic_operators/seed_089/input/synthetic/synthetic_30.txt,,,da27c8e3402deb8a0832aaa211b98a39d670003f,true,3.11.2,Linux-6.1.0-44-cloud-amd64-x86_64-with-glibc2.36,
ok,ILS_iRace,drop_insert_operators,full,operator_group_ablation,group:insert,input/synthetic/synthetic_30.txt,synthetic,100,irace_final,720.000000,600.000000,120.000000,2282117,2282117,2282117,0.000000,0.000000,605.022750,output/operator_group_ablation/ILS_iRace/drop_insert_operators/seed_100/input/synthetic/synthetic_30.txt,,,da27c8e3402deb8a0832aaa211b98a39d670003f,true,3.11.2,Linux-6.1.0-44-cloud-amd64-x86_64-with-glibc2.36,
ok,ILS_iRace,drop_order_operators,full,operator_group_ablation,group:order,input/synthetic/synthetic_30.txt,synthetic,100,irace_final,720.000000,600.000000,120.000000,2282117,2282117,2282117,0.000000,0.000000,605.042001,output/operator_group_ablation/ILS_iRace/drop_order_operators/seed_100/input/synthetic/synthetic_30.txt,,,da27c8e3402deb8a0832aaa211b98a39d670003f,true,3.11.2,Linux-6.1.0-44-cloud-amd64-x86_64-with-glibc2.36,
ok,ILS_iRace,drop_strategic_operators,full,operator_group_ablation,group:strategic,input/synthetic/synthetic_30.txt,synthetic,100,irace_final,720.000000,600.000000,120.000000,2282117,2282117,2282117,0.000000,0.000000,605.040214,output/operator_group_ablation/ILS_iRace/drop_strategic_operators/seed_100/input/synthetic/synthetic_30.txt,,,da27c8e3402deb8a0832aaa211b98a39d670003f,true,3.11.2,Linux-6.1.0-44-cloud-amd64-x86_64-with-glibc2.36,
ok,ILS_iRace,drop_insert_operators,full,operator_group_ablation,group:insert,input/synthetic/synthetic_35.txt,synthetic,1,irace_final,720.000000,600.000000,120.000000,163375,163375,163375,0.000000,0.000000,609.576762,output/operator_group_ablation/ILS_iRace/drop_insert_operators/seed_001/input/synthetic/synthetic_35.txt,,,da27c8e3402deb8a0832aaa211b98a39d670003f,true,3.11.2,Linux-6.1.0-44-cloud-amd64-x86_64-with-glibc2.36,
ok,ILS_iRace,drop_order_operators,full,operator_group_ablation,group:order,input/synthetic/synthetic_35.txt,synthetic,1,irace_final,720.000000,600.000000,120.000000,163375,163375,163375,0.000000,0.000000,609.592224,output/operator_group_ablation/ILS_iRace/drop_order_operators/seed_001/input/synthetic/synthetic_35.txt,,,da27c8e3402deb8a0832aaa211b98a39d670003f,true,3.11.2,Linux-6.1.0-44-cloud-amd64-x86_64-with-glibc2.36,
ok,ILS_iRace,drop_strategic_operators,full,operator_group_ablation,group:strategic,input/synthetic/synthetic_35.txt,synthetic,1,irace_final,720.000000,600.000000,120.000000,163375,163375,163375,0.000000,0.000000,607.647933,output/operator_group_ablation/ILS_iRace/drop_strategic_operators/seed_001/input/synthetic/synthetic_35.txt,,,da27c8e3402deb8a0832aaa211b98a39d670003f,true,3.11.2,Linux-6.1.0-44-cloud-amd64-x86_64-with-glibc2.36,
ok,ILS_iRace,drop_insert_operators,full,operator_group_ablation,group:insert,input/synthetic/synthetic_35.txt,synthetic,12,irace_final,720.000000,600.000000,120.000000,163375,163375,163375,0.000000,0.000000,607.827207,output/operator_group_ablation/ILS_iRace/drop_insert_operators/seed_012/input/synthetic/synthetic_35.txt,,,da27c8e3402deb8a0832aaa211b98a39d670003f,true,3.11.2,Linux-6.1.0-44-cloud-amd64-x86_64-with-glibc2.36,
ok,ILS_iRace,drop_order_operators,full,operator_group_ablation,group:order,input/synthetic/synthetic_35.txt,synthetic,12,irace_final,720.000000,600.000000,120.000000,163375,163375,163375,0.000000,0.000000,609.695512,output/operator_group_ablation/ILS_iRace/drop_order_operators/seed_012/input/synthetic/synthetic_35.txt,,,da27c8e3402deb8a0832aaa211b98a39d670003f,true,3.11.2,Linux-6.1.0-44-cloud-amd64-x86_64-with-glibc2.36,
ok,ILS_iRace,drop_strategic_operators,full,operator_group_ablation,group:strategic,input/synthetic/synthetic_35.txt,synthetic,12,irace_final,720.000000,600.000000,120.000000,163375,163375,163375,0.000000,0.000000,609.701764,output/operator_group_ablation/ILS_iRace/drop_strategic_operators/seed_012/input/synthetic/synthetic_35.txt,,,da27c8e3402deb8a0832aaa211b98a39d670003f,true,3.11.2,Linux-6.1.0-44-cloud-amd64-x86_64-with-glibc2.36,
ok,ILS_iRace,drop_insert_operators,full,operator_group_ablation,group:insert,input/synthetic/synthetic_35.txt,synthetic,23,irace_final,720.000000,600.000000,120.000000,163375,163375,163375,0.000000,0.000000,607.711839,output/operator_group_ablation/ILS_iRace/drop_insert_operators/seed_023/input/synthetic/synthetic_35.txt,,,da27c8e3402deb8a0832aaa211b98a39d670003f,true,3.11.2,Linux-6.1.0-44-cloud-amd64-x86_64-with-glibc2.36,
ok,ILS_iRace,drop_order_operators,full,operator_group_ablation,group:order,input/synthetic/synthetic_35.txt,synthetic,23,irace_final,720.000000,600.000000,120.000000,163375,163375,163375,0.000000,0.000000,609.614667,output/operator_group_ablation/ILS_iRace/drop_order_operators/seed_023/input/synthetic/synthetic_35.txt,,,da27c8e3402deb8a0832aaa211b98a39d670003f,true,3.11.2,Linux-6.1.0-44-cloud-amd64-x86_64-with-glibc2.36,
ok,ILS_iRace,drop_strategic_operators,full,operator_group_ablation,group:strategic,input/synthetic/synthetic_35.txt,synthetic,23,irace_final,720.000000,600.000000,120.000000,163375,163375,163375,0.000000,0.000000,607.601187,output/operator_group_ablation/ILS_iRace/drop_strategic_operators/seed_023/input/synthetic/synthetic_35.txt,,,da27c8e3402deb8a0832aaa211b98a39d670003f,true,3.11.2,Linux-6.1.0-44-cloud-amd64-x86_64-with-glibc2.36,
ok,ILS_iRace,drop_insert_operators,full,operator_group_ablation,group:insert,input/synthetic/synthetic_35.txt,synthetic,34,irace_final,720.000000,600.000000,120.000000,163375,163375,163375,0.000000,0.000000,609.640314,output/operator_group_ablation/ILS_iRace/drop_insert_operators/seed_034/input/synthetic/synthetic_35.txt,,,da27c8e3402deb8a0832aaa211b98a39d670003f,true,3.11.2,Linux-6.1.0-44-cloud-amd64-x86_64-with-glibc2.36,
ok,ILS_iRace,drop_order_operators,full,operator_group_ablation,group:order,input/synthetic/synthetic_35.txt,synthetic,34,irace_final,720.000000,600.000000,120.000000,163375,163375,163375,0.000000,0.000000,609.689445,output/operator_group_ablation/ILS_iRace/drop_order_operators/seed_034/input/synthetic/synthetic_35.txt,,,da27c8e3402deb8a0832aaa211b98a39d670003f,true,3.11.2,Linux-6.1.0-44-cloud-amd64-x86_64-with-glibc2.36,
ok,ILS_iRace,drop_strategic_operators,full,operator_group_ablation,group:strategic,input/synthetic/synthetic_35.txt,synthetic,34,irace_final,720.000000,600.000000,120.000000,163375,163375,163375,0.000000,0.000000,609.715751,output/operator_group_ablation/ILS_iRace/drop_strategic_operators/seed_034/input/synthetic/synthetic_35.txt,,,da27c8e3402deb8a0832aaa211b98a39d670003f,true,3.11.2,Linux-6.1.0-44-cloud-amd64-x86_64-with-glibc2.36,
ok,ILS_iRace,drop_insert_operators,full,operator_group_ablation,group:insert,input/synthetic/synthetic_35.txt,synthetic,45,irace_final,720.000000,600.000000,120.000000,163375,163375,163375,0.000000,0.000000,607.746530,output/operator_group_ablation/ILS_iRace/drop_insert_operators/seed_045/input/synthetic/synthetic_35.txt,,,da27c8e3402deb8a0832aaa211b98a39d670003f,true,3.11.2,Linux-6.1.0-44-cloud-amd64-x86_64-with-glibc2.36,
ok,ILS_iRace,drop_order_operators,full,operator_group_ablation,group:order,input/synthetic/synthetic_35.txt,synthetic,45,irace_final,720.000000,600.000000,120.000000,163375,163375,163375,0.000000,0.000000,609.555362,output/operator_group_ablation/ILS_iRace/drop_order_operators/seed_045/input/synthetic/synthetic_35.txt,,,da27c8e3402deb8a0832aaa211b98a39d670003f,true,3.11.2,Linux-6.1.0-44-cloud-amd64-x86_64-with-glibc2.36,
ok,ILS_iRace,drop_strategic_operators,full,operator_group_ablation,group:strategic,input/synthetic/synthetic_35.txt,synthetic,45,irace_final,720.000000,600.000000,120.000000,163375,163375,163375,0.000000,0.000000,607.637157,output/operator_group_ablation/ILS_iRace/drop_strategic_operators/seed_045/input/synthetic/synthetic_35.txt,,,da27c8e3402deb8a0832aaa211b98a39d670003f,true,3.11.2,Linux-6.1.0-44-cloud-amd64-x86_64-with-glibc2.36,
ok,ILS_iRace,drop_insert_operators,full,operator_group_ablation,group:insert,input/synthetic/synthetic_35.txt,synthetic,56,irace_final,720.000000,600.000000,120.000000,163375,163375,163375,0.000000,0.000000,609.715816,output/operator_group_ablation/ILS_iRace/drop_insert_operators/seed_056/input/synthetic/synthetic_35.txt,,,da27c8e3402deb8a0832aaa211b98a39d670003f,true,3.11.2,Linux-6.1.0-44-cloud-amd64-x86_64-with-glibc2.36,
ok,ILS_iRace,drop_order_operators,full,operator_group_ablation,group:order,input/synthetic/synthetic_35.txt,synthetic,56,irace_final,720.000000,600.000000,120.000000,163375,163375,163375,0.000000,0.000000,609.257197,output/operator_group_ablation/ILS_iRace/drop_order_operators/seed_056/input/synthetic/synthetic_35.txt,,,da27c8e3402deb8a0832aaa211b98a39d670003f,true,3.11.2,Linux-6.1.0-44-cloud-amd64-x86_64-with-glibc2.36,
ok,ILS_iRace,drop_strategic_operators,full,operator_group_ablation,group:strategic,input/synthetic/synthetic_35.txt,synthetic,56,irace_final,720.000000,600.000000,120.000000,163375,163375,163375,0.000000,0.000000,609.718090,output/operator_group_ablation/ILS_iRace/drop_strategic_operators/seed_056/input/synthetic/synthetic_35.txt,,,da27c8e3402deb8a0832aaa211b98a39d670003f,true,3.11.2,Linux-6.1.0-44-cloud-amd64-x86_64-with-glibc2.36,
ok,ILS_iRace,drop_insert_operators,full,operator_group_ablation,group:insert,input/synthetic/synthetic_35.txt,synthetic,67,irace_final,720.000000,600.000000,120.000000,163375,163375,163375,0.000000,0.000000,609.768524,output/operator_group_ablation/ILS_iRace/drop_insert_operators/seed_067/input/synthetic/synthetic_35.txt,,,da27c8e3402deb8a0832aaa211b98a39d670003f,true,3.11.2,Linux-6.1.0-44-cloud-amd64-x86_64-with-glibc2.36,
ok,ILS_iRace,drop_order_operators,full,operator_group_ablation,group:order,input/synthetic/synthetic_35.txt,synthetic,67,irace_final,720.000000,600.000000,120.000000,163375,163375,163375,0.000000,0.000000,607.673800,output/operator_group_ablation/ILS_iRace/drop_order_operators/seed_067/input/synthetic/synthetic_35.txt,,,da27c8e3402deb8a0832aaa211b98a39d670003f,true,3.11.2,Linux-6.1.0-44-cloud-amd64-x86_64-with-glibc2.36,
ok,ILS_iRace,drop_strategic_operators,full,operator_group_ablation,group:strategic,input/synthetic/synthetic_35.txt,synthetic,67,irace_final,720.000000,600.000000,120.000000,163375,163375,163375,0.000000,0.000000,607.583171,output/operator_group_ablation/ILS_iRace/drop_strategic_operators/seed_067/input/synthetic/synthetic_35.txt,,,da27c8e3402deb8a0832aaa211b98a39d670003f,true,3.11.2,Linux-6.1.0-44-cloud-amd64-x86_64-with-glibc2.36,
ok,ILS_iRace,drop_insert_operators,full,operator_group_ablation,group:insert,input/synthetic/synthetic_35.txt,synthetic,78,irace_final,720.000000,600.000000,120.000000,163375,163375,163375,0.000000,0.000000,609.637588,output/operator_group_ablation/ILS_iRace/drop_insert_operators/seed_078/input/synthetic/synthetic_35.txt,,,da27c8e3402deb8a0832aaa211b98a39d670003f,true,3.11.2,Linux-6.1.0-44-cloud-amd64-x86_64-with-glibc2.36,
ok,ILS_iRace,drop_order_operators,full,operator_group_ablation,group:order,input/synthetic/synthetic_35.txt,synthetic,78,irace_final,720.000000,600.000000,120.000000,163375,163375,163375,0.000000,0.000000,609.713376,output/operator_group_ablation/ILS_iRace/drop_order_operators/seed_078/input/synthetic/synthetic_35.txt,,,da27c8e3402deb8a0832aaa211b98a39d670003f,true,3.11.2,Linux-6.1.0-44-cloud-amd64-x86_64-with-glibc2.36,
ok,ILS_iRace,drop_strategic_operators,full,operator_group_ablation,group:strategic,input/synthetic/synthetic_35.txt,synthetic,78,irace_final,720.000000,600.000000,120.000000,163375,163375,163375,0.000000,0.000000,609.198326,output/operator_group_ablation/ILS_iRace/drop_strategic_operators/seed_078/input/synthetic/synthetic_35.txt,,,da27c8e3402deb8a0832aaa211b98a39d670003f,true,3.11.2,Linux-6.1.0-44-cloud-amd64-x86_64-with-glibc2.36,
ok,ILS_iRace,drop_insert_operators,full,operator_group_ablation,group:insert,input/synthetic/synthetic_35.txt,synthetic,89,irace_final,720.000000,600.000000,120.000000,163375,163375,163375,0.000000,0.000000,609.709629,output/operator_group_ablation/ILS_iRace/drop_insert_operators/seed_089/input/synthetic/synthetic_35.txt,,,da27c8e3402deb8a0832aaa211b98a39d670003f,true,3.11.2,Linux-6.1.0-44-cloud-amd64-x86_64-with-glibc2.36,
ok,ILS_iRace,drop_order_operators,full,operator_group_ablation,group:order,input/synthetic/synthetic_35.txt,synthetic,89,irace_final,720.000000,600.000000,120.000000,163375,163375,163375,0.000000,0.000000,607.720580,output/operator_group_ablation/ILS_iRace/drop_order_operators/seed_089/input/synthetic/synthetic_35.txt,,,da27c8e3402deb8a0832aaa211b98a39d670003f,true,3.11.2,Linux-6.1.0-44-cloud-amd64-x86_64-with-glibc2.36,
ok,ILS_iRace,drop_strategic_operators,full,operator_group_ablation,group:strategic,input/synthetic/synthetic_35.txt,synthetic,89,irace_final,720.000000,600.000000,120.000000,163375,163375,163375,0.000000,0.000000,607.641104,output/operator_group_ablation/ILS_iRace/drop_strategic_operators/seed_089/input/synthetic/synthetic_35.txt,,,da27c8e3402deb8a0832aaa211b98a39d670003f,true,3.11.2,Linux-6.1.0-44-cloud-amd64-x86_64-with-glibc2.36,
ok,ILS_iRace,drop_insert_operators,full,operator_group_ablation,group:insert,input/synthetic/synthetic_35.txt,synthetic,100,irace_final,720.000000,600.000000,120.000000,163375,163375,163375,0.000000,0.000000,609.731853,output/operator_group_ablation/ILS_iRace/drop_insert_operators/seed_100/input/synthetic/synthetic_35.txt,,,da27c8e3402deb8a0832aaa211b98a39d670003f,true,3.11.2,Linux-6.1.0-44-cloud-amd64-x86_64-with-glibc2.36,
ok,ILS_iRace,drop_order_operators,full,operator_group_ablation,group:order,input/synthetic/synthetic_35.txt,synthetic,100,irace_final,720.000000,600.000000,120.000000,163375,163375,163375,0.000000,0.000000,609.564534,output/operator_group_ablation/ILS_iRace/drop_order_operators/seed_100/input/synthetic/synthetic_35.txt,,,da27c8e3402deb8a0832aaa211b98a39d670003f,true,3.11.2,Linux-6.1.0-44-cloud-amd64-x86_64-with-glibc2.36,
ok,ILS_iRace,drop_strategic_operators,full,operator_group_ablation,group:strategic,input/synthetic/synthetic_35.txt,synthetic,100,irace_final,720.000000,600.000000,120.000000,163375,163375,163375,0.000000,0.000000,609.651464,output/operator_group_ablation/ILS_iRace/drop_strategic_operators/seed_100/input/synthetic/synthetic_35.txt,,,da27c8e3402deb8a0832aaa211b98a39d670003f,true,3.11.2,Linux-6.1.0-44-cloud-amd64-x86_64-with-glibc2.36,
ok,ILS_iRace,drop_insert_operators,full,operator_group_ablation,group:insert,input/synthetic/synthetic_40.txt,synthetic,1,irace_final,720.000000,600.000000,120.000000,236992,236992,236992,0.000000,0.000000,610.412086,output/operator_group_ablation/ILS_iRace/drop_insert_operators/seed_001/input/synthetic/synthetic_40.txt,,,da27c8e3402deb8a0832aaa211b98a39d670003f,true,3.11.2,Linux-6.1.0-44-cloud-amd64-x86_64-with-glibc2.36,
ok,ILS_iRace,drop_order_operators,full,operator_group_ablation,group:order,input/synthetic/synthetic_40.txt,synthetic,1,irace_final,720.000000,600.000000,120.000000,236992,236992,236992,0.000000,0.000000,608.477030,output/operator_group_ablation/ILS_iRace/drop_order_operators/seed_001/input/synthetic/synthetic_40.txt,,,da27c8e3402deb8a0832aaa211b98a39d670003f,true,3.11.2,Linux-6.1.0-44-cloud-amd64-x86_64-with-glibc2.36,
ok,ILS_iRace,drop_strategic_operators,full,operator_group_ablation,group:strategic,input/synthetic/synthetic_40.txt,synthetic,1,irace_final,720.000000,600.000000,120.000000,236992,236992,236992,0.000000,0.000000,608.526586,output/operator_group_ablation/ILS_iRace/drop_strategic_operators/seed_001/input/synthetic/synthetic_40.txt,,,da27c8e3402deb8a0832aaa211b98a39d670003f,true,3.11.2,Linux-6.1.0-44-cloud-amd64-x86_64-with-glibc2.36,
ok,ILS_iRace,drop_insert_operators,full,operator_group_ablation,group:insert,input/synthetic/synthetic_40.txt,synthetic,12,irace_final,720.000000,600.000000,120.000000,236992,236992,236992,0.000000,0.000000,610.480998,output/operator_group_ablation/ILS_iRace/drop_insert_operators/seed_012/input/synthetic/synthetic_40.txt,,,da27c8e3402deb8a0832aaa211b98a39d670003f,true,3.11.2,Linux-6.1.0-44-cloud-amd64-x86_64-with-glibc2.36,
ok,ILS_iRace,drop_order_operators,full,operator_group_ablation,group:order,input/synthetic/synthetic_40.txt,synthetic,12,irace_final,720.000000,600.000000,120.000000,236992,236992,236992,0.000000,0.000000,610.765662,output/operator_group_ablation/ILS_iRace/drop_order_operators/seed_012/input/synthetic/synthetic_40.txt,,,da27c8e3402deb8a0832aaa211b98a39d670003f,true,3.11.2,Linux-6.1.0-44-cloud-amd64-x86_64-with-glibc2.36,
ok,ILS_iRace,drop_strategic_operators,full,operator_group_ablation,group:strategic,input/synthetic/synthetic_40.txt,synthetic,12,irace_final,720.000000,600.000000,120.000000,236992,236992,236992,0.000000,0.000000,610.790138,output/operator_group_ablation/ILS_iRace/drop_strategic_operators/seed_012/input/synthetic/synthetic_40.txt,,,da27c8e3402deb8a0832aaa211b98a39d670003f,true,3.11.2,Linux-6.1.0-44-cloud-amd64-x86_64-with-glibc2.36,
ok,ILS_iRace,drop_insert_operators,full,operator_group_ablation,group:insert,input/synthetic/synthetic_40.txt,synthetic,23,irace_final,720.000000,600.000000,120.000000,236992,236992,236992,0.000000,0.000000,610.798303,output/operator_group_ablation/ILS_iRace/drop_insert_operators/seed_023/input/synthetic/synthetic_40.txt,,,da27c8e3402deb8a0832aaa211b98a39d670003f,true,3.11.2,Linux-6.1.0-44-cloud-amd64-x86_64-with-glibc2.36,
ok,ILS_iRace,drop_order_operators,full,operator_group_ablation,group:order,input/synthetic/synthetic_40.txt,synthetic,23,irace_final,720.000000,600.000000,120.000000,236992,236992,236992,0.000000,0.000000,608.454431,output/operator_group_ablation/ILS_iRace/drop_order_operators/seed_023/input/synthetic/synthetic_40.txt,,,da27c8e3402deb8a0832aaa211b98a39d670003f,true,3.11.2,Linux-6.1.0-44-cloud-amd64-x86_64-with-glibc2.36,
ok,ILS_iRace,drop_strategic_operators,full,operator_group_ablation,group:strategic,input/synthetic/synthetic_40.txt,synthetic,23,irace_final,720.000000,600.000000,120.000000,236992,236992,236992,0.000000,0.000000,608.425035,output/operator_group_ablation/ILS_iRace/drop_strategic_operators/seed_023/input/synthetic/synthetic_40.txt,,,da27c8e3402deb8a0832aaa211b98a39d670003f,true,3.11.2,Linux-6.1.0-44-cloud-amd64-x86_64-with-glibc2.36,
ok,ILS_iRace,drop_insert_operators,full,operator_group_ablation,group:insert,input/synthetic/synthetic_40.txt,synthetic,34,irace_final,720.000000,600.000000,120.000000,236992,236992,236992,0.000000,0.000000,610.805840,output/operator_group_ablation/ILS_iRace/drop_insert_operators/seed_034/input/synthetic/synthetic_40.txt,,,da27c8e3402deb8a0832aaa211b98a39d670003f,true,3.11.2,Linux-6.1.0-44-cloud-amd64-x86_64-with-glibc2.36,
ok,ILS_iRace,drop_order_operators,full,operator_group_ablation,group:order,input/synthetic/synthetic_40.txt,synthetic,34,irace_final,720.000000,600.000000,120.000000,236992,236992,236992,0.000000,0.000000,610.868145,output/operator_group_ablation/ILS_iRace/drop_order_operators/seed_034/input/synthetic/synthetic_40.txt,,,da27c8e3402deb8a0832aaa211b98a39d670003f,true,3.11.2,Linux-6.1.0-44-cloud-amd64-x86_64-with-glibc2.36,
ok,ILS_iRace,drop_strategic_operators,full,operator_group_ablation,group:strategic,input/synthetic/synthetic_40.txt,synthetic,34,irace_final,720.000000,600.000000,120.000000,236992,236992,236992,0.000000,0.000000,610.480072,output/operator_group_ablation/ILS_iRace/drop_strategic_operators/seed_034/input/synthetic/synthetic_40.txt,,,da27c8e3402deb8a0832aaa211b98a39d670003f,true,3.11.2,Linux-6.1.0-44-cloud-amd64-x86_64-with-glibc2.36,
ok,ILS_iRace,drop_insert_operators,full,operator_group_ablation,group:insert,input/synthetic/synthetic_40.txt,synthetic,45,irace_final,720.000000,600.000000,120.000000,236992,236992,236992,0.000000,0.000000,610.566032,output/operator_group_ablation/ILS_iRace/drop_insert_operators/seed_045/input/synthetic/synthetic_40.txt,,,da27c8e3402deb8a0832aaa211b98a39d670003f,true,3.11.2,Linux-6.1.0-44-cloud-amd64-x86_64-with-glibc2.36,
ok,ILS_iRace,drop_order_operators,full,operator_group_ablation,group:order,input/synthetic/synthetic_40.txt,synthetic,45,irace_final,720.000000,600.000000,120.000000,236992,236992,236992,0.000000,0.000000,608.391964,output/operator_group_ablation/ILS_iRace/drop_order_operators/seed_045/input/synthetic/synthetic_40.txt,,,da27c8e3402deb8a0832aaa211b98a39d670003f,true,3.11.2,Linux-6.1.0-44-cloud-amd64-x86_64-with-glibc2.36,
ok,ILS_iRace,drop_strategic_operators,full,operator_group_ablation,group:strategic,input/synthetic/synthetic_40.txt,synthetic,45,irace_final,720.000000,600.000000,120.000000,236992,236992,236992,0.000000,0.000000,608.309136,output/operator_group_ablation/ILS_iRace/drop_strategic_operators/seed_045/input/synthetic/synthetic_40.txt,,,da27c8e3402deb8a0832aaa211b98a39d670003f,true,3.11.2,Linux-6.1.0-44-cloud-amd64-x86_64-with-glibc2.36,
ok,ILS_iRace,drop_insert_operators,full,operator_group_ablation,group:insert,input/synthetic/synthetic_40.txt,synthetic,56,irace_final,720.000000,600.000000,120.000000,236992,236992,236992,0.000000,0.000000,610.888056,output/operator_group_ablation/ILS_iRace/drop_insert_operators/seed_056/input/synthetic/synthetic_40.txt,,,da27c8e3402deb8a0832aaa211b98a39d670003f,true,3.11.2,Linux-6.1.0-44-cloud-amd64-x86_64-with-glibc2.36,
ok,ILS_iRace,drop_order_operators,full,operator_group_ablation,group:order,input/synthetic/synthetic_40.txt,synthetic,56,irace_final,720.000000,600.000000,120.000000,236992,236992,236992,0.000000,0.000000,610.630175,output/operator_group_ablation/ILS_iRace/drop_order_operators/seed_056/input/synthetic/synthetic_40.txt,,,da27c8e3402deb8a0832aaa211b98a39d670003f,true,3.11.2,Linux-6.1.0-44-cloud-amd64-x86_64-with-glibc2.36,
ok,ILS_iRace,drop_strategic_operators,full,operator_group_ablation,group:strategic,input/synthetic/synthetic_40.txt,synthetic,56,irace_final,720.000000,600.000000,120.000000,236992,236992,236992,0.000000,0.000000,610.371135,output/operator_group_ablation/ILS_iRace/drop_strategic_operators/seed_056/input/synthetic/synthetic_40.txt,,,da27c8e3402deb8a0832aaa211b98a39d670003f,true,3.11.2,Linux-6.1.0-44-cloud-amd64-x86_64-with-glibc2.36,
ok,ILS_iRace,drop_insert_operators,full,operator_group_ablation,group:insert,input/synthetic/synthetic_40.txt,synthetic,67,irace_final,720.000000,600.000000,120.000000,236992,236992,236992,0.000000,0.000000,610.535758,output/operator_group_ablation/ILS_iRace/drop_insert_operators/seed_067/input/synthetic/synthetic_40.txt,,,da27c8e3402deb8a0832aaa211b98a39d670003f,true,3.11.2,Linux-6.1.0-44-cloud-amd64-x86_64-with-glibc2.36,
ok,ILS_iRace,drop_order_operators,full,operator_group_ablation,group:order,input/synthetic/synthetic_40.txt,synthetic,67,irace_final,720.000000,600.000000,120.000000,236992,236992,236992,0.000000,0.000000,608.399293,output/operator_group_ablation/ILS_iRace/drop_order_operators/seed_067/input/synthetic/synthetic_40.txt,,,da27c8e3402deb8a0832aaa211b98a39d670003f,true,3.11.2,Linux-6.1.0-44-cloud-amd64-x86_64-with-glibc2.36,
ok,ILS_iRace,drop_strategic_operators,full,operator_group_ablation,group:strategic,input/synthetic/synthetic_40.txt,synthetic,67,irace_final,720.000000,600.000000,120.000000,236992,236992,236992,0.000000,0.000000,608.066257,output/operator_group_ablation/ILS_iRace/drop_strategic_operators/seed_067/input/synthetic/synthetic_40.txt,,,da27c8e3402deb8a0832aaa211b98a39d670003f,true,3.11.2,Linux-6.1.0-44-cloud-amd64-x86_64-with-glibc2.36,
ok,ILS_iRace,drop_insert_operators,full,operator_group_ablation,group:insert,input/synthetic/synthetic_40.txt,synthetic,78,irace_final,720.000000,600.000000,120.000000,236992,236992,236992,0.000000,0.000000,610.575901,output/operator_group_ablation/ILS_iRace/drop_insert_operators/seed_078/input/synthetic/synthetic_40.txt,,,da27c8e3402deb8a0832aaa211b98a39d670003f,true,3.11.2,Linux-6.1.0-44-cloud-amd64-x86_64-with-glibc2.36,
ok,ILS_iRace,drop_order_operators,full,operator_group_ablation,group:order,input/synthetic/synthetic_40.txt,synthetic,78,irace_final,720.000000,600.000000,120.000000,236992,236992,236992,0.000000,0.000000,610.762678,output/operator_group_ablation/ILS_iRace/drop_order_operators/seed_078/input/synthetic/synthetic_40.txt,,,da27c8e3402deb8a0832aaa211b98a39d670003f,true,3.11.2,Linux-6.1.0-44-cloud-amd64-x86_64-with-glibc2.36,
ok,ILS_iRace,drop_strategic_operators,full,operator_group_ablation,group:strategic,input/synthetic/synthetic_40.txt,synthetic,78,irace_final,720.000000,600.000000,120.000000,236992,236992,236992,0.000000,0.000000,610.704633,output/operator_group_ablation/ILS_iRace/drop_strategic_operators/seed_078/input/synthetic/synthetic_40.txt,,,da27c8e3402deb8a0832aaa211b98a39d670003f,true,3.11.2,Linux-6.1.0-44-cloud-amd64-x86_64-with-glibc2.36,
ok,ILS_iRace,drop_insert_operators,full,operator_group_ablation,group:insert,input/synthetic/synthetic_40.txt,synthetic,89,irace_final,720.000000,600.000000,120.000000,236992,236992,236992,0.000000,0.000000,610.670314,output/operator_group_ablation/ILS_iRace/drop_insert_operators/seed_089/input/synthetic/synthetic_40.txt,,,da27c8e3402deb8a0832aaa211b98a39d670003f,true,3.11.2,Linux-6.1.0-44-cloud-amd64-x86_64-with-glibc2.36,
ok,ILS_iRace,drop_order_operators,full,operator_group_ablation,group:order,input/synthetic/synthetic_40.txt,synthetic,89,irace_final,720.000000,600.000000,120.000000,236992,236992,236992,0.000000,0.000000,608.395798,output/operator_group_ablation/ILS_iRace/drop_order_operators/seed_089/input/synthetic/synthetic_40.txt,,,da27c8e3402deb8a0832aaa211b98a39d670003f,true,3.11.2,Linux-6.1.0-44-cloud-amd64-x86_64-with-glibc2.36,
ok,ILS_iRace,drop_strategic_operators,full,operator_group_ablation,group:strategic,input/synthetic/synthetic_40.txt,synthetic,89,irace_final,720.000000,600.000000,120.000000,236992,236992,236992,0.000000,0.000000,608.246774,output/operator_group_ablation/ILS_iRace/drop_strategic_operators/seed_089/input/synthetic/synthetic_40.txt,,,da27c8e3402deb8a0832aaa211b98a39d670003f,true,3.11.2,Linux-6.1.0-44-cloud-amd64-x86_64-with-glibc2.36,
ok,ILS_iRace,drop_insert_operators,full,operator_group_ablation,group:insert,input/synthetic/synthetic_40.txt,synthetic,100,irace_final,720.000000,600.000000,120.000000,236992,236992,236992,0.000000,0.000000,610.944671,output/operator_group_ablation/ILS_iRace/drop_insert_operators/seed_100/input/synthetic/synthetic_40.txt,,,da27c8e3402deb8a0832aaa211b98a39d670003f,true,3.11.2,Linux-6.1.0-44-cloud-amd64-x86_64-with-glibc2.36,
ok,ILS_iRace,drop_order_operators,full,operator_group_ablation,group:order,input/synthetic/synthetic_40.txt,synthetic,100,irace_final,720.000000,600.000000,120.000000,236992,236992,236992,0.000000,0.000000,610.554403,output/operator_group_ablation/ILS_iRace/drop_order_operators/seed_100/input/synthetic/synthetic_40.txt,,,da27c8e3402deb8a0832aaa211b98a39d670003f,true,3.11.2,Linux-6.1.0-44-cloud-amd64-x86_64-with-glibc2.36,
ok,ILS_iRace,drop_strategic_operators,full,operator_group_ablation,group:strategic,input/synthetic/synthetic_40.txt,synthetic,100,irace_final,720.000000,600.000000,120.000000,236992,236992,236992,0.000000,0.000000,610.798517,output/operator_group_ablation/ILS_iRace/drop_strategic_operators/seed_100/input/synthetic/synthetic_40.txt,,,da27c8e3402deb8a0832aaa211b98a39d670003f,true,3.11.2,Linux-6.1.0-44-cloud-amd64-x86_64-with-glibc2.36,
ok,ILS_iRace,drop_insert_operators,full,operator_group_ablation,group:insert,input/synthetic/synthetic_45.txt,synthetic,1,irace_final,720.000000,600.000000,120.000000,1063158,1063158,11254939,90.553854,0.000000,611.674581,output/operator_group_ablation/ILS_iRace/drop_insert_operators/seed_001/input/synthetic/synthetic_45.txt,,,da27c8e3402deb8a0832aaa211b98a39d670003f,true,3.11.2,Linux-6.1.0-44-cloud-amd64-x86_64-with-glibc2.36,
ok,ILS_iRace,drop_order_operators,full,operator_group_ablation,group:order,input/synthetic/synthetic_45.txt,synthetic,1,irace_final,720.000000,600.000000,120.000000,1063158,1063158,11254939,90.553854,0.000000,609.005910,output/operator_group_ablation/ILS_iRace/drop_order_operators/seed_001/input/synthetic/synthetic_45.txt,,,da27c8e3402deb8a0832aaa211b98a39d670003f,true,3.11.2,Linux-6.1.0-44-cloud-amd64-x86_64-with-glibc2.36,
ok,ILS_iRace,drop_strategic_operators,full,operator_group_ablation,group:strategic,input/synthetic/synthetic_45.txt,synthetic,1,irace_final,720.000000,600.000000,120.000000,1063158,1063158,11254939,90.553854,0.000000,608.981147,output/operator_group_ablation/ILS_iRace/drop_strategic_operators/seed_001/input/synthetic/synthetic_45.txt,,,da27c8e3402deb8a0832aaa211b98a39d670003f,true,3.11.2,Linux-6.1.0-44-cloud-amd64-x86_64-with-glibc2.36,
ok,ILS_iRace,drop_insert_operators,full,operator_group_ablation,group:insert,input/synthetic/synthetic_45.txt,synthetic,12,irace_final,720.000000,600.000000,120.000000,1063158,1063158,11254939,90.553854,0.000000,611.564570,output/operator_group_ablation/ILS_iRace/drop_insert_operators/seed_012/input/synthetic/synthetic_45.txt,,,da27c8e3402deb8a0832aaa211b98a39d670003f,true,3.11.2,Linux-6.1.0-44-cloud-amd64-x86_64-with-glibc2.36,
ok,ILS_iRace,drop_order_operators,full,operator_group_ablation,group:order,input/synthetic/synthetic_45.txt,synthetic,12,irace_final,720.000000,600.000000,120.000000,1063158,1063158,11254939,90.553854,0.000000,611.614929,output/operator_group_ablation/ILS_iRace/drop_order_operators/seed_012/input/synthetic/synthetic_45.txt,,,da27c8e3402deb8a0832aaa211b98a39d670003f,true,3.11.2,Linux-6.1.0-44-cloud-amd64-x86_64-with-glibc2.36,
ok,ILS_iRace,drop_strategic_operators,full,operator_group_ablation,group:strategic,input/synthetic/synthetic_45.txt,synthetic,12,irace_final,720.000000,600.000000,120.000000,1063158,1063158,11254939,90.553854,0.000000,611.520047,output/operator_group_ablation/ILS_iRace/drop_strategic_operators/seed_012/input/synthetic/synthetic_45.txt,,,da27c8e3402deb8a0832aaa211b98a39d670003f,true,3.11.2,Linux-6.1.0-44-cloud-amd64-x86_64-with-glibc2.36,
ok,ILS_iRace,drop_insert_operators,full,operator_group_ablation,group:insert,input/synthetic/synthetic_45.txt,synthetic,23,irace_final,720.000000,600.000000,120.000000,1063158,1063158,11254939,90.553854,0.000000,611.995794,output/operator_group_ablation/ILS_iRace/drop_insert_operators/seed_023/input/synthetic/synthetic_45.txt,,,da27c8e3402deb8a0832aaa211b98a39d670003f,true,3.11.2,Linux-6.1.0-44-cloud-amd64-x86_64-with-glibc2.36,
ok,ILS_iRace,drop_order_operators,full,operator_group_ablation,group:order,input/synthetic/synthetic_45.txt,synthetic,23,irace_final,720.000000,600.000000,120.000000,1063158,1063158,11254939,90.553854,0.000000,609.066718,output/operator_group_ablation/ILS_iRace/drop_order_operators/seed_023/input/synthetic/synthetic_45.txt,,,da27c8e3402deb8a0832aaa211b98a39d670003f,true,3.11.2,Linux-6.1.0-44-cloud-amd64-x86_64-with-glibc2.36,
ok,ILS_iRace,drop_strategic_operators,full,operator_group_ablation,group:strategic,input/synthetic/synthetic_45.txt,synthetic,23,irace_final,720.000000,600.000000,120.000000,1063158,1063158,11254939,90.553854,0.000000,608.958169,output/operator_group_ablation/ILS_iRace/drop_strategic_operators/seed_023/input/synthetic/synthetic_45.txt,,,da27c8e3402deb8a0832aaa211b98a39d670003f,true,3.11.2,Linux-6.1.0-44-cloud-amd64-x86_64-with-glibc2.36,
ok,ILS_iRace,drop_insert_operators,full,operator_group_ablation,group:insert,input/synthetic/synthetic_45.txt,synthetic,34,irace_final,720.000000,600.000000,120.000000,1063158,1063158,11254939,90.553854,0.000000,611.857986,output/operator_group_ablation/ILS_iRace/drop_insert_operators/seed_034/input/synthetic/synthetic_45.txt,,,da27c8e3402deb8a0832aaa211b98a39d670003f,true,3.11.2,Linux-6.1.0-44-cloud-amd64-x86_64-with-glibc2.36,
ok,ILS_iRace,drop_order_operators,full,operator_group_ablation,group:order,input/synthetic/synthetic_45.txt,synthetic,34,irace_final,720.000000,600.000000,120.000000,1063158,1063158,11254939,90.553854,0.000000,611.549354,output/operator_group_ablation/ILS_iRace/drop_order_operators/seed_034/input/synthetic/synthetic_45.txt,,,da27c8e3402deb8a0832aaa211b98a39d670003f,true,3.11.2,Linux-6.1.0-44-cloud-amd64-x86_64-with-glibc2.36,
ok,ILS_iRace,drop_strategic_operators,full,operator_group_ablation,group:strategic,input/synthetic/synthetic_45.txt,synthetic,34,irace_final,720.000000,600.000000,120.000000,1063158,1063158,11254939,90.553854,0.000000,611.609990,output/operator_group_ablation/ILS_iRace/drop_strategic_operators/seed_034/input/synthetic/synthetic_45.txt,,,da27c8e3402deb8a0832aaa211b98a39d670003f,true,3.11.2,Linux-6.1.0-44-cloud-amd64-x86_64-with-glibc2.36,
ok,ILS_iRace,drop_insert_operators,full,operator_group_ablation,group:insert,input/synthetic/synthetic_45.txt,synthetic,45,irace_final,720.000000,600.000000,120.000000,1063158,1063158,11254939,90.553854,0.000000,611.343816,output/operator_group_ablation/ILS_iRace/drop_insert_operators/seed_045/input/synthetic/synthetic_45.txt,,,da27c8e3402deb8a0832aaa211b98a39d670003f,true,3.11.2,Linux-6.1.0-44-cloud-amd64-x86_64-with-glibc2.36,
ok,ILS_iRace,drop_order_operators,full,operator_group_ablation,group:order,input/synthetic/synthetic_45.txt,synthetic,45,irace_final,720.000000,600.000000,120.000000,1063158,1063158,11254939,90.553854,0.000000,608.892583,output/operator_group_ablation/ILS_iRace/drop_order_operators/seed_045/input/synthetic/synthetic_45.txt,,,da27c8e3402deb8a0832aaa211b98a39d670003f,true,3.11.2,Linux-6.1.0-44-cloud-amd64-x86_64-with-glibc2.36,
ok,ILS_iRace,drop_strategic_operators,full,operator_group_ablation,group:strategic,input/synthetic/synthetic_45.txt,synthetic,45,irace_final,720.000000,600.000000,120.000000,1063158,1063158,11254939,90.553854,0.000000,609.045041,output/operator_group_ablation/ILS_iRace/drop_strategic_operators/seed_045/input/synthetic/synthetic_45.txt,,,da27c8e3402deb8a0832aaa211b98a39d670003f,true,3.11.2,Linux-6.1.0-44-cloud-amd64-x86_64-with-glibc2.36,
ok,ILS_iRace,drop_insert_operators,full,operator_group_ablation,group:insert,input/synthetic/synthetic_45.txt,synthetic,56,irace_final,720.000000,600.000000,120.000000,1063158,1063158,11254939,90.553854,0.000000,611.319239,output/operator_group_ablation/ILS_iRace/drop_insert_operators/seed_056/input/synthetic/synthetic_45.txt,,,da27c8e3402deb8a0832aaa211b98a39d670003f,true,3.11.2,Linux-6.1.0-44-cloud-amd64-x86_64-with-glibc2.36,
ok,ILS_iRace,drop_order_operators,full,operator_group_ablation,group:order,input/synthetic/synthetic_45.txt,synthetic,56,irace_final,720.000000,600.000000,120.000000,1063158,1063158,11254939,90.553854,0.000000,612.036599,output/operator_group_ablation/ILS_iRace/drop_order_operators/seed_056/input/synthetic/synthetic_45.txt,,,da27c8e3402deb8a0832aaa211b98a39d670003f,true,3.11.2,Linux-6.1.0-44-cloud-amd64-x86_64-with-glibc2.36,
ok,ILS_iRace,drop_strategic_operators,full,operator_group_ablation,group:strategic,input/synthetic/synthetic_45.txt,synthetic,56,irace_final,720.000000,600.000000,120.000000,1063158,1063158,11254939,90.553854,0.000000,611.545804,output/operator_group_ablation/ILS_iRace/drop_strategic_operators/seed_056/input/synthetic/synthetic_45.txt,,,da27c8e3402deb8a0832aaa211b98a39d670003f,true,3.11.2,Linux-6.1.0-44-cloud-amd64-x86_64-with-glibc2.36,
ok,ILS_iRace,drop_insert_operators,full,operator_group_ablation,group:insert,input/synthetic/synthetic_45.txt,synthetic,67,irace_final,720.000000,600.000000,120.000000,1063158,1063158,11254939,90.553854,0.000000,611.964105,output/operator_group_ablation/ILS_iRace/drop_insert_operators/seed_067/input/synthetic/synthetic_45.txt,,,da27c8e3402deb8a0832aaa211b98a39d670003f,true,3.11.2,Linux-6.1.0-44-cloud-amd64-x86_64-with-glibc2.36,
ok,ILS_iRace,drop_order_operators,full,operator_group_ablation,group:order,input/synthetic/synthetic_45.txt,synthetic,67,irace_final,720.000000,600.000000,120.000000,1063158,1063158,11254939,90.553854,0.000000,608.975442,output/operator_group_ablation/ILS_iRace/drop_order_operators/seed_067/input/synthetic/synthetic_45.txt,,,da27c8e3402deb8a0832aaa211b98a39d670003f,true,3.11.2,Linux-6.1.0-44-cloud-amd64-x86_64-with-glibc2.36,
ok,ILS_iRace,drop_strategic_operators,full,operator_group_ablation,group:strategic,input/synthetic/synthetic_45.txt,synthetic,67,irace_final,720.000000,600.000000,120.000000,1063158,1063158,11254939,90.553854,0.000000,608.992958,output/operator_group_ablation/ILS_iRace/drop_strategic_operators/seed_067/input/synthetic/synthetic_45.txt,,,da27c8e3402deb8a0832aaa211b98a39d670003f,true,3.11.2,Linux-6.1.0-44-cloud-amd64-x86_64-with-glibc2.36,
ok,ILS_iRace,drop_insert_operators,full,operator_group_ablation,group:insert,input/synthetic/synthetic_45.txt,synthetic,78,irace_final,720.000000,600.000000,120.000000,1063158,1063158,11254939,90.553854,0.000000,611.670643,output/operator_group_ablation/ILS_iRace/drop_insert_operators/seed_078/input/synthetic/synthetic_45.txt,,,da27c8e3402deb8a0832aaa211b98a39d670003f,true,3.11.2,Linux-6.1.0-44-cloud-amd64-x86_64-with-glibc2.36,
ok,ILS_iRace,drop_order_operators,full,operator_group_ablation,group:order,input/synthetic/synthetic_45.txt,synthetic,78,irace_final,720.000000,600.000000,120.000000,1063158,1063158,11254939,90.553854,0.000000,611.467828,output/operator_group_ablation/ILS_iRace/drop_order_operators/seed_078/input/synthetic/synthetic_45.txt,,,da27c8e3402deb8a0832aaa211b98a39d670003f,true,3.11.2,Linux-6.1.0-44-cloud-amd64-x86_64-with-glibc2.36,
ok,ILS_iRace,drop_strategic_operators,full,operator_group_ablation,group:strategic,input/synthetic/synthetic_45.txt,synthetic,78,irace_final,720.000000,600.000000,120.000000,1063158,1063158,11254939,90.553854,0.000000,611.551862,output/operator_group_ablation/ILS_iRace/drop_strategic_operators/seed_078/input/synthetic/synthetic_45.txt,,,da27c8e3402deb8a0832aaa211b98a39d670003f,true,3.11.2,Linux-6.1.0-44-cloud-amd64-x86_64-with-glibc2.36,
ok,ILS_iRace,drop_insert_operators,full,operator_group_ablation,group:insert,input/synthetic/synthetic_45.txt,synthetic,89,irace_final,720.000000,600.000000,120.000000,1063158,1063158,11254939,90.553854,0.000000,612.306758,output/operator_group_ablation/ILS_iRace/drop_insert_operators/seed_089/input/synthetic/synthetic_45.txt,,,da27c8e3402deb8a0832aaa211b98a39d670003f,true,3.11.2,Linux-6.1.0-44-cloud-amd64-x86_64-with-glibc2.36,
ok,ILS_iRace,drop_order_operators,full,operator_group_ablation,group:order,input/synthetic/synthetic_45.txt,synthetic,89,irace_final,720.000000,600.000000,120.000000,1063158,1063158,11254939,90.553854,0.000000,609.653941,output/operator_group_ablation/ILS_iRace/drop_order_operators/seed_089/input/synthetic/synthetic_45.txt,,,da27c8e3402deb8a0832aaa211b98a39d670003f,true,3.11.2,Linux-6.1.0-44-cloud-amd64-x86_64-with-glibc2.36,
ok,ILS_iRace,drop_strategic_operators,full,operator_group_ablation,group:strategic,input/synthetic/synthetic_45.txt,synthetic,89,irace_final,720.000000,600.000000,120.000000,1063158,1063158,11254939,90.553854,0.000000,608.922146,output/operator_group_ablation/ILS_iRace/drop_strategic_operators/seed_089/input/synthetic/synthetic_45.txt,,,da27c8e3402deb8a0832aaa211b98a39d670003f,true,3.11.2,Linux-6.1.0-44-cloud-amd64-x86_64-with-glibc2.36,
ok,ILS_iRace,drop_insert_operators,full,operator_group_ablation,group:insert,input/synthetic/synthetic_45.txt,synthetic,100,irace_final,720.000000,600.000000,120.000000,1063158,1063158,11254939,90.553854,0.000000,611.747633,output/operator_group_ablation/ILS_iRace/drop_insert_operators/seed_100/input/synthetic/synthetic_45.txt,,,da27c8e3402deb8a0832aaa211b98a39d670003f,true,3.11.2,Linux-6.1.0-44-cloud-amd64-x86_64-with-glibc2.36,
ok,ILS_iRace,drop_order_operators,full,operator_group_ablation,group:order,input/synthetic/synthetic_45.txt,synthetic,100,irace_final,720.000000,600.000000,120.000000,1063158,1063158,11254939,90.553854,0.000000,611.540574,output/operator_group_ablation/ILS_iRace/drop_order_operators/seed_100/input/synthetic/synthetic_45.txt,,,da27c8e3402deb8a0832aaa211b98a39d670003f,true,3.11.2,Linux-6.1.0-44-cloud-amd64-x86_64-with-glibc2.36,
ok,ILS_iRace,drop_strategic_operators,full,operator_group_ablation,group:strategic,input/synthetic/synthetic_45.txt,synthetic,100,irace_final,720.000000,600.000000,120.000000,1063158,1063158,11254939,90.553854,0.000000,611.171205,output/operator_group_ablation/ILS_iRace/drop_strategic_operators/seed_100/input/synthetic/synthetic_45.txt,,,da27c8e3402deb8a0832aaa211b98a39d670003f,true,3.11.2,Linux-6.1.0-44-cloud-amd64-x86_64-with-glibc2.36,
ok,ILS_iRace,drop_insert_operators,full,operator_group_ablation,group:insert,input/synthetic/synthetic_50.txt,synthetic,1,irace_final,720.000000,600.000000,120.000000,142479,142479,142479,0.000000,0.000000,612.609191,output/operator_group_ablation/ILS_iRace/drop_insert_operators/seed_001/input/synthetic/synthetic_50.txt,,,da27c8e3402deb8a0832aaa211b98a39d670003f,true,3.11.2,Linux-6.1.0-44-cloud-amd64-x86_64-with-glibc2.36,
ok,ILS_iRace,drop_order_operators,full,operator_group_ablation,group:order,input/synthetic/synthetic_50.txt,synthetic,1,irace_final,720.000000,600.000000,120.000000,142479,142479,142479,0.000000,0.000000,612.348744,output/operator_group_ablation/ILS_iRace/drop_order_operators/seed_001/input/synthetic/synthetic_50.txt,,,da27c8e3402deb8a0832aaa211b98a39d670003f,true,3.11.2,Linux-6.1.0-44-cloud-amd64-x86_64-with-glibc2.36,
ok,ILS_iRace,drop_strategic_operators,full,operator_group_ablation,group:strategic,input/synthetic/synthetic_50.txt,synthetic,1,irace_final,720.000000,600.000000,120.000000,142479,142479,142479,0.000000,0.000000,609.807001,output/operator_group_ablation/ILS_iRace/drop_strategic_operators/seed_001/input/synthetic/synthetic_50.txt,,,da27c8e3402deb8a0832aaa211b98a39d670003f,true,3.11.2,Linux-6.1.0-44-cloud-amd64-x86_64-with-glibc2.36,
ok,ILS_iRace,drop_insert_operators,full,operator_group_ablation,group:insert,input/synthetic/synthetic_50.txt,synthetic,12,irace_final,720.000000,600.000000,120.000000,142479,142479,142479,0.000000,0.000000,612.350706,output/operator_group_ablation/ILS_iRace/drop_insert_operators/seed_012/input/synthetic/synthetic_50.txt,,,da27c8e3402deb8a0832aaa211b98a39d670003f,true,3.11.2,Linux-6.1.0-44-cloud-amd64-x86_64-with-glibc2.36,
ok,ILS_iRace,drop_strategic_operators,full,operator_group_ablation,group:strategic,input/synthetic/synthetic_50.txt,synthetic,12,irace_final,720.000000,600.000000,120.000000,142479,142479,142479,0.000000,0.000000,609.935055,output/operator_group_ablation/ILS_iRace/drop_strategic_operators/seed_012/input/synthetic/synthetic_50.txt,,,da27c8e3402deb8a0832aaa211b98a39d670003f,true,3.11.2,Linux-6.1.0-44-cloud-amd64-x86_64-with-glibc2.36,
ok,ILS_iRace,drop_order_operators,full,operator_group_ablation,group:order,input/synthetic/synthetic_50.txt,synthetic,12,irace_final,720.000000,600.000000,120.000000,142479,142479,142479,0.000000,0.000000,613.328944,output/operator_group_ablation/ILS_iRace/drop_order_operators/seed_012/input/synthetic/synthetic_50.txt,,,da27c8e3402deb8a0832aaa211b98a39d670003f,true,3.11.2,Linux-6.1.0-44-cloud-amd64-x86_64-with-glibc2.36,
ok,ILS_iRace,drop_insert_operators,full,operator_group_ablation,group:insert,input/synthetic/synthetic_50.txt,synthetic,23,irace_final,720.000000,600.000000,120.000000,142479,142479,142479,0.000000,0.000000,612.366624,output/operator_group_ablation/ILS_iRace/drop_insert_operators/seed_023/input/synthetic/synthetic_50.txt,,,da27c8e3402deb8a0832aaa211b98a39d670003f,true,3.11.2,Linux-6.1.0-44-cloud-amd64-x86_64-with-glibc2.36,
ok,ILS_iRace,drop_strategic_operators,full,operator_group_ablation,group:strategic,input/synthetic/synthetic_50.txt,synthetic,23,irace_final,720.000000,600.000000,120.000000,142479,142479,142479,0.000000,0.000000,609.799154,output/operator_group_ablation/ILS_iRace/drop_strategic_operators/seed_023/input/synthetic/synthetic_50.txt,,,da27c8e3402deb8a0832aaa211b98a39d670003f,true,3.11.2,Linux-6.1.0-44-cloud-amd64-x86_64-with-glibc2.36,
ok,ILS_iRace,drop_order_operators,full,operator_group_ablation,group:order,input/synthetic/synthetic_50.txt,synthetic,23,irace_final,720.000000,600.000000,120.000000,142479,142479,142479,0.000000,0.000000,612.187119,output/operator_group_ablation/ILS_iRace/drop_order_operators/seed_023/input/synthetic/synthetic_50.txt,,,da27c8e3402deb8a0832aaa211b98a39d670003f,true,3.11.2,Linux-6.1.0-44-cloud-amd64-x86_64-with-glibc2.36,
ok,ILS_iRace,drop_insert_operators,full,operator_group_ablation,group:insert,input/synthetic/synthetic_50.txt,synthetic,34,irace_final,720.000000,600.000000,120.000000,142479,142479,142479,0.000000,0.000000,612.701986,output/operator_group_ablation/ILS_iRace/drop_insert_operators/seed_034/input/synthetic/synthetic_50.txt,,,da27c8e3402deb8a0832aaa211b98a39d670003f,true,3.11.2,Linux-6.1.0-44-cloud-amd64-x86_64-with-glibc2.36,
ok,ILS_iRace,drop_order_operators,full,operator_group_ablation,group:order,input/synthetic/synthetic_50.txt,synthetic,34,irace_final,720.000000,600.000000,120.000000,142479,142479,142479,0.000000,0.000000,610.003210,output/operator_group_ablation/ILS_iRace/drop_order_operators/seed_034/input/synthetic/synthetic_50.txt,,,da27c8e3402deb8a0832aaa211b98a39d670003f,true,3.11.2,Linux-6.1.0-44-cloud-amd64-x86_64-with-glibc2.36,
ok,ILS_iRace,drop_strategic_operators,full,operator_group_ablation,group:strategic,input/synthetic/synthetic_50.txt,synthetic,34,irace_final,720.000000,600.000000,120.000000,142479,142479,142479,0.000000,0.000000,612.548421,output/operator_group_ablation/ILS_iRace/drop_strategic_operators/seed_034/input/synthetic/synthetic_50.txt,,,da27c8e3402deb8a0832aaa211b98a39d670003f,true,3.11.2,Linux-6.1.0-44-cloud-amd64-x86_64-with-glibc2.36,
ok,ILS_iRace,drop_insert_operators,full,operator_group_ablation,group:insert,input/synthetic/synthetic_50.txt,synthetic,45,irace_final,720.000000,600.000000,120.000000,142479,142479,142479,0.000000,0.000000,612.957127,output/operator_group_ablation/ILS_iRace/drop_insert_operators/seed_045/input/synthetic/synthetic_50.txt,,,da27c8e3402deb8a0832aaa211b98a39d670003f,true,3.11.2,Linux-6.1.0-44-cloud-amd64-x86_64-with-glibc2.36,
ok,ILS_iRace,drop_order_operators,full,operator_group_ablation,group:order,input/synthetic/synthetic_50.txt,synthetic,45,irace_final,720.000000,600.000000,120.000000,142479,142479,142479,0.000000,0.000000,609.814507,output/operator_group_ablation/ILS_iRace/drop_order_operators/seed_045/input/synthetic/synthetic_50.txt,,,da27c8e3402deb8a0832aaa211b98a39d670003f,true,3.11.2,Linux-6.1.0-44-cloud-amd64-x86_64-with-glibc2.36,
ok,ILS_iRace,drop_strategic_operators,full,operator_group_ablation,group:strategic,input/synthetic/synthetic_50.txt,synthetic,45,irace_final,720.000000,600.000000,120.000000,142479,142479,142479,0.000000,0.000000,612.678257,output/operator_group_ablation/ILS_iRace/drop_strategic_operators/seed_045/input/synthetic/synthetic_50.txt,,,da27c8e3402deb8a0832aaa211b98a39d670003f,true,3.11.2,Linux-6.1.0-44-cloud-amd64-x86_64-with-glibc2.36,
ok,ILS_iRace,drop_insert_operators,full,operator_group_ablation,group:insert,input/synthetic/synthetic_50.txt,synthetic,56,irace_final,720.000000,600.000000,120.000000,142479,142479,142479,0.000000,0.000000,609.889034,output/operator_group_ablation/ILS_iRace/drop_insert_operators/seed_056/input/synthetic/synthetic_50.txt,,,da27c8e3402deb8a0832aaa211b98a39d670003f,true,3.11.2,Linux-6.1.0-44-cloud-amd64-x86_64-with-glibc2.36,
ok,ILS_iRace,drop_order_operators,full,operator_group_ablation,group:order,input/synthetic/synthetic_50.txt,synthetic,56,irace_final,720.000000,600.000000,120.000000,142479,142479,142479,0.000000,0.000000,612.805552,output/operator_group_ablation/ILS_iRace/drop_order_operators/seed_056/input/synthetic/synthetic_50.txt,,,da27c8e3402deb8a0832aaa211b98a39d670003f,true,3.11.2,Linux-6.1.0-44-cloud-amd64-x86_64-with-glibc2.36,
ok,ILS_iRace,drop_strategic_operators,full,operator_group_ablation,group:strategic,input/synthetic/synthetic_50.txt,synthetic,56,irace_final,720.000000,600.000000,120.000000,142479,142479,142479,0.000000,0.000000,612.029034,output/operator_group_ablation/ILS_iRace/drop_strategic_operators/seed_056/input/synthetic/synthetic_50.txt,,,da27c8e3402deb8a0832aaa211b98a39d670003f,true,3.11.2,Linux-6.1.0-44-cloud-amd64-x86_64-with-glibc2.36,
ok,ILS_iRace,drop_insert_operators,full,operator_group_ablation,group:insert,input/synthetic/synthetic_50.txt,synthetic,67,irace_final,720.000000,600.000000,120.000000,142479,142479,142479,0.000000,0.000000,612.225356,output/operator_group_ablation/ILS_iRace/drop_insert_operators/seed_067/input/synthetic/synthetic_50.txt,,,da27c8e3402deb8a0832aaa211b98a39d670003f,true,3.11.2,Linux-6.1.0-44-cloud-amd64-x86_64-with-glibc2.36,
ok,ILS_iRace,drop_order_operators,full,operator_group_ablation,group:order,input/synthetic/synthetic_50.txt,synthetic,67,irace_final,720.000000,600.000000,120.000000,142479,142479,142479,0.000000,0.000000,609.597162,output/operator_group_ablation/ILS_iRace/drop_order_operators/seed_067/input/synthetic/synthetic_50.txt,,,da27c8e3402deb8a0832aaa211b98a39d670003f,true,3.11.2,Linux-6.1.0-44-cloud-amd64-x86_64-with-glibc2.36,
ok,ILS_iRace,drop_strategic_operators,full,operator_group_ablation,group:strategic,input/synthetic/synthetic_50.txt,synthetic,67,irace_final,720.000000,600.000000,120.000000,142479,142479,142479,0.000000,0.000000,611.872301,output/operator_group_ablation/ILS_iRace/drop_strategic_operators/seed_067/input/synthetic/synthetic_50.txt,,,da27c8e3402deb8a0832aaa211b98a39d670003f,true,3.11.2,Linux-6.1.0-44-cloud-amd64-x86_64-with-glibc2.36,
ok,ILS_iRace,drop_insert_operators,full,operator_group_ablation,group:insert,input/synthetic/synthetic_50.txt,synthetic,78,irace_final,720.000000,600.000000,120.000000,142479,142479,142479,0.000000,0.000000,610.343620,output/operator_group_ablation/ILS_iRace/drop_insert_operators/seed_078/input/synthetic/synthetic_50.txt,,,da27c8e3402deb8a0832aaa211b98a39d670003f,true,3.11.2,Linux-6.1.0-44-cloud-amd64-x86_64-with-glibc2.36,
ok,ILS_iRace,drop_order_operators,full,operator_group_ablation,group:order,input/synthetic/synthetic_50.txt,synthetic,78,irace_final,720.000000,600.000000,120.000000,142479,142479,142479,0.000000,0.000000,612.371650,output/operator_group_ablation/ILS_iRace/drop_order_operators/seed_078/input/synthetic/synthetic_50.txt,,,da27c8e3402deb8a0832aaa211b98a39d670003f,true,3.11.2,Linux-6.1.0-44-cloud-amd64-x86_64-with-glibc2.36,
ok,ILS_iRace,drop_strategic_operators,full,operator_group_ablation,group:strategic,input/synthetic/synthetic_50.txt,synthetic,78,irace_final,720.000000,600.000000,120.000000,142479,142479,142479,0.000000,0.000000,612.756361,output/operator_group_ablation/ILS_iRace/drop_strategic_operators/seed_078/input/synthetic/synthetic_50.txt,,,da27c8e3402deb8a0832aaa211b98a39d670003f,true,3.11.2,Linux-6.1.0-44-cloud-amd64-x86_64-with-glibc2.36,
ok,ILS_iRace,drop_insert_operators,full,operator_group_ablation,group:insert,input/synthetic/synthetic_50.txt,synthetic,89,irace_final,720.000000,600.000000,120.000000,142479,142479,142479,0.000000,0.000000,612.511087,output/operator_group_ablation/ILS_iRace/drop_insert_operators/seed_089/input/synthetic/synthetic_50.txt,,,da27c8e3402deb8a0832aaa211b98a39d670003f,true,3.11.2,Linux-6.1.0-44-cloud-amd64-x86_64-with-glibc2.36,
ok,ILS_iRace,drop_order_operators,full,operator_group_ablation,group:order,input/synthetic/synthetic_50.txt,synthetic,89,irace_final,720.000000,600.000000,120.000000,142479,142479,142479,0.000000,0.000000,610.131648,output/operator_group_ablation/ILS_iRace/drop_order_operators/seed_089/input/synthetic/synthetic_50.txt,,,da27c8e3402deb8a0832aaa211b98a39d670003f,true,3.11.2,Linux-6.1.0-44-cloud-amd64-x86_64-with-glibc2.36,
ok,ILS_iRace,drop_strategic_operators,full,operator_group_ablation,group:strategic,input/synthetic/synthetic_50.txt,synthetic,89,irace_final,720.000000,600.000000,120.000000,142479,142479,142479,0.000000,0.000000,609.560282,output/operator_group_ablation/ILS_iRace/drop_strategic_operators/seed_089/input/synthetic/synthetic_50.txt,,,da27c8e3402deb8a0832aaa211b98a39d670003f,true,3.11.2,Linux-6.1.0-44-cloud-amd64-x86_64-with-glibc2.36,
ok,ILS_iRace,drop_insert_operators,full,operator_group_ablation,group:insert,input/synthetic/synthetic_50.txt,synthetic,100,irace_final,720.000000,600.000000,120.000000,142479,142479,142479,0.000000,0.000000,612.661138,output/operator_group_ablation/ILS_iRace/drop_insert_operators/seed_100/input/synthetic/synthetic_50.txt,,,da27c8e3402deb8a0832aaa211b98a39d670003f,true,3.11.2,Linux-6.1.0-44-cloud-amd64-x86_64-with-glibc2.36,
ok,ILS_iRace,drop_order_operators,full,operator_group_ablation,group:order,input/synthetic/synthetic_50.txt,synthetic,100,irace_final,720.000000,600.000000,120.000000,142479,142479,142479,0.000000,0.000000,612.953114,output/operator_group_ablation/ILS_iRace/drop_order_operators/seed_100/input/synthetic/synthetic_50.txt,,,da27c8e3402deb8a0832aaa211b98a39d670003f,true,3.11.2,Linux-6.1.0-44-cloud-amd64-x86_64-with-glibc2.36,
ok,ILS_iRace,drop_strategic_operators,full,operator_group_ablation,group:strategic,input/synthetic/synthetic_50.txt,synthetic,100,irace_final,720.000000,600.000000,120.000000,142479,142479,142479,0.000000,0.000000,612.170500,output/operator_group_ablation/ILS_iRace/drop_strategic_operators/seed_100/input/synthetic/synthetic_50.txt,,,da27c8e3402deb8a0832aaa211b98a39d670003f,true,3.11.2,Linux-6.1.0-44-cloud-amd64-x86_64-with-glibc2.36,
ok,ILS_iRace,drop_insert_operators,full,operator_group_ablation,group:insert,input/synthetic/synthetic_55.txt,synthetic,1,irace_final,720.000000,600.000000,120.000000,65074,65074,65074,0.000000,0.000000,612.609914,output/operator_group_ablation/ILS_iRace/drop_insert_operators/seed_001/input/synthetic/synthetic_55.txt,,,da27c8e3402deb8a0832aaa211b98a39d670003f,true,3.11.2,Linux-6.1.0-44-cloud-amd64-x86_64-with-glibc2.36,
ok,ILS_iRace,drop_order_operators,full,operator_group_ablation,group:order,input/synthetic/synthetic_55.txt,synthetic,1,irace_final,720.000000,600.000000,120.000000,65074,65074,65074,0.000000,0.000000,614.180612,output/operator_group_ablation/ILS_iRace/drop_order_operators/seed_001/input/synthetic/synthetic_55.txt,,,da27c8e3402deb8a0832aaa211b98a39d670003f,true,3.11.2,Linux-6.1.0-44-cloud-amd64-x86_64-with-glibc2.36,
ok,ILS_iRace,drop_strategic_operators,full,operator_group_ablation,group:strategic,input/synthetic/synthetic_55.txt,synthetic,1,irace_final,720.000000,600.000000,120.000000,65074,65074,65074,0.000000,0.000000,611.642507,output/operator_group_ablation/ILS_iRace/drop_strategic_operators/seed_001/input/synthetic/synthetic_55.txt,,,da27c8e3402deb8a0832aaa211b98a39d670003f,true,3.11.2,Linux-6.1.0-44-cloud-amd64-x86_64-with-glibc2.36,
ok,ILS_iRace,drop_insert_operators,full,operator_group_ablation,group:insert,input/synthetic/synthetic_55.txt,synthetic,12,irace_final,720.000000,600.000000,120.000000,65074,65074,65074,0.000000,0.000000,614.512498,output/operator_group_ablation/ILS_iRace/drop_insert_operators/seed_012/input/synthetic/synthetic_55.txt,,,da27c8e3402deb8a0832aaa211b98a39d670003f,true,3.11.2,Linux-6.1.0-44-cloud-amd64-x86_64-with-glibc2.36,
ok,ILS_iRace,drop_order_operators,full,operator_group_ablation,group:order,input/synthetic/synthetic_55.txt,synthetic,12,irace_final,720.000000,600.000000,120.000000,65074,65074,65074,0.000000,0.000000,614.451567,output/operator_group_ablation/ILS_iRace/drop_order_operators/seed_012/input/synthetic/synthetic_55.txt,,,da27c8e3402deb8a0832aaa211b98a39d670003f,true,3.11.2,Linux-6.1.0-44-cloud-amd64-x86_64-with-glibc2.36,
ok,ILS_iRace,drop_strategic_operators,full,operator_group_ablation,group:strategic,input/synthetic/synthetic_55.txt,synthetic,12,irace_final,720.000000,600.000000,120.000000,65074,65074,65074,0.000000,0.000000,614.709097,output/operator_group_ablation/ILS_iRace/drop_strategic_operators/seed_012/input/synthetic/synthetic_55.txt,,,da27c8e3402deb8a0832aaa211b98a39d670003f,true,3.11.2,Linux-6.1.0-44-cloud-amd64-x86_64-with-glibc2.36,
ok,ILS_iRace,drop_insert_operators,full,operator_group_ablation,group:insert,input/synthetic/synthetic_55.txt,synthetic,23,irace_final,720.000000,600.000000,120.000000,65074,65074,65074,0.000000,0.000000,614.431648,output/operator_group_ablation/ILS_iRace/drop_insert_operators/seed_023/input/synthetic/synthetic_55.txt,,,da27c8e3402deb8a0832aaa211b98a39d670003f,true,3.11.2,Linux-6.1.0-44-cloud-amd64-x86_64-with-glibc2.36,
ok,ILS_iRace,drop_order_operators,full,operator_group_ablation,group:order,input/synthetic/synthetic_55.txt,synthetic,23,irace_final,720.000000,600.000000,120.000000,65074,65074,65074,0.000000,0.000000,611.829536,output/operator_group_ablation/ILS_iRace/drop_order_operators/seed_023/input/synthetic/synthetic_55.txt,,,da27c8e3402deb8a0832aaa211b98a39d670003f,true,3.11.2,Linux-6.1.0-44-cloud-amd64-x86_64-with-glibc2.36,
ok,ILS_iRace,drop_strategic_operators,full,operator_group_ablation,group:strategic,input/synthetic/synthetic_55.txt,synthetic,23,irace_final,720.000000,600.000000,120.000000,65074,65074,65074,0.000000,0.000000,614.622724,output/operator_group_ablation/ILS_iRace/drop_strategic_operators/seed_023/input/synthetic/synthetic_55.txt,,,da27c8e3402deb8a0832aaa211b98a39d670003f,true,3.11.2,Linux-6.1.0-44-cloud-amd64-x86_64-with-glibc2.36,
ok,ILS_iRace,drop_insert_operators,full,operator_group_ablation,group:insert,input/synthetic/synthetic_55.txt,synthetic,34,irace_final,720.000000,600.000000,120.000000,65074,65074,65074,0.000000,0.000000,611.388804,output/operator_group_ablation/ILS_iRace/drop_insert_operators/seed_034/input/synthetic/synthetic_55.txt,,,da27c8e3402deb8a0832aaa211b98a39d670003f,true,3.11.2,Linux-6.1.0-44-cloud-amd64-x86_64-with-glibc2.36,
ok,ILS_iRace,drop_order_operators,full,operator_group_ablation,group:order,input/synthetic/synthetic_55.txt,synthetic,34,irace_final,720.000000,600.000000,120.000000,65074,65074,65074,0.000000,0.000000,614.680788,output/operator_group_ablation/ILS_iRace/drop_order_operators/seed_034/input/synthetic/synthetic_55.txt,,,da27c8e3402deb8a0832aaa211b98a39d670003f,true,3.11.2,Linux-6.1.0-44-cloud-amd64-x86_64-with-glibc2.36,
ok,ILS_iRace,drop_strategic_operators,full,operator_group_ablation,group:strategic,input/synthetic/synthetic_55.txt,synthetic,34,irace_final,720.000000,600.000000,120.000000,65074,65074,65074,0.000000,0.000000,614.449219,output/operator_group_ablation/ILS_iRace/drop_strategic_operators/seed_034/input/synthetic/synthetic_55.txt,,,da27c8e3402deb8a0832aaa211b98a39d670003f,true,3.11.2,Linux-6.1.0-44-cloud-amd64-x86_64-with-glibc2.36,
ok,ILS_iRace,drop_insert_operators,full,operator_group_ablation,group:insert,input/synthetic/synthetic_55.txt,synthetic,45,irace_final,720.000000,600.000000,120.000000,65074,65074,65074,0.000000,0.000000,614.651556,output/operator_group_ablation/ILS_iRace/drop_insert_operators/seed_045/input/synthetic/synthetic_55.txt,,,da27c8e3402deb8a0832aaa211b98a39d670003f,true,3.11.2,Linux-6.1.0-44-cloud-amd64-x86_64-with-glibc2.36,
ok,ILS_iRace,drop_order_operators,full,operator_group_ablation,group:order,input/synthetic/synthetic_55.txt,synthetic,45,irace_final,720.000000,600.000000,120.000000,65074,65074,65074,0.000000,0.000000,614.131944,output/operator_group_ablation/ILS_iRace/drop_order_operators/seed_045/input/synthetic/synthetic_55.txt,,,da27c8e3402deb8a0832aaa211b98a39d670003f,true,3.11.2,Linux-6.1.0-44-cloud-amd64-x86_64-with-glibc2.36,
ok,ILS_iRace,drop_strategic_operators,full,operator_group_ablation,group:strategic,input/synthetic/synthetic_55.txt,synthetic,45,irace_final,720.000000,600.000000,120.000000,65074,65074,65074,0.000000,0.000000,611.459382,output/operator_group_ablation/ILS_iRace/drop_strategic_operators/seed_045/input/synthetic/synthetic_55.txt,,,da27c8e3402deb8a0832aaa211b98a39d670003f,true,3.11.2,Linux-6.1.0-44-cloud-amd64-x86_64-with-glibc2.36,
ok,ILS_iRace,drop_insert_operators,full,operator_group_ablation,group:insert,input/synthetic/synthetic_55.txt,synthetic,56,irace_final,720.000000,600.000000,120.000000,65074,65074,65074,0.000000,0.000000,611.960892,output/operator_group_ablation/ILS_iRace/drop_insert_operators/seed_056/input/synthetic/synthetic_55.txt,,,da27c8e3402deb8a0832aaa211b98a39d670003f,true,3.11.2,Linux-6.1.0-44-cloud-amd64-x86_64-with-glibc2.36,
ok,ILS_iRace,drop_order_operators,full,operator_group_ablation,group:order,input/synthetic/synthetic_55.txt,synthetic,56,irace_final,720.000000,600.000000,120.000000,65074,65074,65074,0.000000,0.000000,614.416854,output/operator_group_ablation/ILS_iRace/drop_order_operators/seed_056/input/synthetic/synthetic_55.txt,,,da27c8e3402deb8a0832aaa211b98a39d670003f,true,3.11.2,Linux-6.1.0-44-cloud-amd64-x86_64-with-glibc2.36,
ok,ILS_iRace,drop_strategic_operators,full,operator_group_ablation,group:strategic,input/synthetic/synthetic_55.txt,synthetic,56,irace_final,720.000000,600.000000,120.000000,65074,65074,65074,0.000000,0.000000,615.005112,output/operator_group_ablation/ILS_iRace/drop_strategic_operators/seed_056/input/synthetic/synthetic_55.txt,,,da27c8e3402deb8a0832aaa211b98a39d670003f,true,3.11.2,Linux-6.1.0-44-cloud-amd64-x86_64-with-glibc2.36,
ok,ILS_iRace,drop_insert_operators,full,operator_group_ablation,group:insert,input/synthetic/synthetic_55.txt,synthetic,67,irace_final,720.000000,600.000000,120.000000,65074,65074,65074,0.000000,0.000000,614.916891,output/operator_group_ablation/ILS_iRace/drop_insert_operators/seed_067/input/synthetic/synthetic_55.txt,,,da27c8e3402deb8a0832aaa211b98a39d670003f,true,3.11.2,Linux-6.1.0-44-cloud-amd64-x86_64-with-glibc2.36,
ok,ILS_iRace,drop_order_operators,full,operator_group_ablation,group:order,input/synthetic/synthetic_55.txt,synthetic,67,irace_final,720.000000,600.000000,120.000000,65074,65074,65074,0.000000,0.000000,611.320299,output/operator_group_ablation/ILS_iRace/drop_order_operators/seed_067/input/synthetic/synthetic_55.txt,,,da27c8e3402deb8a0832aaa211b98a39d670003f,true,3.11.2,Linux-6.1.0-44-cloud-amd64-x86_64-with-glibc2.36,
ok,ILS_iRace,drop_strategic_operators,full,operator_group_ablation,group:strategic,input/synthetic/synthetic_55.txt,synthetic,67,irace_final,720.000000,600.000000,120.000000,65074,65074,65074,0.000000,0.000000,611.577778,output/operator_group_ablation/ILS_iRace/drop_strategic_operators/seed_067/input/synthetic/synthetic_55.txt,,,da27c8e3402deb8a0832aaa211b98a39d670003f,true,3.11.2,Linux-6.1.0-44-cloud-amd64-x86_64-with-glibc2.36,
ok,ILS_iRace,drop_insert_operators,full,operator_group_ablation,group:insert,input/synthetic/synthetic_55.txt,synthetic,78,irace_final,720.000000,600.000000,120.000000,65074,65074,65074,0.000000,0.000000,614.324438,output/operator_group_ablation/ILS_iRace/drop_insert_operators/seed_078/input/synthetic/synthetic_55.txt,,,da27c8e3402deb8a0832aaa211b98a39d670003f,true,3.11.2,Linux-6.1.0-44-cloud-amd64-x86_64-with-glibc2.36,
ok,ILS_iRace,drop_order_operators,full,operator_group_ablation,group:order,input/synthetic/synthetic_55.txt,synthetic,78,irace_final,720.000000,600.000000,120.000000,65074,65074,65074,0.000000,0.000000,615.086374,output/operator_group_ablation/ILS_iRace/drop_order_operators/seed_078/input/synthetic/synthetic_55.txt,,,da27c8e3402deb8a0832aaa211b98a39d670003f,true,3.11.2,Linux-6.1.0-44-cloud-amd64-x86_64-with-glibc2.36,
ok,ILS_iRace,drop_strategic_operators,full,operator_group_ablation,group:strategic,input/synthetic/synthetic_55.txt,synthetic,78,irace_final,720.000000,600.000000,120.000000,65074,65074,65074,0.000000,0.000000,614.914782,output/operator_group_ablation/ILS_iRace/drop_strategic_operators/seed_078/input/synthetic/synthetic_55.txt,,,da27c8e3402deb8a0832aaa211b98a39d670003f,true,3.11.2,Linux-6.1.0-44-cloud-amd64-x86_64-with-glibc2.36,
ok,ILS_iRace,drop_insert_operators,full,operator_group_ablation,group:insert,input/synthetic/synthetic_55.txt,synthetic,89,irace_final,720.000000,600.000000,120.000000,65074,65074,65074,0.000000,0.000000,614.672384,output/operator_group_ablation/ILS_iRace/drop_insert_operators/seed_089/input/synthetic/synthetic_55.txt,,,da27c8e3402deb8a0832aaa211b98a39d670003f,true,3.11.2,Linux-6.1.0-44-cloud-amd64-x86_64-with-glibc2.36,
ok,ILS_iRace,drop_order_operators,full,operator_group_ablation,group:order,input/synthetic/synthetic_55.txt,synthetic,89,irace_final,720.000000,600.000000,120.000000,65074,65074,65074,0.000000,0.000000,611.496176,output/operator_group_ablation/ILS_iRace/drop_order_operators/seed_089/input/synthetic/synthetic_55.txt,,,da27c8e3402deb8a0832aaa211b98a39d670003f,true,3.11.2,Linux-6.1.0-44-cloud-amd64-x86_64-with-glibc2.36,
ok,ILS_iRace,drop_strategic_operators,full,operator_group_ablation,group:strategic,input/synthetic/synthetic_55.txt,synthetic,89,irace_final,720.000000,600.000000,120.000000,65074,65074,65074,0.000000,0.000000,611.250144,output/operator_group_ablation/ILS_iRace/drop_strategic_operators/seed_089/input/synthetic/synthetic_55.txt,,,da27c8e3402deb8a0832aaa211b98a39d670003f,true,3.11.2,Linux-6.1.0-44-cloud-amd64-x86_64-with-glibc2.36,
ok,ILS_iRace,drop_insert_operators,full,operator_group_ablation,group:insert,input/synthetic/synthetic_55.txt,synthetic,100,irace_final,720.000000,600.000000,120.000000,65074,65074,65074,0.000000,0.000000,614.367489,output/operator_group_ablation/ILS_iRace/drop_insert_operators/seed_100/input/synthetic/synthetic_55.txt,,,da27c8e3402deb8a0832aaa211b98a39d670003f,true,3.11.2,Linux-6.1.0-44-cloud-amd64-x86_64-with-glibc2.36,
ok,ILS_iRace,drop_order_operators,full,operator_group_ablation,group:order,input/synthetic/synthetic_55.txt,synthetic,100,irace_final,720.000000,600.000000,120.000000,65074,65074,65074,0.000000,0.000000,614.682231,output/operator_group_ablation/ILS_iRace/drop_order_operators/seed_100/input/synthetic/synthetic_55.txt,,,da27c8e3402deb8a0832aaa211b98a39d670003f,true,3.11.2,Linux-6.1.0-44-cloud-amd64-x86_64-with-glibc2.36,
ok,ILS_iRace,drop_strategic_operators,full,operator_group_ablation,group:strategic,input/synthetic/synthetic_55.txt,synthetic,100,irace_final,720.000000,600.000000,120.000000,65074,65074,65074,0.000000,0.000000,614.431506,output/operator_group_ablation/ILS_iRace/drop_strategic_operators/seed_100/input/synthetic/synthetic_55.txt,,,da27c8e3402deb8a0832aaa211b98a39d670003f,true,3.11.2,Linux-6.1.0-44-cloud-amd64-x86_64-with-glibc2.36,
ok,ILS_iRace,drop_order_operators,full,operator_group_ablation,group:order,input/synthetic/synthetic_60.txt,synthetic,1,irace_final,720.000000,600.000000,120.000000,18662994,18671305,33626312,44.474122,0.044532,663.628500,output/operator_group_ablation/ILS_iRace/drop_order_operators/seed_001/input/synthetic/synthetic_60.txt,,,da27c8e3402deb8a0832aaa211b98a39d670003f,true,3.11.2,Linux-6.1.0-44-cloud-amd64-x86_64-with-glibc2.36,
ok,ILS_iRace,drop_strategic_operators,full,operator_group_ablation,group:strategic,input/synthetic/synthetic_60.txt,synthetic,1,irace_final,720.000000,600.000000,120.000000,18662994,18679462,33626312,44.449864,0.088239,664.671336,output/operator_group_ablation/ILS_iRace/drop_strategic_operators/seed_001/input/synthetic/synthetic_60.txt,,,da27c8e3402deb8a0832aaa211b98a39d670003f,true,3.11.2,Linux-6.1.0-44-cloud-amd64-x86_64-with-glibc2.36,
ok,ILS_iRace,drop_insert_operators,full,operator_group_ablation,group:insert,input/synthetic/synthetic_60.txt,synthetic,1,irace_final,720.000000,600.000000,120.000000,18662994,18666936,33626312,44.487115,0.021122,702.232715,output/operator_group_ablation/ILS_iRace/drop_insert_operators/seed_001/input/synthetic/synthetic_60.txt,,,da27c8e3402deb8a0832aaa211b98a39d670003f,true,3.11.2,Linux-6.1.0-44-cloud-amd64-x86_64-with-glibc2.36,
ok,ILS_iRace,drop_insert_operators,full,operator_group_ablation,group:insert,input/synthetic/synthetic_60.txt,synthetic,12,irace_final,720.000000,600.000000,120.000000,18670402,18670402,33626312,44.476807,0.000000,701.114019,output/operator_group_ablation/ILS_iRace/drop_insert_operators/seed_012/input/synthetic/synthetic_60.txt,,,da27c8e3402deb8a0832aaa211b98a39d670003f,true,3.11.2,Linux-6.1.0-44-cloud-amd64-x86_64-with-glibc2.36,
ok,ILS_iRace,drop_order_operators,full,operator_group_ablation,group:order,input/synthetic/synthetic_60.txt,synthetic,12,irace_final,720.000000,600.000000,120.000000,18670402,18682376,33626312,44.441198,0.064134,702.769262,output/operator_group_ablation/ILS_iRace/drop_order_operators/seed_012/input/synthetic/synthetic_60.txt,,,da27c8e3402deb8a0832aaa211b98a39d670003f,true,3.11.2,Linux-6.1.0-44-cloud-amd64-x86_64-with-glibc2.36,
ok,ILS_iRace,drop_strategic_operators,full,operator_group_ablation,group:strategic,input/synthetic/synthetic_60.txt,synthetic,12,irace_final,720.000000,600.000000,120.000000,18670402,18672160,33626312,44.471579,0.009416,705.365652,output/operator_group_ablation/ILS_iRace/drop_strategic_operators/seed_012/input/synthetic/synthetic_60.txt,,,da27c8e3402deb8a0832aaa211b98a39d670003f,true,3.11.2,Linux-6.1.0-44-cloud-amd64-x86_64-with-glibc2.36,
ok,ILS_iRace,drop_order_operators,full,operator_group_ablation,group:order,input/synthetic/synthetic_60.txt,synthetic,23,irace_final,720.000000,600.000000,120.000000,18662994,18682591,33626312,44.440559,0.105005,666.308289,output/operator_group_ablation/ILS_iRace/drop_order_operators/seed_023/input/synthetic/synthetic_60.txt,,,da27c8e3402deb8a0832aaa211b98a39d670003f,true,3.11.2,Linux-6.1.0-44-cloud-amd64-x86_64-with-glibc2.36,
ok,ILS_iRace,drop_insert_operators,full,operator_group_ablation,group:insert,input/synthetic/synthetic_60.txt,synthetic,23,irace_final,720.000000,600.000000,120.000000,18662994,18666001,33626312,44.489895,0.016112,679.882483,output/operator_group_ablation/ILS_iRace/drop_insert_operators/seed_023/input/synthetic/synthetic_60.txt,,,da27c8e3402deb8a0832aaa211b98a39d670003f,true,3.11.2,Linux-6.1.0-44-cloud-amd64-x86_64-with-glibc2.36,
ok,ILS_iRace,drop_strategic_operators,full,operator_group_ablation,group:strategic,input/synthetic/synthetic_60.txt,synthetic,23,irace_final,720.000000,600.000000,120.000000,18662994,18666376,33626312,44.488780,0.018121,672.112219,output/operator_group_ablation/ILS_iRace/drop_strategic_operators/seed_023/input/synthetic/synthetic_60.txt,,,da27c8e3402deb8a0832aaa211b98a39d670003f,true,3.11.2,Linux-6.1.0-44-cloud-amd64-x86_64-with-glibc2.36,
ok,ILS_iRace,drop_insert_operators,full,operator_group_ablation,group:insert,input/synthetic/synthetic_60.txt,synthetic,34,irace_final,720.000000,600.000000,120.000000,18662994,18662994,33626312,44.498838,0.000000,701.203659,output/operator_group_ablation/ILS_iRace/drop_insert_operators/seed_034/input/synthetic/synthetic_60.txt,,,da27c8e3402deb8a0832aaa211b98a39d670003f,true,3.11.2,Linux-6.1.0-44-cloud-amd64-x86_64-with-glibc2.36,
ok,ILS_iRace,drop_order_operators,full,operator_group_ablation,group:order,input/synthetic/synthetic_60.txt,synthetic,34,irace_final,720.000000,600.000000,120.000000,18662994,18675953,33626312,44.460299,0.069437,700.839320,output/operator_group_ablation/ILS_iRace/drop_order_operators/seed_034/input/synthetic/synthetic_60.txt,,,da27c8e3402deb8a0832aaa211b98a39d670003f,true,3.11.2,Linux-6.1.0-44-cloud-amd64-x86_64-with-glibc2.36,
ok,ILS_iRace,drop_strategic_operators,full,operator_group_ablation,group:strategic,input/synthetic/synthetic_60.txt,synthetic,34,irace_final,720.000000,600.000000,120.000000,18662994,18667889,33626312,44.484281,0.026228,703.468164,output/operator_group_ablation/ILS_iRace/drop_strategic_operators/seed_034/input/synthetic/synthetic_60.txt,,,da27c8e3402deb8a0832aaa211b98a39d670003f,true,3.11.2,Linux-6.1.0-44-cloud-amd64-x86_64-with-glibc2.36,
ok,ILS_iRace,drop_strategic_operators,full,operator_group_ablation,group:strategic,input/synthetic/synthetic_60.txt,synthetic,45,irace_final,720.000000,600.000000,120.000000,18662994,18667481,33626312,44.485494,0.024042,666.942782,output/operator_group_ablation/ILS_iRace/drop_strategic_operators/seed_045/input/synthetic/synthetic_60.txt,,,da27c8e3402deb8a0832aaa211b98a39d670003f,true,3.11.2,Linux-6.1.0-44-cloud-amd64-x86_64-with-glibc2.36,
ok,ILS_iRace,drop_insert_operators,full,operator_group_ablation,group:insert,input/synthetic/synthetic_60.txt,synthetic,45,irace_final,720.000000,600.000000,120.000000,18662994,18663318,33626312,44.497874,0.001736,703.281284,output/operator_group_ablation/ILS_iRace/drop_insert_operators/seed_045/input/synthetic/synthetic_60.txt,,,da27c8e3402deb8a0832aaa211b98a39d670003f,true,3.11.2,Linux-6.1.0-44-cloud-amd64-x86_64-with-glibc2.36,
ok,ILS_iRace,drop_order_operators,full,operator_group_ablation,group:order,input/synthetic/synthetic_60.txt,synthetic,45,irace_final,720.000000,600.000000,120.000000,18662994,18673988,33626312,44.466143,0.058908,701.072434,output/operator_group_ablation/ILS_iRace/drop_order_operators/seed_045/input/synthetic/synthetic_60.txt,,,da27c8e3402deb8a0832aaa211b98a39d670003f,true,3.11.2,Linux-6.1.0-44-cloud-amd64-x86_64-with-glibc2.36,
ok,ILS_iRace,drop_insert_operators,full,operator_group_ablation,group:insert,input/synthetic/synthetic_60.txt,synthetic,56,irace_final,720.000000,600.000000,120.000000,18662994,18667803,33626312,44.484536,0.025768,701.241945,output/operator_group_ablation/ILS_iRace/drop_insert_operators/seed_056/input/synthetic/synthetic_60.txt,,,da27c8e3402deb8a0832aaa211b98a39d670003f,true,3.11.2,Linux-6.1.0-44-cloud-amd64-x86_64-with-glibc2.36,
ok,ILS_iRace,drop_strategic_operators,full,operator_group_ablation,group:strategic,input/synthetic/synthetic_60.txt,synthetic,56,irace_final,720.000000,600.000000,120.000000,18662994,18671377,33626312,44.473908,0.044918,666.310330,output/operator_group_ablation/ILS_iRace/drop_strategic_operators/seed_056/input/synthetic/synthetic_60.txt,,,da27c8e3402deb8a0832aaa211b98a39d670003f,true,3.11.2,Linux-6.1.0-44-cloud-amd64-x86_64-with-glibc2.36,
ok,ILS_iRace,drop_order_operators,full,operator_group_ablation,group:order,input/synthetic/synthetic_60.txt,synthetic,56,irace_final,720.000000,600.000000,120.000000,18662994,18680862,33626312,44.445701,0.095740,701.913469,output/operator_group_ablation/ILS_iRace/drop_order_operators/seed_056/input/synthetic/synthetic_60.txt,,,da27c8e3402deb8a0832aaa211b98a39d670003f,true,3.11.2,Linux-6.1.0-44-cloud-amd64-x86_64-with-glibc2.36,
ok,ILS_iRace,drop_insert_operators,full,operator_group_ablation,group:insert,input/synthetic/synthetic_60.txt,synthetic,67,irace_final,720.000000,600.000000,120.000000,18662994,18662994,33626312,44.498838,0.000000,667.947038,output/operator_group_ablation/ILS_iRace/drop_insert_operators/seed_067/input/synthetic/synthetic_60.txt,,,da27c8e3402deb8a0832aaa211b98a39d670003f,true,3.11.2,Linux-6.1.0-44-cloud-amd64-x86_64-with-glibc2.36,
ok,ILS_iRace,drop_order_operators,full,operator_group_ablation,group:order,input/synthetic/synthetic_60.txt,synthetic,67,irace_final,720.000000,600.000000,120.000000,18662994,18671525,33626312,44.473468,0.045711,702.796419,output/operator_group_ablation/ILS_iRace/drop_order_operators/seed_067/input/synthetic/synthetic_60.txt,,,da27c8e3402deb8a0832aaa211b98a39d670003f,true,3.11.2,Linux-6.1.0-44-cloud-amd64-x86_64-with-glibc2.36,
ok,ILS_iRace,drop_strategic_operators,full,operator_group_ablation,group:strategic,input/synthetic/synthetic_60.txt,synthetic,67,irace_final,720.000000,600.000000,120.000000,18662994,18673721,33626312,44.466937,0.057477,702.806652,output/operator_group_ablation/ILS_iRace/drop_strategic_operators/seed_067/input/synthetic/synthetic_60.txt,,,da27c8e3402deb8a0832aaa211b98a39d670003f,true,3.11.2,Linux-6.1.0-44-cloud-amd64-x86_64-with-glibc2.36,
ok,ILS_iRace,drop_order_operators,full,operator_group_ablation,group:order,input/synthetic/synthetic_60.txt,synthetic,78,irace_final,720.000000,600.000000,120.000000,18670402,18676264,33626312,44.459375,0.031397,666.000900,output/operator_group_ablation/ILS_iRace/drop_order_operators/seed_078/input/synthetic/synthetic_60.txt,,,da27c8e3402deb8a0832aaa211b98a39d670003f,true,3.11.2,Linux-6.1.0-44-cloud-amd64-x86_64-with-glibc2.36,
ok,ILS_iRace,drop_insert_operators,full,operator_group_ablation,group:insert,input/synthetic/synthetic_60.txt,synthetic,78,irace_final,720.000000,600.000000,120.000000,18670402,18670402,33626312,44.476807,0.000000,700.503945,output/operator_group_ablation/ILS_iRace/drop_insert_operators/seed_078/input/synthetic/synthetic_60.txt,,,da27c8e3402deb8a0832aaa211b98a39d670003f,true,3.11.2,Linux-6.1.0-44-cloud-amd64-x86_64-with-glibc2.36,
ok,ILS_iRace,drop_strategic_operators,full,operator_group_ablation,group:strategic,input/synthetic/synthetic_60.txt,synthetic,78,irace_final,720.000000,600.000000,120.000000,18670402,18670402,33626312,44.476807,0.000000,698.006849,output/operator_group_ablation/ILS_iRace/drop_strategic_operators/seed_078/input/synthetic/synthetic_60.txt,,,da27c8e3402deb8a0832aaa211b98a39d670003f,true,3.11.2,Linux-6.1.0-44-cloud-amd64-x86_64-with-glibc2.36,
ok,ILS_iRace,drop_insert_operators,full,operator_group_ablation,group:insert,input/synthetic/synthetic_60.txt,synthetic,89,irace_final,720.000000,600.000000,120.000000,18662994,18662994,33626312,44.498838,0.000000,666.066130,output/operator_group_ablation/ILS_iRace/drop_insert_operators/seed_089/input/synthetic/synthetic_60.txt,,,da27c8e3402deb8a0832aaa211b98a39d670003f,true,3.11.2,Linux-6.1.0-44-cloud-amd64-x86_64-with-glibc2.36,
ok,ILS_iRace,drop_order_operators,full,operator_group_ablation,group:order,input/synthetic/synthetic_60.txt,synthetic,89,irace_final,720.000000,600.000000,120.000000,18662994,18673560,33626312,44.467416,0.056615,699.664211,output/operator_group_ablation/ILS_iRace/drop_order_operators/seed_089/input/synthetic/synthetic_60.txt,,,da27c8e3402deb8a0832aaa211b98a39d670003f,true,3.11.2,Linux-6.1.0-44-cloud-amd64-x86_64-with-glibc2.36,
ok,ILS_iRace,drop_strategic_operators,full,operator_group_ablation,group:strategic,input/synthetic/synthetic_60.txt,synthetic,89,irace_final,720.000000,600.000000,120.000000,18662994,18670145,33626312,44.477572,0.038316,700.002230,output/operator_group_ablation/ILS_iRace/drop_strategic_operators/seed_089/input/synthetic/synthetic_60.txt,,,da27c8e3402deb8a0832aaa211b98a39d670003f,true,3.11.2,Linux-6.1.0-44-cloud-amd64-x86_64-with-glibc2.36,
ok,ILS_iRace,drop_insert_operators,full,operator_group_ablation,group:insert,input/synthetic/synthetic_60.txt,synthetic,100,irace_final,720.000000,600.000000,120.000000,18662994,18665179,33626312,44.492340,0.011708,667.444722,output/operator_group_ablation/ILS_iRace/drop_insert_operators/seed_100/input/synthetic/synthetic_60.txt,,,da27c8e3402deb8a0832aaa211b98a39d670003f,true,3.11.2,Linux-6.1.0-44-cloud-amd64-x86_64-with-glibc2.36,
ok,ILS_iRace,drop_order_operators,full,operator_group_ablation,group:order,input/synthetic/synthetic_60.txt,synthetic,100,irace_final,720.000000,600.000000,120.000000,18662994,18675335,33626312,44.462137,0.066126,700.995757,output/operator_group_ablation/ILS_iRace/drop_order_operators/seed_100/input/synthetic/synthetic_60.txt,,,da27c8e3402deb8a0832aaa211b98a39d670003f,true,3.11.2,Linux-6.1.0-44-cloud-amd64-x86_64-with-glibc2.36,
ok,ILS_iRace,drop_strategic_operators,full,operator_group_ablation,group:strategic,input/synthetic/synthetic_60.txt,synthetic,100,irace_final,720.000000,600.000000,120.000000,18662994,18672455,33626312,44.470702,0.050694,701.719225,output/operator_group_ablation/ILS_iRace/drop_strategic_operators/seed_100/input/synthetic/synthetic_60.txt,,,da27c8e3402deb8a0832aaa211b98a39d670003f,true,3.11.2,Linux-6.1.0-44-cloud-amd64-x86_64-with-glibc2.36,
ok,ILS_iRace,drop_insert_operators,full,operator_group_ablation,group:insert,input/synthetic/synthetic_65.txt,synthetic,1,irace_final,720.000000,600.000000,120.000000,132057,132057,132057,0.000000,0.000000,609.429871,output/operator_group_ablation/ILS_iRace/drop_insert_operators/seed_001/input/synthetic/synthetic_65.txt,,,da27c8e3402deb8a0832aaa211b98a39d670003f,true,3.11.2,Linux-6.1.0-44-cloud-amd64-x86_64-with-glibc2.36,
ok,ILS_iRace,drop_order_operators,full,operator_group_ablation,group:order,input/synthetic/synthetic_65.txt,synthetic,1,irace_final,720.000000,600.000000,120.000000,132057,132057,132057,0.000000,0.000000,611.789858,output/operator_group_ablation/ILS_iRace/drop_order_operators/seed_001/input/synthetic/synthetic_65.txt,,,da27c8e3402deb8a0832aaa211b98a39d670003f,true,3.11.2,Linux-6.1.0-44-cloud-amd64-x86_64-with-glibc2.36,
ok,ILS_iRace,drop_strategic_operators,full,operator_group_ablation,group:strategic,input/synthetic/synthetic_65.txt,synthetic,1,irace_final,720.000000,600.000000,120.000000,132057,132057,132057,0.000000,0.000000,612.077675,output/operator_group_ablation/ILS_iRace/drop_strategic_operators/seed_001/input/synthetic/synthetic_65.txt,,,da27c8e3402deb8a0832aaa211b98a39d670003f,true,3.11.2,Linux-6.1.0-44-cloud-amd64-x86_64-with-glibc2.36,
ok,ILS_iRace,drop_insert_operators,full,operator_group_ablation,group:insert,input/synthetic/synthetic_65.txt,synthetic,12,irace_final,720.000000,600.000000,120.000000,132057,132057,132057,0.000000,0.000000,609.782852,output/operator_group_ablation/ILS_iRace/drop_insert_operators/seed_012/input/synthetic/synthetic_65.txt,,,da27c8e3402deb8a0832aaa211b98a39d670003f,true,3.11.2,Linux-6.1.0-44-cloud-amd64-x86_64-with-glibc2.36,
ok,ILS_iRace,drop_order_operators,full,operator_group_ablation,group:order,input/synthetic/synthetic_65.txt,synthetic,12,irace_final,720.000000,600.000000,120.000000,132057,132057,132057,0.000000,0.000000,611.480825,output/operator_group_ablation/ILS_iRace/drop_order_operators/seed_012/input/synthetic/synthetic_65.txt,,,da27c8e3402deb8a0832aaa211b98a39d670003f,true,3.11.2,Linux-6.1.0-44-cloud-amd64-x86_64-with-glibc2.36,
ok,ILS_iRace,drop_strategic_operators,full,operator_group_ablation,group:strategic,input/synthetic/synthetic_65.txt,synthetic,12,irace_final,720.000000,600.000000,120.000000,132057,132057,132057,0.000000,0.000000,611.897915,output/operator_group_ablation/ILS_iRace/drop_strategic_operators/seed_012/input/synthetic/synthetic_65.txt,,,da27c8e3402deb8a0832aaa211b98a39d670003f,true,3.11.2,Linux-6.1.0-44-cloud-amd64-x86_64-with-glibc2.36,
ok,ILS_iRace,drop_insert_operators,full,operator_group_ablation,group:insert,input/synthetic/synthetic_65.txt,synthetic,23,irace_final,720.000000,600.000000,120.000000,132057,132057,132057,0.000000,0.000000,609.394447,output/operator_group_ablation/ILS_iRace/drop_insert_operators/seed_023/input/synthetic/synthetic_65.txt,,,da27c8e3402deb8a0832aaa211b98a39d670003f,true,3.11.2,Linux-6.1.0-44-cloud-amd64-x86_64-with-glibc2.36,
ok,ILS_iRace,drop_order_operators,full,operator_group_ablation,group:order,input/synthetic/synthetic_65.txt,synthetic,23,irace_final,720.000000,600.000000,120.000000,132057,132057,132057,0.000000,0.000000,611.739599,output/operator_group_ablation/ILS_iRace/drop_order_operators/seed_023/input/synthetic/synthetic_65.txt,,,da27c8e3402deb8a0832aaa211b98a39d670003f,true,3.11.2,Linux-6.1.0-44-cloud-amd64-x86_64-with-glibc2.36,
ok,ILS_iRace,drop_strategic_operators,full,operator_group_ablation,group:strategic,input/synthetic/synthetic_65.txt,synthetic,23,irace_final,720.000000,600.000000,120.000000,132057,132057,132057,0.000000,0.000000,611.708012,output/operator_group_ablation/ILS_iRace/drop_strategic_operators/seed_023/input/synthetic/synthetic_65.txt,,,da27c8e3402deb8a0832aaa211b98a39d670003f,true,3.11.2,Linux-6.1.0-44-cloud-amd64-x86_64-with-glibc2.36,
ok,ILS_iRace,drop_insert_operators,full,operator_group_ablation,group:insert,input/synthetic/synthetic_65.txt,synthetic,34,irace_final,720.000000,600.000000,120.000000,132057,132057,132057,0.000000,0.000000,612.022700,output/operator_group_ablation/ILS_iRace/drop_insert_operators/seed_034/input/synthetic/synthetic_65.txt,,,da27c8e3402deb8a0832aaa211b98a39d670003f,true,3.11.2,Linux-6.1.0-44-cloud-amd64-x86_64-with-glibc2.36,
ok,ILS_iRace,drop_order_operators,full,operator_group_ablation,group:order,input/synthetic/synthetic_65.txt,synthetic,34,irace_final,720.000000,600.000000,120.000000,132057,132057,132057,0.000000,0.000000,609.340785,output/operator_group_ablation/ILS_iRace/drop_order_operators/seed_034/input/synthetic/synthetic_65.txt,,,da27c8e3402deb8a0832aaa211b98a39d670003f,true,3.11.2,Linux-6.1.0-44-cloud-amd64-x86_64-with-glibc2.36,
ok,ILS_iRace,drop_strategic_operators,full,operator_group_ablation,group:strategic,input/synthetic/synthetic_65.txt,synthetic,34,irace_final,720.000000,600.000000,120.000000,132057,132057,132057,0.000000,0.000000,611.943506,output/operator_group_ablation/ILS_iRace/drop_strategic_operators/seed_034/input/synthetic/synthetic_65.txt,,,da27c8e3402deb8a0832aaa211b98a39d670003f,true,3.11.2,Linux-6.1.0-44-cloud-amd64-x86_64-with-glibc2.36,
ok,ILS_iRace,drop_insert_operators,full,operator_group_ablation,group:insert,input/synthetic/synthetic_65.txt,synthetic,45,irace_final,720.000000,600.000000,120.000000,132057,132057,132057,0.000000,0.000000,609.358219,output/operator_group_ablation/ILS_iRace/drop_insert_operators/seed_045/input/synthetic/synthetic_65.txt,,,da27c8e3402deb8a0832aaa211b98a39d670003f,true,3.11.2,Linux-6.1.0-44-cloud-amd64-x86_64-with-glibc2.36,
ok,ILS_iRace,drop_order_operators,full,operator_group_ablation,group:order,input/synthetic/synthetic_65.txt,synthetic,45,irace_final,720.000000,600.000000,120.000000,132057,132057,132057,0.000000,0.000000,612.007126,output/operator_group_ablation/ILS_iRace/drop_order_operators/seed_045/input/synthetic/synthetic_65.txt,,,da27c8e3402deb8a0832aaa211b98a39d670003f,true,3.11.2,Linux-6.1.0-44-cloud-amd64-x86_64-with-glibc2.36,
ok,ILS_iRace,drop_strategic_operators,full,operator_group_ablation,group:strategic,input/synthetic/synthetic_65.txt,synthetic,45,irace_final,720.000000,600.000000,120.000000,132057,132057,132057,0.000000,0.000000,611.813617,output/operator_group_ablation/ILS_iRace/drop_strategic_operators/seed_045/input/synthetic/synthetic_65.txt,,,da27c8e3402deb8a0832aaa211b98a39d670003f,true,3.11.2,Linux-6.1.0-44-cloud-amd64-x86_64-with-glibc2.36,
ok,ILS_iRace,drop_insert_operators,full,operator_group_ablation,group:insert,input/synthetic/synthetic_65.txt,synthetic,56,irace_final,720.000000,600.000000,120.000000,132057,132057,132057,0.000000,0.000000,612.074988,output/operator_group_ablation/ILS_iRace/drop_insert_operators/seed_056/input/synthetic/synthetic_65.txt,,,da27c8e3402deb8a0832aaa211b98a39d670003f,true,3.11.2,Linux-6.1.0-44-cloud-amd64-x86_64-with-glibc2.36,
ok,ILS_iRace,drop_order_operators,full,operator_group_ablation,group:order,input/synthetic/synthetic_65.txt,synthetic,56,irace_final,720.000000,600.000000,120.000000,132057,132057,132057,0.000000,0.000000,609.552828,output/operator_group_ablation/ILS_iRace/drop_order_operators/seed_056/input/synthetic/synthetic_65.txt,,,da27c8e3402deb8a0832aaa211b98a39d670003f,true,3.11.2,Linux-6.1.0-44-cloud-amd64-x86_64-with-glibc2.36,
ok,ILS_iRace,drop_strategic_operators,full,operator_group_ablation,group:strategic,input/synthetic/synthetic_65.txt,synthetic,56,irace_final,720.000000,600.000000,120.000000,132057,132057,132057,0.000000,0.000000,611.597774,output/operator_group_ablation/ILS_iRace/drop_strategic_operators/seed_056/input/synthetic/synthetic_65.txt,,,da27c8e3402deb8a0832aaa211b98a39d670003f,true,3.11.2,Linux-6.1.0-44-cloud-amd64-x86_64-with-glibc2.36,
ok,ILS_iRace,drop_insert_operators,full,operator_group_ablation,group:insert,input/synthetic/synthetic_65.txt,synthetic,67,irace_final,720.000000,600.000000,120.000000,132057,132057,132057,0.000000,0.000000,609.235996,output/operator_group_ablation/ILS_iRace/drop_insert_operators/seed_067/input/synthetic/synthetic_65.txt,,,da27c8e3402deb8a0832aaa211b98a39d670003f,true,3.11.2,Linux-6.1.0-44-cloud-amd64-x86_64-with-glibc2.36,
ok,ILS_iRace,drop_order_operators,full,operator_group_ablation,group:order,input/synthetic/synthetic_65.txt,synthetic,67,irace_final,720.000000,600.000000,120.000000,132057,132057,132057,0.000000,0.000000,612.053509,output/operator_group_ablation/ILS_iRace/drop_order_operators/seed_067/input/synthetic/synthetic_65.txt,,,da27c8e3402deb8a0832aaa211b98a39d670003f,true,3.11.2,Linux-6.1.0-44-cloud-amd64-x86_64-with-glibc2.36,
ok,ILS_iRace,drop_strategic_operators,full,operator_group_ablation,group:strategic,input/synthetic/synthetic_65.txt,synthetic,67,irace_final,720.000000,600.000000,120.000000,132057,132057,132057,0.000000,0.000000,611.639697,output/operator_group_ablation/ILS_iRace/drop_strategic_operators/seed_067/input/synthetic/synthetic_65.txt,,,da27c8e3402deb8a0832aaa211b98a39d670003f,true,3.11.2,Linux-6.1.0-44-cloud-amd64-x86_64-with-glibc2.36,
ok,ILS_iRace,drop_insert_operators,full,operator_group_ablation,group:insert,input/synthetic/synthetic_65.txt,synthetic,78,irace_final,720.000000,600.000000,120.000000,132057,132057,132057,0.000000,0.000000,612.116627,output/operator_group_ablation/ILS_iRace/drop_insert_operators/seed_078/input/synthetic/synthetic_65.txt,,,da27c8e3402deb8a0832aaa211b98a39d670003f,true,3.11.2,Linux-6.1.0-44-cloud-amd64-x86_64-with-glibc2.36,
ok,ILS_iRace,drop_order_operators,full,operator_group_ablation,group:order,input/synthetic/synthetic_65.txt,synthetic,78,irace_final,720.000000,600.000000,120.000000,132057,132057,132057,0.000000,0.000000,612.134310,output/operator_group_ablation/ILS_iRace/drop_order_operators/seed_078/input/synthetic/synthetic_65.txt,,,da27c8e3402deb8a0832aaa211b98a39d670003f,true,3.11.2,Linux-6.1.0-44-cloud-amd64-x86_64-with-glibc2.36,
ok,ILS_iRace,drop_strategic_operators,full,operator_group_ablation,group:strategic,input/synthetic/synthetic_65.txt,synthetic,78,irace_final,720.000000,600.000000,120.000000,132057,132057,132057,0.000000,0.000000,611.886217,output/operator_group_ablation/ILS_iRace/drop_strategic_operators/seed_078/input/synthetic/synthetic_65.txt,,,da27c8e3402deb8a0832aaa211b98a39d670003f,true,3.11.2,Linux-6.1.0-44-cloud-amd64-x86_64-with-glibc2.36,
ok,ILS_iRace,drop_insert_operators,full,operator_group_ablation,group:insert,input/synthetic/synthetic_65.txt,synthetic,89,irace_final,720.000000,600.000000,120.000000,132057,132057,132057,0.000000,0.000000,609.853445,output/operator_group_ablation/ILS_iRace/drop_insert_operators/seed_089/input/synthetic/synthetic_65.txt,,,da27c8e3402deb8a0832aaa211b98a39d670003f,true,3.11.2,Linux-6.1.0-44-cloud-amd64-x86_64-with-glibc2.36,
ok,ILS_iRace,drop_order_operators,full,operator_group_ablation,group:order,input/synthetic/synthetic_65.txt,synthetic,89,irace_final,720.000000,600.000000,120.000000,132057,132057,132057,0.000000,0.000000,611.774543,output/operator_group_ablation/ILS_iRace/drop_order_operators/seed_089/input/synthetic/synthetic_65.txt,,,da27c8e3402deb8a0832aaa211b98a39d670003f,true,3.11.2,Linux-6.1.0-44-cloud-amd64-x86_64-with-glibc2.36,
ok,ILS_iRace,drop_strategic_operators,full,operator_group_ablation,group:strategic,input/synthetic/synthetic_65.txt,synthetic,89,irace_final,720.000000,600.000000,120.000000,132057,132057,132057,0.000000,0.000000,609.625782,output/operator_group_ablation/ILS_iRace/drop_strategic_operators/seed_089/input/synthetic/synthetic_65.txt,,,da27c8e3402deb8a0832aaa211b98a39d670003f,true,3.11.2,Linux-6.1.0-44-cloud-amd64-x86_64-with-glibc2.36,
ok,ILS_iRace,drop_insert_operators,full,operator_group_ablation,group:insert,input/synthetic/synthetic_65.txt,synthetic,100,irace_final,720.000000,600.000000,120.000000,132057,132057,132057,0.000000,0.000000,611.936061,output/operator_group_ablation/ILS_iRace/drop_insert_operators/seed_100/input/synthetic/synthetic_65.txt,,,da27c8e3402deb8a0832aaa211b98a39d670003f,true,3.11.2,Linux-6.1.0-44-cloud-amd64-x86_64-with-glibc2.36,
ok,ILS_iRace,drop_order_operators,full,operator_group_ablation,group:order,input/synthetic/synthetic_65.txt,synthetic,100,irace_final,720.000000,600.000000,120.000000,132057,132057,132057,0.000000,0.000000,612.024986,output/operator_group_ablation/ILS_iRace/drop_order_operators/seed_100/input/synthetic/synthetic_65.txt,,,da27c8e3402deb8a0832aaa211b98a39d670003f,true,3.11.2,Linux-6.1.0-44-cloud-amd64-x86_64-with-glibc2.36,
ok,ILS_iRace,drop_strategic_operators,full,operator_group_ablation,group:strategic,input/synthetic/synthetic_65.txt,synthetic,100,irace_final,720.000000,600.000000,120.000000,132057,132057,132057,0.000000,0.000000,609.349471,output/operator_group_ablation/ILS_iRace/drop_strategic_operators/seed_100/input/synthetic/synthetic_65.txt,,,da27c8e3402deb8a0832aaa211b98a39d670003f,true,3.11.2,Linux-6.1.0-44-cloud-amd64-x86_64-with-glibc2.36,
ok,ILS_iRace,drop_insert_operators,full,operator_group_ablation,group:insert,input/synthetic/synthetic_70.txt,synthetic,1,irace_final,720.000000,600.000000,120.000000,249881,249881,249881,0.000000,0.000000,612.606940,output/operator_group_ablation/ILS_iRace/drop_insert_operators/seed_001/input/synthetic/synthetic_70.txt,,,da27c8e3402deb8a0832aaa211b98a39d670003f,true,3.11.2,Linux-6.1.0-44-cloud-amd64-x86_64-with-glibc2.36,
ok,ILS_iRace,drop_order_operators,full,operator_group_ablation,group:order,input/synthetic/synthetic_70.txt,synthetic,1,irace_final,720.000000,600.000000,120.000000,249881,249881,249881,0.000000,0.000000,612.311563,output/operator_group_ablation/ILS_iRace/drop_order_operators/seed_001/input/synthetic/synthetic_70.txt,,,da27c8e3402deb8a0832aaa211b98a39d670003f,true,3.11.2,Linux-6.1.0-44-cloud-amd64-x86_64-with-glibc2.36,
ok,ILS_iRace,drop_strategic_operators,full,operator_group_ablation,group:strategic,input/synthetic/synthetic_70.txt,synthetic,1,irace_final,720.000000,600.000000,120.000000,249881,249881,249881,0.000000,0.000000,612.418821,output/operator_group_ablation/ILS_iRace/drop_strategic_operators/seed_001/input/synthetic/synthetic_70.txt,,,da27c8e3402deb8a0832aaa211b98a39d670003f,true,3.11.2,Linux-6.1.0-44-cloud-amd64-x86_64-with-glibc2.36,
ok,ILS_iRace,drop_insert_operators,full,operator_group_ablation,group:insert,input/synthetic/synthetic_70.txt,synthetic,12,irace_final,720.000000,600.000000,120.000000,249881,249881,249881,0.000000,0.000000,609.247753,output/operator_group_ablation/ILS_iRace/drop_insert_operators/seed_012/input/synthetic/synthetic_70.txt,,,da27c8e3402deb8a0832aaa211b98a39d670003f,true,3.11.2,Linux-6.1.0-44-cloud-amd64-x86_64-with-glibc2.36,
ok,ILS_iRace,drop_order_operators,full,operator_group_ablation,group:order,input/synthetic/synthetic_70.txt,synthetic,12,irace_final,720.000000,600.000000,120.000000,249881,249881,249881,0.000000,0.000000,612.364147,output/operator_group_ablation/ILS_iRace/drop_order_operators/seed_012/input/synthetic/synthetic_70.txt,,,da27c8e3402deb8a0832aaa211b98a39d670003f,true,3.11.2,Linux-6.1.0-44-cloud-amd64-x86_64-with-glibc2.36,
ok,ILS_iRace,drop_strategic_operators,full,operator_group_ablation,group:strategic,input/synthetic/synthetic_70.txt,synthetic,12,irace_final,720.000000,600.000000,120.000000,249881,249881,249881,0.000000,0.000000,609.589568,output/operator_group_ablation/ILS_iRace/drop_strategic_operators/seed_012/input/synthetic/synthetic_70.txt,,,da27c8e3402deb8a0832aaa211b98a39d670003f,true,3.11.2,Linux-6.1.0-44-cloud-amd64-x86_64-with-glibc2.36,
ok,ILS_iRace,drop_insert_operators,full,operator_group_ablation,group:insert,input/synthetic/synthetic_70.txt,synthetic,23,irace_final,720.000000,600.000000,120.000000,249881,249881,249881,0.000000,0.000000,612.407447,output/operator_group_ablation/ILS_iRace/drop_insert_operators/seed_023/input/synthetic/synthetic_70.txt,,,da27c8e3402deb8a0832aaa211b98a39d670003f,true,3.11.2,Linux-6.1.0-44-cloud-amd64-x86_64-with-glibc2.36,
ok,ILS_iRace,drop_order_operators,full,operator_group_ablation,group:order,input/synthetic/synthetic_70.txt,synthetic,23,irace_final,720.000000,600.000000,120.000000,249881,249881,249881,0.000000,0.000000,610.303283,output/operator_group_ablation/ILS_iRace/drop_order_operators/seed_023/input/synthetic/synthetic_70.txt,,,da27c8e3402deb8a0832aaa211b98a39d670003f,true,3.11.2,Linux-6.1.0-44-cloud-amd64-x86_64-with-glibc2.36,
ok,ILS_iRace,drop_strategic_operators,full,operator_group_ablation,group:strategic,input/synthetic/synthetic_70.txt,synthetic,23,irace_final,720.000000,600.000000,120.000000,249881,249881,249881,0.000000,0.000000,612.344537,output/operator_group_ablation/ILS_iRace/drop_strategic_operators/seed_023/input/synthetic/synthetic_70.txt,,,da27c8e3402deb8a0832aaa211b98a39d670003f,true,3.11.2,Linux-6.1.0-44-cloud-amd64-x86_64-with-glibc2.36,
ok,ILS_iRace,drop_insert_operators,full,operator_group_ablation,group:insert,input/synthetic/synthetic_70.txt,synthetic,34,irace_final,720.000000,600.000000,120.000000,249881,249881,249881,0.000000,0.000000,609.413866,output/operator_group_ablation/ILS_iRace/drop_insert_operators/seed_034/input/synthetic/synthetic_70.txt,,,da27c8e3402deb8a0832aaa211b98a39d670003f,true,3.11.2,Linux-6.1.0-44-cloud-amd64-x86_64-with-glibc2.36,
ok,ILS_iRace,drop_order_operators,full,operator_group_ablation,group:order,input/synthetic/synthetic_70.txt,synthetic,34,irace_final,720.000000,600.000000,120.000000,249881,249881,249881,0.000000,0.000000,612.345469,output/operator_group_ablation/ILS_iRace/drop_order_operators/seed_034/input/synthetic/synthetic_70.txt,,,da27c8e3402deb8a0832aaa211b98a39d670003f,true,3.11.2,Linux-6.1.0-44-cloud-amd64-x86_64-with-glibc2.36,
ok,ILS_iRace,drop_strategic_operators,full,operator_group_ablation,group:strategic,input/synthetic/synthetic_70.txt,synthetic,34,irace_final,720.000000,600.000000,120.000000,249881,249881,249881,0.000000,0.000000,611.769269,output/operator_group_ablation/ILS_iRace/drop_strategic_operators/seed_034/input/synthetic/synthetic_70.txt,,,da27c8e3402deb8a0832aaa211b98a39d670003f,true,3.11.2,Linux-6.1.0-44-cloud-amd64-x86_64-with-glibc2.36,
ok,ILS_iRace,drop_insert_operators,full,operator_group_ablation,group:insert,input/synthetic/synthetic_70.txt,synthetic,45,irace_final,720.000000,600.000000,120.000000,249881,249881,249881,0.000000,0.000000,613.017426,output/operator_group_ablation/ILS_iRace/drop_insert_operators/seed_045/input/synthetic/synthetic_70.txt,,,da27c8e3402deb8a0832aaa211b98a39d670003f,true,3.11.2,Linux-6.1.0-44-cloud-amd64-x86_64-with-glibc2.36,
ok,ILS_iRace,drop_order_operators,full,operator_group_ablation,group:order,input/synthetic/synthetic_70.txt,synthetic,45,irace_final,720.000000,600.000000,120.000000,249881,249881,249881,0.000000,0.000000,609.176888,output/operator_group_ablation/ILS_iRace/drop_order_operators/seed_045/input/synthetic/synthetic_70.txt,,,da27c8e3402deb8a0832aaa211b98a39d670003f,true,3.11.2,Linux-6.1.0-44-cloud-amd64-x86_64-with-glibc2.36,
ok,ILS_iRace,drop_strategic_operators,full,operator_group_ablation,group:strategic,input/synthetic/synthetic_70.txt,synthetic,45,irace_final,720.000000,600.000000,120.000000,249881,249881,249881,0.000000,0.000000,612.296014,output/operator_group_ablation/ILS_iRace/drop_strategic_operators/seed_045/input/synthetic/synthetic_70.txt,,,da27c8e3402deb8a0832aaa211b98a39d670003f,true,3.11.2,Linux-6.1.0-44-cloud-amd64-x86_64-with-glibc2.36,
ok,ILS_iRace,drop_insert_operators,full,operator_group_ablation,group:insert,input/synthetic/synthetic_70.txt,synthetic,56,irace_final,720.000000,600.000000,120.000000,249881,249881,249881,0.000000,0.000000,609.187782,output/operator_group_ablation/ILS_iRace/drop_insert_operators/seed_056/input/synthetic/synthetic_70.txt,,,da27c8e3402deb8a0832aaa211b98a39d670003f,true,3.11.2,Linux-6.1.0-44-cloud-amd64-x86_64-with-glibc2.36,
ok,ILS_iRace,drop_order_operators,full,operator_group_ablation,group:order,input/synthetic/synthetic_70.txt,synthetic,56,irace_final,720.000000,600.000000,120.000000,249881,249881,249881,0.000000,0.000000,612.416193,output/operator_group_ablation/ILS_iRace/drop_order_operators/seed_056/input/synthetic/synthetic_70.txt,,,da27c8e3402deb8a0832aaa211b98a39d670003f,true,3.11.2,Linux-6.1.0-44-cloud-amd64-x86_64-with-glibc2.36,
ok,ILS_iRace,drop_strategic_operators,full,operator_group_ablation,group:strategic,input/synthetic/synthetic_70.txt,synthetic,56,irace_final,720.000000,600.000000,120.000000,249881,249881,249881,0.000000,0.000000,612.421789,output/operator_group_ablation/ILS_iRace/drop_strategic_operators/seed_056/input/synthetic/synthetic_70.txt,,,da27c8e3402deb8a0832aaa211b98a39d670003f,true,3.11.2,Linux-6.1.0-44-cloud-amd64-x86_64-with-glibc2.36,
ok,ILS_iRace,drop_insert_operators,full,operator_group_ablation,group:insert,input/synthetic/synthetic_70.txt,synthetic,67,irace_final,720.000000,600.000000,120.000000,249881,249881,249881,0.000000,0.000000,611.819008,output/operator_group_ablation/ILS_iRace/drop_insert_operators/seed_067/input/synthetic/synthetic_70.txt,,,da27c8e3402deb8a0832aaa211b98a39d670003f,true,3.11.2,Linux-6.1.0-44-cloud-amd64-x86_64-with-glibc2.36,
ok,ILS_iRace,drop_order_operators,full,operator_group_ablation,group:order,input/synthetic/synthetic_70.txt,synthetic,67,irace_final,720.000000,600.000000,120.000000,249881,249881,249881,0.000000,0.000000,609.233375,output/operator_group_ablation/ILS_iRace/drop_order_operators/seed_067/input/synthetic/synthetic_70.txt,,,da27c8e3402deb8a0832aaa211b98a39d670003f,true,3.11.2,Linux-6.1.0-44-cloud-amd64-x86_64-with-glibc2.36,
ok,ILS_iRace,drop_strategic_operators,full,operator_group_ablation,group:strategic,input/synthetic/synthetic_70.txt,synthetic,67,irace_final,720.000000,600.000000,120.000000,249881,249881,249881,0.000000,0.000000,612.495332,output/operator_group_ablation/ILS_iRace/drop_strategic_operators/seed_067/input/synthetic/synthetic_70.txt,,,da27c8e3402deb8a0832aaa211b98a39d670003f,true,3.11.2,Linux-6.1.0-44-cloud-amd64-x86_64-with-glibc2.36,
ok,ILS_iRace,drop_insert_operators,full,operator_group_ablation,group:insert,input/synthetic/synthetic_70.txt,synthetic,78,irace_final,720.000000,600.000000,120.000000,249881,249881,249881,0.000000,0.000000,609.259557,output/operator_group_ablation/ILS_iRace/drop_insert_operators/seed_078/input/synthetic/synthetic_70.txt,,,da27c8e3402deb8a0832aaa211b98a39d670003f,true,3.11.2,Linux-6.1.0-44-cloud-amd64-x86_64-with-glibc2.36,
ok,ILS_iRace,drop_order_operators,full,operator_group_ablation,group:order,input/synthetic/synthetic_70.txt,synthetic,78,irace_final,720.000000,600.000000,120.000000,249881,249881,249881,0.000000,0.000000,612.475908,output/operator_group_ablation/ILS_iRace/drop_order_operators/seed_078/input/synthetic/synthetic_70.txt,,,da27c8e3402deb8a0832aaa211b98a39d670003f,true,3.11.2,Linux-6.1.0-44-cloud-amd64-x86_64-with-glibc2.36,
ok,ILS_iRace,drop_strategic_operators,full,operator_group_ablation,group:strategic,input/synthetic/synthetic_70.txt,synthetic,78,irace_final,720.000000,600.000000,120.000000,249881,249881,249881,0.000000,0.000000,612.520227,output/operator_group_ablation/ILS_iRace/drop_strategic_operators/seed_078/input/synthetic/synthetic_70.txt,,,da27c8e3402deb8a0832aaa211b98a39d670003f,true,3.11.2,Linux-6.1.0-44-cloud-amd64-x86_64-with-glibc2.36,
ok,ILS_iRace,drop_insert_operators,full,operator_group_ablation,group:insert,input/synthetic/synthetic_70.txt,synthetic,89,irace_final,720.000000,600.000000,120.000000,249881,249881,249881,0.000000,0.000000,612.581008,output/operator_group_ablation/ILS_iRace/drop_insert_operators/seed_089/input/synthetic/synthetic_70.txt,,,da27c8e3402deb8a0832aaa211b98a39d670003f,true,3.11.2,Linux-6.1.0-44-cloud-amd64-x86_64-with-glibc2.36,
ok,ILS_iRace,drop_order_operators,full,operator_group_ablation,group:order,input/synthetic/synthetic_70.txt,synthetic,89,irace_final,720.000000,600.000000,120.000000,249881,249881,249881,0.000000,0.000000,609.210027,output/operator_group_ablation/ILS_iRace/drop_order_operators/seed_089/input/synthetic/synthetic_70.txt,,,da27c8e3402deb8a0832aaa211b98a39d670003f,true,3.11.2,Linux-6.1.0-44-cloud-amd64-x86_64-with-glibc2.36,
ok,ILS_iRace,drop_strategic_operators,full,operator_group_ablation,group:strategic,input/synthetic/synthetic_70.txt,synthetic,89,irace_final,720.000000,600.000000,120.000000,249881,249881,249881,0.000000,0.000000,611.835902,output/operator_group_ablation/ILS_iRace/drop_strategic_operators/seed_089/input/synthetic/synthetic_70.txt,,,da27c8e3402deb8a0832aaa211b98a39d670003f,true,3.11.2,Linux-6.1.0-44-cloud-amd64-x86_64-with-glibc2.36,
ok,ILS_iRace,drop_insert_operators,full,operator_group_ablation,group:insert,input/synthetic/synthetic_70.txt,synthetic,100,irace_final,720.000000,600.000000,120.000000,249881,249881,249881,0.000000,0.000000,609.256678,output/operator_group_ablation/ILS_iRace/drop_insert_operators/seed_100/input/synthetic/synthetic_70.txt,,,da27c8e3402deb8a0832aaa211b98a39d670003f,true,3.11.2,Linux-6.1.0-44-cloud-amd64-x86_64-with-glibc2.36,
ok,ILS_iRace,drop_order_operators,full,operator_group_ablation,group:order,input/synthetic/synthetic_70.txt,synthetic,100,irace_final,720.000000,600.000000,120.000000,249881,249881,249881,0.000000,0.000000,612.326228,output/operator_group_ablation/ILS_iRace/drop_order_operators/seed_100/input/synthetic/synthetic_70.txt,,,da27c8e3402deb8a0832aaa211b98a39d670003f,true,3.11.2,Linux-6.1.0-44-cloud-amd64-x86_64-with-glibc2.36,
ok,ILS_iRace,drop_strategic_operators,full,operator_group_ablation,group:strategic,input/synthetic/synthetic_70.txt,synthetic,100,irace_final,720.000000,600.000000,120.000000,249881,249881,249881,0.000000,0.000000,612.450677,output/operator_group_ablation/ILS_iRace/drop_strategic_operators/seed_100/input/synthetic/synthetic_70.txt,,,da27c8e3402deb8a0832aaa211b98a39d670003f,true,3.11.2,Linux-6.1.0-44-cloud-amd64-x86_64-with-glibc2.36,
ok,ILS_iRace,drop_insert_operators,full,operator_group_ablation,group:insert,input/synthetic/synthetic_75.txt,synthetic,1,irace_final,720.000000,600.000000,120.000000,140755,140755,140755,0.000000,0.000000,623.010988,output/operator_group_ablation/ILS_iRace/drop_insert_operators/seed_001/input/synthetic/synthetic_75.txt,,,da27c8e3402deb8a0832aaa211b98a39d670003f,true,3.11.2,Linux-6.1.0-44-cloud-amd64-x86_64-with-glibc2.36,
ok,ILS_iRace,drop_order_operators,full,operator_group_ablation,group:order,input/synthetic/synthetic_75.txt,synthetic,1,irace_final,720.000000,600.000000,120.000000,140755,140755,140755,0.000000,0.000000,615.693611,output/operator_group_ablation/ILS_iRace/drop_order_operators/seed_001/input/synthetic/synthetic_75.txt,,,da27c8e3402deb8a0832aaa211b98a39d670003f,true,3.11.2,Linux-6.1.0-44-cloud-amd64-x86_64-with-glibc2.36,
ok,ILS_iRace,drop_strategic_operators,full,operator_group_ablation,group:strategic,input/synthetic/synthetic_75.txt,synthetic,1,irace_final,720.000000,600.000000,120.000000,140755,140755,140755,0.000000,0.000000,622.947472,output/operator_group_ablation/ILS_iRace/drop_strategic_operators/seed_001/input/synthetic/synthetic_75.txt,,,da27c8e3402deb8a0832aaa211b98a39d670003f,true,3.11.2,Linux-6.1.0-44-cloud-amd64-x86_64-with-glibc2.36,
ok,ILS_iRace,drop_insert_operators,full,operator_group_ablation,group:insert,input/synthetic/synthetic_75.txt,synthetic,12,irace_final,720.000000,600.000000,120.000000,140755,140755,140755,0.000000,0.000000,616.079117,output/operator_group_ablation/ILS_iRace/drop_insert_operators/seed_012/input/synthetic/synthetic_75.txt,,,da27c8e3402deb8a0832aaa211b98a39d670003f,true,3.11.2,Linux-6.1.0-44-cloud-amd64-x86_64-with-glibc2.36,
ok,ILS_iRace,drop_order_operators,full,operator_group_ablation,group:order,input/synthetic/synthetic_75.txt,synthetic,12,irace_final,720.000000,600.000000,120.000000,140755,140755,140755,0.000000,0.000000,621.730262,output/operator_group_ablation/ILS_iRace/drop_order_operators/seed_012/input/synthetic/synthetic_75.txt,,,da27c8e3402deb8a0832aaa211b98a39d670003f,true,3.11.2,Linux-6.1.0-44-cloud-amd64-x86_64-with-glibc2.36,
ok,ILS_iRace,drop_strategic_operators,full,operator_group_ablation,group:strategic,input/synthetic/synthetic_75.txt,synthetic,12,irace_final,720.000000,600.000000,120.000000,140755,140755,140755,0.000000,0.000000,621.591077,output/operator_group_ablation/ILS_iRace/drop_strategic_operators/seed_012/input/synthetic/synthetic_75.txt,,,da27c8e3402deb8a0832aaa211b98a39d670003f,true,3.11.2,Linux-6.1.0-44-cloud-amd64-x86_64-with-glibc2.36,
ok,ILS_iRace,drop_insert_operators,full,operator_group_ablation,group:insert,input/synthetic/synthetic_75.txt,synthetic,23,irace_final,720.000000,600.000000,120.000000,140755,140755,140755,0.000000,0.000000,621.817116,output/operator_group_ablation/ILS_iRace/drop_insert_operators/seed_023/input/synthetic/synthetic_75.txt,,,da27c8e3402deb8a0832aaa211b98a39d670003f,true,3.11.2,Linux-6.1.0-44-cloud-amd64-x86_64-with-glibc2.36,
ok,ILS_iRace,drop_order_operators,full,operator_group_ablation,group:order,input/synthetic/synthetic_75.txt,synthetic,23,irace_final,720.000000,600.000000,120.000000,140755,140755,140755,0.000000,0.000000,615.550959,output/operator_group_ablation/ILS_iRace/drop_order_operators/seed_023/input/synthetic/synthetic_75.txt,,,da27c8e3402deb8a0832aaa211b98a39d670003f,true,3.11.2,Linux-6.1.0-44-cloud-amd64-x86_64-with-glibc2.36,
ok,ILS_iRace,drop_strategic_operators,full,operator_group_ablation,group:strategic,input/synthetic/synthetic_75.txt,synthetic,23,irace_final,720.000000,600.000000,120.000000,140755,140755,140755,0.000000,0.000000,621.951339,output/operator_group_ablation/ILS_iRace/drop_strategic_operators/seed_023/input/synthetic/synthetic_75.txt,,,da27c8e3402deb8a0832aaa211b98a39d670003f,true,3.11.2,Linux-6.1.0-44-cloud-amd64-x86_64-with-glibc2.36,
ok,ILS_iRace,drop_insert_operators,full,operator_group_ablation,group:insert,input/synthetic/synthetic_75.txt,synthetic,34,irace_final,720.000000,600.000000,120.000000,140755,140755,140755,0.000000,0.000000,615.603144,output/operator_group_ablation/ILS_iRace/drop_insert_operators/seed_034/input/synthetic/synthetic_75.txt,,,da27c8e3402deb8a0832aaa211b98a39d670003f,true,3.11.2,Linux-6.1.0-44-cloud-amd64-x86_64-with-glibc2.36,
ok,ILS_iRace,drop_order_operators,full,operator_group_ablation,group:order,input/synthetic/synthetic_75.txt,synthetic,34,irace_final,720.000000,600.000000,120.000000,140755,140755,140755,0.000000,0.000000,621.537391,output/operator_group_ablation/ILS_iRace/drop_order_operators/seed_034/input/synthetic/synthetic_75.txt,,,da27c8e3402deb8a0832aaa211b98a39d670003f,true,3.11.2,Linux-6.1.0-44-cloud-amd64-x86_64-with-glibc2.36,
ok,ILS_iRace,drop_strategic_operators,full,operator_group_ablation,group:strategic,input/synthetic/synthetic_75.txt,synthetic,34,irace_final,720.000000,600.000000,120.000000,140755,140755,140755,0.000000,0.000000,621.884383,output/operator_group_ablation/ILS_iRace/drop_strategic_operators/seed_034/input/synthetic/synthetic_75.txt,,,da27c8e3402deb8a0832aaa211b98a39d670003f,true,3.11.2,Linux-6.1.0-44-cloud-amd64-x86_64-with-glibc2.36,
ok,ILS_iRace,drop_insert_operators,full,operator_group_ablation,group:insert,input/synthetic/synthetic_75.txt,synthetic,45,irace_final,720.000000,600.000000,120.000000,140755,140755,140755,0.000000,0.000000,622.681271,output/operator_group_ablation/ILS_iRace/drop_insert_operators/seed_045/input/synthetic/synthetic_75.txt,,,da27c8e3402deb8a0832aaa211b98a39d670003f,true,3.11.2,Linux-6.1.0-44-cloud-amd64-x86_64-with-glibc2.36,
ok,ILS_iRace,drop_order_operators,full,operator_group_ablation,group:order,input/synthetic/synthetic_75.txt,synthetic,45,irace_final,720.000000,600.000000,120.000000,140755,140755,140755,0.000000,0.000000,615.889328,output/operator_group_ablation/ILS_iRace/drop_order_operators/seed_045/input/synthetic/synthetic_75.txt,,,da27c8e3402deb8a0832aaa211b98a39d670003f,true,3.11.2,Linux-6.1.0-44-cloud-amd64-x86_64-with-glibc2.36,
ok,ILS_iRace,drop_strategic_operators,full,operator_group_ablation,group:strategic,input/synthetic/synthetic_75.txt,synthetic,45,irace_final,720.000000,600.000000,120.000000,140755,140755,140755,0.000000,0.000000,621.517060,output/operator_group_ablation/ILS_iRace/drop_strategic_operators/seed_045/input/synthetic/synthetic_75.txt,,,da27c8e3402deb8a0832aaa211b98a39d670003f,true,3.11.2,Linux-6.1.0-44-cloud-amd64-x86_64-with-glibc2.36,
ok,ILS_iRace,drop_insert_operators,full,operator_group_ablation,group:insert,input/synthetic/synthetic_75.txt,synthetic,56,irace_final,720.000000,600.000000,120.000000,140755,140755,140755,0.000000,0.000000,617.103887,output/operator_group_ablation/ILS_iRace/drop_insert_operators/seed_056/input/synthetic/synthetic_75.txt,,,da27c8e3402deb8a0832aaa211b98a39d670003f,true,3.11.2,Linux-6.1.0-44-cloud-amd64-x86_64-with-glibc2.36,
ok,ILS_iRace,drop_order_operators,full,operator_group_ablation,group:order,input/synthetic/synthetic_75.txt,synthetic,56,irace_final,720.000000,600.000000,120.000000,140755,140755,140755,0.000000,0.000000,621.796510,output/operator_group_ablation/ILS_iRace/drop_order_operators/seed_056/input/synthetic/synthetic_75.txt,,,da27c8e3402deb8a0832aaa211b98a39d670003f,true,3.11.2,Linux-6.1.0-44-cloud-amd64-x86_64-with-glibc2.36,
ok,ILS_iRace,drop_strategic_operators,full,operator_group_ablation,group:strategic,input/synthetic/synthetic_75.txt,synthetic,56,irace_final,720.000000,600.000000,120.000000,140755,140755,140755,0.000000,0.000000,621.826229,output/operator_group_ablation/ILS_iRace/drop_strategic_operators/seed_056/input/synthetic/synthetic_75.txt,,,da27c8e3402deb8a0832aaa211b98a39d670003f,true,3.11.2,Linux-6.1.0-44-cloud-amd64-x86_64-with-glibc2.36,
ok,ILS_iRace,drop_insert_operators,full,operator_group_ablation,group:insert,input/synthetic/synthetic_75.txt,synthetic,67,irace_final,720.000000,600.000000,120.000000,140755,140755,140755,0.000000,0.000000,621.866167,output/operator_group_ablation/ILS_iRace/drop_insert_operators/seed_067/input/synthetic/synthetic_75.txt,,,da27c8e3402deb8a0832aaa211b98a39d670003f,true,3.11.2,Linux-6.1.0-44-cloud-amd64-x86_64-with-glibc2.36,
ok,ILS_iRace,drop_order_operators,full,operator_group_ablation,group:order,input/synthetic/synthetic_75.txt,synthetic,67,irace_final,720.000000,600.000000,120.000000,140755,140755,140755,0.000000,0.000000,617.253826,output/operator_group_ablation/ILS_iRace/drop_order_operators/seed_067/input/synthetic/synthetic_75.txt,,,da27c8e3402deb8a0832aaa211b98a39d670003f,true,3.11.2,Linux-6.1.0-44-cloud-amd64-x86_64-with-glibc2.36,
ok,ILS_iRace,drop_strategic_operators,full,operator_group_ablation,group:strategic,input/synthetic/synthetic_75.txt,synthetic,67,irace_final,720.000000,600.000000,120.000000,140755,140755,140755,0.000000,0.000000,616.182546,output/operator_group_ablation/ILS_iRace/drop_strategic_operators/seed_067/input/synthetic/synthetic_75.txt,,,da27c8e3402deb8a0832aaa211b98a39d670003f,true,3.11.2,Linux-6.1.0-44-cloud-amd64-x86_64-with-glibc2.36,
ok,ILS_iRace,drop_insert_operators,full,operator_group_ablation,group:insert,input/synthetic/synthetic_75.txt,synthetic,78,irace_final,720.000000,600.000000,120.000000,140755,140755,140755,0.000000,0.000000,622.136218,output/operator_group_ablation/ILS_iRace/drop_insert_operators/seed_078/input/synthetic/synthetic_75.txt,,,da27c8e3402deb8a0832aaa211b98a39d670003f,true,3.11.2,Linux-6.1.0-44-cloud-amd64-x86_64-with-glibc2.36,
ok,ILS_iRace,drop_order_operators,full,operator_group_ablation,group:order,input/synthetic/synthetic_75.txt,synthetic,78,irace_final,720.000000,600.000000,120.000000,140755,140755,140755,0.000000,0.000000,622.606145,output/operator_group_ablation/ILS_iRace/drop_order_operators/seed_078/input/synthetic/synthetic_75.txt,,,da27c8e3402deb8a0832aaa211b98a39d670003f,true,3.11.2,Linux-6.1.0-44-cloud-amd64-x86_64-with-glibc2.36,
ok,ILS_iRace,drop_strategic_operators,full,operator_group_ablation,group:strategic,input/synthetic/synthetic_75.txt,synthetic,78,irace_final,720.000000,600.000000,120.000000,140755,140755,140755,0.000000,0.000000,622.351477,output/operator_group_ablation/ILS_iRace/drop_strategic_operators/seed_078/input/synthetic/synthetic_75.txt,,,da27c8e3402deb8a0832aaa211b98a39d670003f,true,3.11.2,Linux-6.1.0-44-cloud-amd64-x86_64-with-glibc2.36,
ok,ILS_iRace,drop_insert_operators,full,operator_group_ablation,group:insert,input/synthetic/synthetic_75.txt,synthetic,89,irace_final,720.000000,600.000000,120.000000,140755,140755,140755,0.000000,0.000000,616.136257,output/operator_group_ablation/ILS_iRace/drop_insert_operators/seed_089/input/synthetic/synthetic_75.txt,,,da27c8e3402deb8a0832aaa211b98a39d670003f,true,3.11.2,Linux-6.1.0-44-cloud-amd64-x86_64-with-glibc2.36,
ok,ILS_iRace,drop_order_operators,full,operator_group_ablation,group:order,input/synthetic/synthetic_75.txt,synthetic,89,irace_final,720.000000,600.000000,120.000000,140755,140755,140755,0.000000,0.000000,621.796744,output/operator_group_ablation/ILS_iRace/drop_order_operators/seed_089/input/synthetic/synthetic_75.txt,,,da27c8e3402deb8a0832aaa211b98a39d670003f,true,3.11.2,Linux-6.1.0-44-cloud-amd64-x86_64-with-glibc2.36,
ok,ILS_iRace,drop_strategic_operators,full,operator_group_ablation,group:strategic,input/synthetic/synthetic_75.txt,synthetic,89,irace_final,720.000000,600.000000,120.000000,140755,140755,140755,0.000000,0.000000,622.155055,output/operator_group_ablation/ILS_iRace/drop_strategic_operators/seed_089/input/synthetic/synthetic_75.txt,,,da27c8e3402deb8a0832aaa211b98a39d670003f,true,3.11.2,Linux-6.1.0-44-cloud-amd64-x86_64-with-glibc2.36,
ok,ILS_iRace,drop_insert_operators,full,operator_group_ablation,group:insert,input/synthetic/synthetic_75.txt,synthetic,100,irace_final,720.000000,600.000000,120.000000,140755,140755,140755,0.000000,0.000000,616.401503,output/operator_group_ablation/ILS_iRace/drop_insert_operators/seed_100/input/synthetic/synthetic_75.txt,,,da27c8e3402deb8a0832aaa211b98a39d670003f,true,3.11.2,Linux-6.1.0-44-cloud-amd64-x86_64-with-glibc2.36,
ok,ILS_iRace,drop_order_operators,full,operator_group_ablation,group:order,input/synthetic/synthetic_75.txt,synthetic,100,irace_final,720.000000,600.000000,120.000000,140755,140755,140755,0.000000,0.000000,621.946980,output/operator_group_ablation/ILS_iRace/drop_order_operators/seed_100/input/synthetic/synthetic_75.txt,,,da27c8e3402deb8a0832aaa211b98a39d670003f,true,3.11.2,Linux-6.1.0-44-cloud-amd64-x86_64-with-glibc2.36,
ok,ILS_iRace,drop_strategic_operators,full,operator_group_ablation,group:strategic,input/synthetic/synthetic_75.txt,synthetic,100,irace_final,720.000000,600.000000,120.000000,140755,140755,140755,0.000000,0.000000,621.973192,output/operator_group_ablation/ILS_iRace/drop_strategic_operators/seed_100/input/synthetic/synthetic_75.txt,,,da27c8e3402deb8a0832aaa211b98a39d670003f,true,3.11.2,Linux-6.1.0-44-cloud-amd64-x86_64-with-glibc2.36,
ok,ILS_iRace,drop_insert_operators,full,operator_group_ablation,group:insert,input/synthetic/synthetic_80.txt,synthetic,1,irace_final,720.000000,600.000000,120.000000,137454,137454,137454,0.000000,0.000000,611.824329,output/operator_group_ablation/ILS_iRace/drop_insert_operators/seed_001/input/synthetic/synthetic_80.txt,,,da27c8e3402deb8a0832aaa211b98a39d670003f,true,3.11.2,Linux-6.1.0-44-cloud-amd64-x86_64-with-glibc2.36,
ok,ILS_iRace,drop_order_operators,full,operator_group_ablation,group:order,input/synthetic/synthetic_80.txt,synthetic,1,irace_final,720.000000,600.000000,120.000000,137454,137454,137454,0.000000,0.000000,615.734214,output/operator_group_ablation/ILS_iRace/drop_order_operators/seed_001/input/synthetic/synthetic_80.txt,,,da27c8e3402deb8a0832aaa211b98a39d670003f,true,3.11.2,Linux-6.1.0-44-cloud-amd64-x86_64-with-glibc2.36,
ok,ILS_iRace,drop_strategic_operators,full,operator_group_ablation,group:strategic,input/synthetic/synthetic_80.txt,synthetic,1,irace_final,720.000000,600.000000,120.000000,137454,137454,137454,0.000000,0.000000,615.120912,output/operator_group_ablation/ILS_iRace/drop_strategic_operators/seed_001/input/synthetic/synthetic_80.txt,,,da27c8e3402deb8a0832aaa211b98a39d670003f,true,3.11.2,Linux-6.1.0-44-cloud-amd64-x86_64-with-glibc2.36,
ok,ILS_iRace,drop_insert_operators,full,operator_group_ablation,group:insert,input/synthetic/synthetic_80.txt,synthetic,12,irace_final,720.000000,600.000000,120.000000,137454,137454,137454,0.000000,0.000000,612.110347,output/operator_group_ablation/ILS_iRace/drop_insert_operators/seed_012/input/synthetic/synthetic_80.txt,,,da27c8e3402deb8a0832aaa211b98a39d670003f,true,3.11.2,Linux-6.1.0-44-cloud-amd64-x86_64-with-glibc2.36,
ok,ILS_iRace,drop_order_operators,full,operator_group_ablation,group:order,input/synthetic/synthetic_80.txt,synthetic,12,irace_final,720.000000,600.000000,120.000000,137454,137454,137454,0.000000,0.000000,615.860296,output/operator_group_ablation/ILS_iRace/drop_order_operators/seed_012/input/synthetic/synthetic_80.txt,,,da27c8e3402deb8a0832aaa211b98a39d670003f,true,3.11.2,Linux-6.1.0-44-cloud-amd64-x86_64-with-glibc2.36,
ok,ILS_iRace,drop_strategic_operators,full,operator_group_ablation,group:strategic,input/synthetic/synthetic_80.txt,synthetic,12,irace_final,720.000000,600.000000,120.000000,137454,137454,137454,0.000000,0.000000,615.701811,output/operator_group_ablation/ILS_iRace/drop_strategic_operators/seed_012/input/synthetic/synthetic_80.txt,,,da27c8e3402deb8a0832aaa211b98a39d670003f,true,3.11.2,Linux-6.1.0-44-cloud-amd64-x86_64-with-glibc2.36,
ok,ILS_iRace,drop_insert_operators,full,operator_group_ablation,group:insert,input/synthetic/synthetic_80.txt,synthetic,23,irace_final,720.000000,600.000000,120.000000,137454,137454,137454,0.000000,0.000000,615.177795,output/operator_group_ablation/ILS_iRace/drop_insert_operators/seed_023/input/synthetic/synthetic_80.txt,,,da27c8e3402deb8a0832aaa211b98a39d670003f,true,3.11.2,Linux-6.1.0-44-cloud-amd64-x86_64-with-glibc2.36,
ok,ILS_iRace,drop_order_operators,full,operator_group_ablation,group:order,input/synthetic/synthetic_80.txt,synthetic,23,irace_final,720.000000,600.000000,120.000000,137454,137454,137454,0.000000,0.000000,614.562111,output/operator_group_ablation/ILS_iRace/drop_order_operators/seed_023/input/synthetic/synthetic_80.txt,,,da27c8e3402deb8a0832aaa211b98a39d670003f,true,3.11.2,Linux-6.1.0-44-cloud-amd64-x86_64-with-glibc2.36,
ok,ILS_iRace,drop_strategic_operators,full,operator_group_ablation,group:strategic,input/synthetic/synthetic_80.txt,synthetic,23,irace_final,720.000000,600.000000,120.000000,137454,137454,137454,0.000000,0.000000,611.987289,output/operator_group_ablation/ILS_iRace/drop_strategic_operators/seed_023/input/synthetic/synthetic_80.txt,,,da27c8e3402deb8a0832aaa211b98a39d670003f,true,3.11.2,Linux-6.1.0-44-cloud-amd64-x86_64-with-glibc2.36,
ok,ILS_iRace,drop_insert_operators,full,operator_group_ablation,group:insert,input/synthetic/synthetic_80.txt,synthetic,34,irace_final,720.000000,600.000000,120.000000,137454,137454,137454,0.000000,0.000000,615.380302,output/operator_group_ablation/ILS_iRace/drop_insert_operators/seed_034/input/synthetic/synthetic_80.txt,,,da27c8e3402deb8a0832aaa211b98a39d670003f,true,3.11.2,Linux-6.1.0-44-cloud-amd64-x86_64-with-glibc2.36,
ok,ILS_iRace,drop_order_operators,full,operator_group_ablation,group:order,input/synthetic/synthetic_80.txt,synthetic,34,irace_final,720.000000,600.000000,120.000000,137454,137454,137454,0.000000,0.000000,615.369613,output/operator_group_ablation/ILS_iRace/drop_order_operators/seed_034/input/synthetic/synthetic_80.txt,,,da27c8e3402deb8a0832aaa211b98a39d670003f,true,3.11.2,Linux-6.1.0-44-cloud-amd64-x86_64-with-glibc2.36,
ok,ILS_iRace,drop_strategic_operators,full,operator_group_ablation,group:strategic,input/synthetic/synthetic_80.txt,synthetic,34,irace_final,720.000000,600.000000,120.000000,137454,137454,137454,0.000000,0.000000,615.268877,output/operator_group_ablation/ILS_iRace/drop_strategic_operators/seed_034/input/synthetic/synthetic_80.txt,,,da27c8e3402deb8a0832aaa211b98a39d670003f,true,3.11.2,Linux-6.1.0-44-cloud-amd64-x86_64-with-glibc2.36,
ok,ILS_iRace,drop_insert_operators,full,operator_group_ablation,group:insert,input/synthetic/synthetic_80.txt,synthetic,45,irace_final,720.000000,600.000000,120.000000,137454,137454,137454,0.000000,0.000000,611.552820,output/operator_group_ablation/ILS_iRace/drop_insert_operators/seed_045/input/synthetic/synthetic_80.txt,,,da27c8e3402deb8a0832aaa211b98a39d670003f,true,3.11.2,Linux-6.1.0-44-cloud-amd64-x86_64-with-glibc2.36,
ok,ILS_iRace,drop_order_operators,full,operator_group_ablation,group:order,input/synthetic/synthetic_80.txt,synthetic,45,irace_final,720.000000,600.000000,120.000000,137454,137454,137454,0.000000,0.000000,611.711538,output/operator_group_ablation/ILS_iRace/drop_order_operators/seed_045/input/synthetic/synthetic_80.txt,,,da27c8e3402deb8a0832aaa211b98a39d670003f,true,3.11.2,Linux-6.1.0-44-cloud-amd64-x86_64-with-glibc2.36,
ok,ILS_iRace,drop_strategic_operators,full,operator_group_ablation,group:strategic,input/synthetic/synthetic_80.txt,synthetic,45,irace_final,720.000000,600.000000,120.000000,137454,137454,137454,0.000000,0.000000,615.325721,output/operator_group_ablation/ILS_iRace/drop_strategic_operators/seed_045/input/synthetic/synthetic_80.txt,,,da27c8e3402deb8a0832aaa211b98a39d670003f,true,3.11.2,Linux-6.1.0-44-cloud-amd64-x86_64-with-glibc2.36,
ok,ILS_iRace,drop_insert_operators,full,operator_group_ablation,group:insert,input/synthetic/synthetic_80.txt,synthetic,56,irace_final,720.000000,600.000000,120.000000,137454,137454,137454,0.000000,0.000000,615.130855,output/operator_group_ablation/ILS_iRace/drop_insert_operators/seed_056/input/synthetic/synthetic_80.txt,,,da27c8e3402deb8a0832aaa211b98a39d670003f,true,3.11.2,Linux-6.1.0-44-cloud-amd64-x86_64-with-glibc2.36,
ok,ILS_iRace,drop_order_operators,full,operator_group_ablation,group:order,input/synthetic/synthetic_80.txt,synthetic,56,irace_final,720.000000,600.000000,120.000000,137454,137454,137454,0.000000,0.000000,615.775816,output/operator_group_ablation/ILS_iRace/drop_order_operators/seed_056/input/synthetic/synthetic_80.txt,,,da27c8e3402deb8a0832aaa211b98a39d670003f,true,3.11.2,Linux-6.1.0-44-cloud-amd64-x86_64-with-glibc2.36,
ok,ILS_iRace,drop_strategic_operators,full,operator_group_ablation,group:strategic,input/synthetic/synthetic_80.txt,synthetic,56,irace_final,720.000000,600.000000,120.000000,137454,137454,137454,0.000000,0.000000,615.413831,output/operator_group_ablation/ILS_iRace/drop_strategic_operators/seed_056/input/synthetic/synthetic_80.txt,,,da27c8e3402deb8a0832aaa211b98a39d670003f,true,3.11.2,Linux-6.1.0-44-cloud-amd64-x86_64-with-glibc2.36,
ok,ILS_iRace,drop_insert_operators,full,operator_group_ablation,group:insert,input/synthetic/synthetic_80.txt,synthetic,67,irace_final,720.000000,600.000000,120.000000,137454,137454,137454,0.000000,0.000000,612.299248,output/operator_group_ablation/ILS_iRace/drop_insert_operators/seed_067/input/synthetic/synthetic_80.txt,,,da27c8e3402deb8a0832aaa211b98a39d670003f,true,3.11.2,Linux-6.1.0-44-cloud-amd64-x86_64-with-glibc2.36,
ok,ILS_iRace,drop_order_operators,full,operator_group_ablation,group:order,input/synthetic/synthetic_80.txt,synthetic,67,irace_final,720.000000,600.000000,120.000000,137454,137454,137454,0.000000,0.000000,611.865844,output/operator_group_ablation/ILS_iRace/drop_order_operators/seed_067/input/synthetic/synthetic_80.txt,,,da27c8e3402deb8a0832aaa211b98a39d670003f,true,3.11.2,Linux-6.1.0-44-cloud-amd64-x86_64-with-glibc2.36,
ok,ILS_iRace,drop_strategic_operators,full,operator_group_ablation,group:strategic,input/synthetic/synthetic_80.txt,synthetic,67,irace_final,720.000000,600.000000,120.000000,137454,137454,137454,0.000000,0.000000,615.549215,output/operator_group_ablation/ILS_iRace/drop_strategic_operators/seed_067/input/synthetic/synthetic_80.txt,,,da27c8e3402deb8a0832aaa211b98a39d670003f,true,3.11.2,Linux-6.1.0-44-cloud-amd64-x86_64-with-glibc2.36,
ok,ILS_iRace,drop_insert_operators,full,operator_group_ablation,group:insert,input/synthetic/synthetic_80.txt,synthetic,78,irace_final,720.000000,600.000000,120.000000,137454,137454,137454,0.000000,0.000000,611.801036,output/operator_group_ablation/ILS_iRace/drop_insert_operators/seed_078/input/synthetic/synthetic_80.txt,,,da27c8e3402deb8a0832aaa211b98a39d670003f,true,3.11.2,Linux-6.1.0-44-cloud-amd64-x86_64-with-glibc2.36,
ok,ILS_iRace,drop_order_operators,full,operator_group_ablation,group:order,input/synthetic/synthetic_80.txt,synthetic,78,irace_final,720.000000,600.000000,120.000000,137454,137454,137454,0.000000,0.000000,615.182947,output/operator_group_ablation/ILS_iRace/drop_order_operators/seed_078/input/synthetic/synthetic_80.txt,,,da27c8e3402deb8a0832aaa211b98a39d670003f,true,3.11.2,Linux-6.1.0-44-cloud-amd64-x86_64-with-glibc2.36,
ok,ILS_iRace,drop_strategic_operators,full,operator_group_ablation,group:strategic,input/synthetic/synthetic_80.txt,synthetic,78,irace_final,720.000000,600.000000,120.000000,137454,137454,137454,0.000000,0.000000,615.562595,output/operator_group_ablation/ILS_iRace/drop_strategic_operators/seed_078/input/synthetic/synthetic_80.txt,,,da27c8e3402deb8a0832aaa211b98a39d670003f,true,3.11.2,Linux-6.1.0-44-cloud-amd64-x86_64-with-glibc2.36,
ok,ILS_iRace,drop_insert_operators,full,operator_group_ablation,group:insert,input/synthetic/synthetic_80.txt,synthetic,89,irace_final,720.000000,600.000000,120.000000,137454,137454,137454,0.000000,0.000000,615.784924,output/operator_group_ablation/ILS_iRace/drop_insert_operators/seed_089/input/synthetic/synthetic_80.txt,,,da27c8e3402deb8a0832aaa211b98a39d670003f,true,3.11.2,Linux-6.1.0-44-cloud-amd64-x86_64-with-glibc2.36,
ok,ILS_iRace,drop_order_operators,full,operator_group_ablation,group:order,input/synthetic/synthetic_80.txt,synthetic,89,irace_final,720.000000,600.000000,120.000000,137454,137454,137454,0.000000,0.000000,612.795101,output/operator_group_ablation/ILS_iRace/drop_order_operators/seed_089/input/synthetic/synthetic_80.txt,,,da27c8e3402deb8a0832aaa211b98a39d670003f,true,3.11.2,Linux-6.1.0-44-cloud-amd64-x86_64-with-glibc2.36,
ok,ILS_iRace,drop_strategic_operators,full,operator_group_ablation,group:strategic,input/synthetic/synthetic_80.txt,synthetic,89,irace_final,720.000000,600.000000,120.000000,137454,137454,137454,0.000000,0.000000,615.897834,output/operator_group_ablation/ILS_iRace/drop_strategic_operators/seed_089/input/synthetic/synthetic_80.txt,,,da27c8e3402deb8a0832aaa211b98a39d670003f,true,3.11.2,Linux-6.1.0-44-cloud-amd64-x86_64-with-glibc2.36,
ok,ILS_iRace,drop_insert_operators,full,operator_group_ablation,group:insert,input/synthetic/synthetic_80.txt,synthetic,100,irace_final,720.000000,600.000000,120.000000,137454,137454,137454,0.000000,0.000000,612.244945,output/operator_group_ablation/ILS_iRace/drop_insert_operators/seed_100/input/synthetic/synthetic_80.txt,,,da27c8e3402deb8a0832aaa211b98a39d670003f,true,3.11.2,Linux-6.1.0-44-cloud-amd64-x86_64-with-glibc2.36,
ok,ILS_iRace,drop_order_operators,full,operator_group_ablation,group:order,input/synthetic/synthetic_80.txt,synthetic,100,irace_final,720.000000,600.000000,120.000000,137454,137454,137454,0.000000,0.000000,611.754795,output/operator_group_ablation/ILS_iRace/drop_order_operators/seed_100/input/synthetic/synthetic_80.txt,,,da27c8e3402deb8a0832aaa211b98a39d670003f,true,3.11.2,Linux-6.1.0-44-cloud-amd64-x86_64-with-glibc2.36,
ok,ILS_iRace,drop_strategic_operators,full,operator_group_ablation,group:strategic,input/synthetic/synthetic_80.txt,synthetic,100,irace_final,720.000000,600.000000,120.000000,137454,137454,137454,0.000000,0.000000,615.205346,output/operator_group_ablation/ILS_iRace/drop_strategic_operators/seed_100/input/synthetic/synthetic_80.txt,,,da27c8e3402deb8a0832aaa211b98a39d670003f,true,3.11.2,Linux-6.1.0-44-cloud-amd64-x86_64-with-glibc2.36,
ok,ILS_iRace,drop_insert_operators,full,operator_group_ablation,group:insert,input/synthetic/synthetic_85.txt,synthetic,1,irace_final,720.000000,600.000000,120.000000,2597661,2597661,2597661,0.000000,0.000000,605.040919,output/operator_group_ablation/ILS_iRace/drop_insert_operators/seed_001/input/synthetic/synthetic_85.txt,,,da27c8e3402deb8a0832aaa211b98a39d670003f,true,3.11.2,Linux-6.1.0-44-cloud-amd64-x86_64-with-glibc2.36,
ok,ILS_iRace,drop_order_operators,full,operator_group_ablation,group:order,input/synthetic/synthetic_85.txt,synthetic,1,irace_final,720.000000,600.000000,120.000000,2597661,2597661,2597661,0.000000,0.000000,605.040309,output/operator_group_ablation/ILS_iRace/drop_order_operators/seed_001/input/synthetic/synthetic_85.txt,,,da27c8e3402deb8a0832aaa211b98a39d670003f,true,3.11.2,Linux-6.1.0-44-cloud-amd64-x86_64-with-glibc2.36,
ok,ILS_iRace,drop_strategic_operators,full,operator_group_ablation,group:strategic,input/synthetic/synthetic_85.txt,synthetic,1,irace_final,720.000000,600.000000,120.000000,2597661,2597661,2597661,0.000000,0.000000,605.042055,output/operator_group_ablation/ILS_iRace/drop_strategic_operators/seed_001/input/synthetic/synthetic_85.txt,,,da27c8e3402deb8a0832aaa211b98a39d670003f,true,3.11.2,Linux-6.1.0-44-cloud-amd64-x86_64-with-glibc2.36,
ok,ILS_iRace,drop_insert_operators,full,operator_group_ablation,group:insert,input/synthetic/synthetic_85.txt,synthetic,12,irace_final,720.000000,600.000000,120.000000,2597661,2597661,2597661,0.000000,0.000000,605.042176,output/operator_group_ablation/ILS_iRace/drop_insert_operators/seed_012/input/synthetic/synthetic_85.txt,,,da27c8e3402deb8a0832aaa211b98a39d670003f,true,3.11.2,Linux-6.1.0-44-cloud-amd64-x86_64-with-glibc2.36,
ok,ILS_iRace,drop_order_operators,full,operator_group_ablation,group:order,input/synthetic/synthetic_85.txt,synthetic,12,irace_final,720.000000,600.000000,120.000000,2597661,2597661,2597661,0.000000,0.000000,605.023355,output/operator_group_ablation/ILS_iRace/drop_order_operators/seed_012/input/synthetic/synthetic_85.txt,,,da27c8e3402deb8a0832aaa211b98a39d670003f,true,3.11.2,Linux-6.1.0-44-cloud-amd64-x86_64-with-glibc2.36,
ok,ILS_iRace,drop_strategic_operators,full,operator_group_ablation,group:strategic,input/synthetic/synthetic_85.txt,synthetic,12,irace_final,720.000000,600.000000,120.000000,2597661,2597661,2597661,0.000000,0.000000,605.022161,output/operator_group_ablation/ILS_iRace/drop_strategic_operators/seed_012/input/synthetic/synthetic_85.txt,,,da27c8e3402deb8a0832aaa211b98a39d670003f,true,3.11.2,Linux-6.1.0-44-cloud-amd64-x86_64-with-glibc2.36,
ok,ILS_iRace,drop_insert_operators,full,operator_group_ablation,group:insert,input/synthetic/synthetic_85.txt,synthetic,23,irace_final,720.000000,600.000000,120.000000,2597661,2597661,2597661,0.000000,0.000000,605.040041,output/operator_group_ablation/ILS_iRace/drop_insert_operators/seed_023/input/synthetic/synthetic_85.txt,,,da27c8e3402deb8a0832aaa211b98a39d670003f,true,3.11.2,Linux-6.1.0-44-cloud-amd64-x86_64-with-glibc2.36,
ok,ILS_iRace,drop_order_operators,full,operator_group_ablation,group:order,input/synthetic/synthetic_85.txt,synthetic,23,irace_final,720.000000,600.000000,120.000000,2597661,2597661,2597661,0.000000,0.000000,605.040504,output/operator_group_ablation/ILS_iRace/drop_order_operators/seed_023/input/synthetic/synthetic_85.txt,,,da27c8e3402deb8a0832aaa211b98a39d670003f,true,3.11.2,Linux-6.1.0-44-cloud-amd64-x86_64-with-glibc2.36,
ok,ILS_iRace,drop_strategic_operators,full,operator_group_ablation,group:strategic,input/synthetic/synthetic_85.txt,synthetic,23,irace_final,720.000000,600.000000,120.000000,2597661,2597661,2597661,0.000000,0.000000,605.043326,output/operator_group_ablation/ILS_iRace/drop_strategic_operators/seed_023/input/synthetic/synthetic_85.txt,,,da27c8e3402deb8a0832aaa211b98a39d670003f,true,3.11.2,Linux-6.1.0-44-cloud-amd64-x86_64-with-glibc2.36,
ok,ILS_iRace,drop_insert_operators,full,operator_group_ablation,group:insert,input/synthetic/synthetic_85.txt,synthetic,34,irace_final,720.000000,600.000000,120.000000,2597661,2597661,2597661,0.000000,0.000000,605.040576,output/operator_group_ablation/ILS_iRace/drop_insert_operators/seed_034/input/synthetic/synthetic_85.txt,,,da27c8e3402deb8a0832aaa211b98a39d670003f,true,3.11.2,Linux-6.1.0-44-cloud-amd64-x86_64-with-glibc2.36,
ok,ILS_iRace,drop_order_operators,full,operator_group_ablation,group:order,input/synthetic/synthetic_85.txt,synthetic,34,irace_final,720.000000,600.000000,120.000000,2597661,2597661,2597661,0.000000,0.000000,605.022463,output/operator_group_ablation/ILS_iRace/drop_order_operators/seed_034/input/synthetic/synthetic_85.txt,,,da27c8e3402deb8a0832aaa211b98a39d670003f,true,3.11.2,Linux-6.1.0-44-cloud-amd64-x86_64-with-glibc2.36,
ok,ILS_iRace,drop_strategic_operators,full,operator_group_ablation,group:strategic,input/synthetic/synthetic_85.txt,synthetic,34,irace_final,720.000000,600.000000,120.000000,2597661,2597661,2597661,0.000000,0.000000,605.021483,output/operator_group_ablation/ILS_iRace/drop_strategic_operators/seed_034/input/synthetic/synthetic_85.txt,,,da27c8e3402deb8a0832aaa211b98a39d670003f,true,3.11.2,Linux-6.1.0-44-cloud-amd64-x86_64-with-glibc2.36,
ok,ILS_iRace,drop_insert_operators,full,operator_group_ablation,group:insert,input/synthetic/synthetic_85.txt,synthetic,45,irace_final,720.000000,600.000000,120.000000,2597661,2597661,2597661,0.000000,0.000000,605.040810,output/operator_group_ablation/ILS_iRace/drop_insert_operators/seed_045/input/synthetic/synthetic_85.txt,,,da27c8e3402deb8a0832aaa211b98a39d670003f,true,3.11.2,Linux-6.1.0-44-cloud-amd64-x86_64-with-glibc2.36,
ok,ILS_iRace,drop_order_operators,full,operator_group_ablation,group:order,input/synthetic/synthetic_85.txt,synthetic,45,irace_final,720.000000,600.000000,120.000000,2597661,2597661,2597661,0.000000,0.000000,605.041432,output/operator_group_ablation/ILS_iRace/drop_order_operators/seed_045/input/synthetic/synthetic_85.txt,,,da27c8e3402deb8a0832aaa211b98a39d670003f,true,3.11.2,Linux-6.1.0-44-cloud-amd64-x86_64-with-glibc2.36,
ok,ILS_iRace,drop_strategic_operators,full,operator_group_ablation,group:strategic,input/synthetic/synthetic_85.txt,synthetic,45,irace_final,720.000000,600.000000,120.000000,2597661,2597661,2597661,0.000000,0.000000,605.041339,output/operator_group_ablation/ILS_iRace/drop_strategic_operators/seed_045/input/synthetic/synthetic_85.txt,,,da27c8e3402deb8a0832aaa211b98a39d670003f,true,3.11.2,Linux-6.1.0-44-cloud-amd64-x86_64-with-glibc2.36,
ok,ILS_iRace,drop_insert_operators,full,operator_group_ablation,group:insert,input/synthetic/synthetic_85.txt,synthetic,56,irace_final,720.000000,600.000000,120.000000,2597661,2597661,2597661,0.000000,0.000000,605.041864,output/operator_group_ablation/ILS_iRace/drop_insert_operators/seed_056/input/synthetic/synthetic_85.txt,,,da27c8e3402deb8a0832aaa211b98a39d670003f,true,3.11.2,Linux-6.1.0-44-cloud-amd64-x86_64-with-glibc2.36,
ok,ILS_iRace,drop_order_operators,full,operator_group_ablation,group:order,input/synthetic/synthetic_85.txt,synthetic,56,irace_final,720.000000,600.000000,120.000000,2597661,2597661,2597661,0.000000,0.000000,605.021225,output/operator_group_ablation/ILS_iRace/drop_order_operators/seed_056/input/synthetic/synthetic_85.txt,,,da27c8e3402deb8a0832aaa211b98a39d670003f,true,3.11.2,Linux-6.1.0-44-cloud-amd64-x86_64-with-glibc2.36,
ok,ILS_iRace,drop_strategic_operators,full,operator_group_ablation,group:strategic,input/synthetic/synthetic_85.txt,synthetic,56,irace_final,720.000000,600.000000,120.000000,2597661,2597661,2597661,0.000000,0.000000,605.021001,output/operator_group_ablation/ILS_iRace/drop_strategic_operators/seed_056/input/synthetic/synthetic_85.txt,,,da27c8e3402deb8a0832aaa211b98a39d670003f,true,3.11.2,Linux-6.1.0-44-cloud-amd64-x86_64-with-glibc2.36,
ok,ILS_iRace,drop_insert_operators,full,operator_group_ablation,group:insert,input/synthetic/synthetic_85.txt,synthetic,67,irace_final,720.000000,600.000000,120.000000,2597661,2597661,2597661,0.000000,0.000000,605.040339,output/operator_group_ablation/ILS_iRace/drop_insert_operators/seed_067/input/synthetic/synthetic_85.txt,,,da27c8e3402deb8a0832aaa211b98a39d670003f,true,3.11.2,Linux-6.1.0-44-cloud-amd64-x86_64-with-glibc2.36,
ok,ILS_iRace,drop_order_operators,full,operator_group_ablation,group:order,input/synthetic/synthetic_85.txt,synthetic,67,irace_final,720.000000,600.000000,120.000000,2597661,2597661,2597661,0.000000,0.000000,605.039267,output/operator_group_ablation/ILS_iRace/drop_order_operators/seed_067/input/synthetic/synthetic_85.txt,,,da27c8e3402deb8a0832aaa211b98a39d670003f,true,3.11.2,Linux-6.1.0-44-cloud-amd64-x86_64-with-glibc2.36,
ok,ILS_iRace,drop_strategic_operators,full,operator_group_ablation,group:strategic,input/synthetic/synthetic_85.txt,synthetic,67,irace_final,720.000000,600.000000,120.000000,2597661,2597661,2597661,0.000000,0.000000,605.042697,output/operator_group_ablation/ILS_iRace/drop_strategic_operators/seed_067/input/synthetic/synthetic_85.txt,,,da27c8e3402deb8a0832aaa211b98a39d670003f,true,3.11.2,Linux-6.1.0-44-cloud-amd64-x86_64-with-glibc2.36,
ok,ILS_iRace,drop_insert_operators,full,operator_group_ablation,group:insert,input/synthetic/synthetic_85.txt,synthetic,78,irace_final,720.000000,600.000000,120.000000,2597661,2597661,2597661,0.000000,0.000000,605.043212,output/operator_group_ablation/ILS_iRace/drop_insert_operators/seed_078/input/synthetic/synthetic_85.txt,,,da27c8e3402deb8a0832aaa211b98a39d670003f,true,3.11.2,Linux-6.1.0-44-cloud-amd64-x86_64-with-glibc2.36,
ok,ILS_iRace,drop_order_operators,full,operator_group_ablation,group:order,input/synthetic/synthetic_85.txt,synthetic,78,irace_final,720.000000,600.000000,120.000000,2597661,2597661,2597661,0.000000,0.000000,605.021291,output/operator_group_ablation/ILS_iRace/drop_order_operators/seed_078/input/synthetic/synthetic_85.txt,,,da27c8e3402deb8a0832aaa211b98a39d670003f,true,3.11.2,Linux-6.1.0-44-cloud-amd64-x86_64-with-glibc2.36,
ok,ILS_iRace,drop_strategic_operators,full,operator_group_ablation,group:strategic,input/synthetic/synthetic_85.txt,synthetic,78,irace_final,720.000000,600.000000,120.000000,2597661,2597661,2597661,0.000000,0.000000,605.021963,output/operator_group_ablation/ILS_iRace/drop_strategic_operators/seed_078/input/synthetic/synthetic_85.txt,,,da27c8e3402deb8a0832aaa211b98a39d670003f,true,3.11.2,Linux-6.1.0-44-cloud-amd64-x86_64-with-glibc2.36,
ok,ILS_iRace,drop_insert_operators,full,operator_group_ablation,group:insert,input/synthetic/synthetic_85.txt,synthetic,89,irace_final,720.000000,600.000000,120.000000,2597661,2597661,2597661,0.000000,0.000000,605.042205,output/operator_group_ablation/ILS_iRace/drop_insert_operators/seed_089/input/synthetic/synthetic_85.txt,,,da27c8e3402deb8a0832aaa211b98a39d670003f,true,3.11.2,Linux-6.1.0-44-cloud-amd64-x86_64-with-glibc2.36,
ok,ILS_iRace,drop_order_operators,full,operator_group_ablation,group:order,input/synthetic/synthetic_85.txt,synthetic,89,irace_final,720.000000,600.000000,120.000000,2597661,2597661,2597661,0.000000,0.000000,605.040237,output/operator_group_ablation/ILS_iRace/drop_order_operators/seed_089/input/synthetic/synthetic_85.txt,,,da27c8e3402deb8a0832aaa211b98a39d670003f,true,3.11.2,Linux-6.1.0-44-cloud-amd64-x86_64-with-glibc2.36,
ok,ILS_iRace,drop_strategic_operators,full,operator_group_ablation,group:strategic,input/synthetic/synthetic_85.txt,synthetic,89,irace_final,720.000000,600.000000,120.000000,2597661,2597661,2597661,0.000000,0.000000,605.042363,output/operator_group_ablation/ILS_iRace/drop_strategic_operators/seed_089/input/synthetic/synthetic_85.txt,,,da27c8e3402deb8a0832aaa211b98a39d670003f,true,3.11.2,Linux-6.1.0-44-cloud-amd64-x86_64-with-glibc2.36,
ok,ILS_iRace,drop_insert_operators,full,operator_group_ablation,group:insert,input/synthetic/synthetic_85.txt,synthetic,100,irace_final,720.000000,600.000000,120.000000,2597661,2597661,2597661,0.000000,0.000000,605.039801,output/operator_group_ablation/ILS_iRace/drop_insert_operators/seed_100/input/synthetic/synthetic_85.txt,,,da27c8e3402deb8a0832aaa211b98a39d670003f,true,3.11.2,Linux-6.1.0-44-cloud-amd64-x86_64-with-glibc2.36,
ok,ILS_iRace,drop_order_operators,full,operator_group_ablation,group:order,input/synthetic/synthetic_85.txt,synthetic,100,irace_final,720.000000,600.000000,120.000000,2597661,2597661,2597661,0.000000,0.000000,605.022769,output/operator_group_ablation/ILS_iRace/drop_order_operators/seed_100/input/synthetic/synthetic_85.txt,,,da27c8e3402deb8a0832aaa211b98a39d670003f,true,3.11.2,Linux-6.1.0-44-cloud-amd64-x86_64-with-glibc2.36,
ok,ILS_iRace,drop_strategic_operators,full,operator_group_ablation,group:strategic,input/synthetic/synthetic_85.txt,synthetic,100,irace_final,720.000000,600.000000,120.000000,2597661,2597661,2597661,0.000000,0.000000,605.022976,output/operator_group_ablation/ILS_iRace/drop_strategic_operators/seed_100/input/synthetic/synthetic_85.txt,,,da27c8e3402deb8a0832aaa211b98a39d670003f,true,3.11.2,Linux-6.1.0-44-cloud-amd64-x86_64-with-glibc2.36,
ok,ILS_iRace,drop_insert_operators,full,operator_group_ablation,group:insert,input/synthetic/synthetic_90.txt,synthetic,1,irace_final,720.000000,600.000000,120.000000,177823,177823,177823,0.000000,0.000000,609.049193,output/operator_group_ablation/ILS_iRace/drop_insert_operators/seed_001/input/synthetic/synthetic_90.txt,,,da27c8e3402deb8a0832aaa211b98a39d670003f,true,3.11.2,Linux-6.1.0-44-cloud-amd64-x86_64-with-glibc2.36,
ok,ILS_iRace,drop_order_operators,full,operator_group_ablation,group:order,input/synthetic/synthetic_90.txt,synthetic,1,irace_final,720.000000,600.000000,120.000000,177823,177823,177823,0.000000,0.000000,608.630475,output/operator_group_ablation/ILS_iRace/drop_order_operators/seed_001/input/synthetic/synthetic_90.txt,,,da27c8e3402deb8a0832aaa211b98a39d670003f,true,3.11.2,Linux-6.1.0-44-cloud-amd64-x86_64-with-glibc2.36,
ok,ILS_iRace,drop_strategic_operators,full,operator_group_ablation,group:strategic,input/synthetic/synthetic_90.txt,synthetic,1,irace_final,720.000000,600.000000,120.000000,177823,177823,177823,0.000000,0.000000,608.824375,output/operator_group_ablation/ILS_iRace/drop_strategic_operators/seed_001/input/synthetic/synthetic_90.txt,,,da27c8e3402deb8a0832aaa211b98a39d670003f,true,3.11.2,Linux-6.1.0-44-cloud-amd64-x86_64-with-glibc2.36,
ok,ILS_iRace,drop_insert_operators,full,operator_group_ablation,group:insert,input/synthetic/synthetic_90.txt,synthetic,12,irace_final,720.000000,600.000000,120.000000,177823,177823,177823,0.000000,0.000000,608.633944,output/operator_group_ablation/ILS_iRace/drop_insert_operators/seed_012/input/synthetic/synthetic_90.txt,,,da27c8e3402deb8a0832aaa211b98a39d670003f,true,3.11.2,Linux-6.1.0-44-cloud-amd64-x86_64-with-glibc2.36,
ok,ILS_iRace,drop_order_operators,full,operator_group_ablation,group:order,input/synthetic/synthetic_90.txt,synthetic,12,irace_final,720.000000,600.000000,120.000000,177823,177823,177823,0.000000,0.000000,607.272573,output/operator_group_ablation/ILS_iRace/drop_order_operators/seed_012/input/synthetic/synthetic_90.txt,,,da27c8e3402deb8a0832aaa211b98a39d670003f,true,3.11.2,Linux-6.1.0-44-cloud-amd64-x86_64-with-glibc2.36,
ok,ILS_iRace,drop_strategic_operators,full,operator_group_ablation,group:strategic,input/synthetic/synthetic_90.txt,synthetic,12,irace_final,720.000000,600.000000,120.000000,177823,177823,177823,0.000000,0.000000,607.473388,output/operator_group_ablation/ILS_iRace/drop_strategic_operators/seed_012/input/synthetic/synthetic_90.txt,,,da27c8e3402deb8a0832aaa211b98a39d670003f,true,3.11.2,Linux-6.1.0-44-cloud-amd64-x86_64-with-glibc2.36,
ok,ILS_iRace,drop_insert_operators,full,operator_group_ablation,group:insert,input/synthetic/synthetic_90.txt,synthetic,23,irace_final,720.000000,600.000000,120.000000,177823,177823,177823,0.000000,0.000000,609.027577,output/operator_group_ablation/ILS_iRace/drop_insert_operators/seed_023/input/synthetic/synthetic_90.txt,,,da27c8e3402deb8a0832aaa211b98a39d670003f,true,3.11.2,Linux-6.1.0-44-cloud-amd64-x86_64-with-glibc2.36,
ok,ILS_iRace,drop_order_operators,full,operator_group_ablation,group:order,input/synthetic/synthetic_90.txt,synthetic,23,irace_final,720.000000,600.000000,120.000000,177823,177823,177823,0.000000,0.000000,608.799982,output/operator_group_ablation/ILS_iRace/drop_order_operators/seed_023/input/synthetic/synthetic_90.txt,,,da27c8e3402deb8a0832aaa211b98a39d670003f,true,3.11.2,Linux-6.1.0-44-cloud-amd64-x86_64-with-glibc2.36,
ok,ILS_iRace,drop_strategic_operators,full,operator_group_ablation,group:strategic,input/synthetic/synthetic_90.txt,synthetic,23,irace_final,720.000000,600.000000,120.000000,177823,177823,177823,0.000000,0.000000,608.714152,output/operator_group_ablation/ILS_iRace/drop_strategic_operators/seed_023/input/synthetic/synthetic_90.txt,,,da27c8e3402deb8a0832aaa211b98a39d670003f,true,3.11.2,Linux-6.1.0-44-cloud-amd64-x86_64-with-glibc2.36,
ok,ILS_iRace,drop_insert_operators,full,operator_group_ablation,group:insert,input/synthetic/synthetic_90.txt,synthetic,34,irace_final,720.000000,600.000000,120.000000,177823,177823,177823,0.000000,0.000000,607.460783,output/operator_group_ablation/ILS_iRace/drop_insert_operators/seed_034/input/synthetic/synthetic_90.txt,,,da27c8e3402deb8a0832aaa211b98a39d670003f,true,3.11.2,Linux-6.1.0-44-cloud-amd64-x86_64-with-glibc2.36,
ok,ILS_iRace,drop_order_operators,full,operator_group_ablation,group:order,input/synthetic/synthetic_90.txt,synthetic,34,irace_final,720.000000,600.000000,120.000000,177823,177823,177823,0.000000,0.000000,607.482534,output/operator_group_ablation/ILS_iRace/drop_order_operators/seed_034/input/synthetic/synthetic_90.txt,,,da27c8e3402deb8a0832aaa211b98a39d670003f,true,3.11.2,Linux-6.1.0-44-cloud-amd64-x86_64-with-glibc2.36,
ok,ILS_iRace,drop_strategic_operators,full,operator_group_ablation,group:strategic,input/synthetic/synthetic_90.txt,synthetic,34,irace_final,720.000000,600.000000,120.000000,177823,177823,177823,0.000000,0.000000,608.950138,output/operator_group_ablation/ILS_iRace/drop_strategic_operators/seed_034/input/synthetic/synthetic_90.txt,,,da27c8e3402deb8a0832aaa211b98a39d670003f,true,3.11.2,Linux-6.1.0-44-cloud-amd64-x86_64-with-glibc2.36,
ok,ILS_iRace,drop_insert_operators,full,operator_group_ablation,group:insert,input/synthetic/synthetic_90.txt,synthetic,45,irace_final,720.000000,600.000000,120.000000,177823,177823,177823,0.000000,0.000000,608.739087,output/operator_group_ablation/ILS_iRace/drop_insert_operators/seed_045/input/synthetic/synthetic_90.txt,,,da27c8e3402deb8a0832aaa211b98a39d670003f,true,3.11.2,Linux-6.1.0-44-cloud-amd64-x86_64-with-glibc2.36,
ok,ILS_iRace,drop_order_operators,full,operator_group_ablation,group:order,input/synthetic/synthetic_90.txt,synthetic,45,irace_final,720.000000,600.000000,120.000000,177823,177823,177823,0.000000,0.000000,608.998729,output/operator_group_ablation/ILS_iRace/drop_order_operators/seed_045/input/synthetic/synthetic_90.txt,,,da27c8e3402deb8a0832aaa211b98a39d670003f,true,3.11.2,Linux-6.1.0-44-cloud-amd64-x86_64-with-glibc2.36,
ok,ILS_iRace,drop_strategic_operators,full,operator_group_ablation,group:strategic,input/synthetic/synthetic_90.txt,synthetic,45,irace_final,720.000000,600.000000,120.000000,177823,177823,177823,0.000000,0.000000,607.422894,output/operator_group_ablation/ILS_iRace/drop_strategic_operators/seed_045/input/synthetic/synthetic_90.txt,,,da27c8e3402deb8a0832aaa211b98a39d670003f,true,3.11.2,Linux-6.1.0-44-cloud-amd64-x86_64-with-glibc2.36,
ok,ILS_iRace,drop_insert_operators,full,operator_group_ablation,group:insert,input/synthetic/synthetic_90.txt,synthetic,56,irace_final,720.000000,600.000000,120.000000,177823,177823,177823,0.000000,0.000000,609.038220,output/operator_group_ablation/ILS_iRace/drop_insert_operators/seed_056/input/synthetic/synthetic_90.txt,,,da27c8e3402deb8a0832aaa211b98a39d670003f,true,3.11.2,Linux-6.1.0-44-cloud-amd64-x86_64-with-glibc2.36,
ok,ILS_iRace,drop_order_operators,full,operator_group_ablation,group:order,input/synthetic/synthetic_90.txt,synthetic,56,irace_final,720.000000,600.000000,120.000000,177823,177823,177823,0.000000,0.000000,607.394164,output/operator_group_ablation/ILS_iRace/drop_order_operators/seed_056/input/synthetic/synthetic_90.txt,,,da27c8e3402deb8a0832aaa211b98a39d670003f,true,3.11.2,Linux-6.1.0-44-cloud-amd64-x86_64-with-glibc2.36,
ok,ILS_iRace,drop_strategic_operators,full,operator_group_ablation,group:strategic,input/synthetic/synthetic_90.txt,synthetic,56,irace_final,720.000000,600.000000,120.000000,177823,177823,177823,0.000000,0.000000,608.810334,output/operator_group_ablation/ILS_iRace/drop_strategic_operators/seed_056/input/synthetic/synthetic_90.txt,,,da27c8e3402deb8a0832aaa211b98a39d670003f,true,3.11.2,Linux-6.1.0-44-cloud-amd64-x86_64-with-glibc2.36,
ok,ILS_iRace,drop_insert_operators,full,operator_group_ablation,group:insert,input/synthetic/synthetic_90.txt,synthetic,67,irace_final,720.000000,600.000000,120.000000,177823,177823,177823,0.000000,0.000000,609.085677,output/operator_group_ablation/ILS_iRace/drop_insert_operators/seed_067/input/synthetic/synthetic_90.txt,,,da27c8e3402deb8a0832aaa211b98a39d670003f,true,3.11.2,Linux-6.1.0-44-cloud-amd64-x86_64-with-glibc2.36,
ok,ILS_iRace,drop_order_operators,full,operator_group_ablation,group:order,input/synthetic/synthetic_90.txt,synthetic,67,irace_final,720.000000,600.000000,120.000000,177823,177823,177823,0.000000,0.000000,608.840772,output/operator_group_ablation/ILS_iRace/drop_order_operators/seed_067/input/synthetic/synthetic_90.txt,,,da27c8e3402deb8a0832aaa211b98a39d670003f,true,3.11.2,Linux-6.1.0-44-cloud-amd64-x86_64-with-glibc2.36,
ok,ILS_iRace,drop_strategic_operators,full,operator_group_ablation,group:strategic,input/synthetic/synthetic_90.txt,synthetic,67,irace_final,720.000000,600.000000,120.000000,177823,177823,177823,0.000000,0.000000,607.416089,output/operator_group_ablation/ILS_iRace/drop_strategic_operators/seed_067/input/synthetic/synthetic_90.txt,,,da27c8e3402deb8a0832aaa211b98a39d670003f,true,3.11.2,Linux-6.1.0-44-cloud-amd64-x86_64-with-glibc2.36,
ok,ILS_iRace,drop_insert_operators,full,operator_group_ablation,group:insert,input/synthetic/synthetic_90.txt,synthetic,78,irace_final,720.000000,600.000000,120.000000,177823,177823,177823,0.000000,0.000000,608.711946,output/operator_group_ablation/ILS_iRace/drop_insert_operators/seed_078/input/synthetic/synthetic_90.txt,,,da27c8e3402deb8a0832aaa211b98a39d670003f,true,3.11.2,Linux-6.1.0-44-cloud-amd64-x86_64-with-glibc2.36,
ok,ILS_iRace,drop_order_operators,full,operator_group_ablation,group:order,input/synthetic/synthetic_90.txt,synthetic,78,irace_final,720.000000,600.000000,120.000000,177823,177823,177823,0.000000,0.000000,607.479773,output/operator_group_ablation/ILS_iRace/drop_order_operators/seed_078/input/synthetic/synthetic_90.txt,,,da27c8e3402deb8a0832aaa211b98a39d670003f,true,3.11.2,Linux-6.1.0-44-cloud-amd64-x86_64-with-glibc2.36,
ok,ILS_iRace,drop_strategic_operators,full,operator_group_ablation,group:strategic,input/synthetic/synthetic_90.txt,synthetic,78,irace_final,720.000000,600.000000,120.000000,177823,177823,177823,0.000000,0.000000,608.968294,output/operator_group_ablation/ILS_iRace/drop_strategic_operators/seed_078/input/synthetic/synthetic_90.txt,,,da27c8e3402deb8a0832aaa211b98a39d670003f,true,3.11.2,Linux-6.1.0-44-cloud-amd64-x86_64-with-glibc2.36,
ok,ILS_iRace,drop_insert_operators,full,operator_group_ablation,group:insert,input/synthetic/synthetic_90.txt,synthetic,89,irace_final,720.000000,600.000000,120.000000,177823,177823,177823,0.000000,0.000000,608.614199,output/operator_group_ablation/ILS_iRace/drop_insert_operators/seed_089/input/synthetic/synthetic_90.txt,,,da27c8e3402deb8a0832aaa211b98a39d670003f,true,3.11.2,Linux-6.1.0-44-cloud-amd64-x86_64-with-glibc2.36,
ok,ILS_iRace,drop_order_operators,full,operator_group_ablation,group:order,input/synthetic/synthetic_90.txt,synthetic,89,irace_final,720.000000,600.000000,120.000000,177823,177823,177823,0.000000,0.000000,608.992660,output/operator_group_ablation/ILS_iRace/drop_order_operators/seed_089/input/synthetic/synthetic_90.txt,,,da27c8e3402deb8a0832aaa211b98a39d670003f,true,3.11.2,Linux-6.1.0-44-cloud-amd64-x86_64-with-glibc2.36,
ok,ILS_iRace,drop_strategic_operators,full,operator_group_ablation,group:strategic,input/synthetic/synthetic_90.txt,synthetic,89,irace_final,720.000000,600.000000,120.000000,177823,177823,177823,0.000000,0.000000,607.421280,output/operator_group_ablation/ILS_iRace/drop_strategic_operators/seed_089/input/synthetic/synthetic_90.txt,,,da27c8e3402deb8a0832aaa211b98a39d670003f,true,3.11.2,Linux-6.1.0-44-cloud-amd64-x86_64-with-glibc2.36,
ok,ILS_iRace,drop_insert_operators,full,operator_group_ablation,group:insert,input/synthetic/synthetic_90.txt,synthetic,100,irace_final,720.000000,600.000000,120.000000,177823,177823,177823,0.000000,0.000000,608.709435,output/operator_group_ablation/ILS_iRace/drop_insert_operators/seed_100/input/synthetic/synthetic_90.txt,,,da27c8e3402deb8a0832aaa211b98a39d670003f,true,3.11.2,Linux-6.1.0-44-cloud-amd64-x86_64-with-glibc2.36,
ok,ILS_iRace,drop_order_operators,full,operator_group_ablation,group:order,input/synthetic/synthetic_90.txt,synthetic,100,irace_final,720.000000,600.000000,120.000000,177823,177823,177823,0.000000,0.000000,607.397874,output/operator_group_ablation/ILS_iRace/drop_order_operators/seed_100/input/synthetic/synthetic_90.txt,,,da27c8e3402deb8a0832aaa211b98a39d670003f,true,3.11.2,Linux-6.1.0-44-cloud-amd64-x86_64-with-glibc2.36,
ok,ILS_iRace,drop_strategic_operators,full,operator_group_ablation,group:strategic,input/synthetic/synthetic_90.txt,synthetic,100,irace_final,720.000000,600.000000,120.000000,177823,177823,177823,0.000000,0.000000,608.703386,output/operator_group_ablation/ILS_iRace/drop_strategic_operators/seed_100/input/synthetic/synthetic_90.txt,,,da27c8e3402deb8a0832aaa211b98a39d670003f,true,3.11.2,Linux-6.1.0-44-cloud-amd64-x86_64-with-glibc2.36,
ok,ILS_iRace,drop_insert_operators,full,operator_group_ablation,group:insert,input/synthetic/synthetic_95.txt,synthetic,1,irace_final,720.000000,600.000000,120.000000,171405,171405,171405,0.000000,0.000000,609.302377,output/operator_group_ablation/ILS_iRace/drop_insert_operators/seed_001/input/synthetic/synthetic_95.txt,,,da27c8e3402deb8a0832aaa211b98a39d670003f,true,3.11.2,Linux-6.1.0-44-cloud-amd64-x86_64-with-glibc2.36,
ok,ILS_iRace,drop_order_operators,full,operator_group_ablation,group:order,input/synthetic/synthetic_95.txt,synthetic,1,irace_final,720.000000,600.000000,120.000000,171405,171405,171405,0.000000,0.000000,609.271860,output/operator_group_ablation/ILS_iRace/drop_order_operators/seed_001/input/synthetic/synthetic_95.txt,,,da27c8e3402deb8a0832aaa211b98a39d670003f,true,3.11.2,Linux-6.1.0-44-cloud-amd64-x86_64-with-glibc2.36,
ok,ILS_iRace,drop_strategic_operators,full,operator_group_ablation,group:strategic,input/synthetic/synthetic_95.txt,synthetic,1,irace_final,720.000000,600.000000,120.000000,171405,171405,171405,0.000000,0.000000,607.594628,output/operator_group_ablation/ILS_iRace/drop_strategic_operators/seed_001/input/synthetic/synthetic_95.txt,,,da27c8e3402deb8a0832aaa211b98a39d670003f,true,3.11.2,Linux-6.1.0-44-cloud-amd64-x86_64-with-glibc2.36,
ok,ILS_iRace,drop_insert_operators,full,operator_group_ablation,group:insert,input/synthetic/synthetic_95.txt,synthetic,12,irace_final,720.000000,600.000000,120.000000,171405,171405,171405,0.000000,0.000000,609.209085,output/operator_group_ablation/ILS_iRace/drop_insert_operators/seed_012/input/synthetic/synthetic_95.txt,,,da27c8e3402deb8a0832aaa211b98a39d670003f,true,3.11.2,Linux-6.1.0-44-cloud-amd64-x86_64-with-glibc2.36,
ok,ILS_iRace,drop_order_operators,full,operator_group_ablation,group:order,input/synthetic/synthetic_95.txt,synthetic,12,irace_final,720.000000,600.000000,120.000000,171405,171405,171405,0.000000,0.000000,607.546072,output/operator_group_ablation/ILS_iRace/drop_order_operators/seed_012/input/synthetic/synthetic_95.txt,,,da27c8e3402deb8a0832aaa211b98a39d670003f,true,3.11.2,Linux-6.1.0-44-cloud-amd64-x86_64-with-glibc2.36,
ok,ILS_iRace,drop_strategic_operators,full,operator_group_ablation,group:strategic,input/synthetic/synthetic_95.txt,synthetic,12,irace_final,720.000000,600.000000,120.000000,171405,171405,171405,0.000000,0.000000,609.235701,output/operator_group_ablation/ILS_iRace/drop_strategic_operators/seed_012/input/synthetic/synthetic_95.txt,,,da27c8e3402deb8a0832aaa211b98a39d670003f,true,3.11.2,Linux-6.1.0-44-cloud-amd64-x86_64-with-glibc2.36,
ok,ILS_iRace,drop_insert_operators,full,operator_group_ablation,group:insert,input/synthetic/synthetic_95.txt,synthetic,23,irace_final,720.000000,600.000000,120.000000,171405,171405,171405,0.000000,0.000000,609.297682,output/operator_group_ablation/ILS_iRace/drop_insert_operators/seed_023/input/synthetic/synthetic_95.txt,,,da27c8e3402deb8a0832aaa211b98a39d670003f,true,3.11.2,Linux-6.1.0-44-cloud-amd64-x86_64-with-glibc2.36,
ok,ILS_iRace,drop_order_operators,full,operator_group_ablation,group:order,input/synthetic/synthetic_95.txt,synthetic,23,irace_final,720.000000,600.000000,120.000000,171405,171405,171405,0.000000,0.000000,609.331487,output/operator_group_ablation/ILS_iRace/drop_order_operators/seed_023/input/synthetic/synthetic_95.txt,,,da27c8e3402deb8a0832aaa211b98a39d670003f,true,3.11.2,Linux-6.1.0-44-cloud-amd64-x86_64-with-glibc2.36,
ok,ILS_iRace,drop_strategic_operators,full,operator_group_ablation,group:strategic,input/synthetic/synthetic_95.txt,synthetic,23,irace_final,720.000000,600.000000,120.000000,171405,171405,171405,0.000000,0.000000,607.592597,output/operator_group_ablation/ILS_iRace/drop_strategic_operators/seed_023/input/synthetic/synthetic_95.txt,,,da27c8e3402deb8a0832aaa211b98a39d670003f,true,3.11.2,Linux-6.1.0-44-cloud-amd64-x86_64-with-glibc2.36,
ok,ILS_iRace,drop_insert_operators,full,operator_group_ablation,group:insert,input/synthetic/synthetic_95.txt,synthetic,34,irace_final,720.000000,600.000000,120.000000,171405,171405,171405,0.000000,0.000000,608.995884,output/operator_group_ablation/ILS_iRace/drop_insert_operators/seed_034/input/synthetic/synthetic_95.txt,,,da27c8e3402deb8a0832aaa211b98a39d670003f,true,3.11.2,Linux-6.1.0-44-cloud-amd64-x86_64-with-glibc2.36,
ok,ILS_iRace,drop_order_operators,full,operator_group_ablation,group:order,input/synthetic/synthetic_95.txt,synthetic,34,irace_final,720.000000,600.000000,120.000000,171405,171405,171405,0.000000,0.000000,607.734264,output/operator_group_ablation/ILS_iRace/drop_order_operators/seed_034/input/synthetic/synthetic_95.txt,,,da27c8e3402deb8a0832aaa211b98a39d670003f,true,3.11.2,Linux-6.1.0-44-cloud-amd64-x86_64-with-glibc2.36,
ok,ILS_iRace,drop_strategic_operators,full,operator_group_ablation,group:strategic,input/synthetic/synthetic_95.txt,synthetic,34,irace_final,720.000000,600.000000,120.000000,171405,171405,171405,0.000000,0.000000,609.339507,output/operator_group_ablation/ILS_iRace/drop_strategic_operators/seed_034/input/synthetic/synthetic_95.txt,,,da27c8e3402deb8a0832aaa211b98a39d670003f,true,3.11.2,Linux-6.1.0-44-cloud-amd64-x86_64-with-glibc2.36,
ok,ILS_iRace,drop_insert_operators,full,operator_group_ablation,group:insert,input/synthetic/synthetic_95.txt,synthetic,45,irace_final,720.000000,600.000000,120.000000,171405,171405,171405,0.000000,0.000000,609.380119,output/operator_group_ablation/ILS_iRace/drop_insert_operators/seed_045/input/synthetic/synthetic_95.txt,,,da27c8e3402deb8a0832aaa211b98a39d670003f,true,3.11.2,Linux-6.1.0-44-cloud-amd64-x86_64-with-glibc2.36,
ok,ILS_iRace,drop_order_operators,full,operator_group_ablation,group:order,input/synthetic/synthetic_95.txt,synthetic,45,irace_final,720.000000,600.000000,120.000000,171405,171405,171405,0.000000,0.000000,609.132481,output/operator_group_ablation/ILS_iRace/drop_order_operators/seed_045/input/synthetic/synthetic_95.txt,,,da27c8e3402deb8a0832aaa211b98a39d670003f,true,3.11.2,Linux-6.1.0-44-cloud-amd64-x86_64-with-glibc2.36,
ok,ILS_iRace,drop_strategic_operators,full,operator_group_ablation,group:strategic,input/synthetic/synthetic_95.txt,synthetic,45,irace_final,720.000000,600.000000,120.000000,171405,171405,171405,0.000000,0.000000,607.794493,output/operator_group_ablation/ILS_iRace/drop_strategic_operators/seed_045/input/synthetic/synthetic_95.txt,,,da27c8e3402deb8a0832aaa211b98a39d670003f,true,3.11.2,Linux-6.1.0-44-cloud-amd64-x86_64-with-glibc2.36,
ok,ILS_iRace,drop_insert_operators,full,operator_group_ablation,group:insert,input/synthetic/synthetic_95.txt,synthetic,56,irace_final,720.000000,600.000000,120.000000,171405,171405,171405,0.000000,0.000000,609.283533,output/operator_group_ablation/ILS_iRace/drop_insert_operators/seed_056/input/synthetic/synthetic_95.txt,,,da27c8e3402deb8a0832aaa211b98a39d670003f,true,3.11.2,Linux-6.1.0-44-cloud-amd64-x86_64-with-glibc2.36,
ok,ILS_iRace,drop_order_operators,full,operator_group_ablation,group:order,input/synthetic/synthetic_95.txt,synthetic,56,irace_final,720.000000,600.000000,120.000000,171405,171405,171405,0.000000,0.000000,607.481879,output/operator_group_ablation/ILS_iRace/drop_order_operators/seed_056/input/synthetic/synthetic_95.txt,,,da27c8e3402deb8a0832aaa211b98a39d670003f,true,3.11.2,Linux-6.1.0-44-cloud-amd64-x86_64-with-glibc2.36,
ok,ILS_iRace,drop_strategic_operators,full,operator_group_ablation,group:strategic,input/synthetic/synthetic_95.txt,synthetic,56,irace_final,720.000000,600.000000,120.000000,171405,171405,171405,0.000000,0.000000,609.290078,output/operator_group_ablation/ILS_iRace/drop_strategic_operators/seed_056/input/synthetic/synthetic_95.txt,,,da27c8e3402deb8a0832aaa211b98a39d670003f,true,3.11.2,Linux-6.1.0-44-cloud-amd64-x86_64-with-glibc2.36,
ok,ILS_iRace,drop_insert_operators,full,operator_group_ablation,group:insert,input/synthetic/synthetic_95.txt,synthetic,67,irace_final,720.000000,600.000000,120.000000,171405,171405,171405,0.000000,0.000000,609.309045,output/operator_group_ablation/ILS_iRace/drop_insert_operators/seed_067/input/synthetic/synthetic_95.txt,,,da27c8e3402deb8a0832aaa211b98a39d670003f,true,3.11.2,Linux-6.1.0-44-cloud-amd64-x86_64-with-glibc2.36,
ok,ILS_iRace,drop_order_operators,full,operator_group_ablation,group:order,input/synthetic/synthetic_95.txt,synthetic,67,irace_final,720.000000,600.000000,120.000000,171405,171405,171405,0.000000,0.000000,607.594541,output/operator_group_ablation/ILS_iRace/drop_order_operators/seed_067/input/synthetic/synthetic_95.txt,,,da27c8e3402deb8a0832aaa211b98a39d670003f,true,3.11.2,Linux-6.1.0-44-cloud-amd64-x86_64-with-glibc2.36,
ok,ILS_iRace,drop_strategic_operators,full,operator_group_ablation,group:strategic,input/synthetic/synthetic_95.txt,synthetic,67,irace_final,720.000000,600.000000,120.000000,171405,171405,171405,0.000000,0.000000,609.321563,output/operator_group_ablation/ILS_iRace/drop_strategic_operators/seed_067/input/synthetic/synthetic_95.txt,,,da27c8e3402deb8a0832aaa211b98a39d670003f,true,3.11.2,Linux-6.1.0-44-cloud-amd64-x86_64-with-glibc2.36,
ok,ILS_iRace,drop_insert_operators,full,operator_group_ablation,group:insert,input/synthetic/synthetic_95.txt,synthetic,78,irace_final,720.000000,600.000000,120.000000,171405,171405,171405,0.000000,0.000000,607.455619,output/operator_group_ablation/ILS_iRace/drop_insert_operators/seed_078/input/synthetic/synthetic_95.txt,,,da27c8e3402deb8a0832aaa211b98a39d670003f,true,3.11.2,Linux-6.1.0-44-cloud-amd64-x86_64-with-glibc2.36,
ok,ILS_iRace,drop_order_operators,full,operator_group_ablation,group:order,input/synthetic/synthetic_95.txt,synthetic,78,irace_final,720.000000,600.000000,120.000000,171405,171405,171405,0.000000,0.000000,609.276663,output/operator_group_ablation/ILS_iRace/drop_order_operators/seed_078/input/synthetic/synthetic_95.txt,,,da27c8e3402deb8a0832aaa211b98a39d670003f,true,3.11.2,Linux-6.1.0-44-cloud-amd64-x86_64-with-glibc2.36,
ok,ILS_iRace,drop_strategic_operators,full,operator_group_ablation,group:strategic,input/synthetic/synthetic_95.txt,synthetic,78,irace_final,720.000000,600.000000,120.000000,171405,171405,171405,0.000000,0.000000,609.322029,output/operator_group_ablation/ILS_iRace/drop_strategic_operators/seed_078/input/synthetic/synthetic_95.txt,,,da27c8e3402deb8a0832aaa211b98a39d670003f,true,3.11.2,Linux-6.1.0-44-cloud-amd64-x86_64-with-glibc2.36,
ok,ILS_iRace,drop_insert_operators,full,operator_group_ablation,group:insert,input/synthetic/synthetic_95.txt,synthetic,89,irace_final,720.000000,600.000000,120.000000,171405,171405,171405,0.000000,0.000000,609.276214,output/operator_group_ablation/ILS_iRace/drop_insert_operators/seed_089/input/synthetic/synthetic_95.txt,,,da27c8e3402deb8a0832aaa211b98a39d670003f,true,3.11.2,Linux-6.1.0-44-cloud-amd64-x86_64-with-glibc2.36,
ok,ILS_iRace,drop_order_operators,full,operator_group_ablation,group:order,input/synthetic/synthetic_95.txt,synthetic,89,irace_final,720.000000,600.000000,120.000000,171405,171405,171405,0.000000,0.000000,609.220337,output/operator_group_ablation/ILS_iRace/drop_order_operators/seed_089/input/synthetic/synthetic_95.txt,,,da27c8e3402deb8a0832aaa211b98a39d670003f,true,3.11.2,Linux-6.1.0-44-cloud-amd64-x86_64-with-glibc2.36,
ok,ILS_iRace,drop_strategic_operators,full,operator_group_ablation,group:strategic,input/synthetic/synthetic_95.txt,synthetic,89,irace_final,720.000000,600.000000,120.000000,171405,171405,171405,0.000000,0.000000,609.255682,output/operator_group_ablation/ILS_iRace/drop_strategic_operators/seed_089/input/synthetic/synthetic_95.txt,,,da27c8e3402deb8a0832aaa211b98a39d670003f,true,3.11.2,Linux-6.1.0-44-cloud-amd64-x86_64-with-glibc2.36,
ok,ILS_iRace,drop_insert_operators,full,operator_group_ablation,group:insert,input/synthetic/synthetic_95.txt,synthetic,100,irace_final,720.000000,600.000000,120.000000,171405,171405,171405,0.000000,0.000000,607.569591,output/operator_group_ablation/ILS_iRace/drop_insert_operators/seed_100/input/synthetic/synthetic_95.txt,,,da27c8e3402deb8a0832aaa211b98a39d670003f,true,3.11.2,Linux-6.1.0-44-cloud-amd64-x86_64-with-glibc2.36,
ok,ILS_iRace,drop_order_operators,full,operator_group_ablation,group:order,input/synthetic/synthetic_95.txt,synthetic,100,irace_final,720.000000,600.000000,120.000000,171405,171405,171405,0.000000,0.000000,607.413812,output/operator_group_ablation/ILS_iRace/drop_order_operators/seed_100/input/synthetic/synthetic_95.txt,,,da27c8e3402deb8a0832aaa211b98a39d670003f,true,3.11.2,Linux-6.1.0-44-cloud-amd64-x86_64-with-glibc2.36,
ok,ILS_iRace,drop_strategic_operators,full,operator_group_ablation,group:strategic,input/synthetic/synthetic_95.txt,synthetic,100,irace_final,720.000000,600.000000,120.000000,171405,171405,171405,0.000000,0.000000,609.221566,output/operator_group_ablation/ILS_iRace/drop_strategic_operators/seed_100/input/synthetic/synthetic_95.txt,,,da27c8e3402deb8a0832aaa211b98a39d670003f,true,3.11.2,Linux-6.1.0-44-cloud-amd64-x86_64-with-glibc2.36,
ok,ILS_iRace,drop_insert_operators,full,operator_group_ablation,group:insert,input/synthetic/synthetic_100.txt,synthetic,1,irace_final,720.000000,600.000000,120.000000,156794,156794,156794,0.000000,0.000000,622.437634,output/operator_group_ablation/ILS_iRace/drop_insert_operators/seed_001/input/synthetic/synthetic_100.txt,,,da27c8e3402deb8a0832aaa211b98a39d670003f,true,3.11.2,Linux-6.1.0-44-cloud-amd64-x86_64-with-glibc2.36,
ok,ILS_iRace,drop_order_operators,full,operator_group_ablation,group:order,input/synthetic/synthetic_100.txt,synthetic,1,irace_final,720.000000,600.000000,120.000000,156794,156794,156794,0.000000,0.000000,621.822671,output/operator_group_ablation/ILS_iRace/drop_order_operators/seed_001/input/synthetic/synthetic_100.txt,,,da27c8e3402deb8a0832aaa211b98a39d670003f,true,3.11.2,Linux-6.1.0-44-cloud-amd64-x86_64-with-glibc2.36,
ok,ILS_iRace,drop_strategic_operators,full,operator_group_ablation,group:strategic,input/synthetic/synthetic_100.txt,synthetic,1,irace_final,720.000000,600.000000,120.000000,156794,156794,156794,0.000000,0.000000,621.250092,output/operator_group_ablation/ILS_iRace/drop_strategic_operators/seed_001/input/synthetic/synthetic_100.txt,,,da27c8e3402deb8a0832aaa211b98a39d670003f,true,3.11.2,Linux-6.1.0-44-cloud-amd64-x86_64-with-glibc2.36,
ok,ILS_iRace,drop_insert_operators,full,operator_group_ablation,group:insert,input/synthetic/synthetic_100.txt,synthetic,12,irace_final,720.000000,600.000000,120.000000,156794,156794,156794,0.000000,0.000000,615.255381,output/operator_group_ablation/ILS_iRace/drop_insert_operators/seed_012/input/synthetic/synthetic_100.txt,,,da27c8e3402deb8a0832aaa211b98a39d670003f,true,3.11.2,Linux-6.1.0-44-cloud-amd64-x86_64-with-glibc2.36,
ok,ILS_iRace,drop_order_operators,full,operator_group_ablation,group:order,input/synthetic/synthetic_100.txt,synthetic,12,irace_final,720.000000,600.000000,120.000000,156794,156794,156794,0.000000,0.000000,615.338495,output/operator_group_ablation/ILS_iRace/drop_order_operators/seed_012/input/synthetic/synthetic_100.txt,,,da27c8e3402deb8a0832aaa211b98a39d670003f,true,3.11.2,Linux-6.1.0-44-cloud-amd64-x86_64-with-glibc2.36,
ok,ILS_iRace,drop_strategic_operators,full,operator_group_ablation,group:strategic,input/synthetic/synthetic_100.txt,synthetic,12,irace_final,720.000000,600.000000,120.000000,156794,156794,156794,0.000000,0.000000,621.051392,output/operator_group_ablation/ILS_iRace/drop_strategic_operators/seed_012/input/synthetic/synthetic_100.txt,,,da27c8e3402deb8a0832aaa211b98a39d670003f,true,3.11.2,Linux-6.1.0-44-cloud-amd64-x86_64-with-glibc2.36,
ok,ILS_iRace,drop_insert_operators,full,operator_group_ablation,group:insert,input/synthetic/synthetic_100.txt,synthetic,23,irace_final,720.000000,600.000000,120.000000,156794,156794,156794,0.000000,0.000000,621.448767,output/operator_group_ablation/ILS_iRace/drop_insert_operators/seed_023/input/synthetic/synthetic_100.txt,,,da27c8e3402deb8a0832aaa211b98a39d670003f,true,3.11.2,Linux-6.1.0-44-cloud-amd64-x86_64-with-glibc2.36,
ok,ILS_iRace,drop_order_operators,full,operator_group_ablation,group:order,input/synthetic/synthetic_100.txt,synthetic,23,irace_final,720.000000,600.000000,120.000000,156794,156794,156794,0.000000,0.000000,620.769349,output/operator_group_ablation/ILS_iRace/drop_order_operators/seed_023/input/synthetic/synthetic_100.txt,,,da27c8e3402deb8a0832aaa211b98a39d670003f,true,3.11.2,Linux-6.1.0-44-cloud-amd64-x86_64-with-glibc2.36,
ok,ILS_iRace,drop_strategic_operators,full,operator_group_ablation,group:strategic,input/synthetic/synthetic_100.txt,synthetic,23,irace_final,720.000000,600.000000,120.000000,156794,156794,156794,0.000000,0.000000,621.170348,output/operator_group_ablation/ILS_iRace/drop_strategic_operators/seed_023/input/synthetic/synthetic_100.txt,,,da27c8e3402deb8a0832aaa211b98a39d670003f,true,3.11.2,Linux-6.1.0-44-cloud-amd64-x86_64-with-glibc2.36,
ok,ILS_iRace,drop_insert_operators,full,operator_group_ablation,group:insert,input/synthetic/synthetic_100.txt,synthetic,34,irace_final,720.000000,600.000000,120.000000,156794,156794,156794,0.000000,0.000000,615.539014,output/operator_group_ablation/ILS_iRace/drop_insert_operators/seed_034/input/synthetic/synthetic_100.txt,,,da27c8e3402deb8a0832aaa211b98a39d670003f,true,3.11.2,Linux-6.1.0-44-cloud-amd64-x86_64-with-glibc2.36,
ok,ILS_iRace,drop_order_operators,full,operator_group_ablation,group:order,input/synthetic/synthetic_100.txt,synthetic,34,irace_final,720.000000,600.000000,120.000000,156794,156794,156794,0.000000,0.000000,615.154124,output/operator_group_ablation/ILS_iRace/drop_order_operators/seed_034/input/synthetic/synthetic_100.txt,,,da27c8e3402deb8a0832aaa211b98a39d670003f,true,3.11.2,Linux-6.1.0-44-cloud-amd64-x86_64-with-glibc2.36,
ok,ILS_iRace,drop_strategic_operators,full,operator_group_ablation,group:strategic,input/synthetic/synthetic_100.txt,synthetic,34,irace_final,720.000000,600.000000,120.000000,156794,156794,156794,0.000000,0.000000,621.420809,output/operator_group_ablation/ILS_iRace/drop_strategic_operators/seed_034/input/synthetic/synthetic_100.txt,,,da27c8e3402deb8a0832aaa211b98a39d670003f,true,3.11.2,Linux-6.1.0-44-cloud-amd64-x86_64-with-glibc2.36,
ok,ILS_iRace,drop_insert_operators,full,operator_group_ablation,group:insert,input/synthetic/synthetic_100.txt,synthetic,45,irace_final,720.000000,600.000000,120.000000,156794,156794,156794,0.000000,0.000000,620.887537,output/operator_group_ablation/ILS_iRace/drop_insert_operators/seed_045/input/synthetic/synthetic_100.txt,,,da27c8e3402deb8a0832aaa211b98a39d670003f,true,3.11.2,Linux-6.1.0-44-cloud-amd64-x86_64-with-glibc2.36,
ok,ILS_iRace,drop_order_operators,full,operator_group_ablation,group:order,input/synthetic/synthetic_100.txt,synthetic,45,irace_final,720.000000,600.000000,120.000000,156794,156794,156794,0.000000,0.000000,620.931017,output/operator_group_ablation/ILS_iRace/drop_order_operators/seed_045/input/synthetic/synthetic_100.txt,,,da27c8e3402deb8a0832aaa211b98a39d670003f,true,3.11.2,Linux-6.1.0-44-cloud-amd64-x86_64-with-glibc2.36,
ok,ILS_iRace,drop_strategic_operators,full,operator_group_ablation,group:strategic,input/synthetic/synthetic_100.txt,synthetic,45,irace_final,720.000000,600.000000,120.000000,156794,156794,156794,0.000000,0.000000,621.134264,output/operator_group_ablation/ILS_iRace/drop_strategic_operators/seed_045/input/synthetic/synthetic_100.txt,,,da27c8e3402deb8a0832aaa211b98a39d670003f,true,3.11.2,Linux-6.1.0-44-cloud-amd64-x86_64-with-glibc2.36,
ok,ILS_iRace,drop_insert_operators,full,operator_group_ablation,group:insert,input/synthetic/synthetic_100.txt,synthetic,56,irace_final,720.000000,600.000000,120.000000,156794,156794,156794,0.000000,0.000000,615.545352,output/operator_group_ablation/ILS_iRace/drop_insert_operators/seed_056/input/synthetic/synthetic_100.txt,,,da27c8e3402deb8a0832aaa211b98a39d670003f,true,3.11.2,Linux-6.1.0-44-cloud-amd64-x86_64-with-glibc2.36,
ok,ILS_iRace,drop_order_operators,full,operator_group_ablation,group:order,input/synthetic/synthetic_100.txt,synthetic,56,irace_final,720.000000,600.000000,120.000000,156794,156794,156794,0.000000,0.000000,615.919076,output/operator_group_ablation/ILS_iRace/drop_order_operators/seed_056/input/synthetic/synthetic_100.txt,,,da27c8e3402deb8a0832aaa211b98a39d670003f,true,3.11.2,Linux-6.1.0-44-cloud-amd64-x86_64-with-glibc2.36,
ok,ILS_iRace,drop_strategic_operators,full,operator_group_ablation,group:strategic,input/synthetic/synthetic_100.txt,synthetic,56,irace_final,720.000000,600.000000,120.000000,156794,156794,156794,0.000000,0.000000,620.940622,output/operator_group_ablation/ILS_iRace/drop_strategic_operators/seed_056/input/synthetic/synthetic_100.txt,,,da27c8e3402deb8a0832aaa211b98a39d670003f,true,3.11.2,Linux-6.1.0-44-cloud-amd64-x86_64-with-glibc2.36,
ok,ILS_iRace,drop_insert_operators,full,operator_group_ablation,group:insert,input/synthetic/synthetic_100.txt,synthetic,67,irace_final,720.000000,600.000000,120.000000,156794,156794,156794,0.000000,0.000000,615.461856,output/operator_group_ablation/ILS_iRace/drop_insert_operators/seed_067/input/synthetic/synthetic_100.txt,,,da27c8e3402deb8a0832aaa211b98a39d670003f,true,3.11.2,Linux-6.1.0-44-cloud-amd64-x86_64-with-glibc2.36,
ok,ILS_iRace,drop_order_operators,full,operator_group_ablation,group:order,input/synthetic/synthetic_100.txt,synthetic,67,irace_final,720.000000,600.000000,120.000000,156794,156794,156794,0.000000,0.000000,621.013688,output/operator_group_ablation/ILS_iRace/drop_order_operators/seed_067/input/synthetic/synthetic_100.txt,,,da27c8e3402deb8a0832aaa211b98a39d670003f,true,3.11.2,Linux-6.1.0-44-cloud-amd64-x86_64-with-glibc2.36,
ok,ILS_iRace,drop_strategic_operators,full,operator_group_ablation,group:strategic,input/synthetic/synthetic_100.txt,synthetic,67,irace_final,720.000000,600.000000,120.000000,156794,156794,156794,0.000000,0.000000,621.740482,output/operator_group_ablation/ILS_iRace/drop_strategic_operators/seed_067/input/synthetic/synthetic_100.txt,,,da27c8e3402deb8a0832aaa211b98a39d670003f,true,3.11.2,Linux-6.1.0-44-cloud-amd64-x86_64-with-glibc2.36,
ok,ILS_iRace,drop_insert_operators,full,operator_group_ablation,group:insert,input/synthetic/synthetic_100.txt,synthetic,78,irace_final,720.000000,600.000000,120.000000,156794,156794,156794,0.000000,0.000000,621.429398,output/operator_group_ablation/ILS_iRace/drop_insert_operators/seed_078/input/synthetic/synthetic_100.txt,,,da27c8e3402deb8a0832aaa211b98a39d670003f,true,3.11.2,Linux-6.1.0-44-cloud-amd64-x86_64-with-glibc2.36,
ok,ILS_iRace,drop_order_operators,full,operator_group_ablation,group:order,input/synthetic/synthetic_100.txt,synthetic,78,irace_final,720.000000,600.000000,120.000000,156794,156794,156794,0.000000,0.000000,621.529968,output/operator_group_ablation/ILS_iRace/drop_order_operators/seed_078/input/synthetic/synthetic_100.txt,,,da27c8e3402deb8a0832aaa211b98a39d670003f,true,3.11.2,Linux-6.1.0-44-cloud-amd64-x86_64-with-glibc2.36,
ok,ILS_iRace,drop_strategic_operators,full,operator_group_ablation,group:strategic,input/synthetic/synthetic_100.txt,synthetic,78,irace_final,720.000000,600.000000,120.000000,156794,156794,156794,0.000000,0.000000,616.445943,output/operator_group_ablation/ILS_iRace/drop_strategic_operators/seed_078/input/synthetic/synthetic_100.txt,,,da27c8e3402deb8a0832aaa211b98a39d670003f,true,3.11.2,Linux-6.1.0-44-cloud-amd64-x86_64-with-glibc2.36,
ok,ILS_iRace,drop_insert_operators,full,operator_group_ablation,group:insert,input/synthetic/synthetic_100.txt,synthetic,89,irace_final,720.000000,600.000000,120.000000,156794,156794,156794,0.000000,0.000000,615.382290,output/operator_group_ablation/ILS_iRace/drop_insert_operators/seed_089/input/synthetic/synthetic_100.txt,,,da27c8e3402deb8a0832aaa211b98a39d670003f,true,3.11.2,Linux-6.1.0-44-cloud-amd64-x86_64-with-glibc2.36,
ok,ILS_iRace,drop_order_operators,full,operator_group_ablation,group:order,input/synthetic/synthetic_100.txt,synthetic,89,irace_final,720.000000,600.000000,120.000000,156794,156794,156794,0.000000,0.000000,621.317875,output/operator_group_ablation/ILS_iRace/drop_order_operators/seed_089/input/synthetic/synthetic_100.txt,,,da27c8e3402deb8a0832aaa211b98a39d670003f,true,3.11.2,Linux-6.1.0-44-cloud-amd64-x86_64-with-glibc2.36,
ok,ILS_iRace,drop_strategic_operators,full,operator_group_ablation,group:strategic,input/synthetic/synthetic_100.txt,synthetic,89,irace_final,720.000000,600.000000,120.000000,156794,156794,156794,0.000000,0.000000,621.220131,output/operator_group_ablation/ILS_iRace/drop_strategic_operators/seed_089/input/synthetic/synthetic_100.txt,,,da27c8e3402deb8a0832aaa211b98a39d670003f,true,3.11.2,Linux-6.1.0-44-cloud-amd64-x86_64-with-glibc2.36,
ok,ILS_iRace,drop_insert_operators,full,operator_group_ablation,group:insert,input/synthetic/synthetic_100.txt,synthetic,100,irace_final,720.000000,600.000000,120.000000,156794,156794,156794,0.000000,0.000000,621.053917,output/operator_group_ablation/ILS_iRace/drop_insert_operators/seed_100/input/synthetic/synthetic_100.txt,,,da27c8e3402deb8a0832aaa211b98a39d670003f,true,3.11.2,Linux-6.1.0-44-cloud-amd64-x86_64-with-glibc2.36,
ok,ILS_iRace,drop_order_operators,full,operator_group_ablation,group:order,input/synthetic/synthetic_100.txt,synthetic,100,irace_final,720.000000,600.000000,120.000000,156794,156794,156794,0.000000,0.000000,621.413912,output/operator_group_ablation/ILS_iRace/drop_order_operators/seed_100/input/synthetic/synthetic_100.txt,,,da27c8e3402deb8a0832aaa211b98a39d670003f,true,3.11.2,Linux-6.1.0-44-cloud-amd64-x86_64-with-glibc2.36,
ok,ILS_iRace,drop_strategic_operators,full,operator_group_ablation,group:strategic,input/synthetic/synthetic_100.txt,synthetic,100,irace_final,720.000000,600.000000,120.000000,156794,156794,156794,0.000000,0.000000,615.145947,output/operator_group_ablation/ILS_iRace/drop_strategic_operators/seed_100/input/synthetic/synthetic_100.txt,,,da27c8e3402deb8a0832aaa211b98a39d670003f,true,3.11.2,Linux-6.1.0-44-cloud-amd64-x86_64-with-glibc2.36,
ok,ILS_iRace,drop_insert_operators,full,operator_group_ablation,group:insert,input/synthetic/synthetic_105.txt,synthetic,1,irace_final,720.000000,600.000000,120.000000,8490974,8490974,8558652,0.790755,0.000000,610.153870,output/operator_group_ablation/ILS_iRace/drop_insert_operators/seed_001/input/synthetic/synthetic_105.txt,,,da27c8e3402deb8a0832aaa211b98a39d670003f,true,3.11.2,Linux-6.1.0-44-cloud-amd64-x86_64-with-glibc2.36,
ok,ILS_iRace,drop_order_operators,full,operator_group_ablation,group:order,input/synthetic/synthetic_105.txt,synthetic,1,irace_final,720.000000,600.000000,120.000000,8490974,8490974,8558652,0.790755,0.000000,609.605649,output/operator_group_ablation/ILS_iRace/drop_order_operators/seed_001/input/synthetic/synthetic_105.txt,,,da27c8e3402deb8a0832aaa211b98a39d670003f,true,3.11.2,Linux-6.1.0-44-cloud-amd64-x86_64-with-glibc2.36,
ok,ILS_iRace,drop_strategic_operators,full,operator_group_ablation,group:strategic,input/synthetic/synthetic_105.txt,synthetic,1,irace_final,720.000000,600.000000,120.000000,8490974,8490974,8558652,0.790755,0.000000,610.077287,output/operator_group_ablation/ILS_iRace/drop_strategic_operators/seed_001/input/synthetic/synthetic_105.txt,,,da27c8e3402deb8a0832aaa211b98a39d670003f,true,3.11.2,Linux-6.1.0-44-cloud-amd64-x86_64-with-glibc2.36,
ok,ILS_iRace,drop_insert_operators,full,operator_group_ablation,group:insert,input/synthetic/synthetic_105.txt,synthetic,12,irace_final,720.000000,600.000000,120.000000,8490974,8490974,8558652,0.790755,0.000000,610.130507,output/operator_group_ablation/ILS_iRace/drop_insert_operators/seed_012/input/synthetic/synthetic_105.txt,,,da27c8e3402deb8a0832aaa211b98a39d670003f,true,3.11.2,Linux-6.1.0-44-cloud-amd64-x86_64-with-glibc2.36,
ok,ILS_iRace,drop_order_operators,full,operator_group_ablation,group:order,input/synthetic/synthetic_105.txt,synthetic,12,irace_final,720.000000,600.000000,120.000000,8490974,8490974,8558652,0.790755,0.000000,607.666995,output/operator_group_ablation/ILS_iRace/drop_order_operators/seed_012/input/synthetic/synthetic_105.txt,,,da27c8e3402deb8a0832aaa211b98a39d670003f,true,3.11.2,Linux-6.1.0-44-cloud-amd64-x86_64-with-glibc2.36,
ok,ILS_iRace,drop_strategic_operators,full,operator_group_ablation,group:strategic,input/synthetic/synthetic_105.txt,synthetic,12,irace_final,720.000000,600.000000,120.000000,8490974,8490974,8558652,0.790755,0.000000,607.684580,output/operator_group_ablation/ILS_iRace/drop_strategic_operators/seed_012/input/synthetic/synthetic_105.txt,,,da27c8e3402deb8a0832aaa211b98a39d670003f,true,3.11.2,Linux-6.1.0-44-cloud-amd64-x86_64-with-glibc2.36,
ok,ILS_iRace,drop_insert_operators,full,operator_group_ablation,group:insert,input/synthetic/synthetic_105.txt,synthetic,23,irace_final,720.000000,600.000000,120.000000,8490974,8490974,8558652,0.790755,0.000000,610.178636,output/operator_group_ablation/ILS_iRace/drop_insert_operators/seed_023/input/synthetic/synthetic_105.txt,,,da27c8e3402deb8a0832aaa211b98a39d670003f,true,3.11.2,Linux-6.1.0-44-cloud-amd64-x86_64-with-glibc2.36,
ok,ILS_iRace,drop_order_operators,full,operator_group_ablation,group:order,input/synthetic/synthetic_105.txt,synthetic,23,irace_final,720.000000,600.000000,120.000000,8490974,8490974,8558652,0.790755,0.000000,610.097086,output/operator_group_ablation/ILS_iRace/drop_order_operators/seed_023/input/synthetic/synthetic_105.txt,,,da27c8e3402deb8a0832aaa211b98a39d670003f,true,3.11.2,Linux-6.1.0-44-cloud-amd64-x86_64-with-glibc2.36,
ok,ILS_iRace,drop_strategic_operators,full,operator_group_ablation,group:strategic,input/synthetic/synthetic_105.txt,synthetic,23,irace_final,720.000000,600.000000,120.000000,8490974,8490974,8558652,0.790755,0.000000,609.259092,output/operator_group_ablation/ILS_iRace/drop_strategic_operators/seed_023/input/synthetic/synthetic_105.txt,,,da27c8e3402deb8a0832aaa211b98a39d670003f,true,3.11.2,Linux-6.1.0-44-cloud-amd64-x86_64-with-glibc2.36,
ok,ILS_iRace,drop_insert_operators,full,operator_group_ablation,group:insert,input/synthetic/synthetic_105.txt,synthetic,34,irace_final,720.000000,600.000000,120.000000,8490974,8490974,8558652,0.790755,0.000000,609.359690,output/operator_group_ablation/ILS_iRace/drop_insert_operators/seed_034/input/synthetic/synthetic_105.txt,,,da27c8e3402deb8a0832aaa211b98a39d670003f,true,3.11.2,Linux-6.1.0-44-cloud-amd64-x86_64-with-glibc2.36,
ok,ILS_iRace,drop_order_operators,full,operator_group_ablation,group:order,input/synthetic/synthetic_105.txt,synthetic,34,irace_final,720.000000,600.000000,120.000000,8490974,8490974,8558652,0.790755,0.000000,607.764773,output/operator_group_ablation/ILS_iRace/drop_order_operators/seed_034/input/synthetic/synthetic_105.txt,,,da27c8e3402deb8a0832aaa211b98a39d670003f,true,3.11.2,Linux-6.1.0-44-cloud-amd64-x86_64-with-glibc2.36,
ok,ILS_iRace,drop_strategic_operators,full,operator_group_ablation,group:strategic,input/synthetic/synthetic_105.txt,synthetic,34,irace_final,720.000000,600.000000,120.000000,8490974,8490974,8558652,0.790755,0.000000,607.581016,output/operator_group_ablation/ILS_iRace/drop_strategic_operators/seed_034/input/synthetic/synthetic_105.txt,,,da27c8e3402deb8a0832aaa211b98a39d670003f,true,3.11.2,Linux-6.1.0-44-cloud-amd64-x86_64-with-glibc2.36,
ok,ILS_iRace,drop_insert_operators,full,operator_group_ablation,group:insert,input/synthetic/synthetic_105.txt,synthetic,45,irace_final,720.000000,600.000000,120.000000,8490974,8490974,8558652,0.790755,0.000000,609.607846,output/operator_group_ablation/ILS_iRace/drop_insert_operators/seed_045/input/synthetic/synthetic_105.txt,,,da27c8e3402deb8a0832aaa211b98a39d670003f,true,3.11.2,Linux-6.1.0-44-cloud-amd64-x86_64-with-glibc2.36,
ok,ILS_iRace,drop_order_operators,full,operator_group_ablation,group:order,input/synthetic/synthetic_105.txt,synthetic,45,irace_final,720.000000,600.000000,120.000000,8490974,8490974,8558652,0.790755,0.000000,609.835293,output/operator_group_ablation/ILS_iRace/drop_order_operators/seed_045/input/synthetic/synthetic_105.txt,,,da27c8e3402deb8a0832aaa211b98a39d670003f,true,3.11.2,Linux-6.1.0-44-cloud-amd64-x86_64-with-glibc2.36,
ok,ILS_iRace,drop_strategic_operators,full,operator_group_ablation,group:strategic,input/synthetic/synthetic_105.txt,synthetic,45,irace_final,720.000000,600.000000,120.000000,8490974,8490974,8558652,0.790755,0.000000,609.925284,output/operator_group_ablation/ILS_iRace/drop_strategic_operators/seed_045/input/synthetic/synthetic_105.txt,,,da27c8e3402deb8a0832aaa211b98a39d670003f,true,3.11.2,Linux-6.1.0-44-cloud-amd64-x86_64-with-glibc2.36,
ok,ILS_iRace,drop_insert_operators,full,operator_group_ablation,group:insert,input/synthetic/synthetic_105.txt,synthetic,56,irace_final,720.000000,600.000000,120.000000,8490974,8490974,8558652,0.790755,0.000000,609.570349,output/operator_group_ablation/ILS_iRace/drop_insert_operators/seed_056/input/synthetic/synthetic_105.txt,,,da27c8e3402deb8a0832aaa211b98a39d670003f,true,3.11.2,Linux-6.1.0-44-cloud-amd64-x86_64-with-glibc2.36,
ok,ILS_iRace,drop_order_operators,full,operator_group_ablation,group:order,input/synthetic/synthetic_105.txt,synthetic,56,irace_final,720.000000,600.000000,120.000000,8490974,8490974,8558652,0.790755,0.000000,607.455086,output/operator_group_ablation/ILS_iRace/drop_order_operators/seed_056/input/synthetic/synthetic_105.txt,,,da27c8e3402deb8a0832aaa211b98a39d670003f,true,3.11.2,Linux-6.1.0-44-cloud-amd64-x86_64-with-glibc2.36,
ok,ILS_iRace,drop_strategic_operators,full,operator_group_ablation,group:strategic,input/synthetic/synthetic_105.txt,synthetic,56,irace_final,720.000000,600.000000,120.000000,8490974,8490974,8558652,0.790755,0.000000,607.644111,output/operator_group_ablation/ILS_iRace/drop_strategic_operators/seed_056/input/synthetic/synthetic_105.txt,,,da27c8e3402deb8a0832aaa211b98a39d670003f,true,3.11.2,Linux-6.1.0-44-cloud-amd64-x86_64-with-glibc2.36,
ok,ILS_iRace,drop_insert_operators,full,operator_group_ablation,group:insert,input/synthetic/synthetic_105.txt,synthetic,67,irace_final,720.000000,600.000000,120.000000,8490974,8490974,8558652,0.790755,0.000000,609.568074,output/operator_group_ablation/ILS_iRace/drop_insert_operators/seed_067/input/synthetic/synthetic_105.txt,,,da27c8e3402deb8a0832aaa211b98a39d670003f,true,3.11.2,Linux-6.1.0-44-cloud-amd64-x86_64-with-glibc2.36,
ok,ILS_iRace,drop_order_operators,full,operator_group_ablation,group:order,input/synthetic/synthetic_105.txt,synthetic,67,irace_final,720.000000,600.000000,120.000000,8490974,8490974,8558652,0.790755,0.000000,609.500703,output/operator_group_ablation/ILS_iRace/drop_order_operators/seed_067/input/synthetic/synthetic_105.txt,,,da27c8e3402deb8a0832aaa211b98a39d670003f,true,3.11.2,Linux-6.1.0-44-cloud-amd64-x86_64-with-glibc2.36,
ok,ILS_iRace,drop_strategic_operators,full,operator_group_ablation,group:strategic,input/synthetic/synthetic_105.txt,synthetic,67,irace_final,720.000000,600.000000,120.000000,8490974,8490974,8558652,0.790755,0.000000,609.697699,output/operator_group_ablation/ILS_iRace/drop_strategic_operators/seed_067/input/synthetic/synthetic_105.txt,,,da27c8e3402deb8a0832aaa211b98a39d670003f,true,3.11.2,Linux-6.1.0-44-cloud-amd64-x86_64-with-glibc2.36,
ok,ILS_iRace,drop_insert_operators,full,operator_group_ablation,group:insert,input/synthetic/synthetic_105.txt,synthetic,78,irace_final,720.000000,600.000000,120.000000,8490974,8490974,8558652,0.790755,0.000000,609.485865,output/operator_group_ablation/ILS_iRace/drop_insert_operators/seed_078/input/synthetic/synthetic_105.txt,,,da27c8e3402deb8a0832aaa211b98a39d670003f,true,3.11.2,Linux-6.1.0-44-cloud-amd64-x86_64-with-glibc2.36,
ok,ILS_iRace,drop_order_operators,full,operator_group_ablation,group:order,input/synthetic/synthetic_105.txt,synthetic,78,irace_final,720.000000,600.000000,120.000000,8490974,8490974,8558652,0.790755,0.000000,607.678757,output/operator_group_ablation/ILS_iRace/drop_order_operators/seed_078/input/synthetic/synthetic_105.txt,,,da27c8e3402deb8a0832aaa211b98a39d670003f,true,3.11.2,Linux-6.1.0-44-cloud-amd64-x86_64-with-glibc2.36,
ok,ILS_iRace,drop_strategic_operators,full,operator_group_ablation,group:strategic,input/synthetic/synthetic_105.txt,synthetic,78,irace_final,720.000000,600.000000,120.000000,8490974,8490974,8558652,0.790755,0.000000,607.450398,output/operator_group_ablation/ILS_iRace/drop_strategic_operators/seed_078/input/synthetic/synthetic_105.txt,,,da27c8e3402deb8a0832aaa211b98a39d670003f,true,3.11.2,Linux-6.1.0-44-cloud-amd64-x86_64-with-glibc2.36,
ok,ILS_iRace,drop_insert_operators,full,operator_group_ablation,group:insert,input/synthetic/synthetic_105.txt,synthetic,89,irace_final,720.000000,600.000000,120.000000,8490974,8490974,8558652,0.790755,0.000000,610.177508,output/operator_group_ablation/ILS_iRace/drop_insert_operators/seed_089/input/synthetic/synthetic_105.txt,,,da27c8e3402deb8a0832aaa211b98a39d670003f,true,3.11.2,Linux-6.1.0-44-cloud-amd64-x86_64-with-glibc2.36,
ok,ILS_iRace,drop_order_operators,full,operator_group_ablation,group:order,input/synthetic/synthetic_105.txt,synthetic,89,irace_final,720.000000,600.000000,120.000000,8490974,8490974,8558652,0.790755,0.000000,609.972869,output/operator_group_ablation/ILS_iRace/drop_order_operators/seed_089/input/synthetic/synthetic_105.txt,,,da27c8e3402deb8a0832aaa211b98a39d670003f,true,3.11.2,Linux-6.1.0-44-cloud-amd64-x86_64-with-glibc2.36,
ok,ILS_iRace,drop_strategic_operators,full,operator_group_ablation,group:strategic,input/synthetic/synthetic_105.txt,synthetic,89,irace_final,720.000000,600.000000,120.000000,8490974,8490974,8558652,0.790755,0.000000,610.198938,output/operator_group_ablation/ILS_iRace/drop_strategic_operators/seed_089/input/synthetic/synthetic_105.txt,,,da27c8e3402deb8a0832aaa211b98a39d670003f,true,3.11.2,Linux-6.1.0-44-cloud-amd64-x86_64-with-glibc2.36,
ok,ILS_iRace,drop_insert_operators,full,operator_group_ablation,group:insert,input/synthetic/synthetic_105.txt,synthetic,100,irace_final,720.000000,600.000000,120.000000,8490974,8490974,8558652,0.790755,0.000000,609.401726,output/operator_group_ablation/ILS_iRace/drop_insert_operators/seed_100/input/synthetic/synthetic_105.txt,,,da27c8e3402deb8a0832aaa211b98a39d670003f,true,3.11.2,Linux-6.1.0-44-cloud-amd64-x86_64-with-glibc2.36,
ok,ILS_iRace,drop_order_operators,full,operator_group_ablation,group:order,input/synthetic/synthetic_105.txt,synthetic,100,irace_final,720.000000,600.000000,120.000000,8490974,8490974,8558652,0.790755,0.000000,607.479848,output/operator_group_ablation/ILS_iRace/drop_order_operators/seed_100/input/synthetic/synthetic_105.txt,,,da27c8e3402deb8a0832aaa211b98a39d670003f,true,3.11.2,Linux-6.1.0-44-cloud-amd64-x86_64-with-glibc2.36,
ok,ILS_iRace,drop_strategic_operators,full,operator_group_ablation,group:strategic,input/synthetic/synthetic_105.txt,synthetic,100,irace_final,720.000000,600.000000,120.000000,8490974,8490974,8558652,0.790755,0.000000,607.744425,output/operator_group_ablation/ILS_iRace/drop_strategic_operators/seed_100/input/synthetic/synthetic_105.txt,,,da27c8e3402deb8a0832aaa211b98a39d670003f,true,3.11.2,Linux-6.1.0-44-cloud-amd64-x86_64-with-glibc2.36,
ok,ILS_iRace,drop_insert_operators,full,operator_group_ablation,group:insert,input/synthetic/synthetic_110.txt,synthetic,1,irace_final,720.000000,600.000000,120.000000,3349547,3349547,14805607,77.376497,0.000000,614.890692,output/operator_group_ablation/ILS_iRace/drop_insert_operators/seed_001/input/synthetic/synthetic_110.txt,,,da27c8e3402deb8a0832aaa211b98a39d670003f,true,3.11.2,Linux-6.1.0-44-cloud-amd64-x86_64-with-glibc2.36,
ok,ILS_iRace,drop_order_operators,full,operator_group_ablation,group:order,input/synthetic/synthetic_110.txt,synthetic,1,irace_final,720.000000,600.000000,120.000000,3349547,3351703,14805607,77.361935,0.064367,615.197001,output/operator_group_ablation/ILS_iRace/drop_order_operators/seed_001/input/synthetic/synthetic_110.txt,,,da27c8e3402deb8a0832aaa211b98a39d670003f,true,3.11.2,Linux-6.1.0-44-cloud-amd64-x86_64-with-glibc2.36,
ok,ILS_iRace,drop_strategic_operators,full,operator_group_ablation,group:strategic,input/synthetic/synthetic_110.txt,synthetic,1,irace_final,720.000000,600.000000,120.000000,3349547,3349547,14805607,77.376497,0.000000,614.582385,output/operator_group_ablation/ILS_iRace/drop_strategic_operators/seed_001/input/synthetic/synthetic_110.txt,,,da27c8e3402deb8a0832aaa211b98a39d670003f,true,3.11.2,Linux-6.1.0-44-cloud-amd64-x86_64-with-glibc2.36,
ok,ILS_iRace,drop_insert_operators,full,operator_group_ablation,group:insert,input/synthetic/synthetic_110.txt,synthetic,12,irace_final,720.000000,600.000000,120.000000,3349547,3349547,14805607,77.376497,0.000000,614.727672,output/operator_group_ablation/ILS_iRace/drop_insert_operators/seed_012/input/synthetic/synthetic_110.txt,,,da27c8e3402deb8a0832aaa211b98a39d670003f,true,3.11.2,Linux-6.1.0-44-cloud-amd64-x86_64-with-glibc2.36,
ok,ILS_iRace,drop_order_operators,full,operator_group_ablation,group:order,input/synthetic/synthetic_110.txt,synthetic,12,irace_final,720.000000,600.000000,120.000000,3349547,3349859,14805607,77.374389,0.009315,611.149457,output/operator_group_ablation/ILS_iRace/drop_order_operators/seed_012/input/synthetic/synthetic_110.txt,,,da27c8e3402deb8a0832aaa211b98a39d670003f,true,3.11.2,Linux-6.1.0-44-cloud-amd64-x86_64-with-glibc2.36,
ok,ILS_iRace,drop_strategic_operators,full,operator_group_ablation,group:strategic,input/synthetic/synthetic_110.txt,synthetic,12,irace_final,720.000000,600.000000,120.000000,3349547,3349547,14805607,77.376497,0.000000,610.868661,output/operator_group_ablation/ILS_iRace/drop_strategic_operators/seed_012/input/synthetic/synthetic_110.txt,,,da27c8e3402deb8a0832aaa211b98a39d670003f,true,3.11.2,Linux-6.1.0-44-cloud-amd64-x86_64-with-glibc2.36,
ok,ILS_iRace,drop_insert_operators,full,operator_group_ablation,group:insert,input/synthetic/synthetic_110.txt,synthetic,23,irace_final,720.000000,600.000000,120.000000,3349547,3349547,14805607,77.376497,0.000000,614.309365,output/operator_group_ablation/ILS_iRace/drop_insert_operators/seed_023/input/synthetic/synthetic_110.txt,,,da27c8e3402deb8a0832aaa211b98a39d670003f,true,3.11.2,Linux-6.1.0-44-cloud-amd64-x86_64-with-glibc2.36,
ok,ILS_iRace,drop_order_operators,full,operator_group_ablation,group:order,input/synthetic/synthetic_110.txt,synthetic,23,irace_final,720.000000,600.000000,120.000000,3349547,3349564,14805607,77.376382,0.000508,614.537636,output/operator_group_ablation/ILS_iRace/drop_order_operators/seed_023/input/synthetic/synthetic_110.txt,,,da27c8e3402deb8a0832aaa211b98a39d670003f,true,3.11.2,Linux-6.1.0-44-cloud-amd64-x86_64-with-glibc2.36,
ok,ILS_iRace,drop_strategic_operators,full,operator_group_ablation,group:strategic,input/synthetic/synthetic_110.txt,synthetic,23,irace_final,720.000000,600.000000,120.000000,3349547,3349547,14805607,77.376497,0.000000,614.624342,output/operator_group_ablation/ILS_iRace/drop_strategic_operators/seed_023/input/synthetic/synthetic_110.txt,,,da27c8e3402deb8a0832aaa211b98a39d670003f,true,3.11.2,Linux-6.1.0-44-cloud-amd64-x86_64-with-glibc2.36,
ok,ILS_iRace,drop_insert_operators,full,operator_group_ablation,group:insert,input/synthetic/synthetic_110.txt,synthetic,34,irace_final,720.000000,600.000000,120.000000,3349547,3349547,14805607,77.376497,0.000000,614.480217,output/operator_group_ablation/ILS_iRace/drop_insert_operators/seed_034/input/synthetic/synthetic_110.txt,,,da27c8e3402deb8a0832aaa211b98a39d670003f,true,3.11.2,Linux-6.1.0-44-cloud-amd64-x86_64-with-glibc2.36,
ok,ILS_iRace,drop_order_operators,full,operator_group_ablation,group:order,input/synthetic/synthetic_110.txt,synthetic,34,irace_final,720.000000,600.000000,120.000000,3349547,3350957,14805607,77.366973,0.042095,614.415449,output/operator_group_ablation/ILS_iRace/drop_order_operators/seed_034/input/synthetic/synthetic_110.txt,,,da27c8e3402deb8a0832aaa211b98a39d670003f,true,3.11.2,Linux-6.1.0-44-cloud-amd64-x86_64-with-glibc2.36,
ok,ILS_iRace,drop_strategic_operators,full,operator_group_ablation,group:strategic,input/synthetic/synthetic_110.txt,synthetic,34,irace_final,720.000000,600.000000,120.000000,3349547,3349547,14805607,77.376497,0.000000,610.954561,output/operator_group_ablation/ILS_iRace/drop_strategic_operators/seed_034/input/synthetic/synthetic_110.txt,,,da27c8e3402deb8a0832aaa211b98a39d670003f,true,3.11.2,Linux-6.1.0-44-cloud-amd64-x86_64-with-glibc2.36,
ok,ILS_iRace,drop_insert_operators,full,operator_group_ablation,group:insert,input/synthetic/synthetic_110.txt,synthetic,45,irace_final,720.000000,600.000000,120.000000,3349547,3349547,14805607,77.376497,0.000000,614.818529,output/operator_group_ablation/ILS_iRace/drop_insert_operators/seed_045/input/synthetic/synthetic_110.txt,,,da27c8e3402deb8a0832aaa211b98a39d670003f,true,3.11.2,Linux-6.1.0-44-cloud-amd64-x86_64-with-glibc2.36,
ok,ILS_iRace,drop_order_operators,full,operator_group_ablation,group:order,input/synthetic/synthetic_110.txt,synthetic,45,irace_final,720.000000,600.000000,120.000000,3349547,3350965,14805607,77.366919,0.042334,614.390184,output/operator_group_ablation/ILS_iRace/drop_order_operators/seed_045/input/synthetic/synthetic_110.txt,,,da27c8e3402deb8a0832aaa211b98a39d670003f,true,3.11.2,Linux-6.1.0-44-cloud-amd64-x86_64-with-glibc2.36,
ok,ILS_iRace,drop_strategic_operators,full,operator_group_ablation,group:strategic,input/synthetic/synthetic_110.txt,synthetic,45,irace_final,720.000000,600.000000,120.000000,3349547,3349547,14805607,77.376497,0.000000,614.393079,output/operator_group_ablation/ILS_iRace/drop_strategic_operators/seed_045/input/synthetic/synthetic_110.txt,,,da27c8e3402deb8a0832aaa211b98a39d670003f,true,3.11.2,Linux-6.1.0-44-cloud-amd64-x86_64-with-glibc2.36,
ok,ILS_iRace,drop_insert_operators,full,operator_group_ablation,group:insert,input/synthetic/synthetic_110.txt,synthetic,56,irace_final,720.000000,600.000000,120.000000,3349547,3351703,14805607,77.361935,0.064367,610.508300,output/operator_group_ablation/ILS_iRace/drop_insert_operators/seed_056/input/synthetic/synthetic_110.txt,,,da27c8e3402deb8a0832aaa211b98a39d670003f,true,3.11.2,Linux-6.1.0-44-cloud-amd64-x86_64-with-glibc2.36,
ok,ILS_iRace,drop_order_operators,full,operator_group_ablation,group:order,input/synthetic/synthetic_110.txt,synthetic,56,irace_final,720.000000,600.000000,120.000000,3349547,3351774,14805607,77.361455,0.066487,614.234770,output/operator_group_ablation/ILS_iRace/drop_order_operators/seed_056/input/synthetic/synthetic_110.txt,,,da27c8e3402deb8a0832aaa211b98a39d670003f,true,3.11.2,Linux-6.1.0-44-cloud-amd64-x86_64-with-glibc2.36,
ok,ILS_iRace,drop_strategic_operators,full,operator_group_ablation,group:strategic,input/synthetic/synthetic_110.txt,synthetic,56,irace_final,720.000000,600.000000,120.000000,3349547,3351928,14805607,77.360415,0.071084,610.456679,output/operator_group_ablation/ILS_iRace/drop_strategic_operators/seed_056/input/synthetic/synthetic_110.txt,,,da27c8e3402deb8a0832aaa211b98a39d670003f,true,3.11.2,Linux-6.1.0-44-cloud-amd64-x86_64-with-glibc2.36,
ok,ILS_iRace,drop_insert_operators,full,operator_group_ablation,group:insert,input/synthetic/synthetic_110.txt,synthetic,67,irace_final,720.000000,600.000000,120.000000,3349547,3349547,14805607,77.376497,0.000000,614.466331,output/operator_group_ablation/ILS_iRace/drop_insert_operators/seed_067/input/synthetic/synthetic_110.txt,,,da27c8e3402deb8a0832aaa211b98a39d670003f,true,3.11.2,Linux-6.1.0-44-cloud-amd64-x86_64-with-glibc2.36,
ok,ILS_iRace,drop_order_operators,full,operator_group_ablation,group:order,input/synthetic/synthetic_110.txt,synthetic,67,irace_final,720.000000,600.000000,120.000000,3349547,3351772,14805607,77.361469,0.066427,614.183735,output/operator_group_ablation/ILS_iRace/drop_order_operators/seed_067/input/synthetic/synthetic_110.txt,,,da27c8e3402deb8a0832aaa211b98a39d670003f,true,3.11.2,Linux-6.1.0-44-cloud-amd64-x86_64-with-glibc2.36,
ok,ILS_iRace,drop_strategic_operators,full,operator_group_ablation,group:strategic,input/synthetic/synthetic_110.txt,synthetic,67,irace_final,720.000000,600.000000,120.000000,3349547,3349547,14805607,77.376497,0.000000,614.567231,output/operator_group_ablation/ILS_iRace/drop_strategic_operators/seed_067/input/synthetic/synthetic_110.txt,,,da27c8e3402deb8a0832aaa211b98a39d670003f,true,3.11.2,Linux-6.1.0-44-cloud-amd64-x86_64-with-glibc2.36,
ok,ILS_iRace,drop_insert_operators,full,operator_group_ablation,group:insert,input/synthetic/synthetic_110.txt,synthetic,78,irace_final,720.000000,600.000000,120.000000,3349547,3349547,14805607,77.376497,0.000000,610.732863,output/operator_group_ablation/ILS_iRace/drop_insert_operators/seed_078/input/synthetic/synthetic_110.txt,,,da27c8e3402deb8a0832aaa211b98a39d670003f,true,3.11.2,Linux-6.1.0-44-cloud-amd64-x86_64-with-glibc2.36,
ok,ILS_iRace,drop_order_operators,full,operator_group_ablation,group:order,input/synthetic/synthetic_110.txt,synthetic,78,irace_final,720.000000,600.000000,120.000000,3349547,3349547,14805607,77.376497,0.000000,614.873971,output/operator_group_ablation/ILS_iRace/drop_order_operators/seed_078/input/synthetic/synthetic_110.txt,,,da27c8e3402deb8a0832aaa211b98a39d670003f,true,3.11.2,Linux-6.1.0-44-cloud-amd64-x86_64-with-glibc2.36,
ok,ILS_iRace,drop_strategic_operators,full,operator_group_ablation,group:strategic,input/synthetic/synthetic_110.txt,synthetic,78,irace_final,720.000000,600.000000,120.000000,3349547,3349547,14805607,77.376497,0.000000,611.163414,output/operator_group_ablation/ILS_iRace/drop_strategic_operators/seed_078/input/synthetic/synthetic_110.txt,,,da27c8e3402deb8a0832aaa211b98a39d670003f,true,3.11.2,Linux-6.1.0-44-cloud-amd64-x86_64-with-glibc2.36,
ok,ILS_iRace,drop_insert_operators,full,operator_group_ablation,group:insert,input/synthetic/synthetic_110.txt,synthetic,89,irace_final,720.000000,600.000000,120.000000,3351703,3351703,14805607,77.361935,0.000000,614.638486,output/operator_group_ablation/ILS_iRace/drop_insert_operators/seed_089/input/synthetic/synthetic_110.txt,,,da27c8e3402deb8a0832aaa211b98a39d670003f,true,3.11.2,Linux-6.1.0-44-cloud-amd64-x86_64-with-glibc2.36,
ok,ILS_iRace,drop_order_operators,full,operator_group_ablation,group:order,input/synthetic/synthetic_110.txt,synthetic,89,irace_final,720.000000,600.000000,120.000000,3351703,3353448,14805607,77.350148,0.052063,614.582960,output/operator_group_ablation/ILS_iRace/drop_order_operators/seed_089/input/synthetic/synthetic_110.txt,,,da27c8e3402deb8a0832aaa211b98a39d670003f,true,3.11.2,Linux-6.1.0-44-cloud-amd64-x86_64-with-glibc2.36,
ok,ILS_iRace,drop_strategic_operators,full,operator_group_ablation,group:strategic,input/synthetic/synthetic_110.txt,synthetic,89,irace_final,720.000000,600.000000,120.000000,3351703,3351703,14805607,77.361935,0.000000,614.482172,output/operator_group_ablation/ILS_iRace/drop_strategic_operators/seed_089/input/synthetic/synthetic_110.txt,,,da27c8e3402deb8a0832aaa211b98a39d670003f,true,3.11.2,Linux-6.1.0-44-cloud-amd64-x86_64-with-glibc2.36,
ok,ILS_iRace,drop_insert_operators,full,operator_group_ablation,group:insert,input/synthetic/synthetic_110.txt,synthetic,100,irace_final,720.000000,600.000000,120.000000,3349547,3349547,14805607,77.376497,0.000000,611.204787,output/operator_group_ablation/ILS_iRace/drop_insert_operators/seed_100/input/synthetic/synthetic_110.txt,,,da27c8e3402deb8a0832aaa211b98a39d670003f,true,3.11.2,Linux-6.1.0-44-cloud-amd64-x86_64-with-glibc2.36,
ok,ILS_iRace,drop_order_operators,full,operator_group_ablation,group:order,input/synthetic/synthetic_110.txt,synthetic,100,irace_final,720.000000,600.000000,120.000000,3349547,3350858,14805607,77.367642,0.039140,614.310725,output/operator_group_ablation/ILS_iRace/drop_order_operators/seed_100/input/synthetic/synthetic_110.txt,,,da27c8e3402deb8a0832aaa211b98a39d670003f,true,3.11.2,Linux-6.1.0-44-cloud-amd64-x86_64-with-glibc2.36,
ok,ILS_iRace,drop_strategic_operators,full,operator_group_ablation,group:strategic,input/synthetic/synthetic_110.txt,synthetic,100,irace_final,720.000000,600.000000,120.000000,3349547,3351786,14805607,77.361374,0.066845,610.709100,output/operator_group_ablation/ILS_iRace/drop_strategic_operators/seed_100/input/synthetic/synthetic_110.txt,,,da27c8e3402deb8a0832aaa211b98a39d670003f,true,3.11.2,Linux-6.1.0-44-cloud-amd64-x86_64-with-glibc2.36,
ok,ILS_iRace,drop_insert_operators,full,operator_group_ablation,group:insert,input/synthetic/synthetic_115.txt,synthetic,1,irace_final,720.000000,600.000000,120.000000,345277,345277,345277,0.000000,0.000000,623.182985,output/operator_group_ablation/ILS_iRace/drop_insert_operators/seed_001/input/synthetic/synthetic_115.txt,,,da27c8e3402deb8a0832aaa211b98a39d670003f,true,3.11.2,Linux-6.1.0-44-cloud-amd64-x86_64-with-glibc2.36,
ok,ILS_iRace,drop_order_operators,full,operator_group_ablation,group:order,input/synthetic/synthetic_115.txt,synthetic,1,irace_final,720.000000,600.000000,120.000000,345277,345277,345277,0.000000,0.000000,622.882679,output/operator_group_ablation/ILS_iRace/drop_order_operators/seed_001/input/synthetic/synthetic_115.txt,,,da27c8e3402deb8a0832aaa211b98a39d670003f,true,3.11.2,Linux-6.1.0-44-cloud-amd64-x86_64-with-glibc2.36,
ok,ILS_iRace,drop_strategic_operators,full,operator_group_ablation,group:strategic,input/synthetic/synthetic_115.txt,synthetic,1,irace_final,720.000000,600.000000,120.000000,345277,345277,345277,0.000000,0.000000,616.764670,output/operator_group_ablation/ILS_iRace/drop_strategic_operators/seed_001/input/synthetic/synthetic_115.txt,,,da27c8e3402deb8a0832aaa211b98a39d670003f,true,3.11.2,Linux-6.1.0-44-cloud-amd64-x86_64-with-glibc2.36,
ok,ILS_iRace,drop_insert_operators,full,operator_group_ablation,group:insert,input/synthetic/synthetic_115.txt,synthetic,12,irace_final,720.000000,600.000000,120.000000,345277,345277,345277,0.000000,0.000000,622.550639,output/operator_group_ablation/ILS_iRace/drop_insert_operators/seed_012/input/synthetic/synthetic_115.txt,,,da27c8e3402deb8a0832aaa211b98a39d670003f,true,3.11.2,Linux-6.1.0-44-cloud-amd64-x86_64-with-glibc2.36,
ok,ILS_iRace,drop_order_operators,full,operator_group_ablation,group:order,input/synthetic/synthetic_115.txt,synthetic,12,irace_final,720.000000,600.000000,120.000000,345277,345277,345277,0.000000,0.000000,622.641615,output/operator_group_ablation/ILS_iRace/drop_order_operators/seed_012/input/synthetic/synthetic_115.txt,,,da27c8e3402deb8a0832aaa211b98a39d670003f,true,3.11.2,Linux-6.1.0-44-cloud-amd64-x86_64-with-glibc2.36,
ok,ILS_iRace,drop_strategic_operators,full,operator_group_ablation,group:strategic,input/synthetic/synthetic_115.txt,synthetic,12,irace_final,720.000000,600.000000,120.000000,345277,345277,345277,0.000000,0.000000,616.707935,output/operator_group_ablation/ILS_iRace/drop_strategic_operators/seed_012/input/synthetic/synthetic_115.txt,,,da27c8e3402deb8a0832aaa211b98a39d670003f,true,3.11.2,Linux-6.1.0-44-cloud-amd64-x86_64-with-glibc2.36,
ok,ILS_iRace,drop_insert_operators,full,operator_group_ablation,group:insert,input/synthetic/synthetic_115.txt,synthetic,23,irace_final,720.000000,600.000000,120.000000,345277,345277,345277,0.000000,0.000000,616.580012,output/operator_group_ablation/ILS_iRace/drop_insert_operators/seed_023/input/synthetic/synthetic_115.txt,,,da27c8e3402deb8a0832aaa211b98a39d670003f,true,3.11.2,Linux-6.1.0-44-cloud-amd64-x86_64-with-glibc2.36,
ok,ILS_iRace,drop_order_operators,full,operator_group_ablation,group:order,input/synthetic/synthetic_115.txt,synthetic,23,irace_final,720.000000,600.000000,120.000000,345277,345277,345277,0.000000,0.000000,622.513164,output/operator_group_ablation/ILS_iRace/drop_order_operators/seed_023/input/synthetic/synthetic_115.txt,,,da27c8e3402deb8a0832aaa211b98a39d670003f,true,3.11.2,Linux-6.1.0-44-cloud-amd64-x86_64-with-glibc2.36,
ok,ILS_iRace,drop_strategic_operators,full,operator_group_ablation,group:strategic,input/synthetic/synthetic_115.txt,synthetic,23,irace_final,720.000000,600.000000,120.000000,345277,345277,345277,0.000000,0.000000,622.576455,output/operator_group_ablation/ILS_iRace/drop_strategic_operators/seed_023/input/synthetic/synthetic_115.txt,,,da27c8e3402deb8a0832aaa211b98a39d670003f,true,3.11.2,Linux-6.1.0-44-cloud-amd64-x86_64-with-glibc2.36,
ok,ILS_iRace,drop_insert_operators,full,operator_group_ablation,group:insert,input/synthetic/synthetic_115.txt,synthetic,34,irace_final,720.000000,600.000000,120.000000,345277,345277,345277,0.000000,0.000000,623.174468,output/operator_group_ablation/ILS_iRace/drop_insert_operators/seed_034/input/synthetic/synthetic_115.txt,,,da27c8e3402deb8a0832aaa211b98a39d670003f,true,3.11.2,Linux-6.1.0-44-cloud-amd64-x86_64-with-glibc2.36,
ok,ILS_iRace,drop_order_operators,full,operator_group_ablation,group:order,input/synthetic/synthetic_115.txt,synthetic,34,irace_final,720.000000,600.000000,120.000000,345277,345277,345277,0.000000,0.000000,616.253460,output/operator_group_ablation/ILS_iRace/drop_order_operators/seed_034/input/synthetic/synthetic_115.txt,,,da27c8e3402deb8a0832aaa211b98a39d670003f,true,3.11.2,Linux-6.1.0-44-cloud-amd64-x86_64-with-glibc2.36,
ok,ILS_iRace,drop_strategic_operators,full,operator_group_ablation,group:strategic,input/synthetic/synthetic_115.txt,synthetic,34,irace_final,720.000000,600.000000,120.000000,345277,345277,345277,0.000000,0.000000,623.246157,output/operator_group_ablation/ILS_iRace/drop_strategic_operators/seed_034/input/synthetic/synthetic_115.txt,,,da27c8e3402deb8a0832aaa211b98a39d670003f,true,3.11.2,Linux-6.1.0-44-cloud-amd64-x86_64-with-glibc2.36,
ok,ILS_iRace,drop_insert_operators,full,operator_group_ablation,group:insert,input/synthetic/synthetic_115.txt,synthetic,45,irace_final,720.000000,600.000000,120.000000,345277,345277,345277,0.000000,0.000000,616.566485,output/operator_group_ablation/ILS_iRace/drop_insert_operators/seed_045/input/synthetic/synthetic_115.txt,,,da27c8e3402deb8a0832aaa211b98a39d670003f,true,3.11.2,Linux-6.1.0-44-cloud-amd64-x86_64-with-glibc2.36,
ok,ILS_iRace,drop_order_operators,full,operator_group_ablation,group:order,input/synthetic/synthetic_115.txt,synthetic,45,irace_final,720.000000,600.000000,120.000000,345277,345277,345277,0.000000,0.000000,622.553144,output/operator_group_ablation/ILS_iRace/drop_order_operators/seed_045/input/synthetic/synthetic_115.txt,,,da27c8e3402deb8a0832aaa211b98a39d670003f,true,3.11.2,Linux-6.1.0-44-cloud-amd64-x86_64-with-glibc2.36,
ok,ILS_iRace,drop_strategic_operators,full,operator_group_ablation,group:strategic,input/synthetic/synthetic_115.txt,synthetic,45,irace_final,720.000000,600.000000,120.000000,345277,345277,345277,0.000000,0.000000,622.681854,output/operator_group_ablation/ILS_iRace/drop_strategic_operators/seed_045/input/synthetic/synthetic_115.txt,,,da27c8e3402deb8a0832aaa211b98a39d670003f,true,3.11.2,Linux-6.1.0-44-cloud-amd64-x86_64-with-glibc2.36,
ok,ILS_iRace,drop_insert_operators,full,operator_group_ablation,group:insert,input/synthetic/synthetic_115.txt,synthetic,56,irace_final,720.000000,600.000000,120.000000,345277,345277,345277,0.000000,0.000000,622.723939,output/operator_group_ablation/ILS_iRace/drop_insert_operators/seed_056/input/synthetic/synthetic_115.txt,,,da27c8e3402deb8a0832aaa211b98a39d670003f,true,3.11.2,Linux-6.1.0-44-cloud-amd64-x86_64-with-glibc2.36,
ok,ILS_iRace,drop_order_operators,full,operator_group_ablation,group:order,input/synthetic/synthetic_115.txt,synthetic,56,irace_final,720.000000,600.000000,120.000000,345277,345277,345277,0.000000,0.000000,616.615860,output/operator_group_ablation/ILS_iRace/drop_order_operators/seed_056/input/synthetic/synthetic_115.txt,,,da27c8e3402deb8a0832aaa211b98a39d670003f,true,3.11.2,Linux-6.1.0-44-cloud-amd64-x86_64-with-glibc2.36,
ok,ILS_iRace,drop_strategic_operators,full,operator_group_ablation,group:strategic,input/synthetic/synthetic_115.txt,synthetic,56,irace_final,720.000000,600.000000,120.000000,345277,345277,345277,0.000000,0.000000,623.258564,output/operator_group_ablation/ILS_iRace/drop_strategic_operators/seed_056/input/synthetic/synthetic_115.txt,,,da27c8e3402deb8a0832aaa211b98a39d670003f,true,3.11.2,Linux-6.1.0-44-cloud-amd64-x86_64-with-glibc2.36,
ok,ILS_iRace,drop_insert_operators,full,operator_group_ablation,group:insert,input/synthetic/synthetic_115.txt,synthetic,67,irace_final,720.000000,600.000000,120.000000,345277,345277,345277,0.000000,0.000000,623.134169,output/operator_group_ablation/ILS_iRace/drop_insert_operators/seed_067/input/synthetic/synthetic_115.txt,,,da27c8e3402deb8a0832aaa211b98a39d670003f,true,3.11.2,Linux-6.1.0-44-cloud-amd64-x86_64-with-glibc2.36,
ok,ILS_iRace,drop_order_operators,full,operator_group_ablation,group:order,input/synthetic/synthetic_115.txt,synthetic,67,irace_final,720.000000,600.000000,120.000000,345277,345277,345277,0.000000,0.000000,623.007102,output/operator_group_ablation/ILS_iRace/drop_order_operators/seed_067/input/synthetic/synthetic_115.txt,,,da27c8e3402deb8a0832aaa211b98a39d670003f,true,3.11.2,Linux-6.1.0-44-cloud-amd64-x86_64-with-glibc2.36,
ok,ILS_iRace,drop_strategic_operators,full,operator_group_ablation,group:strategic,input/synthetic/synthetic_115.txt,synthetic,67,irace_final,720.000000,600.000000,120.000000,345277,345277,345277,0.000000,0.000000,623.485973,output/operator_group_ablation/ILS_iRace/drop_strategic_operators/seed_067/input/synthetic/synthetic_115.txt,,,da27c8e3402deb8a0832aaa211b98a39d670003f,true,3.11.2,Linux-6.1.0-44-cloud-amd64-x86_64-with-glibc2.36,
ok,ILS_iRace,drop_insert_operators,full,operator_group_ablation,group:insert,input/synthetic/synthetic_115.txt,synthetic,78,irace_final,720.000000,600.000000,120.000000,345277,345277,345277,0.000000,0.000000,616.300382,output/operator_group_ablation/ILS_iRace/drop_insert_operators/seed_078/input/synthetic/synthetic_115.txt,,,da27c8e3402deb8a0832aaa211b98a39d670003f,true,3.11.2,Linux-6.1.0-44-cloud-amd64-x86_64-with-glibc2.36,
ok,ILS_iRace,drop_order_operators,full,operator_group_ablation,group:order,input/synthetic/synthetic_115.txt,synthetic,78,irace_final,720.000000,600.000000,120.000000,345277,345277,345277,0.000000,0.000000,616.682223,output/operator_group_ablation/ILS_iRace/drop_order_operators/seed_078/input/synthetic/synthetic_115.txt,,,da27c8e3402deb8a0832aaa211b98a39d670003f,true,3.11.2,Linux-6.1.0-44-cloud-amd64-x86_64-with-glibc2.36,
ok,ILS_iRace,drop_strategic_operators,full,operator_group_ablation,group:strategic,input/synthetic/synthetic_115.txt,synthetic,78,irace_final,720.000000,600.000000,120.000000,345277,345277,345277,0.000000,0.000000,622.597856,output/operator_group_ablation/ILS_iRace/drop_strategic_operators/seed_078/input/synthetic/synthetic_115.txt,,,da27c8e3402deb8a0832aaa211b98a39d670003f,true,3.11.2,Linux-6.1.0-44-cloud-amd64-x86_64-with-glibc2.36,
ok,ILS_iRace,drop_insert_operators,full,operator_group_ablation,group:insert,input/synthetic/synthetic_115.txt,synthetic,89,irace_final,720.000000,600.000000,120.000000,345277,345277,345277,0.000000,0.000000,623.094200,output/operator_group_ablation/ILS_iRace/drop_insert_operators/seed_089/input/synthetic/synthetic_115.txt,,,da27c8e3402deb8a0832aaa211b98a39d670003f,true,3.11.2,Linux-6.1.0-44-cloud-amd64-x86_64-with-glibc2.36,
ok,ILS_iRace,drop_order_operators,full,operator_group_ablation,group:order,input/synthetic/synthetic_115.txt,synthetic,89,irace_final,720.000000,600.000000,120.000000,345277,345277,345277,0.000000,0.000000,622.495471,output/operator_group_ablation/ILS_iRace/drop_order_operators/seed_089/input/synthetic/synthetic_115.txt,,,da27c8e3402deb8a0832aaa211b98a39d670003f,true,3.11.2,Linux-6.1.0-44-cloud-amd64-x86_64-with-glibc2.36,
ok,ILS_iRace,drop_strategic_operators,full,operator_group_ablation,group:strategic,input/synthetic/synthetic_115.txt,synthetic,89,irace_final,720.000000,600.000000,120.000000,345277,345277,345277,0.000000,0.000000,622.624142,output/operator_group_ablation/ILS_iRace/drop_strategic_operators/seed_089/input/synthetic/synthetic_115.txt,,,da27c8e3402deb8a0832aaa211b98a39d670003f,true,3.11.2,Linux-6.1.0-44-cloud-amd64-x86_64-with-glibc2.36,
ok,ILS_iRace,drop_insert_operators,full,operator_group_ablation,group:insert,input/synthetic/synthetic_115.txt,synthetic,100,irace_final,720.000000,600.000000,120.000000,345277,345277,345277,0.000000,0.000000,616.679207,output/operator_group_ablation/ILS_iRace/drop_insert_operators/seed_100/input/synthetic/synthetic_115.txt,,,da27c8e3402deb8a0832aaa211b98a39d670003f,true,3.11.2,Linux-6.1.0-44-cloud-amd64-x86_64-with-glibc2.36,
ok,ILS_iRace,drop_order_operators,full,operator_group_ablation,group:order,input/synthetic/synthetic_115.txt,synthetic,100,irace_final,720.000000,600.000000,120.000000,345277,345277,345277,0.000000,0.000000,623.136401,output/operator_group_ablation/ILS_iRace/drop_order_operators/seed_100/input/synthetic/synthetic_115.txt,,,da27c8e3402deb8a0832aaa211b98a39d670003f,true,3.11.2,Linux-6.1.0-44-cloud-amd64-x86_64-with-glibc2.36,
ok,ILS_iRace,drop_strategic_operators,full,operator_group_ablation,group:strategic,input/synthetic/synthetic_115.txt,synthetic,100,irace_final,720.000000,600.000000,120.000000,345277,345277,345277,0.000000,0.000000,616.004404,output/operator_group_ablation/ILS_iRace/drop_strategic_operators/seed_100/input/synthetic/synthetic_115.txt,,,da27c8e3402deb8a0832aaa211b98a39d670003f,true,3.11.2,Linux-6.1.0-44-cloud-amd64-x86_64-with-glibc2.36,
ok,ILS_iRace,drop_insert_operators,full,operator_group_ablation,group:insert,input/synthetic/synthetic_120.txt,synthetic,1,irace_final,720.000000,600.000000,120.000000,187715,187715,187715,0.000000,0.000000,618.223890,output/operator_group_ablation/ILS_iRace/drop_insert_operators/seed_001/input/synthetic/synthetic_120.txt,,,da27c8e3402deb8a0832aaa211b98a39d670003f,true,3.11.2,Linux-6.1.0-44-cloud-amd64-x86_64-with-glibc2.36,
ok,ILS_iRace,drop_order_operators,full,operator_group_ablation,group:order,input/synthetic/synthetic_120.txt,synthetic,1,irace_final,720.000000,600.000000,120.000000,187715,187715,187715,0.000000,0.000000,612.549476,output/operator_group_ablation/ILS_iRace/drop_order_operators/seed_001/input/synthetic/synthetic_120.txt,,,da27c8e3402deb8a0832aaa211b98a39d670003f,true,3.11.2,Linux-6.1.0-44-cloud-amd64-x86_64-with-glibc2.36,
ok,ILS_iRace,drop_strategic_operators,full,operator_group_ablation,group:strategic,input/synthetic/synthetic_120.txt,synthetic,1,irace_final,720.000000,600.000000,120.000000,187715,187715,187715,0.000000,0.000000,618.461677,output/operator_group_ablation/ILS_iRace/drop_strategic_operators/seed_001/input/synthetic/synthetic_120.txt,,,da27c8e3402deb8a0832aaa211b98a39d670003f,true,3.11.2,Linux-6.1.0-44-cloud-amd64-x86_64-with-glibc2.36,
ok,ILS_iRace,drop_insert_operators,full,operator_group_ablation,group:insert,input/synthetic/synthetic_120.txt,synthetic,12,irace_final,720.000000,600.000000,120.000000,187715,187715,187715,0.000000,0.000000,618.544346,output/operator_group_ablation/ILS_iRace/drop_insert_operators/seed_012/input/synthetic/synthetic_120.txt,,,da27c8e3402deb8a0832aaa211b98a39d670003f,true,3.11.2,Linux-6.1.0-44-cloud-amd64-x86_64-with-glibc2.36,
ok,ILS_iRace,drop_order_operators,full,operator_group_ablation,group:order,input/synthetic/synthetic_120.txt,synthetic,12,irace_final,720.000000,600.000000,120.000000,187715,187715,187715,0.000000,0.000000,618.017164,output/operator_group_ablation/ILS_iRace/drop_order_operators/seed_012/input/synthetic/synthetic_120.txt,,,da27c8e3402deb8a0832aaa211b98a39d670003f,true,3.11.2,Linux-6.1.0-44-cloud-amd64-x86_64-with-glibc2.36,
ok,ILS_iRace,drop_strategic_operators,full,operator_group_ablation,group:strategic,input/synthetic/synthetic_120.txt,synthetic,12,irace_final,720.000000,600.000000,120.000000,187715,187715,187715,0.000000,0.000000,613.181202,output/operator_group_ablation/ILS_iRace/drop_strategic_operators/seed_012/input/synthetic/synthetic_120.txt,,,da27c8e3402deb8a0832aaa211b98a39d670003f,true,3.11.2,Linux-6.1.0-44-cloud-amd64-x86_64-with-glibc2.36,
ok,ILS_iRace,drop_insert_operators,full,operator_group_ablation,group:insert,input/synthetic/synthetic_120.txt,synthetic,23,irace_final,720.000000,600.000000,120.000000,187715,187715,187715,0.000000,0.000000,618.157690,output/operator_group_ablation/ILS_iRace/drop_insert_operators/seed_023/input/synthetic/synthetic_120.txt,,,da27c8e3402deb8a0832aaa211b98a39d670003f,true,3.11.2,Linux-6.1.0-44-cloud-amd64-x86_64-with-glibc2.36,
ok,ILS_iRace,drop_order_operators,full,operator_group_ablation,group:order,input/synthetic/synthetic_120.txt,synthetic,23,irace_final,720.000000,600.000000,120.000000,187715,187715,187715,0.000000,0.000000,612.961196,output/operator_group_ablation/ILS_iRace/drop_order_operators/seed_023/input/synthetic/synthetic_120.txt,,,da27c8e3402deb8a0832aaa211b98a39d670003f,true,3.11.2,Linux-6.1.0-44-cloud-amd64-x86_64-with-glibc2.36,
ok,ILS_iRace,drop_strategic_operators,full,operator_group_ablation,group:strategic,input/synthetic/synthetic_120.txt,synthetic,23,irace_final,720.000000,600.000000,120.000000,187715,187715,187715,0.000000,0.000000,618.377248,output/operator_group_ablation/ILS_iRace/drop_strategic_operators/seed_023/input/synthetic/synthetic_120.txt,,,da27c8e3402deb8a0832aaa211b98a39d670003f,true,3.11.2,Linux-6.1.0-44-cloud-amd64-x86_64-with-glibc2.36,
ok,ILS_iRace,drop_insert_operators,full,operator_group_ablation,group:insert,input/synthetic/synthetic_120.txt,synthetic,34,irace_final,720.000000,600.000000,120.000000,187715,187715,187715,0.000000,0.000000,618.191401,output/operator_group_ablation/ILS_iRace/drop_insert_operators/seed_034/input/synthetic/synthetic_120.txt,,,da27c8e3402deb8a0832aaa211b98a39d670003f,true,3.11.2,Linux-6.1.0-44-cloud-amd64-x86_64-with-glibc2.36,
ok,ILS_iRace,drop_order_operators,full,operator_group_ablation,group:order,input/synthetic/synthetic_120.txt,synthetic,34,irace_final,720.000000,600.000000,120.000000,187715,187715,187715,0.000000,0.000000,618.525451,output/operator_group_ablation/ILS_iRace/drop_order_operators/seed_034/input/synthetic/synthetic_120.txt,,,da27c8e3402deb8a0832aaa211b98a39d670003f,true,3.11.2,Linux-6.1.0-44-cloud-amd64-x86_64-with-glibc2.36,
ok,ILS_iRace,drop_strategic_operators,full,operator_group_ablation,group:strategic,input/synthetic/synthetic_120.txt,synthetic,34,irace_final,720.000000,600.000000,120.000000,187715,187715,187715,0.000000,0.000000,612.756047,output/operator_group_ablation/ILS_iRace/drop_strategic_operators/seed_034/input/synthetic/synthetic_120.txt,,,da27c8e3402deb8a0832aaa211b98a39d670003f,true,3.11.2,Linux-6.1.0-44-cloud-amd64-x86_64-with-glibc2.36,
ok,ILS_iRace,drop_insert_operators,full,operator_group_ablation,group:insert,input/synthetic/synthetic_120.txt,synthetic,45,irace_final,720.000000,600.000000,120.000000,187715,187715,187715,0.000000,0.000000,617.995030,output/operator_group_ablation/ILS_iRace/drop_insert_operators/seed_045/input/synthetic/synthetic_120.txt,,,da27c8e3402deb8a0832aaa211b98a39d670003f,true,3.11.2,Linux-6.1.0-44-cloud-amd64-x86_64-with-glibc2.36,
ok,ILS_iRace,drop_order_operators,full,operator_group_ablation,group:order,input/synthetic/synthetic_120.txt,synthetic,45,irace_final,720.000000,600.000000,120.000000,187715,187715,187715,0.000000,0.000000,612.932906,output/operator_group_ablation/ILS_iRace/drop_order_operators/seed_045/input/synthetic/synthetic_120.txt,,,da27c8e3402deb8a0832aaa211b98a39d670003f,true,3.11.2,Linux-6.1.0-44-cloud-amd64-x86_64-with-glibc2.36,
ok,ILS_iRace,drop_strategic_operators,full,operator_group_ablation,group:strategic,input/synthetic/synthetic_120.txt,synthetic,45,irace_final,720.000000,600.000000,120.000000,187715,187715,187715,0.000000,0.000000,618.464502,output/operator_group_ablation/ILS_iRace/drop_strategic_operators/seed_045/input/synthetic/synthetic_120.txt,,,da27c8e3402deb8a0832aaa211b98a39d670003f,true,3.11.2,Linux-6.1.0-44-cloud-amd64-x86_64-with-glibc2.36,
ok,ILS_iRace,drop_insert_operators,full,operator_group_ablation,group:insert,input/synthetic/synthetic_120.txt,synthetic,56,irace_final,720.000000,600.000000,120.000000,187715,187715,187715,0.000000,0.000000,618.798773,output/operator_group_ablation/ILS_iRace/drop_insert_operators/seed_056/input/synthetic/synthetic_120.txt,,,da27c8e3402deb8a0832aaa211b98a39d670003f,true,3.11.2,Linux-6.1.0-44-cloud-amd64-x86_64-with-glibc2.36,
ok,ILS_iRace,drop_order_operators,full,operator_group_ablation,group:order,input/synthetic/synthetic_120.txt,synthetic,56,irace_final,720.000000,600.000000,120.000000,187715,187715,187715,0.000000,0.000000,618.307310,output/operator_group_ablation/ILS_iRace/drop_order_operators/seed_056/input/synthetic/synthetic_120.txt,,,da27c8e3402deb8a0832aaa211b98a39d670003f,true,3.11.2,Linux-6.1.0-44-cloud-amd64-x86_64-with-glibc2.36,
ok,ILS_iRace,drop_strategic_operators,full,operator_group_ablation,group:strategic,input/synthetic/synthetic_120.txt,synthetic,56,irace_final,720.000000,600.000000,120.000000,187715,187715,187715,0.000000,0.000000,612.749321,output/operator_group_ablation/ILS_iRace/drop_strategic_operators/seed_056/input/synthetic/synthetic_120.txt,,,da27c8e3402deb8a0832aaa211b98a39d670003f,true,3.11.2,Linux-6.1.0-44-cloud-amd64-x86_64-with-glibc2.36,
ok,ILS_iRace,drop_insert_operators,full,operator_group_ablation,group:insert,input/synthetic/synthetic_120.txt,synthetic,67,irace_final,720.000000,600.000000,120.000000,187715,187715,187715,0.000000,0.000000,613.063322,output/operator_group_ablation/ILS_iRace/drop_insert_operators/seed_067/input/synthetic/synthetic_120.txt,,,da27c8e3402deb8a0832aaa211b98a39d670003f,true,3.11.2,Linux-6.1.0-44-cloud-amd64-x86_64-with-glibc2.36,
ok,ILS_iRace,drop_order_operators,full,operator_group_ablation,group:order,input/synthetic/synthetic_120.txt,synthetic,67,irace_final,720.000000,600.000000,120.000000,187715,187715,187715,0.000000,0.000000,618.286451,output/operator_group_ablation/ILS_iRace/drop_order_operators/seed_067/input/synthetic/synthetic_120.txt,,,da27c8e3402deb8a0832aaa211b98a39d670003f,true,3.11.2,Linux-6.1.0-44-cloud-amd64-x86_64-with-glibc2.36,
ok,ILS_iRace,drop_strategic_operators,full,operator_group_ablation,group:strategic,input/synthetic/synthetic_120.txt,synthetic,67,irace_final,720.000000,600.000000,120.000000,187715,187715,187715,0.000000,0.000000,618.585500,output/operator_group_ablation/ILS_iRace/drop_strategic_operators/seed_067/input/synthetic/synthetic_120.txt,,,da27c8e3402deb8a0832aaa211b98a39d670003f,true,3.11.2,Linux-6.1.0-44-cloud-amd64-x86_64-with-glibc2.36,
ok,ILS_iRace,drop_insert_operators,full,operator_group_ablation,group:insert,input/synthetic/synthetic_120.txt,synthetic,78,irace_final,720.000000,600.000000,120.000000,187715,187715,187715,0.000000,0.000000,618.956585,output/operator_group_ablation/ILS_iRace/drop_insert_operators/seed_078/input/synthetic/synthetic_120.txt,,,da27c8e3402deb8a0832aaa211b98a39d670003f,true,3.11.2,Linux-6.1.0-44-cloud-amd64-x86_64-with-glibc2.36,
ok,ILS_iRace,drop_order_operators,full,operator_group_ablation,group:order,input/synthetic/synthetic_120.txt,synthetic,78,irace_final,720.000000,600.000000,120.000000,187715,187715,187715,0.000000,0.000000,618.388380,output/operator_group_ablation/ILS_iRace/drop_order_operators/seed_078/input/synthetic/synthetic_120.txt,,,da27c8e3402deb8a0832aaa211b98a39d670003f,true,3.11.2,Linux-6.1.0-44-cloud-amd64-x86_64-with-glibc2.36,
ok,ILS_iRace,drop_strategic_operators,full,operator_group_ablation,group:strategic,input/synthetic/synthetic_120.txt,synthetic,78,irace_final,720.000000,600.000000,120.000000,187715,187715,187715,0.000000,0.000000,612.665049,output/operator_group_ablation/ILS_iRace/drop_strategic_operators/seed_078/input/synthetic/synthetic_120.txt,,,da27c8e3402deb8a0832aaa211b98a39d670003f,true,3.11.2,Linux-6.1.0-44-cloud-amd64-x86_64-with-glibc2.36,
ok,ILS_iRace,drop_insert_operators,full,operator_group_ablation,group:insert,input/synthetic/synthetic_120.txt,synthetic,89,irace_final,720.000000,600.000000,120.000000,187715,187715,187715,0.000000,0.000000,612.916058,output/operator_group_ablation/ILS_iRace/drop_insert_operators/seed_089/input/synthetic/synthetic_120.txt,,,da27c8e3402deb8a0832aaa211b98a39d670003f,true,3.11.2,Linux-6.1.0-44-cloud-amd64-x86_64-with-glibc2.36,
ok,ILS_iRace,drop_order_operators,full,operator_group_ablation,group:order,input/synthetic/synthetic_120.txt,synthetic,89,irace_final,720.000000,600.000000,120.000000,187715,187715,187715,0.000000,0.000000,618.439137,output/operator_group_ablation/ILS_iRace/drop_order_operators/seed_089/input/synthetic/synthetic_120.txt,,,da27c8e3402deb8a0832aaa211b98a39d670003f,true,3.11.2,Linux-6.1.0-44-cloud-amd64-x86_64-with-glibc2.36,
ok,ILS_iRace,drop_strategic_operators,full,operator_group_ablation,group:strategic,input/synthetic/synthetic_120.txt,synthetic,89,irace_final,720.000000,600.000000,120.000000,187715,187715,187715,0.000000,0.000000,618.458137,output/operator_group_ablation/ILS_iRace/drop_strategic_operators/seed_089/input/synthetic/synthetic_120.txt,,,da27c8e3402deb8a0832aaa211b98a39d670003f,true,3.11.2,Linux-6.1.0-44-cloud-amd64-x86_64-with-glibc2.36,
ok,ILS_iRace,drop_insert_operators,full,operator_group_ablation,group:insert,input/synthetic/synthetic_120.txt,synthetic,100,irace_final,720.000000,600.000000,120.000000,187715,187715,187715,0.000000,0.000000,618.749642,output/operator_group_ablation/ILS_iRace/drop_insert_operators/seed_100/input/synthetic/synthetic_120.txt,,,da27c8e3402deb8a0832aaa211b98a39d670003f,true,3.11.2,Linux-6.1.0-44-cloud-amd64-x86_64-with-glibc2.36,
ok,ILS_iRace,drop_order_operators,full,operator_group_ablation,group:order,input/synthetic/synthetic_120.txt,synthetic,100,irace_final,720.000000,600.000000,120.000000,187715,187715,187715,0.000000,0.000000,618.643593,output/operator_group_ablation/ILS_iRace/drop_order_operators/seed_100/input/synthetic/synthetic_120.txt,,,da27c8e3402deb8a0832aaa211b98a39d670003f,true,3.11.2,Linux-6.1.0-44-cloud-amd64-x86_64-with-glibc2.36,
ok,ILS_iRace,drop_strategic_operators,full,operator_group_ablation,group:strategic,input/synthetic/synthetic_120.txt,synthetic,100,irace_final,720.000000,600.000000,120.000000,187715,187715,187715,0.000000,0.000000,612.709003,output/operator_group_ablation/ILS_iRace/drop_strategic_operators/seed_100/input/synthetic/synthetic_120.txt,,,da27c8e3402deb8a0832aaa211b98a39d670003f,true,3.11.2,Linux-6.1.0-44-cloud-amd64-x86_64-with-glibc2.36,
ok,ILS_iRace,drop_insert_operators,full,operator_group_ablation,group:insert,input/synthetic/synthetic_125.txt,synthetic,1,irace_final,720.000000,600.000000,120.000000,330735,330735,330735,0.000000,0.000000,616.305707,output/operator_group_ablation/ILS_iRace/drop_insert_operators/seed_001/input/synthetic/synthetic_125.txt,,,da27c8e3402deb8a0832aaa211b98a39d670003f,true,3.11.2,Linux-6.1.0-44-cloud-amd64-x86_64-with-glibc2.36,
ok,ILS_iRace,drop_order_operators,full,operator_group_ablation,group:order,input/synthetic/synthetic_125.txt,synthetic,1,irace_final,720.000000,600.000000,120.000000,330735,330735,330735,0.000000,0.000000,624.773028,output/operator_group_ablation/ILS_iRace/drop_order_operators/seed_001/input/synthetic/synthetic_125.txt,,,da27c8e3402deb8a0832aaa211b98a39d670003f,true,3.11.2,Linux-6.1.0-44-cloud-amd64-x86_64-with-glibc2.36,
ok,ILS_iRace,drop_strategic_operators,full,operator_group_ablation,group:strategic,input/synthetic/synthetic_125.txt,synthetic,1,irace_final,720.000000,600.000000,120.000000,330735,330735,330735,0.000000,0.000000,625.407175,output/operator_group_ablation/ILS_iRace/drop_strategic_operators/seed_001/input/synthetic/synthetic_125.txt,,,da27c8e3402deb8a0832aaa211b98a39d670003f,true,3.11.2,Linux-6.1.0-44-cloud-amd64-x86_64-with-glibc2.36,
ok,ILS_iRace,drop_insert_operators,full,operator_group_ablation,group:insert,input/synthetic/synthetic_125.txt,synthetic,12,irace_final,720.000000,600.000000,120.000000,330735,330735,330735,0.000000,0.000000,625.408943,output/operator_group_ablation/ILS_iRace/drop_insert_operators/seed_012/input/synthetic/synthetic_125.txt,,,da27c8e3402deb8a0832aaa211b98a39d670003f,true,3.11.2,Linux-6.1.0-44-cloud-amd64-x86_64-with-glibc2.36,
ok,ILS_iRace,drop_order_operators,full,operator_group_ablation,group:order,input/synthetic/synthetic_125.txt,synthetic,12,irace_final,720.000000,600.000000,120.000000,330735,330735,330735,0.000000,0.000000,624.705945,output/operator_group_ablation/ILS_iRace/drop_order_operators/seed_012/input/synthetic/synthetic_125.txt,,,da27c8e3402deb8a0832aaa211b98a39d670003f,true,3.11.2,Linux-6.1.0-44-cloud-amd64-x86_64-with-glibc2.36,
ok,ILS_iRace,drop_strategic_operators,full,operator_group_ablation,group:strategic,input/synthetic/synthetic_125.txt,synthetic,12,irace_final,720.000000,600.000000,120.000000,330735,330735,330735,0.000000,0.000000,616.826797,output/operator_group_ablation/ILS_iRace/drop_strategic_operators/seed_012/input/synthetic/synthetic_125.txt,,,da27c8e3402deb8a0832aaa211b98a39d670003f,true,3.11.2,Linux-6.1.0-44-cloud-amd64-x86_64-with-glibc2.36,
ok,ILS_iRace,drop_insert_operators,full,operator_group_ablation,group:insert,input/synthetic/synthetic_125.txt,synthetic,23,irace_final,720.000000,600.000000,120.000000,330735,330735,330735,0.000000,0.000000,616.376199,output/operator_group_ablation/ILS_iRace/drop_insert_operators/seed_023/input/synthetic/synthetic_125.txt,,,da27c8e3402deb8a0832aaa211b98a39d670003f,true,3.11.2,Linux-6.1.0-44-cloud-amd64-x86_64-with-glibc2.36,
ok,ILS_iRace,drop_order_operators,full,operator_group_ablation,group:order,input/synthetic/synthetic_125.txt,synthetic,23,irace_final,720.000000,600.000000,120.000000,330735,330735,330735,0.000000,0.000000,624.765944,output/operator_group_ablation/ILS_iRace/drop_order_operators/seed_023/input/synthetic/synthetic_125.txt,,,da27c8e3402deb8a0832aaa211b98a39d670003f,true,3.11.2,Linux-6.1.0-44-cloud-amd64-x86_64-with-glibc2.36,
ok,ILS_iRace,drop_strategic_operators,full,operator_group_ablation,group:strategic,input/synthetic/synthetic_125.txt,synthetic,23,irace_final,720.000000,600.000000,120.000000,330735,330735,330735,0.000000,0.000000,625.003061,output/operator_group_ablation/ILS_iRace/drop_strategic_operators/seed_023/input/synthetic/synthetic_125.txt,,,da27c8e3402deb8a0832aaa211b98a39d670003f,true,3.11.2,Linux-6.1.0-44-cloud-amd64-x86_64-with-glibc2.36,
ok,ILS_iRace,drop_insert_operators,full,operator_group_ablation,group:insert,input/synthetic/synthetic_125.txt,synthetic,34,irace_final,720.000000,600.000000,120.000000,330735,330735,330735,0.000000,0.000000,624.720955,output/operator_group_ablation/ILS_iRace/drop_insert_operators/seed_034/input/synthetic/synthetic_125.txt,,,da27c8e3402deb8a0832aaa211b98a39d670003f,true,3.11.2,Linux-6.1.0-44-cloud-amd64-x86_64-with-glibc2.36,
ok,ILS_iRace,drop_order_operators,full,operator_group_ablation,group:order,input/synthetic/synthetic_125.txt,synthetic,34,irace_final,720.000000,600.000000,120.000000,330735,330735,330735,0.000000,0.000000,624.648949,output/operator_group_ablation/ILS_iRace/drop_order_operators/seed_034/input/synthetic/synthetic_125.txt,,,da27c8e3402deb8a0832aaa211b98a39d670003f,true,3.11.2,Linux-6.1.0-44-cloud-amd64-x86_64-with-glibc2.36,
ok,ILS_iRace,drop_strategic_operators,full,operator_group_ablation,group:strategic,input/synthetic/synthetic_125.txt,synthetic,34,irace_final,720.000000,600.000000,120.000000,330735,330735,330735,0.000000,0.000000,617.062936,output/operator_group_ablation/ILS_iRace/drop_strategic_operators/seed_034/input/synthetic/synthetic_125.txt,,,da27c8e3402deb8a0832aaa211b98a39d670003f,true,3.11.2,Linux-6.1.0-44-cloud-amd64-x86_64-with-glibc2.36,
ok,ILS_iRace,drop_insert_operators,full,operator_group_ablation,group:insert,input/synthetic/synthetic_125.txt,synthetic,45,irace_final,720.000000,600.000000,120.000000,330735,330735,330735,0.000000,0.000000,616.279825,output/operator_group_ablation/ILS_iRace/drop_insert_operators/seed_045/input/synthetic/synthetic_125.txt,,,da27c8e3402deb8a0832aaa211b98a39d670003f,true,3.11.2,Linux-6.1.0-44-cloud-amd64-x86_64-with-glibc2.36,
ok,ILS_iRace,drop_order_operators,full,operator_group_ablation,group:order,input/synthetic/synthetic_125.txt,synthetic,45,irace_final,720.000000,600.000000,120.000000,330735,330735,330735,0.000000,0.000000,624.704096,output/operator_group_ablation/ILS_iRace/drop_order_operators/seed_045/input/synthetic/synthetic_125.txt,,,da27c8e3402deb8a0832aaa211b98a39d670003f,true,3.11.2,Linux-6.1.0-44-cloud-amd64-x86_64-with-glibc2.36,
ok,ILS_iRace,drop_strategic_operators,full,operator_group_ablation,group:strategic,input/synthetic/synthetic_125.txt,synthetic,45,irace_final,720.000000,600.000000,120.000000,330735,330735,330735,0.000000,0.000000,624.833309,output/operator_group_ablation/ILS_iRace/drop_strategic_operators/seed_045/input/synthetic/synthetic_125.txt,,,da27c8e3402deb8a0832aaa211b98a39d670003f,true,3.11.2,Linux-6.1.0-44-cloud-amd64-x86_64-with-glibc2.36,
ok,ILS_iRace,drop_insert_operators,full,operator_group_ablation,group:insert,input/synthetic/synthetic_125.txt,synthetic,56,irace_final,720.000000,600.000000,120.000000,330735,330735,330735,0.000000,0.000000,624.738035,output/operator_group_ablation/ILS_iRace/drop_insert_operators/seed_056/input/synthetic/synthetic_125.txt,,,da27c8e3402deb8a0832aaa211b98a39d670003f,true,3.11.2,Linux-6.1.0-44-cloud-amd64-x86_64-with-glibc2.36,
ok,ILS_iRace,drop_strategic_operators,full,operator_group_ablation,group:strategic,input/synthetic/synthetic_125.txt,synthetic,56,irace_final,720.000000,600.000000,120.000000,330735,330735,330735,0.000000,0.000000,616.316223,output/operator_group_ablation/ILS_iRace/drop_strategic_operators/seed_056/input/synthetic/synthetic_125.txt,,,da27c8e3402deb8a0832aaa211b98a39d670003f,true,3.11.2,Linux-6.1.0-44-cloud-amd64-x86_64-with-glibc2.36,
ok,ILS_iRace,drop_order_operators,full,operator_group_ablation,group:order,input/synthetic/synthetic_125.txt,synthetic,56,irace_final,720.000000,600.000000,120.000000,330735,330735,330735,0.000000,0.000000,624.882726,output/operator_group_ablation/ILS_iRace/drop_order_operators/seed_056/input/synthetic/synthetic_125.txt,,,da27c8e3402deb8a0832aaa211b98a39d670003f,true,3.11.2,Linux-6.1.0-44-cloud-amd64-x86_64-with-glibc2.36,
ok,ILS_iRace,drop_insert_operators,full,operator_group_ablation,group:insert,input/synthetic/synthetic_125.txt,synthetic,67,irace_final,720.000000,600.000000,120.000000,330735,330735,330735,0.000000,0.000000,616.344027,output/operator_group_ablation/ILS_iRace/drop_insert_operators/seed_067/input/synthetic/synthetic_125.txt,,,da27c8e3402deb8a0832aaa211b98a39d670003f,true,3.11.2,Linux-6.1.0-44-cloud-amd64-x86_64-with-glibc2.36,
ok,ILS_iRace,drop_order_operators,full,operator_group_ablation,group:order,input/synthetic/synthetic_125.txt,synthetic,67,irace_final,720.000000,600.000000,120.000000,330735,330735,330735,0.000000,0.000000,625.515610,output/operator_group_ablation/ILS_iRace/drop_order_operators/seed_067/input/synthetic/synthetic_125.txt,,,da27c8e3402deb8a0832aaa211b98a39d670003f,true,3.11.2,Linux-6.1.0-44-cloud-amd64-x86_64-with-glibc2.36,
ok,ILS_iRace,drop_strategic_operators,full,operator_group_ablation,group:strategic,input/synthetic/synthetic_125.txt,synthetic,67,irace_final,720.000000,600.000000,120.000000,330735,330735,330735,0.000000,0.000000,624.811747,output/operator_group_ablation/ILS_iRace/drop_strategic_operators/seed_067/input/synthetic/synthetic_125.txt,,,da27c8e3402deb8a0832aaa211b98a39d670003f,true,3.11.2,Linux-6.1.0-44-cloud-amd64-x86_64-with-glibc2.36,
ok,ILS_iRace,drop_insert_operators,full,operator_group_ablation,group:insert,input/synthetic/synthetic_125.txt,synthetic,78,irace_final,720.000000,600.000000,120.000000,330735,330735,330735,0.000000,0.000000,625.128850,output/operator_group_ablation/ILS_iRace/drop_insert_operators/seed_078/input/synthetic/synthetic_125.txt,,,da27c8e3402deb8a0832aaa211b98a39d670003f,true,3.11.2,Linux-6.1.0-44-cloud-amd64-x86_64-with-glibc2.36,
ok,ILS_iRace,drop_order_operators,full,operator_group_ablation,group:order,input/synthetic/synthetic_125.txt,synthetic,78,irace_final,720.000000,600.000000,120.000000,330735,330735,330735,0.000000,0.000000,616.439045,output/operator_group_ablation/ILS_iRace/drop_order_operators/seed_078/input/synthetic/synthetic_125.txt,,,da27c8e3402deb8a0832aaa211b98a39d670003f,true,3.11.2,Linux-6.1.0-44-cloud-amd64-x86_64-with-glibc2.36,
ok,ILS_iRace,drop_strategic_operators,full,operator_group_ablation,group:strategic,input/synthetic/synthetic_125.txt,synthetic,78,irace_final,720.000000,600.000000,120.000000,330735,330735,330735,0.000000,0.000000,625.157684,output/operator_group_ablation/ILS_iRace/drop_strategic_operators/seed_078/input/synthetic/synthetic_125.txt,,,da27c8e3402deb8a0832aaa211b98a39d670003f,true,3.11.2,Linux-6.1.0-44-cloud-amd64-x86_64-with-glibc2.36,
ok,ILS_iRace,drop_insert_operators,full,operator_group_ablation,group:insert,input/synthetic/synthetic_125.txt,synthetic,89,irace_final,720.000000,600.000000,120.000000,330735,330735,330735,0.000000,0.000000,616.694231,output/operator_group_ablation/ILS_iRace/drop_insert_operators/seed_089/input/synthetic/synthetic_125.txt,,,da27c8e3402deb8a0832aaa211b98a39d670003f,true,3.11.2,Linux-6.1.0-44-cloud-amd64-x86_64-with-glibc2.36,
ok,ILS_iRace,drop_order_operators,full,operator_group_ablation,group:order,input/synthetic/synthetic_125.txt,synthetic,89,irace_final,720.000000,600.000000,120.000000,330735,330735,330735,0.000000,0.000000,624.854639,output/operator_group_ablation/ILS_iRace/drop_order_operators/seed_089/input/synthetic/synthetic_125.txt,,,da27c8e3402deb8a0832aaa211b98a39d670003f,true,3.11.2,Linux-6.1.0-44-cloud-amd64-x86_64-with-glibc2.36,
ok,ILS_iRace,drop_strategic_operators,full,operator_group_ablation,group:strategic,input/synthetic/synthetic_125.txt,synthetic,89,irace_final,720.000000,600.000000,120.000000,330735,330735,330735,0.000000,0.000000,625.826955,output/operator_group_ablation/ILS_iRace/drop_strategic_operators/seed_089/input/synthetic/synthetic_125.txt,,,da27c8e3402deb8a0832aaa211b98a39d670003f,true,3.11.2,Linux-6.1.0-44-cloud-amd64-x86_64-with-glibc2.36,
ok,ILS_iRace,drop_insert_operators,full,operator_group_ablation,group:insert,input/synthetic/synthetic_125.txt,synthetic,100,irace_final,720.000000,600.000000,120.000000,330735,330735,330735,0.000000,0.000000,625.140950,output/operator_group_ablation/ILS_iRace/drop_insert_operators/seed_100/input/synthetic/synthetic_125.txt,,,da27c8e3402deb8a0832aaa211b98a39d670003f,true,3.11.2,Linux-6.1.0-44-cloud-amd64-x86_64-with-glibc2.36,
ok,ILS_iRace,drop_order_operators,full,operator_group_ablation,group:order,input/synthetic/synthetic_125.txt,synthetic,100,irace_final,720.000000,600.000000,120.000000,330735,330735,330735,0.000000,0.000000,616.160334,output/operator_group_ablation/ILS_iRace/drop_order_operators/seed_100/input/synthetic/synthetic_125.txt,,,da27c8e3402deb8a0832aaa211b98a39d670003f,true,3.11.2,Linux-6.1.0-44-cloud-amd64-x86_64-with-glibc2.36,
ok,ILS_iRace,drop_strategic_operators,full,operator_group_ablation,group:strategic,input/synthetic/synthetic_125.txt,synthetic,100,irace_final,720.000000,600.000000,120.000000,330735,330735,330735,0.000000,0.000000,624.830761,output/operator_group_ablation/ILS_iRace/drop_strategic_operators/seed_100/input/synthetic/synthetic_125.txt,,,da27c8e3402deb8a0832aaa211b98a39d670003f,true,3.11.2,Linux-6.1.0-44-cloud-amd64-x86_64-with-glibc2.36,
ok,ILS_iRace,drop_insert_operators,full,operator_group_ablation,group:insert,input/synthetic/synthetic_130.txt,synthetic,1,irace_final,720.000000,600.000000,120.000000,226911,226911,226911,0.000000,0.000000,613.355678,output/operator_group_ablation/ILS_iRace/drop_insert_operators/seed_001/input/synthetic/synthetic_130.txt,,,da27c8e3402deb8a0832aaa211b98a39d670003f,true,3.11.2,Linux-6.1.0-44-cloud-amd64-x86_64-with-glibc2.36,
ok,ILS_iRace,drop_order_operators,full,operator_group_ablation,group:order,input/synthetic/synthetic_130.txt,synthetic,1,irace_final,720.000000,600.000000,120.000000,226911,226911,226911,0.000000,0.000000,619.843979,output/operator_group_ablation/ILS_iRace/drop_order_operators/seed_001/input/synthetic/synthetic_130.txt,,,da27c8e3402deb8a0832aaa211b98a39d670003f,true,3.11.2,Linux-6.1.0-44-cloud-amd64-x86_64-with-glibc2.36,
ok,ILS_iRace,drop_strategic_operators,full,operator_group_ablation,group:strategic,input/synthetic/synthetic_130.txt,synthetic,1,irace_final,720.000000,600.000000,120.000000,226911,226911,226911,0.000000,0.000000,619.637292,output/operator_group_ablation/ILS_iRace/drop_strategic_operators/seed_001/input/synthetic/synthetic_130.txt,,,da27c8e3402deb8a0832aaa211b98a39d670003f,true,3.11.2,Linux-6.1.0-44-cloud-amd64-x86_64-with-glibc2.36,
ok,ILS_iRace,drop_insert_operators,full,operator_group_ablation,group:insert,input/synthetic/synthetic_130.txt,synthetic,12,irace_final,720.000000,600.000000,120.000000,226911,226911,226911,0.000000,0.000000,620.441756,output/operator_group_ablation/ILS_iRace/drop_insert_operators/seed_012/input/synthetic/synthetic_130.txt,,,da27c8e3402deb8a0832aaa211b98a39d670003f,true,3.11.2,Linux-6.1.0-44-cloud-amd64-x86_64-with-glibc2.36,
ok,ILS_iRace,drop_order_operators,full,operator_group_ablation,group:order,input/synthetic/synthetic_130.txt,synthetic,12,irace_final,720.000000,600.000000,120.000000,226911,226911,226911,0.000000,0.000000,613.562880,output/operator_group_ablation/ILS_iRace/drop_order_operators/seed_012/input/synthetic/synthetic_130.txt,,,da27c8e3402deb8a0832aaa211b98a39d670003f,true,3.11.2,Linux-6.1.0-44-cloud-amd64-x86_64-with-glibc2.36,
ok,ILS_iRace,drop_strategic_operators,full,operator_group_ablation,group:strategic,input/synthetic/synthetic_130.txt,synthetic,12,irace_final,720.000000,600.000000,120.000000,226911,226911,226911,0.000000,0.000000,619.948065,output/operator_group_ablation/ILS_iRace/drop_strategic_operators/seed_012/input/synthetic/synthetic_130.txt,,,da27c8e3402deb8a0832aaa211b98a39d670003f,true,3.11.2,Linux-6.1.0-44-cloud-amd64-x86_64-with-glibc2.36,
ok,ILS_iRace,drop_insert_operators,full,operator_group_ablation,group:insert,input/synthetic/synthetic_130.txt,synthetic,23,irace_final,720.000000,600.000000,120.000000,226911,226911,226911,0.000000,0.000000,613.957426,output/operator_group_ablation/ILS_iRace/drop_insert_operators/seed_023/input/synthetic/synthetic_130.txt,,,da27c8e3402deb8a0832aaa211b98a39d670003f,true,3.11.2,Linux-6.1.0-44-cloud-amd64-x86_64-with-glibc2.36,
ok,ILS_iRace,drop_order_operators,full,operator_group_ablation,group:order,input/synthetic/synthetic_130.txt,synthetic,23,irace_final,720.000000,600.000000,120.000000,226911,226911,226911,0.000000,0.000000,620.005730,output/operator_group_ablation/ILS_iRace/drop_order_operators/seed_023/input/synthetic/synthetic_130.txt,,,da27c8e3402deb8a0832aaa211b98a39d670003f,true,3.11.2,Linux-6.1.0-44-cloud-amd64-x86_64-with-glibc2.36,
ok,ILS_iRace,drop_strategic_operators,full,operator_group_ablation,group:strategic,input/synthetic/synthetic_130.txt,synthetic,23,irace_final,720.000000,600.000000,120.000000,226911,226911,226911,0.000000,0.000000,619.730007,output/operator_group_ablation/ILS_iRace/drop_strategic_operators/seed_023/input/synthetic/synthetic_130.txt,,,da27c8e3402deb8a0832aaa211b98a39d670003f,true,3.11.2,Linux-6.1.0-44-cloud-amd64-x86_64-with-glibc2.36,
ok,ILS_iRace,drop_insert_operators,full,operator_group_ablation,group:insert,input/synthetic/synthetic_130.txt,synthetic,34,irace_final,720.000000,600.000000,120.000000,226911,226911,226911,0.000000,0.000000,619.547319,output/operator_group_ablation/ILS_iRace/drop_insert_operators/seed_034/input/synthetic/synthetic_130.txt,,,da27c8e3402deb8a0832aaa211b98a39d670003f,true,3.11.2,Linux-6.1.0-44-cloud-amd64-x86_64-with-glibc2.36,
ok,ILS_iRace,drop_order_operators,full,operator_group_ablation,group:order,input/synthetic/synthetic_130.txt,synthetic,34,irace_final,720.000000,600.000000,120.000000,226911,226911,226911,0.000000,0.000000,613.897879,output/operator_group_ablation/ILS_iRace/drop_order_operators/seed_034/input/synthetic/synthetic_130.txt,,,da27c8e3402deb8a0832aaa211b98a39d670003f,true,3.11.2,Linux-6.1.0-44-cloud-amd64-x86_64-with-glibc2.36,
ok,ILS_iRace,drop_strategic_operators,full,operator_group_ablation,group:strategic,input/synthetic/synthetic_130.txt,synthetic,34,irace_final,720.000000,600.000000,120.000000,226911,226911,226911,0.000000,0.000000,618.297853,output/operator_group_ablation/ILS_iRace/drop_strategic_operators/seed_034/input/synthetic/synthetic_130.txt,,,da27c8e3402deb8a0832aaa211b98a39d670003f,true,3.11.2,Linux-6.1.0-44-cloud-amd64-x86_64-with-glibc2.36,
ok,ILS_iRace,drop_insert_operators,full,operator_group_ablation,group:insert,input/synthetic/synthetic_130.txt,synthetic,45,irace_final,720.000000,600.000000,120.000000,226911,226911,226911,0.000000,0.000000,613.356364,output/operator_group_ablation/ILS_iRace/drop_insert_operators/seed_045/input/synthetic/synthetic_130.txt,,,da27c8e3402deb8a0832aaa211b98a39d670003f,true,3.11.2,Linux-6.1.0-44-cloud-amd64-x86_64-with-glibc2.36,
ok,ILS_iRace,drop_order_operators,full,operator_group_ablation,group:order,input/synthetic/synthetic_130.txt,synthetic,45,irace_final,720.000000,600.000000,120.000000,226911,226911,226911,0.000000,0.000000,619.485844,output/operator_group_ablation/ILS_iRace/drop_order_operators/seed_045/input/synthetic/synthetic_130.txt,,,da27c8e3402deb8a0832aaa211b98a39d670003f,true,3.11.2,Linux-6.1.0-44-cloud-amd64-x86_64-with-glibc2.36,
ok,ILS_iRace,drop_strategic_operators,full,operator_group_ablation,group:strategic,input/synthetic/synthetic_130.txt,synthetic,45,irace_final,720.000000,600.000000,120.000000,226911,226911,226911,0.000000,0.000000,619.914217,output/operator_group_ablation/ILS_iRace/drop_strategic_operators/seed_045/input/synthetic/synthetic_130.txt,,,da27c8e3402deb8a0832aaa211b98a39d670003f,true,3.11.2,Linux-6.1.0-44-cloud-amd64-x86_64-with-glibc2.36,
ok,ILS_iRace,drop_insert_operators,full,operator_group_ablation,group:insert,input/synthetic/synthetic_130.txt,synthetic,56,irace_final,720.000000,600.000000,120.000000,226911,226911,226911,0.000000,0.000000,619.596106,output/operator_group_ablation/ILS_iRace/drop_insert_operators/seed_056/input/synthetic/synthetic_130.txt,,,da27c8e3402deb8a0832aaa211b98a39d670003f,true,3.11.2,Linux-6.1.0-44-cloud-amd64-x86_64-with-glibc2.36,
ok,ILS_iRace,drop_order_operators,full,operator_group_ablation,group:order,input/synthetic/synthetic_130.txt,synthetic,56,irace_final,720.000000,600.000000,120.000000,226911,226911,226911,0.000000,0.000000,613.959118,output/operator_group_ablation/ILS_iRace/drop_order_operators/seed_056/input/synthetic/synthetic_130.txt,,,da27c8e3402deb8a0832aaa211b98a39d670003f,true,3.11.2,Linux-6.1.0-44-cloud-amd64-x86_64-with-glibc2.36,
ok,ILS_iRace,drop_strategic_operators,full,operator_group_ablation,group:strategic,input/synthetic/synthetic_130.txt,synthetic,56,irace_final,720.000000,600.000000,120.000000,226911,226911,226911,0.000000,0.000000,620.448811,output/operator_group_ablation/ILS_iRace/drop_strategic_operators/seed_056/input/synthetic/synthetic_130.txt,,,da27c8e3402deb8a0832aaa211b98a39d670003f,true,3.11.2,Linux-6.1.0-44-cloud-amd64-x86_64-with-glibc2.36,
ok,ILS_iRace,drop_insert_operators,full,operator_group_ablation,group:insert,input/synthetic/synthetic_130.txt,synthetic,67,irace_final,720.000000,600.000000,120.000000,226911,226911,226911,0.000000,0.000000,613.554955,output/operator_group_ablation/ILS_iRace/drop_insert_operators/seed_067/input/synthetic/synthetic_130.txt,,,da27c8e3402deb8a0832aaa211b98a39d670003f,true,3.11.2,Linux-6.1.0-44-cloud-amd64-x86_64-with-glibc2.36,
ok,ILS_iRace,drop_order_operators,full,operator_group_ablation,group:order,input/synthetic/synthetic_130.txt,synthetic,67,irace_final,720.000000,600.000000,120.000000,226911,226911,226911,0.000000,0.000000,613.561993,output/operator_group_ablation/ILS_iRace/drop_order_operators/seed_067/input/synthetic/synthetic_130.txt,,,da27c8e3402deb8a0832aaa211b98a39d670003f,true,3.11.2,Linux-6.1.0-44-cloud-amd64-x86_64-with-glibc2.36,
ok,ILS_iRace,drop_strategic_operators,full,operator_group_ablation,group:strategic,input/synthetic/synthetic_130.txt,synthetic,67,irace_final,720.000000,600.000000,120.000000,226911,226911,226911,0.000000,0.000000,619.646123,output/operator_group_ablation/ILS_iRace/drop_strategic_operators/seed_067/input/synthetic/synthetic_130.txt,,,da27c8e3402deb8a0832aaa211b98a39d670003f,true,3.11.2,Linux-6.1.0-44-cloud-amd64-x86_64-with-glibc2.36,
ok,ILS_iRace,drop_insert_operators,full,operator_group_ablation,group:insert,input/synthetic/synthetic_130.txt,synthetic,78,irace_final,720.000000,600.000000,120.000000,226911,226911,226911,0.000000,0.000000,619.558489,output/operator_group_ablation/ILS_iRace/drop_insert_operators/seed_078/input/synthetic/synthetic_130.txt,,,da27c8e3402deb8a0832aaa211b98a39d670003f,true,3.11.2,Linux-6.1.0-44-cloud-amd64-x86_64-with-glibc2.36,
ok,ILS_iRace,drop_order_operators,full,operator_group_ablation,group:order,input/synthetic/synthetic_130.txt,synthetic,78,irace_final,720.000000,600.000000,120.000000,226911,226911,226911,0.000000,0.000000,619.797779,output/operator_group_ablation/ILS_iRace/drop_order_operators/seed_078/input/synthetic/synthetic_130.txt,,,da27c8e3402deb8a0832aaa211b98a39d670003f,true,3.11.2,Linux-6.1.0-44-cloud-amd64-x86_64-with-glibc2.36,
ok,ILS_iRace,drop_strategic_operators,full,operator_group_ablation,group:strategic,input/synthetic/synthetic_130.txt,synthetic,78,irace_final,720.000000,600.000000,120.000000,226911,226911,226911,0.000000,0.000000,619.836608,output/operator_group_ablation/ILS_iRace/drop_strategic_operators/seed_078/input/synthetic/synthetic_130.txt,,,da27c8e3402deb8a0832aaa211b98a39d670003f,true,3.11.2,Linux-6.1.0-44-cloud-amd64-x86_64-with-glibc2.36,
ok,ILS_iRace,drop_insert_operators,full,operator_group_ablation,group:insert,input/synthetic/synthetic_130.txt,synthetic,89,irace_final,720.000000,600.000000,120.000000,226911,226911,226911,0.000000,0.000000,613.625705,output/operator_group_ablation/ILS_iRace/drop_insert_operators/seed_089/input/synthetic/synthetic_130.txt,,,da27c8e3402deb8a0832aaa211b98a39d670003f,true,3.11.2,Linux-6.1.0-44-cloud-amd64-x86_64-with-glibc2.36,
ok,ILS_iRace,drop_order_operators,full,operator_group_ablation,group:order,input/synthetic/synthetic_130.txt,synthetic,89,irace_final,720.000000,600.000000,120.000000,226911,226911,226911,0.000000,0.000000,613.599204,output/operator_group_ablation/ILS_iRace/drop_order_operators/seed_089/input/synthetic/synthetic_130.txt,,,da27c8e3402deb8a0832aaa211b98a39d670003f,true,3.11.2,Linux-6.1.0-44-cloud-amd64-x86_64-with-glibc2.36,
ok,ILS_iRace,drop_strategic_operators,full,operator_group_ablation,group:strategic,input/synthetic/synthetic_130.txt,synthetic,89,irace_final,720.000000,600.000000,120.000000,226911,226911,226911,0.000000,0.000000,619.845347,output/operator_group_ablation/ILS_iRace/drop_strategic_operators/seed_089/input/synthetic/synthetic_130.txt,,,da27c8e3402deb8a0832aaa211b98a39d670003f,true,3.11.2,Linux-6.1.0-44-cloud-amd64-x86_64-with-glibc2.36,
ok,ILS_iRace,drop_insert_operators,full,operator_group_ablation,group:insert,input/synthetic/synthetic_130.txt,synthetic,100,irace_final,720.000000,600.000000,120.000000,226911,226911,226911,0.000000,0.000000,619.651488,output/operator_group_ablation/ILS_iRace/drop_insert_operators/seed_100/input/synthetic/synthetic_130.txt,,,da27c8e3402deb8a0832aaa211b98a39d670003f,true,3.11.2,Linux-6.1.0-44-cloud-amd64-x86_64-with-glibc2.36,
ok,ILS_iRace,drop_order_operators,full,operator_group_ablation,group:order,input/synthetic/synthetic_130.txt,synthetic,100,irace_final,720.000000,600.000000,120.000000,226911,226911,226911,0.000000,0.000000,619.367061,output/operator_group_ablation/ILS_iRace/drop_order_operators/seed_100/input/synthetic/synthetic_130.txt,,,da27c8e3402deb8a0832aaa211b98a39d670003f,true,3.11.2,Linux-6.1.0-44-cloud-amd64-x86_64-with-glibc2.36,
ok,ILS_iRace,drop_strategic_operators,full,operator_group_ablation,group:strategic,input/synthetic/synthetic_130.txt,synthetic,100,irace_final,720.000000,600.000000,120.000000,226911,226911,226911,0.000000,0.000000,619.620219,output/operator_group_ablation/ILS_iRace/drop_strategic_operators/seed_100/input/synthetic/synthetic_130.txt,,,da27c8e3402deb8a0832aaa211b98a39d670003f,true,3.11.2,Linux-6.1.0-44-cloud-amd64-x86_64-with-glibc2.36,
ok,ILS_iRace,drop_insert_operators,full,operator_group_ablation,group:insert,input/synthetic/synthetic_135.txt,synthetic,1,irace_final,720.000000,600.000000,120.000000,217206,217206,217206,0.000000,0.000000,613.616169,output/operator_group_ablation/ILS_iRace/drop_insert_operators/seed_001/input/synthetic/synthetic_135.txt,,,da27c8e3402deb8a0832aaa211b98a39d670003f,true,3.11.2,Linux-6.1.0-44-cloud-amd64-x86_64-with-glibc2.36,
ok,ILS_iRace,drop_order_operators,full,operator_group_ablation,group:order,input/synthetic/synthetic_135.txt,synthetic,1,irace_final,720.000000,600.000000,120.000000,217206,217206,217206,0.000000,0.000000,613.285330,output/operator_group_ablation/ILS_iRace/drop_order_operators/seed_001/input/synthetic/synthetic_135.txt,,,da27c8e3402deb8a0832aaa211b98a39d670003f,true,3.11.2,Linux-6.1.0-44-cloud-amd64-x86_64-with-glibc2.36,
ok,ILS_iRace,drop_strategic_operators,full,operator_group_ablation,group:strategic,input/synthetic/synthetic_135.txt,synthetic,1,irace_final,720.000000,600.000000,120.000000,217206,217206,217206,0.000000,0.000000,619.274792,output/operator_group_ablation/ILS_iRace/drop_strategic_operators/seed_001/input/synthetic/synthetic_135.txt,,,da27c8e3402deb8a0832aaa211b98a39d670003f,true,3.11.2,Linux-6.1.0-44-cloud-amd64-x86_64-with-glibc2.36,
ok,ILS_iRace,drop_insert_operators,full,operator_group_ablation,group:insert,input/synthetic/synthetic_135.txt,synthetic,12,irace_final,720.000000,600.000000,120.000000,217206,217206,217206,0.000000,0.000000,619.092070,output/operator_group_ablation/ILS_iRace/drop_insert_operators/seed_012/input/synthetic/synthetic_135.txt,,,da27c8e3402deb8a0832aaa211b98a39d670003f,true,3.11.2,Linux-6.1.0-44-cloud-amd64-x86_64-with-glibc2.36,
ok,ILS_iRace,drop_order_operators,full,operator_group_ablation,group:order,input/synthetic/synthetic_135.txt,synthetic,12,irace_final,720.000000,600.000000,120.000000,217206,217206,217206,0.000000,0.000000,619.205428,output/operator_group_ablation/ILS_iRace/drop_order_operators/seed_012/input/synthetic/synthetic_135.txt,,,da27c8e3402deb8a0832aaa211b98a39d670003f,true,3.11.2,Linux-6.1.0-44-cloud-amd64-x86_64-with-glibc2.36,
ok,ILS_iRace,drop_strategic_operators,full,operator_group_ablation,group:strategic,input/synthetic/synthetic_135.txt,synthetic,12,irace_final,720.000000,600.000000,120.000000,217206,217206,217206,0.000000,0.000000,619.167208,output/operator_group_ablation/ILS_iRace/drop_strategic_operators/seed_012/input/synthetic/synthetic_135.txt,,,da27c8e3402deb8a0832aaa211b98a39d670003f,true,3.11.2,Linux-6.1.0-44-cloud-amd64-x86_64-with-glibc2.36,
ok,ILS_iRace,drop_insert_operators,full,operator_group_ablation,group:insert,input/synthetic/synthetic_135.txt,synthetic,23,irace_final,720.000000,600.000000,120.000000,217206,217206,217206,0.000000,0.000000,613.287529,output/operator_group_ablation/ILS_iRace/drop_insert_operators/seed_023/input/synthetic/synthetic_135.txt,,,da27c8e3402deb8a0832aaa211b98a39d670003f,true,3.11.2,Linux-6.1.0-44-cloud-amd64-x86_64-with-glibc2.36,
ok,ILS_iRace,drop_order_operators,full,operator_group_ablation,group:order,input/synthetic/synthetic_135.txt,synthetic,23,irace_final,720.000000,600.000000,120.000000,217206,217206,217206,0.000000,0.000000,613.416217,output/operator_group_ablation/ILS_iRace/drop_order_operators/seed_023/input/synthetic/synthetic_135.txt,,,da27c8e3402deb8a0832aaa211b98a39d670003f,true,3.11.2,Linux-6.1.0-44-cloud-amd64-x86_64-with-glibc2.36,
ok,ILS_iRace,drop_strategic_operators,full,operator_group_ablation,group:strategic,input/synthetic/synthetic_135.txt,synthetic,23,irace_final,720.000000,600.000000,120.000000,217206,217206,217206,0.000000,0.000000,619.116248,output/operator_group_ablation/ILS_iRace/drop_strategic_operators/seed_023/input/synthetic/synthetic_135.txt,,,da27c8e3402deb8a0832aaa211b98a39d670003f,true,3.11.2,Linux-6.1.0-44-cloud-amd64-x86_64-with-glibc2.36,
ok,ILS_iRace,drop_insert_operators,full,operator_group_ablation,group:insert,input/synthetic/synthetic_135.txt,synthetic,34,irace_final,720.000000,600.000000,120.000000,217206,217206,217206,0.000000,0.000000,619.015301,output/operator_group_ablation/ILS_iRace/drop_insert_operators/seed_034/input/synthetic/synthetic_135.txt,,,da27c8e3402deb8a0832aaa211b98a39d670003f,true,3.11.2,Linux-6.1.0-44-cloud-amd64-x86_64-with-glibc2.36,
ok,ILS_iRace,drop_order_operators,full,operator_group_ablation,group:order,input/synthetic/synthetic_135.txt,synthetic,34,irace_final,720.000000,600.000000,120.000000,217206,217206,217206,0.000000,0.000000,619.116909,output/operator_group_ablation/ILS_iRace/drop_order_operators/seed_034/input/synthetic/synthetic_135.txt,,,da27c8e3402deb8a0832aaa211b98a39d670003f,true,3.11.2,Linux-6.1.0-44-cloud-amd64-x86_64-with-glibc2.36,
ok,ILS_iRace,drop_strategic_operators,full,operator_group_ablation,group:strategic,input/synthetic/synthetic_135.txt,synthetic,34,irace_final,720.000000,600.000000,120.000000,217206,217206,217206,0.000000,0.000000,619.273293,output/operator_group_ablation/ILS_iRace/drop_strategic_operators/seed_034/input/synthetic/synthetic_135.txt,,,da27c8e3402deb8a0832aaa211b98a39d670003f,true,3.11.2,Linux-6.1.0-44-cloud-amd64-x86_64-with-glibc2.36,
ok,ILS_iRace,drop_insert_operators,full,operator_group_ablation,group:insert,input/synthetic/synthetic_135.txt,synthetic,45,irace_final,720.000000,600.000000,120.000000,217206,217206,217206,0.000000,0.000000,613.315555,output/operator_group_ablation/ILS_iRace/drop_insert_operators/seed_045/input/synthetic/synthetic_135.txt,,,da27c8e3402deb8a0832aaa211b98a39d670003f,true,3.11.2,Linux-6.1.0-44-cloud-amd64-x86_64-with-glibc2.36,
ok,ILS_iRace,drop_order_operators,full,operator_group_ablation,group:order,input/synthetic/synthetic_135.txt,synthetic,45,irace_final,720.000000,600.000000,120.000000,217206,217206,217206,0.000000,0.000000,613.583300,output/operator_group_ablation/ILS_iRace/drop_order_operators/seed_045/input/synthetic/synthetic_135.txt,,,da27c8e3402deb8a0832aaa211b98a39d670003f,true,3.11.2,Linux-6.1.0-44-cloud-amd64-x86_64-with-glibc2.36,
ok,ILS_iRace,drop_strategic_operators,full,operator_group_ablation,group:strategic,input/synthetic/synthetic_135.txt,synthetic,45,irace_final,720.000000,600.000000,120.000000,217206,217206,217206,0.000000,0.000000,619.163804,output/operator_group_ablation/ILS_iRace/drop_strategic_operators/seed_045/input/synthetic/synthetic_135.txt,,,da27c8e3402deb8a0832aaa211b98a39d670003f,true,3.11.2,Linux-6.1.0-44-cloud-amd64-x86_64-with-glibc2.36,
ok,ILS_iRace,drop_insert_operators,full,operator_group_ablation,group:insert,input/synthetic/synthetic_135.txt,synthetic,56,irace_final,720.000000,600.000000,120.000000,217206,217206,217206,0.000000,0.000000,619.011481,output/operator_group_ablation/ILS_iRace/drop_insert_operators/seed_056/input/synthetic/synthetic_135.txt,,,da27c8e3402deb8a0832aaa211b98a39d670003f,true,3.11.2,Linux-6.1.0-44-cloud-amd64-x86_64-with-glibc2.36,
ok,ILS_iRace,drop_order_operators,full,operator_group_ablation,group:order,input/synthetic/synthetic_135.txt,synthetic,56,irace_final,720.000000,600.000000,120.000000,217206,217206,217206,0.000000,0.000000,618.876292,output/operator_group_ablation/ILS_iRace/drop_order_operators/seed_056/input/synthetic/synthetic_135.txt,,,da27c8e3402deb8a0832aaa211b98a39d670003f,true,3.11.2,Linux-6.1.0-44-cloud-amd64-x86_64-with-glibc2.36,
ok,ILS_iRace,drop_strategic_operators,full,operator_group_ablation,group:strategic,input/synthetic/synthetic_135.txt,synthetic,56,irace_final,720.000000,600.000000,120.000000,217206,217206,217206,0.000000,0.000000,619.701102,output/operator_group_ablation/ILS_iRace/drop_strategic_operators/seed_056/input/synthetic/synthetic_135.txt,,,da27c8e3402deb8a0832aaa211b98a39d670003f,true,3.11.2,Linux-6.1.0-44-cloud-amd64-x86_64-with-glibc2.36,
ok,ILS_iRace,drop_insert_operators,full,operator_group_ablation,group:insert,input/synthetic/synthetic_135.txt,synthetic,67,irace_final,720.000000,600.000000,120.000000,217206,217206,217206,0.000000,0.000000,613.548302,output/operator_group_ablation/ILS_iRace/drop_insert_operators/seed_067/input/synthetic/synthetic_135.txt,,,da27c8e3402deb8a0832aaa211b98a39d670003f,true,3.11.2,Linux-6.1.0-44-cloud-amd64-x86_64-with-glibc2.36,
ok,ILS_iRace,drop_order_operators,full,operator_group_ablation,group:order,input/synthetic/synthetic_135.txt,synthetic,67,irace_final,720.000000,600.000000,120.000000,217206,217206,217206,0.000000,0.000000,613.693882,output/operator_group_ablation/ILS_iRace/drop_order_operators/seed_067/input/synthetic/synthetic_135.txt,,,da27c8e3402deb8a0832aaa211b98a39d670003f,true,3.11.2,Linux-6.1.0-44-cloud-amd64-x86_64-with-glibc2.36,
ok,ILS_iRace,drop_strategic_operators,full,operator_group_ablation,group:strategic,input/synthetic/synthetic_135.txt,synthetic,67,irace_final,720.000000,600.000000,120.000000,217206,217206,217206,0.000000,0.000000,619.174274,output/operator_group_ablation/ILS_iRace/drop_strategic_operators/seed_067/input/synthetic/synthetic_135.txt,,,da27c8e3402deb8a0832aaa211b98a39d670003f,true,3.11.2,Linux-6.1.0-44-cloud-amd64-x86_64-with-glibc2.36,
ok,ILS_iRace,drop_insert_operators,full,operator_group_ablation,group:insert,input/synthetic/synthetic_135.txt,synthetic,78,irace_final,720.000000,600.000000,120.000000,217206,217206,217206,0.000000,0.000000,619.029800,output/operator_group_ablation/ILS_iRace/drop_insert_operators/seed_078/input/synthetic/synthetic_135.txt,,,da27c8e3402deb8a0832aaa211b98a39d670003f,true,3.11.2,Linux-6.1.0-44-cloud-amd64-x86_64-with-glibc2.36,
ok,ILS_iRace,drop_order_operators,full,operator_group_ablation,group:order,input/synthetic/synthetic_135.txt,synthetic,78,irace_final,720.000000,600.000000,120.000000,217206,217206,217206,0.000000,0.000000,618.578180,output/operator_group_ablation/ILS_iRace/drop_order_operators/seed_078/input/synthetic/synthetic_135.txt,,,da27c8e3402deb8a0832aaa211b98a39d670003f,true,3.11.2,Linux-6.1.0-44-cloud-amd64-x86_64-with-glibc2.36,
ok,ILS_iRace,drop_strategic_operators,full,operator_group_ablation,group:strategic,input/synthetic/synthetic_135.txt,synthetic,78,irace_final,720.000000,600.000000,120.000000,217206,217206,217206,0.000000,0.000000,619.301800,output/operator_group_ablation/ILS_iRace/drop_strategic_operators/seed_078/input/synthetic/synthetic_135.txt,,,da27c8e3402deb8a0832aaa211b98a39d670003f,true,3.11.2,Linux-6.1.0-44-cloud-amd64-x86_64-with-glibc2.36,
ok,ILS_iRace,drop_insert_operators,full,operator_group_ablation,group:insert,input/synthetic/synthetic_135.txt,synthetic,89,irace_final,720.000000,600.000000,120.000000,217206,217206,217206,0.000000,0.000000,613.387755,output/operator_group_ablation/ILS_iRace/drop_insert_operators/seed_089/input/synthetic/synthetic_135.txt,,,da27c8e3402deb8a0832aaa211b98a39d670003f,true,3.11.2,Linux-6.1.0-44-cloud-amd64-x86_64-with-glibc2.36,
ok,ILS_iRace,drop_order_operators,full,operator_group_ablation,group:order,input/synthetic/synthetic_135.txt,synthetic,89,irace_final,720.000000,600.000000,120.000000,217206,217206,217206,0.000000,0.000000,619.211457,output/operator_group_ablation/ILS_iRace/drop_order_operators/seed_089/input/synthetic/synthetic_135.txt,,,da27c8e3402deb8a0832aaa211b98a39d670003f,true,3.11.2,Linux-6.1.0-44-cloud-amd64-x86_64-with-glibc2.36,
ok,ILS_iRace,drop_strategic_operators,full,operator_group_ablation,group:strategic,input/synthetic/synthetic_135.txt,synthetic,89,irace_final,720.000000,600.000000,120.000000,217206,217206,217206,0.000000,0.000000,619.367450,output/operator_group_ablation/ILS_iRace/drop_strategic_operators/seed_089/input/synthetic/synthetic_135.txt,,,da27c8e3402deb8a0832aaa211b98a39d670003f,true,3.11.2,Linux-6.1.0-44-cloud-amd64-x86_64-with-glibc2.36,
ok,ILS_iRace,drop_insert_operators,full,operator_group_ablation,group:insert,input/synthetic/synthetic_135.txt,synthetic,100,irace_final,720.000000,600.000000,120.000000,217206,217206,217206,0.000000,0.000000,618.904100,output/operator_group_ablation/ILS_iRace/drop_insert_operators/seed_100/input/synthetic/synthetic_135.txt,,,da27c8e3402deb8a0832aaa211b98a39d670003f,true,3.11.2,Linux-6.1.0-44-cloud-amd64-x86_64-with-glibc2.36,
ok,ILS_iRace,drop_order_operators,full,operator_group_ablation,group:order,input/synthetic/synthetic_135.txt,synthetic,100,irace_final,720.000000,600.000000,120.000000,217206,217206,217206,0.000000,0.000000,613.401414,output/operator_group_ablation/ILS_iRace/drop_order_operators/seed_100/input/synthetic/synthetic_135.txt,,,da27c8e3402deb8a0832aaa211b98a39d670003f,true,3.11.2,Linux-6.1.0-44-cloud-amd64-x86_64-with-glibc2.36,
ok,ILS_iRace,drop_strategic_operators,full,operator_group_ablation,group:strategic,input/synthetic/synthetic_135.txt,synthetic,100,irace_final,720.000000,600.000000,120.000000,217206,217206,217206,0.000000,0.000000,619.099612,output/operator_group_ablation/ILS_iRace/drop_strategic_operators/seed_100/input/synthetic/synthetic_135.txt,,,da27c8e3402deb8a0832aaa211b98a39d670003f,true,3.11.2,Linux-6.1.0-44-cloud-amd64-x86_64-with-glibc2.36,
ok,ILS_iRace,drop_insert_operators,full,operator_group_ablation,group:insert,input/seed_based/b_075x_012t.txt,seed_based,1,irace_final,720.000000,600.000000,120.000000,185325,185334,3374450,94.507727,0.004856,605.366490,output/operator_group_ablation/ILS_iRace/drop_insert_operators/seed_001/input/seed_based/b_075x_012t.txt,,,da27c8e3402deb8a0832aaa211b98a39d670003f,true,3.11.2,Linux-6.1.0-44-cloud-amd64-x86_64-with-glibc2.36,
ok,ILS_iRace,drop_order_operators,full,operator_group_ablation,group:order,input/seed_based/b_075x_012t.txt,seed_based,1,irace_final,720.000000,600.000000,120.000000,185325,185334,3374450,94.507727,0.004856,605.544095,output/operator_group_ablation/ILS_iRace/drop_order_operators/seed_001/input/seed_based/b_075x_012t.txt,,,da27c8e3402deb8a0832aaa211b98a39d670003f,true,3.11.2,Linux-6.1.0-44-cloud-amd64-x86_64-with-glibc2.36,
ok,ILS_iRace,drop_strategic_operators,full,operator_group_ablation,group:strategic,input/seed_based/b_075x_012t.txt,seed_based,1,irace_final,720.000000,600.000000,120.000000,185325,185334,3374450,94.507727,0.004856,605.556824,output/operator_group_ablation/ILS_iRace/drop_strategic_operators/seed_001/input/seed_based/b_075x_012t.txt,,,da27c8e3402deb8a0832aaa211b98a39d670003f,true,3.11.2,Linux-6.1.0-44-cloud-amd64-x86_64-with-glibc2.36,
ok,ILS_iRace,drop_insert_operators,full,operator_group_ablation,group:insert,input/seed_based/b_075x_012t.txt,seed_based,12,irace_final,720.000000,600.000000,120.000000,185325,185334,3374450,94.507727,0.004856,605.616198,output/operator_group_ablation/ILS_iRace/drop_insert_operators/seed_012/input/seed_based/b_075x_012t.txt,,,da27c8e3402deb8a0832aaa211b98a39d670003f,true,3.11.2,Linux-6.1.0-44-cloud-amd64-x86_64-with-glibc2.36,
ok,ILS_iRace,drop_order_operators,full,operator_group_ablation,group:order,input/seed_based/b_075x_012t.txt,seed_based,12,irace_final,720.000000,600.000000,120.000000,185325,185334,3374450,94.507727,0.004856,605.358788,output/operator_group_ablation/ILS_iRace/drop_order_operators/seed_012/input/seed_based/b_075x_012t.txt,,,da27c8e3402deb8a0832aaa211b98a39d670003f,true,3.11.2,Linux-6.1.0-44-cloud-amd64-x86_64-with-glibc2.36,
ok,ILS_iRace,drop_strategic_operators,full,operator_group_ablation,group:strategic,input/seed_based/b_075x_012t.txt,seed_based,12,irace_final,720.000000,600.000000,120.000000,185325,185334,3374450,94.507727,0.004856,605.635122,output/operator_group_ablation/ILS_iRace/drop_strategic_operators/seed_012/input/seed_based/b_075x_012t.txt,,,da27c8e3402deb8a0832aaa211b98a39d670003f,true,3.11.2,Linux-6.1.0-44-cloud-amd64-x86_64-with-glibc2.36,
ok,ILS_iRace,drop_insert_operators,full,operator_group_ablation,group:insert,input/seed_based/b_075x_012t.txt,seed_based,23,irace_final,720.000000,600.000000,120.000000,185325,185334,3374450,94.507727,0.004856,605.364539,output/operator_group_ablation/ILS_iRace/drop_insert_operators/seed_023/input/seed_based/b_075x_012t.txt,,,da27c8e3402deb8a0832aaa211b98a39d670003f,true,3.11.2,Linux-6.1.0-44-cloud-amd64-x86_64-with-glibc2.36,
ok,ILS_iRace,drop_order_operators,full,operator_group_ablation,group:order,input/seed_based/b_075x_012t.txt,seed_based,23,irace_final,720.000000,600.000000,120.000000,185325,185334,3374450,94.507727,0.004856,605.651919,output/operator_group_ablation/ILS_iRace/drop_order_operators/seed_023/input/seed_based/b_075x_012t.txt,,,da27c8e3402deb8a0832aaa211b98a39d670003f,true,3.11.2,Linux-6.1.0-44-cloud-amd64-x86_64-with-glibc2.36,
ok,ILS_iRace,drop_strategic_operators,full,operator_group_ablation,group:strategic,input/seed_based/b_075x_012t.txt,seed_based,23,irace_final,720.000000,600.000000,120.000000,185325,185334,3374450,94.507727,0.004856,605.628089,output/operator_group_ablation/ILS_iRace/drop_strategic_operators/seed_023/input/seed_based/b_075x_012t.txt,,,da27c8e3402deb8a0832aaa211b98a39d670003f,true,3.11.2,Linux-6.1.0-44-cloud-amd64-x86_64-with-glibc2.36,
ok,ILS_iRace,drop_insert_operators,full,operator_group_ablation,group:insert,input/seed_based/b_075x_012t.txt,seed_based,34,irace_final,720.000000,600.000000,120.000000,185325,185334,3374450,94.507727,0.004856,605.597295,output/operator_group_ablation/ILS_iRace/drop_insert_operators/seed_034/input/seed_based/b_075x_012t.txt,,,da27c8e3402deb8a0832aaa211b98a39d670003f,true,3.11.2,Linux-6.1.0-44-cloud-amd64-x86_64-with-glibc2.36,
ok,ILS_iRace,drop_order_operators,full,operator_group_ablation,group:order,input/seed_based/b_075x_012t.txt,seed_based,34,irace_final,720.000000,600.000000,120.000000,185325,185334,3374450,94.507727,0.004856,605.444303,output/operator_group_ablation/ILS_iRace/drop_order_operators/seed_034/input/seed_based/b_075x_012t.txt,,,da27c8e3402deb8a0832aaa211b98a39d670003f,true,3.11.2,Linux-6.1.0-44-cloud-amd64-x86_64-with-glibc2.36,
ok,ILS_iRace,drop_strategic_operators,full,operator_group_ablation,group:strategic,input/seed_based/b_075x_012t.txt,seed_based,34,irace_final,720.000000,600.000000,120.000000,185325,185334,3374450,94.507727,0.004856,605.621971,output/operator_group_ablation/ILS_iRace/drop_strategic_operators/seed_034/input/seed_based/b_075x_012t.txt,,,da27c8e3402deb8a0832aaa211b98a39d670003f,true,3.11.2,Linux-6.1.0-44-cloud-amd64-x86_64-with-glibc2.36,
ok,ILS_iRace,drop_insert_operators,full,operator_group_ablation,group:insert,input/seed_based/b_075x_012t.txt,seed_based,45,irace_final,720.000000,600.000000,120.000000,185325,185334,3374450,94.507727,0.004856,605.398380,output/operator_group_ablation/ILS_iRace/drop_insert_operators/seed_045/input/seed_based/b_075x_012t.txt,,,da27c8e3402deb8a0832aaa211b98a39d670003f,true,3.11.2,Linux-6.1.0-44-cloud-amd64-x86_64-with-glibc2.36,
ok,ILS_iRace,drop_order_operators,full,operator_group_ablation,group:order,input/seed_based/b_075x_012t.txt,seed_based,45,irace_final,720.000000,600.000000,120.000000,185325,185334,3374450,94.507727,0.004856,605.687217,output/operator_group_ablation/ILS_iRace/drop_order_operators/seed_045/input/seed_based/b_075x_012t.txt,,,da27c8e3402deb8a0832aaa211b98a39d670003f,true,3.11.2,Linux-6.1.0-44-cloud-amd64-x86_64-with-glibc2.36,
ok,ILS_iRace,drop_strategic_operators,full,operator_group_ablation,group:strategic,input/seed_based/b_075x_012t.txt,seed_based,45,irace_final,720.000000,600.000000,120.000000,185325,185334,3374450,94.507727,0.004856,605.710276,output/operator_group_ablation/ILS_iRace/drop_strategic_operators/seed_045/input/seed_based/b_075x_012t.txt,,,da27c8e3402deb8a0832aaa211b98a39d670003f,true,3.11.2,Linux-6.1.0-44-cloud-amd64-x86_64-with-glibc2.36,
ok,ILS_iRace,drop_insert_operators,full,operator_group_ablation,group:insert,input/seed_based/b_075x_012t.txt,seed_based,56,irace_final,720.000000,600.000000,120.000000,185325,185334,3374450,94.507727,0.004856,605.402476,output/operator_group_ablation/ILS_iRace/drop_insert_operators/seed_056/input/seed_based/b_075x_012t.txt,,,da27c8e3402deb8a0832aaa211b98a39d670003f,true,3.11.2,Linux-6.1.0-44-cloud-amd64-x86_64-with-glibc2.36,
ok,ILS_iRace,drop_order_operators,full,operator_group_ablation,group:order,input/seed_based/b_075x_012t.txt,seed_based,56,irace_final,720.000000,600.000000,120.000000,185325,185334,3374450,94.507727,0.004856,605.644365,output/operator_group_ablation/ILS_iRace/drop_order_operators/seed_056/input/seed_based/b_075x_012t.txt,,,da27c8e3402deb8a0832aaa211b98a39d670003f,true,3.11.2,Linux-6.1.0-44-cloud-amd64-x86_64-with-glibc2.36,
ok,ILS_iRace,drop_strategic_operators,full,operator_group_ablation,group:strategic,input/seed_based/b_075x_012t.txt,seed_based,56,irace_final,720.000000,600.000000,120.000000,185325,185334,3374450,94.507727,0.004856,605.715106,output/operator_group_ablation/ILS_iRace/drop_strategic_operators/seed_056/input/seed_based/b_075x_012t.txt,,,da27c8e3402deb8a0832aaa211b98a39d670003f,true,3.11.2,Linux-6.1.0-44-cloud-amd64-x86_64-with-glibc2.36,
ok,ILS_iRace,drop_insert_operators,full,operator_group_ablation,group:insert,input/seed_based/b_075x_012t.txt,seed_based,67,irace_final,720.000000,600.000000,120.000000,185325,185334,3374450,94.507727,0.004856,605.354878,output/operator_group_ablation/ILS_iRace/drop_insert_operators/seed_067/input/seed_based/b_075x_012t.txt,,,da27c8e3402deb8a0832aaa211b98a39d670003f,true,3.11.2,Linux-6.1.0-44-cloud-amd64-x86_64-with-glibc2.36,
ok,ILS_iRace,drop_order_operators,full,operator_group_ablation,group:order,input/seed_based/b_075x_012t.txt,seed_based,67,irace_final,720.000000,600.000000,120.000000,185325,185334,3374450,94.507727,0.004856,605.631216,output/operator_group_ablation/ILS_iRace/drop_order_operators/seed_067/input/seed_based/b_075x_012t.txt,,,da27c8e3402deb8a0832aaa211b98a39d670003f,true,3.11.2,Linux-6.1.0-44-cloud-amd64-x86_64-with-glibc2.36,
ok,ILS_iRace,drop_strategic_operators,full,operator_group_ablation,group:strategic,input/seed_based/b_075x_012t.txt,seed_based,67,irace_final,720.000000,600.000000,120.000000,185325,185334,3374450,94.507727,0.004856,605.610763,output/operator_group_ablation/ILS_iRace/drop_strategic_operators/seed_067/input/seed_based/b_075x_012t.txt,,,da27c8e3402deb8a0832aaa211b98a39d670003f,true,3.11.2,Linux-6.1.0-44-cloud-amd64-x86_64-with-glibc2.36,
ok,ILS_iRace,drop_insert_operators,full,operator_group_ablation,group:insert,input/seed_based/b_075x_012t.txt,seed_based,78,irace_final,720.000000,600.000000,120.000000,185325,185334,3374450,94.507727,0.004856,605.349271,output/operator_group_ablation/ILS_iRace/drop_insert_operators/seed_078/input/seed_based/b_075x_012t.txt,,,da27c8e3402deb8a0832aaa211b98a39d670003f,true,3.11.2,Linux-6.1.0-44-cloud-amd64-x86_64-with-glibc2.36,
ok,ILS_iRace,drop_order_operators,full,operator_group_ablation,group:order,input/seed_based/b_075x_012t.txt,seed_based,78,irace_final,720.000000,600.000000,120.000000,185325,185334,3374450,94.507727,0.004856,605.666110,output/operator_group_ablation/ILS_iRace/drop_order_operators/seed_078/input/seed_based/b_075x_012t.txt,,,da27c8e3402deb8a0832aaa211b98a39d670003f,true,3.11.2,Linux-6.1.0-44-cloud-amd64-x86_64-with-glibc2.36,
ok,ILS_iRace,drop_strategic_operators,full,operator_group_ablation,group:strategic,input/seed_based/b_075x_012t.txt,seed_based,78,irace_final,720.000000,600.000000,120.000000,185325,185334,3374450,94.507727,0.004856,605.649729,output/operator_group_ablation/ILS_iRace/drop_strategic_operators/seed_078/input/seed_based/b_075x_012t.txt,,,da27c8e3402deb8a0832aaa211b98a39d670003f,true,3.11.2,Linux-6.1.0-44-cloud-amd64-x86_64-with-glibc2.36,
ok,ILS_iRace,drop_insert_operators,full,operator_group_ablation,group:insert,input/seed_based/b_075x_012t.txt,seed_based,89,irace_final,720.000000,600.000000,120.000000,185325,185334,3374450,94.507727,0.004856,605.407485,output/operator_group_ablation/ILS_iRace/drop_insert_operators/seed_089/input/seed_based/b_075x_012t.txt,,,da27c8e3402deb8a0832aaa211b98a39d670003f,true,3.11.2,Linux-6.1.0-44-cloud-amd64-x86_64-with-glibc2.36,
ok,ILS_iRace,drop_order_operators,full,operator_group_ablation,group:order,input/seed_based/b_075x_012t.txt,seed_based,89,irace_final,720.000000,600.000000,120.000000,185325,185334,3374450,94.507727,0.004856,605.692631,output/operator_group_ablation/ILS_iRace/drop_order_operators/seed_089/input/seed_based/b_075x_012t.txt,,,da27c8e3402deb8a0832aaa211b98a39d670003f,true,3.11.2,Linux-6.1.0-44-cloud-amd64-x86_64-with-glibc2.36,
ok,ILS_iRace,drop_strategic_operators,full,operator_group_ablation,group:strategic,input/seed_based/b_075x_012t.txt,seed_based,89,irace_final,720.000000,600.000000,120.000000,185325,185334,3374450,94.507727,0.004856,605.685363,output/operator_group_ablation/ILS_iRace/drop_strategic_operators/seed_089/input/seed_based/b_075x_012t.txt,,,da27c8e3402deb8a0832aaa211b98a39d670003f,true,3.11.2,Linux-6.1.0-44-cloud-amd64-x86_64-with-glibc2.36,
ok,ILS_iRace,drop_insert_operators,full,operator_group_ablation,group:insert,input/seed_based/b_075x_012t.txt,seed_based,100,irace_final,720.000000,600.000000,120.000000,185325,185334,3374450,94.507727,0.004856,605.392737,output/operator_group_ablation/ILS_iRace/drop_insert_operators/seed_100/input/seed_based/b_075x_012t.txt,,,da27c8e3402deb8a0832aaa211b98a39d670003f,true,3.11.2,Linux-6.1.0-44-cloud-amd64-x86_64-with-glibc2.36,
ok,ILS_iRace,drop_order_operators,full,operator_group_ablation,group:order,input/seed_based/b_075x_012t.txt,seed_based,100,irace_final,720.000000,600.000000,120.000000,185325,185334,3374450,94.507727,0.004856,605.696487,output/operator_group_ablation/ILS_iRace/drop_order_operators/seed_100/input/seed_based/b_075x_012t.txt,,,da27c8e3402deb8a0832aaa211b98a39d670003f,true,3.11.2,Linux-6.1.0-44-cloud-amd64-x86_64-with-glibc2.36,
ok,ILS_iRace,drop_strategic_operators,full,operator_group_ablation,group:strategic,input/seed_based/b_075x_012t.txt,seed_based,100,irace_final,720.000000,600.000000,120.000000,185325,185334,3374450,94.507727,0.004856,605.663819,output/operator_group_ablation/ILS_iRace/drop_strategic_operators/seed_100/input/seed_based/b_075x_012t.txt,,,da27c8e3402deb8a0832aaa211b98a39d670003f,true,3.11.2,Linux-6.1.0-44-cloud-amd64-x86_64-with-glibc2.36,
ok,ILS_iRace,drop_insert_operators,full,operator_group_ablation,group:insert,input/seed_based/bc_060x_008t.txt,seed_based,1,irace_final,720.000000,600.000000,120.000000,923134,923224,3369254,72.598563,0.009749,605.796083,output/operator_group_ablation/ILS_iRace/drop_insert_operators/seed_001/input/seed_based/bc_060x_008t.txt,,,da27c8e3402deb8a0832aaa211b98a39d670003f,true,3.11.2,Linux-6.1.0-44-cloud-amd64-x86_64-with-glibc2.36,
ok,ILS_iRace,drop_order_operators,full,operator_group_ablation,group:order,input/seed_based/bc_060x_008t.txt,seed_based,1,irace_final,720.000000,600.000000,120.000000,923134,923236,3369254,72.598207,0.011049,606.220125,output/operator_group_ablation/ILS_iRace/drop_order_operators/seed_001/input/seed_based/bc_060x_008t.txt,,,da27c8e3402deb8a0832aaa211b98a39d670003f,true,3.11.2,Linux-6.1.0-44-cloud-amd64-x86_64-with-glibc2.36,
ok,ILS_iRace,drop_strategic_operators,full,operator_group_ablation,group:strategic,input/seed_based/bc_060x_008t.txt,seed_based,1,irace_final,720.000000,600.000000,120.000000,923134,923205,3369254,72.599127,0.007691,606.307414,output/operator_group_ablation/ILS_iRace/drop_strategic_operators/seed_001/input/seed_based/bc_060x_008t.txt,,,da27c8e3402deb8a0832aaa211b98a39d670003f,true,3.11.2,Linux-6.1.0-44-cloud-amd64-x86_64-with-glibc2.36,
ok,ILS_iRace,drop_insert_operators,full,operator_group_ablation,group:insert,input/seed_based/bc_060x_008t.txt,seed_based,12,irace_final,720.000000,600.000000,120.000000,923062,923225,3369254,72.598534,0.017659,605.780607,output/operator_group_ablation/ILS_iRace/drop_insert_operators/seed_012/input/seed_based/bc_060x_008t.txt,,,da27c8e3402deb8a0832aaa211b98a39d670003f,true,3.11.2,Linux-6.1.0-44-cloud-amd64-x86_64-with-glibc2.36,
ok,ILS_iRace,drop_order_operators,full,operator_group_ablation,group:order,input/seed_based/bc_060x_008t.txt,seed_based,12,irace_final,720.000000,600.000000,120.000000,923062,923219,3369254,72.598712,0.017009,606.210129,output/operator_group_ablation/ILS_iRace/drop_order_operators/seed_012/input/seed_based/bc_060x_008t.txt,,,da27c8e3402deb8a0832aaa211b98a39d670003f,true,3.11.2,Linux-6.1.0-44-cloud-amd64-x86_64-with-glibc2.36,
ok,ILS_iRace,drop_strategic_operators,full,operator_group_ablation,group:strategic,input/seed_based/bc_060x_008t.txt,seed_based,12,irace_final,720.000000,600.000000,120.000000,923062,923196,3369254,72.599394,0.014517,606.166049,output/operator_group_ablation/ILS_iRace/drop_strategic_operators/seed_012/input/seed_based/bc_060x_008t.txt,,,da27c8e3402deb8a0832aaa211b98a39d670003f,true,3.11.2,Linux-6.1.0-44-cloud-amd64-x86_64-with-glibc2.36,
ok,ILS_iRace,drop_insert_operators,full,operator_group_ablation,group:insert,input/seed_based/bc_060x_008t.txt,seed_based,23,irace_final,720.000000,600.000000,120.000000,923062,923144,3369254,72.600938,0.008883,605.730917,output/operator_group_ablation/ILS_iRace/drop_insert_operators/seed_023/input/seed_based/bc_060x_008t.txt,,,da27c8e3402deb8a0832aaa211b98a39d670003f,true,3.11.2,Linux-6.1.0-44-cloud-amd64-x86_64-with-glibc2.36,
ok,ILS_iRace,drop_order_operators,full,operator_group_ablation,group:order,input/seed_based/bc_060x_008t.txt,seed_based,23,irace_final,720.000000,600.000000,120.000000,923062,923237,3369254,72.598178,0.018959,606.247620,output/operator_group_ablation/ILS_iRace/drop_order_operators/seed_023/input/seed_based/bc_060x_008t.txt,,,da27c8e3402deb8a0832aaa211b98a39d670003f,true,3.11.2,Linux-6.1.0-44-cloud-amd64-x86_64-with-glibc2.36,
ok,ILS_iRace,drop_strategic_operators,full,operator_group_ablation,group:strategic,input/seed_based/bc_060x_008t.txt,seed_based,23,irace_final,720.000000,600.000000,120.000000,923062,923231,3369254,72.598356,0.018309,606.250658,output/operator_group_ablation/ILS_iRace/drop_strategic_operators/seed_023/input/seed_based/bc_060x_008t.txt,,,da27c8e3402deb8a0832aaa211b98a39d670003f,true,3.11.2,Linux-6.1.0-44-cloud-amd64-x86_64-with-glibc2.36,
ok,ILS_iRace,drop_insert_operators,full,operator_group_ablation,group:insert,input/seed_based/bc_060x_008t.txt,seed_based,34,irace_final,720.000000,600.000000,120.000000,923136,923236,3369254,72.598207,0.010833,605.804608,output/operator_group_ablation/ILS_iRace/drop_insert_operators/seed_034/input/seed_based/bc_060x_008t.txt,,,da27c8e3402deb8a0832aaa211b98a39d670003f,true,3.11.2,Linux-6.1.0-44-cloud-amd64-x86_64-with-glibc2.36,
ok,ILS_iRace,drop_order_operators,full,operator_group_ablation,group:order,input/seed_based/bc_060x_008t.txt,seed_based,34,irace_final,720.000000,600.000000,120.000000,923136,923226,3369254,72.598504,0.009749,606.104076,output/operator_group_ablation/ILS_iRace/drop_order_operators/seed_034/input/seed_based/bc_060x_008t.txt,,,da27c8e3402deb8a0832aaa211b98a39d670003f,true,3.11.2,Linux-6.1.0-44-cloud-amd64-x86_64-with-glibc2.36,
ok,ILS_iRace,drop_strategic_operators,full,operator_group_ablation,group:strategic,input/seed_based/bc_060x_008t.txt,seed_based,34,irace_final,720.000000,600.000000,120.000000,923136,923199,3369254,72.599305,0.006825,606.254120,output/operator_group_ablation/ILS_iRace/drop_strategic_operators/seed_034/input/seed_based/bc_060x_008t.txt,,,da27c8e3402deb8a0832aaa211b98a39d670003f,true,3.11.2,Linux-6.1.0-44-cloud-amd64-x86_64-with-glibc2.36,
ok,ILS_iRace,drop_insert_operators,full,operator_group_ablation,group:insert,input/seed_based/bc_060x_008t.txt,seed_based,45,irace_final,720.000000,600.000000,120.000000,923062,923182,3369254,72.599810,0.013000,605.821676,output/operator_group_ablation/ILS_iRace/drop_insert_operators/seed_045/input/seed_based/bc_060x_008t.txt,,,da27c8e3402deb8a0832aaa211b98a39d670003f,true,3.11.2,Linux-6.1.0-44-cloud-amd64-x86_64-with-glibc2.36,
ok,ILS_iRace,drop_order_operators,full,operator_group_ablation,group:order,input/seed_based/bc_060x_008t.txt,seed_based,45,irace_final,720.000000,600.000000,120.000000,923062,923204,3369254,72.599157,0.015384,606.361581,output/operator_group_ablation/ILS_iRace/drop_order_operators/seed_045/input/seed_based/bc_060x_008t.txt,,,da27c8e3402deb8a0832aaa211b98a39d670003f,true,3.11.2,Linux-6.1.0-44-cloud-amd64-x86_64-with-glibc2.36,
ok,ILS_iRace,drop_strategic_operators,full,operator_group_ablation,group:strategic,input/seed_based/bc_060x_008t.txt,seed_based,45,irace_final,720.000000,600.000000,120.000000,923062,923218,3369254,72.598741,0.016900,606.279086,output/operator_group_ablation/ILS_iRace/drop_strategic_operators/seed_045/input/seed_based/bc_060x_008t.txt,,,da27c8e3402deb8a0832aaa211b98a39d670003f,true,3.11.2,Linux-6.1.0-44-cloud-amd64-x86_64-with-glibc2.36,
ok,ILS_iRace,drop_insert_operators,full,operator_group_ablation,group:insert,input/seed_based/bc_060x_008t.txt,seed_based,56,irace_final,720.000000,600.000000,120.000000,923062,923154,3369254,72.600641,0.009967,606.308743,output/operator_group_ablation/ILS_iRace/drop_insert_operators/seed_056/input/seed_based/bc_060x_008t.txt,,,da27c8e3402deb8a0832aaa211b98a39d670003f,true,3.11.2,Linux-6.1.0-44-cloud-amd64-x86_64-with-glibc2.36,
ok,ILS_iRace,drop_order_operators,full,operator_group_ablation,group:order,input/seed_based/bc_060x_008t.txt,seed_based,56,irace_final,720.000000,600.000000,120.000000,923062,923187,3369254,72.599662,0.013542,605.725654,output/operator_group_ablation/ILS_iRace/drop_order_operators/seed_056/input/seed_based/bc_060x_008t.txt,,,da27c8e3402deb8a0832aaa211b98a39d670003f,true,3.11.2,Linux-6.1.0-44-cloud-amd64-x86_64-with-glibc2.36,
ok,ILS_iRace,drop_strategic_operators,full,operator_group_ablation,group:strategic,input/seed_based/bc_060x_008t.txt,seed_based,56,irace_final,720.000000,600.000000,120.000000,923062,923229,3369254,72.598415,0.018092,605.686472,output/operator_group_ablation/ILS_iRace/drop_strategic_operators/seed_056/input/seed_based/bc_060x_008t.txt,,,da27c8e3402deb8a0832aaa211b98a39d670003f,true,3.11.2,Linux-6.1.0-44-cloud-amd64-x86_64-with-glibc2.36,
ok,ILS_iRace,drop_insert_operators,full,operator_group_ablation,group:insert,input/seed_based/bc_060x_008t.txt,seed_based,67,irace_final,720.000000,600.000000,120.000000,923062,923198,3369254,72.599335,0.014734,606.257009,output/operator_group_ablation/ILS_iRace/drop_insert_operators/seed_067/input/seed_based/bc_060x_008t.txt,,,da27c8e3402deb8a0832aaa211b98a39d670003f,true,3.11.2,Linux-6.1.0-44-cloud-amd64-x86_64-with-glibc2.36,
ok,ILS_iRace,drop_order_operators,full,operator_group_ablation,group:order,input/seed_based/bc_060x_008t.txt,seed_based,67,irace_final,720.000000,600.000000,120.000000,923062,923219,3369254,72.598712,0.017009,606.271056,output/operator_group_ablation/ILS_iRace/drop_order_operators/seed_067/input/seed_based/bc_060x_008t.txt,,,da27c8e3402deb8a0832aaa211b98a39d670003f,true,3.11.2,Linux-6.1.0-44-cloud-amd64-x86_64-with-glibc2.36,
ok,ILS_iRace,drop_strategic_operators,full,operator_group_ablation,group:strategic,input/seed_based/bc_060x_008t.txt,seed_based,67,irace_final,720.000000,600.000000,120.000000,923062,923101,3369254,72.602214,0.004225,606.205778,output/operator_group_ablation/ILS_iRace/drop_strategic_operators/seed_067/input/seed_based/bc_060x_008t.txt,,,da27c8e3402deb8a0832aaa211b98a39d670003f,true,3.11.2,Linux-6.1.0-44-cloud-amd64-x86_64-with-glibc2.36,
ok,ILS_iRace,drop_insert_operators,full,operator_group_ablation,group:insert,input/seed_based/bc_060x_008t.txt,seed_based,78,irace_final,720.000000,600.000000,120.000000,923062,923154,3369254,72.600641,0.009967,606.292515,output/operator_group_ablation/ILS_iRace/drop_insert_operators/seed_078/input/seed_based/bc_060x_008t.txt,,,da27c8e3402deb8a0832aaa211b98a39d670003f,true,3.11.2,Linux-6.1.0-44-cloud-amd64-x86_64-with-glibc2.36,
ok,ILS_iRace,drop_order_operators,full,operator_group_ablation,group:order,input/seed_based/bc_060x_008t.txt,seed_based,78,irace_final,720.000000,600.000000,120.000000,923062,923187,3369254,72.599662,0.013542,605.701102,output/operator_group_ablation/ILS_iRace/drop_order_operators/seed_078/input/seed_based/bc_060x_008t.txt,,,da27c8e3402deb8a0832aaa211b98a39d670003f,true,3.11.2,Linux-6.1.0-44-cloud-amd64-x86_64-with-glibc2.36,
ok,ILS_iRace,drop_strategic_operators,full,operator_group_ablation,group:strategic,input/seed_based/bc_060x_008t.txt,seed_based,78,irace_final,720.000000,600.000000,120.000000,923062,923231,3369254,72.598356,0.018309,605.681121,output/operator_group_ablation/ILS_iRace/drop_strategic_operators/seed_078/input/seed_based/bc_060x_008t.txt,,,da27c8e3402deb8a0832aaa211b98a39d670003f,true,3.11.2,Linux-6.1.0-44-cloud-amd64-x86_64-with-glibc2.36,
ok,ILS_iRace,drop_insert_operators,full,operator_group_ablation,group:insert,input/seed_based/bc_060x_008t.txt,seed_based,89,irace_final,720.000000,600.000000,120.000000,923062,923163,3369254,72.600374,0.010942,606.144885,output/operator_group_ablation/ILS_iRace/drop_insert_operators/seed_089/input/seed_based/bc_060x_008t.txt,,,da27c8e3402deb8a0832aaa211b98a39d670003f,true,3.11.2,Linux-6.1.0-44-cloud-amd64-x86_64-with-glibc2.36,
ok,ILS_iRace,drop_order_operators,full,operator_group_ablation,group:order,input/seed_based/bc_060x_008t.txt,seed_based,89,irace_final,720.000000,600.000000,120.000000,923062,923231,3369254,72.598356,0.018309,606.349562,output/operator_group_ablation/ILS_iRace/drop_order_operators/seed_089/input/seed_based/bc_060x_008t.txt,,,da27c8e3402deb8a0832aaa211b98a39d670003f,true,3.11.2,Linux-6.1.0-44-cloud-amd64-x86_64-with-glibc2.36,
ok,ILS_iRace,drop_strategic_operators,full,operator_group_ablation,group:strategic,input/seed_based/bc_060x_008t.txt,seed_based,89,irace_final,720.000000,600.000000,120.000000,923062,923154,3369254,72.600641,0.009967,606.393658,output/operator_group_ablation/ILS_iRace/drop_strategic_operators/seed_089/input/seed_based/bc_060x_008t.txt,,,da27c8e3402deb8a0832aaa211b98a39d670003f,true,3.11.2,Linux-6.1.0-44-cloud-amd64-x86_64-with-glibc2.36,
ok,ILS_iRace,drop_insert_operators,full,operator_group_ablation,group:insert,input/seed_based/bc_060x_008t.txt,seed_based,100,irace_final,720.000000,600.000000,120.000000,923062,923154,3369254,72.600641,0.009967,606.202763,output/operator_group_ablation/ILS_iRace/drop_insert_operators/seed_100/input/seed_based/bc_060x_008t.txt,,,da27c8e3402deb8a0832aaa211b98a39d670003f,true,3.11.2,Linux-6.1.0-44-cloud-amd64-x86_64-with-glibc2.36,
ok,ILS_iRace,drop_order_operators,full,operator_group_ablation,group:order,input/seed_based/bc_060x_008t.txt,seed_based,100,irace_final,720.000000,600.000000,120.000000,923062,923221,3369254,72.598652,0.017225,605.798432,output/operator_group_ablation/ILS_iRace/drop_order_operators/seed_100/input/seed_based/bc_060x_008t.txt,,,da27c8e3402deb8a0832aaa211b98a39d670003f,true,3.11.2,Linux-6.1.0-44-cloud-amd64-x86_64-with-glibc2.36,
ok,ILS_iRace,drop_strategic_operators,full,operator_group_ablation,group:strategic,input/seed_based/bc_060x_008t.txt,seed_based,100,irace_final,720.000000,600.000000,120.000000,923062,923207,3369254,72.599068,0.015709,605.839154,output/operator_group_ablation/ILS_iRace/drop_strategic_operators/seed_100/input/seed_based/bc_060x_008t.txt,,,da27c8e3402deb8a0832aaa211b98a39d670003f,true,3.11.2,Linux-6.1.0-44-cloud-amd64-x86_64-with-glibc2.36,
ok,ILS_iRace,drop_insert_operators,full,operator_group_ablation,group:insert,input/seed_based/bc_075x_020t.txt,seed_based,1,irace_final,720.000000,600.000000,120.000000,1299525,1299654,5168217,74.852952,0.009927,606.713012,output/operator_group_ablation/ILS_iRace/drop_insert_operators/seed_001/input/seed_based/bc_075x_020t.txt,,,da27c8e3402deb8a0832aaa211b98a39d670003f,true,3.11.2,Linux-6.1.0-44-cloud-amd64-x86_64-with-glibc2.36,
ok,ILS_iRace,drop_order_operators,full,operator_group_ablation,group:order,input/seed_based/bc_075x_020t.txt,seed_based,1,irace_final,720.000000,600.000000,120.000000,1299525,1299744,5168217,74.851211,0.016852,606.862368,output/operator_group_ablation/ILS_iRace/drop_order_operators/seed_001/input/seed_based/bc_075x_020t.txt,,,da27c8e3402deb8a0832aaa211b98a39d670003f,true,3.11.2,Linux-6.1.0-44-cloud-amd64-x86_64-with-glibc2.36,
ok,ILS_iRace,drop_strategic_operators,full,operator_group_ablation,group:strategic,input/seed_based/bc_075x_020t.txt,seed_based,1,irace_final,720.000000,600.000000,120.000000,1299525,1299721,5168217,74.851656,0.015082,606.914072,output/operator_group_ablation/ILS_iRace/drop_strategic_operators/seed_001/input/seed_based/bc_075x_020t.txt,,,da27c8e3402deb8a0832aaa211b98a39d670003f,true,3.11.2,Linux-6.1.0-44-cloud-amd64-x86_64-with-glibc2.36,
ok,ILS_iRace,drop_insert_operators,full,operator_group_ablation,group:insert,input/seed_based/bc_075x_020t.txt,seed_based,12,irace_final,720.000000,600.000000,120.000000,1299525,1299685,5168217,74.852352,0.012312,606.539888,output/operator_group_ablation/ILS_iRace/drop_insert_operators/seed_012/input/seed_based/bc_075x_020t.txt,,,da27c8e3402deb8a0832aaa211b98a39d670003f,true,3.11.2,Linux-6.1.0-44-cloud-amd64-x86_64-with-glibc2.36,
ok,ILS_iRace,drop_order_operators,full,operator_group_ablation,group:order,input/seed_based/bc_075x_020t.txt,seed_based,12,irace_final,720.000000,600.000000,120.000000,1299525,1299741,5168217,74.851269,0.016621,606.130854,output/operator_group_ablation/ILS_iRace/drop_order_operators/seed_012/input/seed_based/bc_075x_020t.txt,,,da27c8e3402deb8a0832aaa211b98a39d670003f,true,3.11.2,Linux-6.1.0-44-cloud-amd64-x86_64-with-glibc2.36,
ok,ILS_iRace,drop_strategic_operators,full,operator_group_ablation,group:strategic,input/seed_based/bc_075x_020t.txt,seed_based,12,irace_final,720.000000,600.000000,120.000000,1299525,1299653,5168217,74.852972,0.009850,606.695797,output/operator_group_ablation/ILS_iRace/drop_strategic_operators/seed_012/input/seed_based/bc_075x_020t.txt,,,da27c8e3402deb8a0832aaa211b98a39d670003f,true,3.11.2,Linux-6.1.0-44-cloud-amd64-x86_64-with-glibc2.36,
ok,ILS_iRace,drop_insert_operators,full,operator_group_ablation,group:insert,input/seed_based/bc_075x_020t.txt,seed_based,23,irace_final,720.000000,600.000000,120.000000,1299573,1299722,5168217,74.851636,0.011465,606.978852,output/operator_group_ablation/ILS_iRace/drop_insert_operators/seed_023/input/seed_based/bc_075x_020t.txt,,,da27c8e3402deb8a0832aaa211b98a39d670003f,true,3.11.2,Linux-6.1.0-44-cloud-amd64-x86_64-with-glibc2.36,
ok,ILS_iRace,drop_order_operators,full,operator_group_ablation,group:order,input/seed_based/bc_075x_020t.txt,seed_based,23,irace_final,720.000000,600.000000,120.000000,1299573,1299719,5168217,74.851695,0.011234,606.804134,output/operator_group_ablation/ILS_iRace/drop_order_operators/seed_023/input/seed_based/bc_075x_020t.txt,,,da27c8e3402deb8a0832aaa211b98a39d670003f,true,3.11.2,Linux-6.1.0-44-cloud-amd64-x86_64-with-glibc2.36,
ok,ILS_iRace,drop_strategic_operators,full,operator_group_ablation,group:strategic,input/seed_based/bc_075x_020t.txt,seed_based,23,irace_final,720.000000,600.000000,120.000000,1299573,1299727,5168217,74.851540,0.011850,606.587256,output/operator_group_ablation/ILS_iRace/drop_strategic_operators/seed_023/input/seed_based/bc_075x_020t.txt,,,da27c8e3402deb8a0832aaa211b98a39d670003f,true,3.11.2,Linux-6.1.0-44-cloud-amd64-x86_64-with-glibc2.36,
ok,ILS_iRace,drop_insert_operators,full,operator_group_ablation,group:insert,input/seed_based/bc_075x_020t.txt,seed_based,34,irace_final,720.000000,600.000000,120.000000,1299525,1299722,5168217,74.851636,0.015159,606.049658,output/operator_group_ablation/ILS_iRace/drop_insert_operators/seed_034/input/seed_based/bc_075x_020t.txt,,,da27c8e3402deb8a0832aaa211b98a39d670003f,true,3.11.2,Linux-6.1.0-44-cloud-amd64-x86_64-with-glibc2.36,
ok,ILS_iRace,drop_order_operators,full,operator_group_ablation,group:order,input/seed_based/bc_075x_020t.txt,seed_based,34,irace_final,720.000000,600.000000,120.000000,1299525,1299771,5168217,74.850688,0.018930,606.135287,output/operator_group_ablation/ILS_iRace/drop_order_operators/seed_034/input/seed_based/bc_075x_020t.txt,,,da27c8e3402deb8a0832aaa211b98a39d670003f,true,3.11.2,Linux-6.1.0-44-cloud-amd64-x86_64-with-glibc2.36,
ok,ILS_iRace,drop_strategic_operators,full,operator_group_ablation,group:strategic,input/seed_based/bc_075x_020t.txt,seed_based,34,irace_final,720.000000,600.000000,120.000000,1299525,1299746,5168217,74.851172,0.017006,606.051358,output/operator_group_ablation/ILS_iRace/drop_strategic_operators/seed_034/input/seed_based/bc_075x_020t.txt,,,da27c8e3402deb8a0832aaa211b98a39d670003f,true,3.11.2,Linux-6.1.0-44-cloud-amd64-x86_64-with-glibc2.36,
ok,ILS_iRace,drop_insert_operators,full,operator_group_ablation,group:insert,input/seed_based/bc_075x_020t.txt,seed_based,45,irace_final,720.000000,600.000000,120.000000,1299525,1299579,5168217,74.854403,0.004155,606.827746,output/operator_group_ablation/ILS_iRace/drop_insert_operators/seed_045/input/seed_based/bc_075x_020t.txt,,,da27c8e3402deb8a0832aaa211b98a39d670003f,true,3.11.2,Linux-6.1.0-44-cloud-amd64-x86_64-with-glibc2.36,
ok,ILS_iRace,drop_order_operators,full,operator_group_ablation,group:order,input/seed_based/bc_075x_020t.txt,seed_based,45,irace_final,720.000000,600.000000,120.000000,1299525,1299722,5168217,74.851636,0.015159,606.790837,output/operator_group_ablation/ILS_iRace/drop_order_operators/seed_045/input/seed_based/bc_075x_020t.txt,,,da27c8e3402deb8a0832aaa211b98a39d670003f,true,3.11.2,Linux-6.1.0-44-cloud-amd64-x86_64-with-glibc2.36,
ok,ILS_iRace,drop_strategic_operators,full,operator_group_ablation,group:strategic,input/seed_based/bc_075x_020t.txt,seed_based,45,irace_final,720.000000,600.000000,120.000000,1299525,1299719,5168217,74.851695,0.014929,606.903095,output/operator_group_ablation/ILS_iRace/drop_strategic_operators/seed_045/input/seed_based/bc_075x_020t.txt,,,da27c8e3402deb8a0832aaa211b98a39d670003f,true,3.11.2,Linux-6.1.0-44-cloud-amd64-x86_64-with-glibc2.36,
ok,ILS_iRace,drop_insert_operators,full,operator_group_ablation,group:insert,input/seed_based/bc_075x_020t.txt,seed_based,56,irace_final,720.000000,600.000000,120.000000,1299544,1299597,5168217,74.854055,0.004078,605.961392,output/operator_group_ablation/ILS_iRace/drop_insert_operators/seed_056/input/seed_based/bc_075x_020t.txt,,,da27c8e3402deb8a0832aaa211b98a39d670003f,true,3.11.2,Linux-6.1.0-44-cloud-amd64-x86_64-with-glibc2.36,
ok,ILS_iRace,drop_order_operators,full,operator_group_ablation,group:order,input/seed_based/bc_075x_020t.txt,seed_based,56,irace_final,720.000000,600.000000,120.000000,1299544,1299710,5168217,74.851869,0.012774,606.730034,output/operator_group_ablation/ILS_iRace/drop_order_operators/seed_056/input/seed_based/bc_075x_020t.txt,,,da27c8e3402deb8a0832aaa211b98a39d670003f,true,3.11.2,Linux-6.1.0-44-cloud-amd64-x86_64-with-glibc2.36,
ok,ILS_iRace,drop_strategic_operators,full,operator_group_ablation,group:strategic,input/seed_based/bc_075x_020t.txt,seed_based,56,irace_final,720.000000,600.000000,120.000000,1299544,1299694,5168217,74.852178,0.011543,605.981349,output/operator_group_ablation/ILS_iRace/drop_strategic_operators/seed_056/input/seed_based/bc_075x_020t.txt,,,da27c8e3402deb8a0832aaa211b98a39d670003f,true,3.11.2,Linux-6.1.0-44-cloud-amd64-x86_64-with-glibc2.36,
ok,ILS_iRace,drop_insert_operators,full,operator_group_ablation,group:insert,input/seed_based/bc_075x_020t.txt,seed_based,67,irace_final,720.000000,600.000000,120.000000,1299525,1299685,5168217,74.852352,0.012312,606.557001,output/operator_group_ablation/ILS_iRace/drop_insert_operators/seed_067/input/seed_based/bc_075x_020t.txt,,,da27c8e3402deb8a0832aaa211b98a39d670003f,true,3.11.2,Linux-6.1.0-44-cloud-amd64-x86_64-with-glibc2.36,
ok,ILS_iRace,drop_order_operators,full,operator_group_ablation,group:order,input/seed_based/bc_075x_020t.txt,seed_based,67,irace_final,720.000000,600.000000,120.000000,1299525,1299744,5168217,74.851211,0.016852,606.666552,output/operator_group_ablation/ILS_iRace/drop_order_operators/seed_067/input/seed_based/bc_075x_020t.txt,,,da27c8e3402deb8a0832aaa211b98a39d670003f,true,3.11.2,Linux-6.1.0-44-cloud-amd64-x86_64-with-glibc2.36,
ok,ILS_iRace,drop_strategic_operators,full,operator_group_ablation,group:strategic,input/seed_based/bc_075x_020t.txt,seed_based,67,irace_final,720.000000,600.000000,120.000000,1299525,1299768,5168217,74.850746,0.018699,606.675347,output/operator_group_ablation/ILS_iRace/drop_strategic_operators/seed_067/input/seed_based/bc_075x_020t.txt,,,da27c8e3402deb8a0832aaa211b98a39d670003f,true,3.11.2,Linux-6.1.0-44-cloud-amd64-x86_64-with-glibc2.36,
ok,ILS_iRace,drop_insert_operators,full,operator_group_ablation,group:insert,input/seed_based/bc_075x_020t.txt,seed_based,78,irace_final,720.000000,600.000000,120.000000,1299525,1299685,5168217,74.852352,0.012312,605.988834,output/operator_group_ablation/ILS_iRace/drop_insert_operators/seed_078/input/seed_based/bc_075x_020t.txt,,,da27c8e3402deb8a0832aaa211b98a39d670003f,true,3.11.2,Linux-6.1.0-44-cloud-amd64-x86_64-with-glibc2.36,
ok,ILS_iRace,drop_order_operators,full,operator_group_ablation,group:order,input/seed_based/bc_075x_020t.txt,seed_based,78,irace_final,720.000000,600.000000,120.000000,1299525,1299729,5168217,74.851501,0.015698,606.745389,output/operator_group_ablation/ILS_iRace/drop_order_operators/seed_078/input/seed_based/bc_075x_020t.txt,,,da27c8e3402deb8a0832aaa211b98a39d670003f,true,3.11.2,Linux-6.1.0-44-cloud-amd64-x86_64-with-glibc2.36,
ok,ILS_iRace,drop_strategic_operators,full,operator_group_ablation,group:strategic,input/seed_based/bc_075x_020t.txt,seed_based,78,irace_final,720.000000,600.000000,120.000000,1299525,1299727,5168217,74.851540,0.015544,606.039886,output/operator_group_ablation/ILS_iRace/drop_strategic_operators/seed_078/input/seed_based/bc_075x_020t.txt,,,da27c8e3402deb8a0832aaa211b98a39d670003f,true,3.11.2,Linux-6.1.0-44-cloud-amd64-x86_64-with-glibc2.36,
ok,ILS_iRace,drop_insert_operators,full,operator_group_ablation,group:insert,input/seed_based/bc_075x_020t.txt,seed_based,89,irace_final,720.000000,600.000000,120.000000,1299525,1299654,5168217,74.852952,0.009927,606.883864,output/operator_group_ablation/ILS_iRace/drop_insert_operators/seed_089/input/seed_based/bc_075x_020t.txt,,,da27c8e3402deb8a0832aaa211b98a39d670003f,true,3.11.2,Linux-6.1.0-44-cloud-amd64-x86_64-with-glibc2.36,
ok,ILS_iRace,drop_order_operators,full,operator_group_ablation,group:order,input/seed_based/bc_075x_020t.txt,seed_based,89,irace_final,720.000000,600.000000,120.000000,1299525,1299729,5168217,74.851501,0.015698,606.815336,output/operator_group_ablation/ILS_iRace/drop_order_operators/seed_089/input/seed_based/bc_075x_020t.txt,,,da27c8e3402deb8a0832aaa211b98a39d670003f,true,3.11.2,Linux-6.1.0-44-cloud-amd64-x86_64-with-glibc2.36,
ok,ILS_iRace,drop_strategic_operators,full,operator_group_ablation,group:strategic,input/seed_based/bc_075x_020t.txt,seed_based,89,irace_final,720.000000,600.000000,120.000000,1299525,1299665,5168217,74.852739,0.010773,606.718091,output/operator_group_ablation/ILS_iRace/drop_strategic_operators/seed_089/input/seed_based/bc_075x_020t.txt,,,da27c8e3402deb8a0832aaa211b98a39d670003f,true,3.11.2,Linux-6.1.0-44-cloud-amd64-x86_64-with-glibc2.36,
ok,ILS_iRace,drop_insert_operators,full,operator_group_ablation,group:insert,input/seed_based/bc_075x_020t.txt,seed_based,100,irace_final,720.000000,600.000000,120.000000,1299525,1299656,5168217,74.852913,0.010081,606.102748,output/operator_group_ablation/ILS_iRace/drop_insert_operators/seed_100/input/seed_based/bc_075x_020t.txt,,,da27c8e3402deb8a0832aaa211b98a39d670003f,true,3.11.2,Linux-6.1.0-44-cloud-amd64-x86_64-with-glibc2.36,
ok,ILS_iRace,drop_order_operators,full,operator_group_ablation,group:order,input/seed_based/bc_075x_020t.txt,seed_based,100,irace_final,720.000000,600.000000,120.000000,1299525,1299755,5168217,74.850998,0.017699,606.834873,output/operator_group_ablation/ILS_iRace/drop_order_operators/seed_100/input/seed_based/bc_075x_020t.txt,,,da27c8e3402deb8a0832aaa211b98a39d670003f,true,3.11.2,Linux-6.1.0-44-cloud-amd64-x86_64-with-glibc2.36,
ok,ILS_iRace,drop_strategic_operators,full,operator_group_ablation,group:strategic,input/seed_based/bc_075x_020t.txt,seed_based,100,irace_final,720.000000,600.000000,120.000000,1299525,1299735,5168217,74.851385,0.016160,606.134329,output/operator_group_ablation/ILS_iRace/drop_strategic_operators/seed_100/input/seed_based/bc_075x_020t.txt,,,da27c8e3402deb8a0832aaa211b98a39d670003f,true,3.11.2,Linux-6.1.0-44-cloud-amd64-x86_64-with-glibc2.36,
ok,ILS_iRace,drop_insert_operators,full,operator_group_ablation,group:insert,input/seed_based/bd_060x_012t.txt,seed_based,1,irace_final,720.000000,600.000000,120.000000,1621824,1622410,3597755,54.904934,0.036132,608.855523,output/operator_group_ablation/ILS_iRace/drop_insert_operators/seed_001/input/seed_based/bd_060x_012t.txt,,,da27c8e3402deb8a0832aaa211b98a39d670003f,true,3.11.2,Linux-6.1.0-44-cloud-amd64-x86_64-with-glibc2.36,
ok,ILS_iRace,drop_order_operators,full,operator_group_ablation,group:order,input/seed_based/bd_060x_012t.txt,seed_based,1,irace_final,720.000000,600.000000,120.000000,1621824,1622257,3597755,54.909186,0.026698,608.886237,output/operator_group_ablation/ILS_iRace/drop_order_operators/seed_001/input/seed_based/bd_060x_012t.txt,,,da27c8e3402deb8a0832aaa211b98a39d670003f,true,3.11.2,Linux-6.1.0-44-cloud-amd64-x86_64-with-glibc2.36,
ok,ILS_iRace,drop_strategic_operators,full,operator_group_ablation,group:strategic,input/seed_based/bd_060x_012t.txt,seed_based,1,irace_final,720.000000,600.000000,120.000000,1621824,1623544,3597755,54.873414,0.106053,608.781167,output/operator_group_ablation/ILS_iRace/drop_strategic_operators/seed_001/input/seed_based/bd_060x_012t.txt,,,da27c8e3402deb8a0832aaa211b98a39d670003f,true,3.11.2,Linux-6.1.0-44-cloud-amd64-x86_64-with-glibc2.36,
ok,ILS_iRace,drop_insert_operators,full,operator_group_ablation,group:insert,input/seed_based/bd_060x_012t.txt,seed_based,12,irace_final,720.000000,600.000000,120.000000,1622221,1622299,3597755,54.908019,0.004808,607.382721,output/operator_group_ablation/ILS_iRace/drop_insert_operators/seed_012/input/seed_based/bd_060x_012t.txt,,,da27c8e3402deb8a0832aaa211b98a39d670003f,true,3.11.2,Linux-6.1.0-44-cloud-amd64-x86_64-with-glibc2.36,
ok,ILS_iRace,drop_order_operators,full,operator_group_ablation,group:order,input/seed_based/bd_060x_012t.txt,seed_based,12,irace_final,720.000000,600.000000,120.000000,1622221,1622970,3597755,54.889369,0.046171,608.817669,output/operator_group_ablation/ILS_iRace/drop_order_operators/seed_012/input/seed_based/bd_060x_012t.txt,,,da27c8e3402deb8a0832aaa211b98a39d670003f,true,3.11.2,Linux-6.1.0-44-cloud-amd64-x86_64-with-glibc2.36,
ok,ILS_iRace,drop_strategic_operators,full,operator_group_ablation,group:strategic,input/seed_based/bd_060x_012t.txt,seed_based,12,irace_final,720.000000,600.000000,120.000000,1622221,1622999,3597755,54.888562,0.047959,607.333596,output/operator_group_ablation/ILS_iRace/drop_strategic_operators/seed_012/input/seed_based/bd_060x_012t.txt,,,da27c8e3402deb8a0832aaa211b98a39d670003f,true,3.11.2,Linux-6.1.0-44-cloud-amd64-x86_64-with-glibc2.36,
ok,ILS_iRace,drop_insert_operators,full,operator_group_ablation,group:insert,input/seed_based/bd_060x_012t.txt,seed_based,23,irace_final,720.000000,600.000000,120.000000,1621824,1621925,3597755,54.918414,0.006228,608.591315,output/operator_group_ablation/ILS_iRace/drop_insert_operators/seed_023/input/seed_based/bd_060x_012t.txt,,,da27c8e3402deb8a0832aaa211b98a39d670003f,true,3.11.2,Linux-6.1.0-44-cloud-amd64-x86_64-with-glibc2.36,
ok,ILS_iRace,drop_order_operators,full,operator_group_ablation,group:order,input/seed_based/bd_060x_012t.txt,seed_based,23,irace_final,720.000000,600.000000,120.000000,1621824,1622662,3597755,54.897929,0.051670,608.922076,output/operator_group_ablation/ILS_iRace/drop_order_operators/seed_023/input/seed_based/bd_060x_012t.txt,,,da27c8e3402deb8a0832aaa211b98a39d670003f,true,3.11.2,Linux-6.1.0-44-cloud-amd64-x86_64-with-glibc2.36,
ok,ILS_iRace,drop_strategic_operators,full,operator_group_ablation,group:strategic,input/seed_based/bd_060x_012t.txt,seed_based,23,irace_final,720.000000,600.000000,120.000000,1621824,1622530,3597755,54.901598,0.043531,608.724491,output/operator_group_ablation/ILS_iRace/drop_strategic_operators/seed_023/input/seed_based/bd_060x_012t.txt,,,da27c8e3402deb8a0832aaa211b98a39d670003f,true,3.11.2,Linux-6.1.0-44-cloud-amd64-x86_64-with-glibc2.36,
ok,ILS_iRace,drop_insert_operators,full,operator_group_ablation,group:insert,input/seed_based/bd_060x_012t.txt,seed_based,34,irace_final,720.000000,600.000000,120.000000,1622022,1622226,3597755,54.910048,0.012577,607.676358,output/operator_group_ablation/ILS_iRace/drop_insert_operators/seed_034/input/seed_based/bd_060x_012t.txt,,,da27c8e3402deb8a0832aaa211b98a39d670003f,true,3.11.2,Linux-6.1.0-44-cloud-amd64-x86_64-with-glibc2.36,
ok,ILS_iRace,drop_order_operators,full,operator_group_ablation,group:order,input/seed_based/bd_060x_012t.txt,seed_based,34,irace_final,720.000000,600.000000,120.000000,1622022,1622735,3597755,54.895900,0.043957,608.813252,output/operator_group_ablation/ILS_iRace/drop_order_operators/seed_034/input/seed_based/bd_060x_012t.txt,,,da27c8e3402deb8a0832aaa211b98a39d670003f,true,3.11.2,Linux-6.1.0-44-cloud-amd64-x86_64-with-glibc2.36,
ok,ILS_iRace,drop_strategic_operators,full,operator_group_ablation,group:strategic,input/seed_based/bd_060x_012t.txt,seed_based,34,irace_final,720.000000,600.000000,120.000000,1622022,1622966,3597755,54.889480,0.058199,608.733126,output/operator_group_ablation/ILS_iRace/drop_strategic_operators/seed_034/input/seed_based/bd_060x_012t.txt,,,da27c8e3402deb8a0832aaa211b98a39d670003f,true,3.11.2,Linux-6.1.0-44-cloud-amd64-x86_64-with-glibc2.36,
ok,ILS_iRace,drop_insert_operators,full,operator_group_ablation,group:insert,input/seed_based/bd_060x_012t.txt,seed_based,45,irace_final,720.000000,600.000000,120.000000,1621824,1622192,3597755,54.910993,0.022691,607.537158,output/operator_group_ablation/ILS_iRace/drop_insert_operators/seed_045/input/seed_based/bd_060x_012t.txt,,,da27c8e3402deb8a0832aaa211b98a39d670003f,true,3.11.2,Linux-6.1.0-44-cloud-amd64-x86_64-with-glibc2.36,
ok,ILS_iRace,drop_order_operators,full,operator_group_ablation,group:order,input/seed_based/bd_060x_012t.txt,seed_based,45,irace_final,720.000000,600.000000,120.000000,1621824,1623068,3597755,54.886645,0.076704,608.564419,output/operator_group_ablation/ILS_iRace/drop_order_operators/seed_045/input/seed_based/bd_060x_012t.txt,,,da27c8e3402deb8a0832aaa211b98a39d670003f,true,3.11.2,Linux-6.1.0-44-cloud-amd64-x86_64-with-glibc2.36,
ok,ILS_iRace,drop_strategic_operators,full,operator_group_ablation,group:strategic,input/seed_based/bd_060x_012t.txt,seed_based,45,irace_final,720.000000,600.000000,120.000000,1621824,1621838,3597755,54.920833,0.000863,608.688905,output/operator_group_ablation/ILS_iRace/drop_strategic_operators/seed_045/input/seed_based/bd_060x_012t.txt,,,da27c8e3402deb8a0832aaa211b98a39d670003f,true,3.11.2,Linux-6.1.0-44-cloud-amd64-x86_64-with-glibc2.36,
ok,ILS_iRace,drop_insert_operators,full,operator_group_ablation,group:insert,input/seed_based/bd_060x_012t.txt,seed_based,56,irace_final,720.000000,600.000000,120.000000,1621824,1622083,3597755,54.914023,0.015970,607.416668,output/operator_group_ablation/ILS_iRace/drop_insert_operators/seed_056/input/seed_based/bd_060x_012t.txt,,,da27c8e3402deb8a0832aaa211b98a39d670003f,true,3.11.2,Linux-6.1.0-44-cloud-amd64-x86_64-with-glibc2.36,
ok,ILS_iRace,drop_order_operators,full,operator_group_ablation,group:order,input/seed_based/bd_060x_012t.txt,seed_based,56,irace_final,720.000000,600.000000,120.000000,1621824,1622608,3597755,54.899430,0.048341,608.759971,output/operator_group_ablation/ILS_iRace/drop_order_operators/seed_056/input/seed_based/bd_060x_012t.txt,,,da27c8e3402deb8a0832aaa211b98a39d670003f,true,3.11.2,Linux-6.1.0-44-cloud-amd64-x86_64-with-glibc2.36,
ok,ILS_iRace,drop_strategic_operators,full,operator_group_ablation,group:strategic,input/seed_based/bd_060x_012t.txt,seed_based,56,irace_final,720.000000,600.000000,120.000000,1621824,1623047,3597755,54.887228,0.075409,608.697707,output/operator_group_ablation/ILS_iRace/drop_strategic_operators/seed_056/input/seed_based/bd_060x_012t.txt,,,da27c8e3402deb8a0832aaa211b98a39d670003f,true,3.11.2,Linux-6.1.0-44-cloud-amd64-x86_64-with-glibc2.36,
ok,ILS_iRace,drop_insert_operators,full,operator_group_ablation,group:insert,input/seed_based/bd_060x_012t.txt,seed_based,67,irace_final,720.000000,600.000000,120.000000,1621824,1622128,3597755,54.912772,0.018744,608.909868,output/operator_group_ablation/ILS_iRace/drop_insert_operators/seed_067/input/seed_based/bd_060x_012t.txt,,,da27c8e3402deb8a0832aaa211b98a39d670003f,true,3.11.2,Linux-6.1.0-44-cloud-amd64-x86_64-with-glibc2.36,
ok,ILS_iRace,drop_order_operators,full,operator_group_ablation,group:order,input/seed_based/bd_060x_012t.txt,seed_based,67,irace_final,720.000000,600.000000,120.000000,1621824,1622927,3597755,54.890564,0.068010,607.334038,output/operator_group_ablation/ILS_iRace/drop_order_operators/seed_067/input/seed_based/bd_060x_012t.txt,,,da27c8e3402deb8a0832aaa211b98a39d670003f,true,3.11.2,Linux-6.1.0-44-cloud-amd64-x86_64-with-glibc2.36,
ok,ILS_iRace,drop_strategic_operators,full,operator_group_ablation,group:strategic,input/seed_based/bd_060x_012t.txt,seed_based,67,irace_final,720.000000,600.000000,120.000000,1621824,1623994,3597755,54.860906,0.133800,608.463380,output/operator_group_ablation/ILS_iRace/drop_strategic_operators/seed_067/input/seed_based/bd_060x_012t.txt,,,da27c8e3402deb8a0832aaa211b98a39d670003f,true,3.11.2,Linux-6.1.0-44-cloud-amd64-x86_64-with-glibc2.36,
ok,ILS_iRace,drop_insert_operators,full,operator_group_ablation,group:insert,input/seed_based/bd_060x_012t.txt,seed_based,78,irace_final,720.000000,600.000000,120.000000,1622049,1622268,3597755,54.908881,0.013501,608.553011,output/operator_group_ablation/ILS_iRace/drop_insert_operators/seed_078/input/seed_based/bd_060x_012t.txt,,,da27c8e3402deb8a0832aaa211b98a39d670003f,true,3.11.2,Linux-6.1.0-44-cloud-amd64-x86_64-with-glibc2.36,
ok,ILS_iRace,drop_order_operators,full,operator_group_ablation,group:order,input/seed_based/bd_060x_012t.txt,seed_based,78,irace_final,720.000000,600.000000,120.000000,1622049,1623208,3597755,54.882753,0.071453,608.827083,output/operator_group_ablation/ILS_iRace/drop_order_operators/seed_078/input/seed_based/bd_060x_012t.txt,,,da27c8e3402deb8a0832aaa211b98a39d670003f,true,3.11.2,Linux-6.1.0-44-cloud-amd64-x86_64-with-glibc2.36,
ok,ILS_iRace,drop_strategic_operators,full,operator_group_ablation,group:strategic,input/seed_based/bd_060x_012t.txt,seed_based,78,irace_final,720.000000,600.000000,120.000000,1622049,1622088,3597755,54.913884,0.002404,608.598975,output/operator_group_ablation/ILS_iRace/drop_strategic_operators/seed_078/input/seed_based/bd_060x_012t.txt,,,da27c8e3402deb8a0832aaa211b98a39d670003f,true,3.11.2,Linux-6.1.0-44-cloud-amd64-x86_64-with-glibc2.36,
ok,ILS_iRace,drop_insert_operators,full,operator_group_ablation,group:insert,input/seed_based/bd_060x_012t.txt,seed_based,89,irace_final,720.000000,600.000000,120.000000,1622096,1622096,3597755,54.913661,0.000000,608.798112,output/operator_group_ablation/ILS_iRace/drop_insert_operators/seed_089/input/seed_based/bd_060x_012t.txt,,,da27c8e3402deb8a0832aaa211b98a39d670003f,true,3.11.2,Linux-6.1.0-44-cloud-amd64-x86_64-with-glibc2.36,
ok,ILS_iRace,drop_order_operators,full,operator_group_ablation,group:order,input/seed_based/bd_060x_012t.txt,seed_based,89,irace_final,720.000000,600.000000,120.000000,1622096,1623086,3597755,54.886144,0.061032,607.504307,output/operator_group_ablation/ILS_iRace/drop_order_operators/seed_089/input/seed_based/bd_060x_012t.txt,,,da27c8e3402deb8a0832aaa211b98a39d670003f,true,3.11.2,Linux-6.1.0-44-cloud-amd64-x86_64-with-glibc2.36,
ok,ILS_iRace,drop_strategic_operators,full,operator_group_ablation,group:strategic,input/seed_based/bd_060x_012t.txt,seed_based,89,irace_final,720.000000,600.000000,120.000000,1622096,1622529,3597755,54.901626,0.026694,607.368994,output/operator_group_ablation/ILS_iRace/drop_strategic_operators/seed_089/input/seed_based/bd_060x_012t.txt,,,da27c8e3402deb8a0832aaa211b98a39d670003f,true,3.11.2,Linux-6.1.0-44-cloud-amd64-x86_64-with-glibc2.36,
ok,ILS_iRace,drop_insert_operators,full,operator_group_ablation,group:insert,input/seed_based/bd_060x_012t.txt,seed_based,100,irace_final,720.000000,600.000000,120.000000,1621824,1621824,3597755,54.921222,0.000000,608.517755,output/operator_group_ablation/ILS_iRace/drop_insert_operators/seed_100/input/seed_based/bd_060x_012t.txt,,,da27c8e3402deb8a0832aaa211b98a39d670003f,true,3.11.2,Linux-6.1.0-44-cloud-amd64-x86_64-with-glibc2.36,
ok,ILS_iRace,drop_order_operators,full,operator_group_ablation,group:order,input/seed_based/bd_060x_012t.txt,seed_based,100,irace_final,720.000000,600.000000,120.000000,1621824,1622875,3597755,54.892009,0.064804,609.092194,output/operator_group_ablation/ILS_iRace/drop_order_operators/seed_100/input/seed_based/bd_060x_012t.txt,,,da27c8e3402deb8a0832aaa211b98a39d670003f,true,3.11.2,Linux-6.1.0-44-cloud-amd64-x86_64-with-glibc2.36,
ok,ILS_iRace,drop_strategic_operators,full,operator_group_ablation,group:strategic,input/seed_based/bd_060x_012t.txt,seed_based,100,irace_final,720.000000,600.000000,120.000000,1621824,1622164,3597755,54.911771,0.020964,608.796756,output/operator_group_ablation/ILS_iRace/drop_strategic_operators/seed_100/input/seed_based/bd_060x_012t.txt,,,da27c8e3402deb8a0832aaa211b98a39d670003f,true,3.11.2,Linux-6.1.0-44-cloud-amd64-x86_64-with-glibc2.36,
ok,ILS_iRace,drop_insert_operators,full,operator_group_ablation,group:insert,input/seed_based/bd_090x_008t.txt,seed_based,1,irace_final,720.000000,600.000000,120.000000,2374013,2374013,6073672,60.913052,0.000000,611.891733,output/operator_group_ablation/ILS_iRace/drop_insert_operators/seed_001/input/seed_based/bd_090x_008t.txt,,,da27c8e3402deb8a0832aaa211b98a39d670003f,true,3.11.2,Linux-6.1.0-44-cloud-amd64-x86_64-with-glibc2.36,
ok,ILS_iRace,drop_order_operators,full,operator_group_ablation,group:order,input/seed_based/bd_090x_008t.txt,seed_based,1,irace_final,720.000000,600.000000,120.000000,2374013,2374119,6073672,60.911307,0.004465,611.822381,output/operator_group_ablation/ILS_iRace/drop_order_operators/seed_001/input/seed_based/bd_090x_008t.txt,,,da27c8e3402deb8a0832aaa211b98a39d670003f,true,3.11.2,Linux-6.1.0-44-cloud-amd64-x86_64-with-glibc2.36,
ok,ILS_iRace,drop_strategic_operators,full,operator_group_ablation,group:strategic,input/seed_based/bd_090x_008t.txt,seed_based,1,irace_final,720.000000,600.000000,120.000000,2374013,2374675,6073672,60.902153,0.027885,609.539246,output/operator_group_ablation/ILS_iRace/drop_strategic_operators/seed_001/input/seed_based/bd_090x_008t.txt,,,da27c8e3402deb8a0832aaa211b98a39d670003f,true,3.11.2,Linux-6.1.0-44-cloud-amd64-x86_64-with-glibc2.36,
ok,ILS_iRace,drop_insert_operators,full,operator_group_ablation,group:insert,input/seed_based/bd_090x_008t.txt,seed_based,12,irace_final,720.000000,600.000000,120.000000,2374013,2374013,6073672,60.913052,0.000000,609.599099,output/operator_group_ablation/ILS_iRace/drop_insert_operators/seed_012/input/seed_based/bd_090x_008t.txt,,,da27c8e3402deb8a0832aaa211b98a39d670003f,true,3.11.2,Linux-6.1.0-44-cloud-amd64-x86_64-with-glibc2.36,
ok,ILS_iRace,drop_order_operators,full,operator_group_ablation,group:order,input/seed_based/bd_090x_008t.txt,seed_based,12,irace_final,720.000000,600.000000,120.000000,2374013,2374281,6073672,60.908640,0.011289,612.247228,output/operator_group_ablation/ILS_iRace/drop_order_operators/seed_012/input/seed_based/bd_090x_008t.txt,,,da27c8e3402deb8a0832aaa211b98a39d670003f,true,3.11.2,Linux-6.1.0-44-cloud-amd64-x86_64-with-glibc2.36,
ok,ILS_iRace,drop_strategic_operators,full,operator_group_ablation,group:strategic,input/seed_based/bd_090x_008t.txt,seed_based,12,irace_final,720.000000,600.000000,120.000000,2374013,2374575,6073672,60.903799,0.023673,611.681203,output/operator_group_ablation/ILS_iRace/drop_strategic_operators/seed_012/input/seed_based/bd_090x_008t.txt,,,da27c8e3402deb8a0832aaa211b98a39d670003f,true,3.11.2,Linux-6.1.0-44-cloud-amd64-x86_64-with-glibc2.36,
ok,ILS_iRace,drop_insert_operators,full,operator_group_ablation,group:insert,input/seed_based/bd_090x_008t.txt,seed_based,23,irace_final,720.000000,600.000000,120.000000,2374070,2374070,6073672,60.912114,0.000000,611.912984,output/operator_group_ablation/ILS_iRace/drop_insert_operators/seed_023/input/seed_based/bd_090x_008t.txt,,,da27c8e3402deb8a0832aaa211b98a39d670003f,true,3.11.2,Linux-6.1.0-44-cloud-amd64-x86_64-with-glibc2.36,
ok,ILS_iRace,drop_order_operators,full,operator_group_ablation,group:order,input/seed_based/bd_090x_008t.txt,seed_based,23,irace_final,720.000000,600.000000,120.000000,2374070,2374329,6073672,60.907849,0.010910,611.783296,output/operator_group_ablation/ILS_iRace/drop_order_operators/seed_023/input/seed_based/bd_090x_008t.txt,,,da27c8e3402deb8a0832aaa211b98a39d670003f,true,3.11.2,Linux-6.1.0-44-cloud-amd64-x86_64-with-glibc2.36,
ok,ILS_iRace,drop_strategic_operators,full,operator_group_ablation,group:strategic,input/seed_based/bd_090x_008t.txt,seed_based,23,irace_final,720.000000,600.000000,120.000000,2374070,2375246,6073672,60.892752,0.049535,612.136797,output/operator_group_ablation/ILS_iRace/drop_strategic_operators/seed_023/input/seed_based/bd_090x_008t.txt,,,da27c8e3402deb8a0832aaa211b98a39d670003f,true,3.11.2,Linux-6.1.0-44-cloud-amd64-x86_64-with-glibc2.36,
ok,ILS_iRace,drop_insert_operators,full,operator_group_ablation,group:insert,input/seed_based/bd_090x_008t.txt,seed_based,34,irace_final,720.000000,600.000000,120.000000,2374725,2374776,6073672,60.900490,0.002148,612.102376,output/operator_group_ablation/ILS_iRace/drop_insert_operators/seed_034/input/seed_based/bd_090x_008t.txt,,,da27c8e3402deb8a0832aaa211b98a39d670003f,true,3.11.2,Linux-6.1.0-44-cloud-amd64-x86_64-with-glibc2.36,
ok,ILS_iRace,drop_order_operators,full,operator_group_ablation,group:order,input/seed_based/bd_090x_008t.txt,seed_based,34,irace_final,720.000000,600.000000,120.000000,2374725,2374900,6073672,60.898448,0.007369,612.048457,output/operator_group_ablation/ILS_iRace/drop_order_operators/seed_034/input/seed_based/bd_090x_008t.txt,,,da27c8e3402deb8a0832aaa211b98a39d670003f,true,3.11.2,Linux-6.1.0-44-cloud-amd64-x86_64-with-glibc2.36,
ok,ILS_iRace,drop_strategic_operators,full,operator_group_ablation,group:strategic,input/seed_based/bd_090x_008t.txt,seed_based,34,irace_final,720.000000,600.000000,120.000000,2374725,2375665,6073672,60.885853,0.039584,609.399798,output/operator_group_ablation/ILS_iRace/drop_strategic_operators/seed_034/input/seed_based/bd_090x_008t.txt,,,da27c8e3402deb8a0832aaa211b98a39d670003f,true,3.11.2,Linux-6.1.0-44-cloud-amd64-x86_64-with-glibc2.36,
ok,ILS_iRace,drop_insert_operators,full,operator_group_ablation,group:insert,input/seed_based/bd_090x_008t.txt,seed_based,45,irace_final,720.000000,600.000000,120.000000,2374013,2374070,6073672,60.912114,0.002401,611.782727,output/operator_group_ablation/ILS_iRace/drop_insert_operators/seed_045/input/seed_based/bd_090x_008t.txt,,,da27c8e3402deb8a0832aaa211b98a39d670003f,true,3.11.2,Linux-6.1.0-44-cloud-amd64-x86_64-with-glibc2.36,
ok,ILS_iRace,drop_order_operators,full,operator_group_ablation,group:order,input/seed_based/bd_090x_008t.txt,seed_based,45,irace_final,720.000000,600.000000,120.000000,2374013,2374515,6073672,60.904787,0.021146,609.227362,output/operator_group_ablation/ILS_iRace/drop_order_operators/seed_045/input/seed_based/bd_090x_008t.txt,,,da27c8e3402deb8a0832aaa211b98a39d670003f,true,3.11.2,Linux-6.1.0-44-cloud-amd64-x86_64-with-glibc2.36,
ok,ILS_iRace,drop_strategic_operators,full,operator_group_ablation,group:strategic,input/seed_based/bd_090x_008t.txt,seed_based,45,irace_final,720.000000,600.000000,120.000000,2374013,2374793,6073672,60.900210,0.032856,611.861541,output/operator_group_ablation/ILS_iRace/drop_strategic_operators/seed_045/input/seed_based/bd_090x_008t.txt,,,da27c8e3402deb8a0832aaa211b98a39d670003f,true,3.11.2,Linux-6.1.0-44-cloud-amd64-x86_64-with-glibc2.36,
ok,ILS_iRace,drop_insert_operators,full,operator_group_ablation,group:insert,input/seed_based/bd_090x_008t.txt,seed_based,56,irace_final,720.000000,600.000000,120.000000,2374013,2374019,6073672,60.912953,0.000253,611.772303,output/operator_group_ablation/ILS_iRace/drop_insert_operators/seed_056/input/seed_based/bd_090x_008t.txt,,,da27c8e3402deb8a0832aaa211b98a39d670003f,true,3.11.2,Linux-6.1.0-44-cloud-amd64-x86_64-with-glibc2.36,
ok,ILS_iRace,drop_order_operators,full,operator_group_ablation,group:order,input/seed_based/bd_090x_008t.txt,seed_based,56,irace_final,720.000000,600.000000,120.000000,2374013,2374140,6073672,60.910961,0.005350,611.805165,output/operator_group_ablation/ILS_iRace/drop_order_operators/seed_056/input/seed_based/bd_090x_008t.txt,,,da27c8e3402deb8a0832aaa211b98a39d670003f,true,3.11.2,Linux-6.1.0-44-cloud-amd64-x86_64-with-glibc2.36,
ok,ILS_iRace,drop_strategic_operators,full,operator_group_ablation,group:strategic,input/seed_based/bd_090x_008t.txt,seed_based,56,irace_final,720.000000,600.000000,120.000000,2374013,2374395,6073672,60.906763,0.016091,611.744532,output/operator_group_ablation/ILS_iRace/drop_strategic_operators/seed_056/input/seed_based/bd_090x_008t.txt,,,da27c8e3402deb8a0832aaa211b98a39d670003f,true,3.11.2,Linux-6.1.0-44-cloud-amd64-x86_64-with-glibc2.36,
ok,ILS_iRace,drop_insert_operators,full,operator_group_ablation,group:insert,input/seed_based/bd_090x_008t.txt,seed_based,67,irace_final,720.000000,600.000000,120.000000,2374013,2374052,6073672,60.912410,0.001643,609.474910,output/operator_group_ablation/ILS_iRace/drop_insert_operators/seed_067/input/seed_based/bd_090x_008t.txt,,,da27c8e3402deb8a0832aaa211b98a39d670003f,true,3.11.2,Linux-6.1.0-44-cloud-amd64-x86_64-with-glibc2.36,
ok,ILS_iRace,drop_order_operators,full,operator_group_ablation,group:order,input/seed_based/bd_090x_008t.txt,seed_based,67,irace_final,720.000000,600.000000,120.000000,2374013,2374496,6073672,60.905100,0.020345,609.199639,output/operator_group_ablation/ILS_iRace/drop_order_operators/seed_067/input/seed_based/bd_090x_008t.txt,,,da27c8e3402deb8a0832aaa211b98a39d670003f,true,3.11.2,Linux-6.1.0-44-cloud-amd64-x86_64-with-glibc2.36,
ok,ILS_iRace,drop_strategic_operators,full,operator_group_ablation,group:strategic,input/seed_based/bd_090x_008t.txt,seed_based,67,irace_final,720.000000,600.000000,120.000000,2374013,2374640,6073672,60.902729,0.026411,611.800361,output/operator_group_ablation/ILS_iRace/drop_strategic_operators/seed_067/input/seed_based/bd_090x_008t.txt,,,da27c8e3402deb8a0832aaa211b98a39d670003f,true,3.11.2,Linux-6.1.0-44-cloud-amd64-x86_64-with-glibc2.36,
ok,ILS_iRace,drop_insert_operators,full,operator_group_ablation,group:insert,input/seed_based/bd_090x_008t.txt,seed_based,78,irace_final,720.000000,600.000000,120.000000,2374157,2374212,6073672,60.909776,0.002317,611.855693,output/operator_group_ablation/ILS_iRace/drop_insert_operators/seed_078/input/seed_based/bd_090x_008t.txt,,,da27c8e3402deb8a0832aaa211b98a39d670003f,true,3.11.2,Linux-6.1.0-44-cloud-amd64-x86_64-with-glibc2.36,
ok,ILS_iRace,drop_order_operators,full,operator_group_ablation,group:order,input/seed_based/bd_090x_008t.txt,seed_based,78,irace_final,720.000000,600.000000,120.000000,2374157,2374472,6073672,60.905495,0.013268,611.992992,output/operator_group_ablation/ILS_iRace/drop_order_operators/seed_078/input/seed_based/bd_090x_008t.txt,,,da27c8e3402deb8a0832aaa211b98a39d670003f,true,3.11.2,Linux-6.1.0-44-cloud-amd64-x86_64-with-glibc2.36,
ok,ILS_iRace,drop_strategic_operators,full,operator_group_ablation,group:strategic,input/seed_based/bd_090x_008t.txt,seed_based,78,irace_final,720.000000,600.000000,120.000000,2374157,2374766,6073672,60.900654,0.025651,609.445796,output/operator_group_ablation/ILS_iRace/drop_strategic_operators/seed_078/input/seed_based/bd_090x_008t.txt,,,da27c8e3402deb8a0832aaa211b98a39d670003f,true,3.11.2,Linux-6.1.0-44-cloud-amd64-x86_64-with-glibc2.36,
ok,ILS_iRace,drop_insert_operators,full,operator_group_ablation,group:insert,input/seed_based/bd_090x_008t.txt,seed_based,89,irace_final,720.000000,600.000000,120.000000,2374013,2374030,6073672,60.912772,0.000716,612.142842,output/operator_group_ablation/ILS_iRace/drop_insert_operators/seed_089/input/seed_based/bd_090x_008t.txt,,,da27c8e3402deb8a0832aaa211b98a39d670003f,true,3.11.2,Linux-6.1.0-44-cloud-amd64-x86_64-with-glibc2.36,
ok,ILS_iRace,drop_order_operators,full,operator_group_ablation,group:order,input/seed_based/bd_090x_008t.txt,seed_based,89,irace_final,720.000000,600.000000,120.000000,2374013,2374319,6073672,60.908014,0.012890,609.210356,output/operator_group_ablation/ILS_iRace/drop_order_operators/seed_089/input/seed_based/bd_090x_008t.txt,,,da27c8e3402deb8a0832aaa211b98a39d670003f,true,3.11.2,Linux-6.1.0-44-cloud-amd64-x86_64-with-glibc2.36,
ok,ILS_iRace,drop_strategic_operators,full,operator_group_ablation,group:strategic,input/seed_based/bd_090x_008t.txt,seed_based,89,irace_final,720.000000,600.000000,120.000000,2374013,2374841,6073672,60.899420,0.034878,611.784961,output/operator_group_ablation/ILS_iRace/drop_strategic_operators/seed_089/input/seed_based/bd_090x_008t.txt,,,da27c8e3402deb8a0832aaa211b98a39d670003f,true,3.11.2,Linux-6.1.0-44-cloud-amd64-x86_64-with-glibc2.36,
ok,ILS_iRace,drop_insert_operators,full,operator_group_ablation,group:insert,input/seed_based/bd_090x_008t.txt,seed_based,100,irace_final,720.000000,600.000000,120.000000,2374013,2374053,6073672,60.912394,0.001685,611.716916,output/operator_group_ablation/ILS_iRace/drop_insert_operators/seed_100/input/seed_based/bd_090x_008t.txt,,,da27c8e3402deb8a0832aaa211b98a39d670003f,true,3.11.2,Linux-6.1.0-44-cloud-amd64-x86_64-with-glibc2.36,
ok,ILS_iRace,drop_order_operators,full,operator_group_ablation,group:order,input/seed_based/bd_090x_008t.txt,seed_based,100,irace_final,720.000000,600.000000,120.000000,2374013,2374078,6073672,60.911982,0.002738,612.205996,output/operator_group_ablation/ILS_iRace/drop_order_operators/seed_100/input/seed_based/bd_090x_008t.txt,,,da27c8e3402deb8a0832aaa211b98a39d670003f,true,3.11.2,Linux-6.1.0-44-cloud-amd64-x86_64-with-glibc2.36,
ok,ILS_iRace,drop_strategic_operators,full,operator_group_ablation,group:strategic,input/seed_based/bd_090x_008t.txt,seed_based,100,irace_final,720.000000,600.000000,120.000000,2374013,2375688,6073672,60.885474,0.070556,609.285148,output/operator_group_ablation/ILS_iRace/drop_strategic_operators/seed_100/input/seed_based/bd_090x_008t.txt,,,da27c8e3402deb8a0832aaa211b98a39d670003f,true,3.11.2,Linux-6.1.0-44-cloud-amd64-x86_64-with-glibc2.36,
ok,ILS_iRace,drop_insert_operators,full,operator_group_ablation,group:insert,input/seed_based/be_060x_020t.txt,seed_based,1,irace_final,720.000000,600.000000,120.000000,4465623,4470052,5500376,18.731883,0.099180,613.637118,output/operator_group_ablation/ILS_iRace/drop_insert_operators/seed_001/input/seed_based/be_060x_020t.txt,,,da27c8e3402deb8a0832aaa211b98a39d670003f,true,3.11.2,Linux-6.1.0-44-cloud-amd64-x86_64-with-glibc2.36,
ok,ILS_iRace,drop_order_operators,full,operator_group_ablation,group:order,input/seed_based/be_060x_020t.txt,seed_based,1,irace_final,720.000000,600.000000,120.000000,4465623,4472525,5500376,18.686922,0.154559,613.194339,output/operator_group_ablation/ILS_iRace/drop_order_operators/seed_001/input/seed_based/be_060x_020t.txt,,,da27c8e3402deb8a0832aaa211b98a39d670003f,true,3.11.2,Linux-6.1.0-44-cloud-amd64-x86_64-with-glibc2.36,
ok,ILS_iRace,drop_insert_operators,full,operator_group_ablation,group:insert,input/seed_based/be_060x_020t.txt,seed_based,12,irace_final,720.000000,600.000000,120.000000,4465623,4470983,5500376,18.714957,0.120028,609.737411,output/operator_group_ablation/ILS_iRace/drop_insert_operators/seed_012/input/seed_based/be_060x_020t.txt,,,da27c8e3402deb8a0832aaa211b98a39d670003f,true,3.11.2,Linux-6.1.0-44-cloud-amd64-x86_64-with-glibc2.36,
ok,ILS_iRace,drop_strategic_operators,full,operator_group_ablation,group:strategic,input/seed_based/be_060x_020t.txt,seed_based,1,irace_final,720.000000,600.000000,120.000000,4465623,4474137,5500376,18.657615,0.190656,612.980778,output/operator_group_ablation/ILS_iRace/drop_strategic_operators/seed_001/input/seed_based/be_060x_020t.txt,,,da27c8e3402deb8a0832aaa211b98a39d670003f,true,3.11.2,Linux-6.1.0-44-cloud-amd64-x86_64-with-glibc2.36,
ok,ILS_iRace,drop_order_operators,full,operator_group_ablation,group:order,input/seed_based/be_060x_020t.txt,seed_based,12,irace_final,720.000000,600.000000,120.000000,4465623,4471132,5500376,18.712248,0.123365,613.477067,output/operator_group_ablation/ILS_iRace/drop_order_operators/seed_012/input/seed_based/be_060x_020t.txt,,,da27c8e3402deb8a0832aaa211b98a39d670003f,true,3.11.2,Linux-6.1.0-44-cloud-amd64-x86_64-with-glibc2.36,
ok,ILS_iRace,drop_strategic_operators,full,operator_group_ablation,group:strategic,input/seed_based/be_060x_020t.txt,seed_based,12,irace_final,720.000000,600.000000,120.000000,4465623,4474143,5500376,18.657506,0.190791,609.559961,output/operator_group_ablation/ILS_iRace/drop_strategic_operators/seed_012/input/seed_based/be_060x_020t.txt,,,da27c8e3402deb8a0832aaa211b98a39d670003f,true,3.11.2,Linux-6.1.0-44-cloud-amd64-x86_64-with-glibc2.36,
ok,ILS_iRace,drop_insert_operators,full,operator_group_ablation,group:insert,input/seed_based/be_060x_020t.txt,seed_based,23,irace_final,720.000000,600.000000,120.000000,4465623,4469453,5500376,18.742773,0.085766,613.044261,output/operator_group_ablation/ILS_iRace/drop_insert_operators/seed_023/input/seed_based/be_060x_020t.txt,,,da27c8e3402deb8a0832aaa211b98a39d670003f,true,3.11.2,Linux-6.1.0-44-cloud-amd64-x86_64-with-glibc2.36,
ok,ILS_iRace,drop_order_operators,full,operator_group_ablation,group:order,input/seed_based/be_060x_020t.txt,seed_based,23,irace_final,720.000000,600.000000,120.000000,4465623,4471636,5500376,18.703085,0.134651,613.421472,output/operator_group_ablation/ILS_iRace/drop_order_operators/seed_023/input/seed_based/be_060x_020t.txt,,,da27c8e3402deb8a0832aaa211b98a39d670003f,true,3.11.2,Linux-6.1.0-44-cloud-amd64-x86_64-with-glibc2.36,
ok,ILS_iRace,drop_insert_operators,full,operator_group_ablation,group:insert,input/seed_based/be_060x_020t.txt,seed_based,34,irace_final,720.000000,600.000000,120.000000,4465623,4469462,5500376,18.742610,0.085968,609.402275,output/operator_group_ablation/ILS_iRace/drop_insert_operators/seed_034/input/seed_based/be_060x_020t.txt,,,da27c8e3402deb8a0832aaa211b98a39d670003f,true,3.11.2,Linux-6.1.0-44-cloud-amd64-x86_64-with-glibc2.36,
ok,ILS_iRace,drop_strategic_operators,full,operator_group_ablation,group:strategic,input/seed_based/be_060x_020t.txt,seed_based,23,irace_final,720.000000,600.000000,120.000000,4465623,4474100,5500376,18.658288,0.189828,613.429716,output/operator_group_ablation/ILS_iRace/drop_strategic_operators/seed_023/input/seed_based/be_060x_020t.txt,,,da27c8e3402deb8a0832aaa211b98a39d670003f,true,3.11.2,Linux-6.1.0-44-cloud-amd64-x86_64-with-glibc2.36,
ok,ILS_iRace,drop_order_operators,full,operator_group_ablation,group:order,input/seed_based/be_060x_020t.txt,seed_based,34,irace_final,720.000000,600.000000,120.000000,4465623,4472045,5500376,18.695649,0.143810,614.263721,output/operator_group_ablation/ILS_iRace/drop_order_operators/seed_034/input/seed_based/be_060x_020t.txt,,,da27c8e3402deb8a0832aaa211b98a39d670003f,true,3.11.2,Linux-6.1.0-44-cloud-amd64-x86_64-with-glibc2.36,
ok,ILS_iRace,drop_strategic_operators,full,operator_group_ablation,group:strategic,input/seed_based/be_060x_020t.txt,seed_based,34,irace_final,720.000000,600.000000,120.000000,4465623,4472349,5500376,18.690122,0.150617,609.708858,output/operator_group_ablation/ILS_iRace/drop_strategic_operators/seed_034/input/seed_based/be_060x_020t.txt,,,da27c8e3402deb8a0832aaa211b98a39d670003f,true,3.11.2,Linux-6.1.0-44-cloud-amd64-x86_64-with-glibc2.36,
ok,ILS_iRace,drop_insert_operators,full,operator_group_ablation,group:insert,input/seed_based/be_060x_020t.txt,seed_based,45,irace_final,720.000000,600.000000,120.000000,4465623,4470273,5500376,18.727865,0.104129,613.492862,output/operator_group_ablation/ILS_iRace/drop_insert_operators/seed_045/input/seed_based/be_060x_020t.txt,,,da27c8e3402deb8a0832aaa211b98a39d670003f,true,3.11.2,Linux-6.1.0-44-cloud-amd64-x86_64-with-glibc2.36,
ok,ILS_iRace,drop_order_operators,full,operator_group_ablation,group:order,input/seed_based/be_060x_020t.txt,seed_based,45,irace_final,720.000000,600.000000,120.000000,4465623,4472593,5500376,18.685686,0.156081,613.441386,output/operator_group_ablation/ILS_iRace/drop_order_operators/seed_045/input/seed_based/be_060x_020t.txt,,,da27c8e3402deb8a0832aaa211b98a39d670003f,true,3.11.2,Linux-6.1.0-44-cloud-amd64-x86_64-with-glibc2.36,
ok,ILS_iRace,drop_strategic_operators,full,operator_group_ablation,group:strategic,input/seed_based/be_060x_020t.txt,seed_based,45,irace_final,720.000000,600.000000,120.000000,4465623,4474930,5500376,18.643198,0.208414,609.675884,output/operator_group_ablation/ILS_iRace/drop_strategic_operators/seed_045/input/seed_based/be_060x_020t.txt,,,da27c8e3402deb8a0832aaa211b98a39d670003f,true,3.11.2,Linux-6.1.0-44-cloud-amd64-x86_64-with-glibc2.36,
ok,ILS_iRace,drop_insert_operators,full,operator_group_ablation,group:insert,input/seed_based/be_060x_020t.txt,seed_based,56,irace_final,720.000000,600.000000,120.000000,4465623,4471021,5500376,18.714266,0.120879,613.596669,output/operator_group_ablation/ILS_iRace/drop_insert_operators/seed_056/input/seed_based/be_060x_020t.txt,,,da27c8e3402deb8a0832aaa211b98a39d670003f,true,3.11.2,Linux-6.1.0-44-cloud-amd64-x86_64-with-glibc2.36,
ok,ILS_iRace,drop_order_operators,full,operator_group_ablation,group:order,input/seed_based/be_060x_020t.txt,seed_based,56,irace_final,720.000000,600.000000,120.000000,4465623,4473010,5500376,18.678105,0.165419,613.209823,output/operator_group_ablation/ILS_iRace/drop_order_operators/seed_056/input/seed_based/be_060x_020t.txt,,,da27c8e3402deb8a0832aaa211b98a39d670003f,true,3.11.2,Linux-6.1.0-44-cloud-amd64-x86_64-with-glibc2.36,
ok,ILS_iRace,drop_strategic_operators,full,operator_group_ablation,group:strategic,input/seed_based/be_060x_020t.txt,seed_based,56,irace_final,720.000000,600.000000,120.000000,4465623,4472255,5500376,18.691831,0.148512,609.474875,output/operator_group_ablation/ILS_iRace/drop_strategic_operators/seed_056/input/seed_based/be_060x_020t.txt,,,da27c8e3402deb8a0832aaa211b98a39d670003f,true,3.11.2,Linux-6.1.0-44-cloud-amd64-x86_64-with-glibc2.36,
ok,ILS_iRace,drop_insert_operators,full,operator_group_ablation,group:insert,input/seed_based/be_060x_020t.txt,seed_based,67,irace_final,720.000000,600.000000,120.000000,4465623,4470175,5500376,18.729647,0.101934,613.028190,output/operator_group_ablation/ILS_iRace/drop_insert_operators/seed_067/input/seed_based/be_060x_020t.txt,,,da27c8e3402deb8a0832aaa211b98a39d670003f,true,3.11.2,Linux-6.1.0-44-cloud-amd64-x86_64-with-glibc2.36,
ok,ILS_iRace,drop_order_operators,full,operator_group_ablation,group:order,input/seed_based/be_060x_020t.txt,seed_based,67,irace_final,720.000000,600.000000,120.000000,4465623,4472502,5500376,18.687341,0.154043,609.905190,output/operator_group_ablation/ILS_iRace/drop_order_operators/seed_067/input/seed_based/be_060x_020t.txt,,,da27c8e3402deb8a0832aaa211b98a39d670003f,true,3.11.2,Linux-6.1.0-44-cloud-amd64-x86_64-with-glibc2.36,
ok,ILS_iRace,drop_strategic_operators,full,operator_group_ablation,group:strategic,input/seed_based/be_060x_020t.txt,seed_based,67,irace_final,720.000000,600.000000,120.000000,4465623,4473361,5500376,18.671724,0.173279,613.544838,output/operator_group_ablation/ILS_iRace/drop_strategic_operators/seed_067/input/seed_based/be_060x_020t.txt,,,da27c8e3402deb8a0832aaa211b98a39d670003f,true,3.11.2,Linux-6.1.0-44-cloud-amd64-x86_64-with-glibc2.36,
ok,ILS_iRace,drop_insert_operators,full,operator_group_ablation,group:insert,input/seed_based/be_060x_020t.txt,seed_based,78,irace_final,720.000000,600.000000,120.000000,4465623,4471310,5500376,18.709012,0.127351,613.045780,output/operator_group_ablation/ILS_iRace/drop_insert_operators/seed_078/input/seed_based/be_060x_020t.txt,,,da27c8e3402deb8a0832aaa211b98a39d670003f,true,3.11.2,Linux-6.1.0-44-cloud-amd64-x86_64-with-glibc2.36,
ok,ILS_iRace,drop_order_operators,full,operator_group_ablation,group:order,input/seed_based/be_060x_020t.txt,seed_based,78,irace_final,720.000000,600.000000,120.000000,4465623,4471140,5500376,18.712103,0.123544,613.237267,output/operator_group_ablation/ILS_iRace/drop_order_operators/seed_078/input/seed_based/be_060x_020t.txt,,,da27c8e3402deb8a0832aaa211b98a39d670003f,true,3.11.2,Linux-6.1.0-44-cloud-amd64-x86_64-with-glibc2.36,
ok,ILS_iRace,drop_strategic_operators,full,operator_group_ablation,group:strategic,input/seed_based/be_060x_020t.txt,seed_based,78,irace_final,720.000000,600.000000,120.000000,4465623,4476018,5500376,18.623418,0.232778,613.526114,output/operator_group_ablation/ILS_iRace/drop_strategic_operators/seed_078/input/seed_based/be_060x_020t.txt,,,da27c8e3402deb8a0832aaa211b98a39d670003f,true,3.11.2,Linux-6.1.0-44-cloud-amd64-x86_64-with-glibc2.36,
ok,ILS_iRace,drop_insert_operators,full,operator_group_ablation,group:insert,input/seed_based/be_060x_020t.txt,seed_based,89,irace_final,720.000000,600.000000,120.000000,4465623,4469442,5500376,18.742973,0.085520,609.488015,output/operator_group_ablation/ILS_iRace/drop_insert_operators/seed_089/input/seed_based/be_060x_020t.txt,,,da27c8e3402deb8a0832aaa211b98a39d670003f,true,3.11.2,Linux-6.1.0-44-cloud-amd64-x86_64-with-glibc2.36,
ok,ILS_iRace,drop_order_operators,full,operator_group_ablation,group:order,input/seed_based/be_060x_020t.txt,seed_based,89,irace_final,720.000000,600.000000,120.000000,4465623,4471383,5500376,18.707685,0.128985,613.451427,output/operator_group_ablation/ILS_iRace/drop_order_operators/seed_089/input/seed_based/be_060x_020t.txt,,,da27c8e3402deb8a0832aaa211b98a39d670003f,true,3.11.2,Linux-6.1.0-44-cloud-amd64-x86_64-with-glibc2.36,
ok,ILS_iRace,drop_strategic_operators,full,operator_group_ablation,group:strategic,input/seed_based/be_060x_020t.txt,seed_based,89,irace_final,720.000000,600.000000,120.000000,4465623,4474253,5500376,18.655506,0.193254,609.467660,output/operator_group_ablation/ILS_iRace/drop_strategic_operators/seed_089/input/seed_based/be_060x_020t.txt,,,da27c8e3402deb8a0832aaa211b98a39d670003f,true,3.11.2,Linux-6.1.0-44-cloud-amd64-x86_64-with-glibc2.36,
ok,ILS_iRace,drop_insert_operators,full,operator_group_ablation,group:insert,input/seed_based/be_060x_020t.txt,seed_based,100,irace_final,720.000000,600.000000,120.000000,4465623,4471113,5500376,18.712593,0.122939,613.650610,output/operator_group_ablation/ILS_iRace/drop_insert_operators/seed_100/input/seed_based/be_060x_020t.txt,,,da27c8e3402deb8a0832aaa211b98a39d670003f,true,3.11.2,Linux-6.1.0-44-cloud-amd64-x86_64-with-glibc2.36,
ok,ILS_iRace,drop_order_operators,full,operator_group_ablation,group:order,input/seed_based/be_060x_020t.txt,seed_based,100,irace_final,720.000000,600.000000,120.000000,4465623,4471648,5500376,18.702867,0.134920,613.069847,output/operator_group_ablation/ILS_iRace/drop_order_operators/seed_100/input/seed_based/be_060x_020t.txt,,,da27c8e3402deb8a0832aaa211b98a39d670003f,true,3.11.2,Linux-6.1.0-44-cloud-amd64-x86_64-with-glibc2.36,
ok,ILS_iRace,drop_strategic_operators,full,operator_group_ablation,group:strategic,input/seed_based/be_060x_020t.txt,seed_based,100,irace_final,720.000000,600.000000,120.000000,4465623,4474699,5500376,18.647398,0.203242,613.474062,output/operator_group_ablation/ILS_iRace/drop_strategic_operators/seed_100/input/seed_based/be_060x_020t.txt,,,da27c8e3402deb8a0832aaa211b98a39d670003f,true,3.11.2,Linux-6.1.0-44-cloud-amd64-x86_64-with-glibc2.36,
ok,ILS_iRace,drop_insert_operators,full,operator_group_ablation,group:insert,input/seed_based/be_090x_012t.txt,seed_based,1,irace_final,720.000000,600.000000,120.000000,7339438,7353628,9261438,20.599501,0.193339,613.610476,output/operator_group_ablation/ILS_iRace/drop_insert_operators/seed_001/input/seed_based/be_090x_012t.txt,,,da27c8e3402deb8a0832aaa211b98a39d670003f,true,3.11.2,Linux-6.1.0-44-cloud-amd64-x86_64-with-glibc2.36,
ok,ILS_iRace,drop_order_operators,full,operator_group_ablation,group:order,input/seed_based/be_090x_012t.txt,seed_based,1,irace_final,720.000000,600.000000,120.000000,7339438,7355053,9261438,20.584114,0.212755,620.359478,output/operator_group_ablation/ILS_iRace/drop_order_operators/seed_001/input/seed_based/be_090x_012t.txt,,,da27c8e3402deb8a0832aaa211b98a39d670003f,true,3.11.2,Linux-6.1.0-44-cloud-amd64-x86_64-with-glibc2.36,
ok,ILS_iRace,drop_strategic_operators,full,operator_group_ablation,group:strategic,input/seed_based/be_090x_012t.txt,seed_based,1,irace_final,720.000000,600.000000,120.000000,7339438,7355487,9261438,20.579428,0.218668,613.283374,output/operator_group_ablation/ILS_iRace/drop_strategic_operators/seed_001/input/seed_based/be_090x_012t.txt,,,da27c8e3402deb8a0832aaa211b98a39d670003f,true,3.11.2,Linux-6.1.0-44-cloud-amd64-x86_64-with-glibc2.36,
ok,ILS_iRace,drop_insert_operators,full,operator_group_ablation,group:insert,input/seed_based/be_090x_012t.txt,seed_based,12,irace_final,720.000000,600.000000,120.000000,7339438,7346831,9261438,20.672891,0.100730,619.858261,output/operator_group_ablation/ILS_iRace/drop_insert_operators/seed_012/input/seed_based/be_090x_012t.txt,,,da27c8e3402deb8a0832aaa211b98a39d670003f,true,3.11.2,Linux-6.1.0-44-cloud-amd64-x86_64-with-glibc2.36,
ok,ILS_iRace,drop_order_operators,full,operator_group_ablation,group:order,input/seed_based/be_090x_012t.txt,seed_based,12,irace_final,720.000000,600.000000,120.000000,7339438,7356450,9261438,20.569030,0.231789,619.964201,output/operator_group_ablation/ILS_iRace/drop_order_operators/seed_012/input/seed_based/be_090x_012t.txt,,,da27c8e3402deb8a0832aaa211b98a39d670003f,true,3.11.2,Linux-6.1.0-44-cloud-amd64-x86_64-with-glibc2.36,
ok,ILS_iRace,drop_strategic_operators,full,operator_group_ablation,group:strategic,input/seed_based/be_090x_012t.txt,seed_based,12,irace_final,720.000000,600.000000,120.000000,7339438,7357194,9261438,20.560997,0.241926,619.959697,output/operator_group_ablation/ILS_iRace/drop_strategic_operators/seed_012/input/seed_based/be_090x_012t.txt,,,da27c8e3402deb8a0832aaa211b98a39d670003f,true,3.11.2,Linux-6.1.0-44-cloud-amd64-x86_64-with-glibc2.36,
ok,ILS_iRace,drop_insert_operators,full,operator_group_ablation,group:insert,input/seed_based/be_090x_012t.txt,seed_based,23,irace_final,720.000000,600.000000,120.000000,7339438,7352929,9261438,20.607048,0.183815,613.464066,output/operator_group_ablation/ILS_iRace/drop_insert_operators/seed_023/input/seed_based/be_090x_012t.txt,,,da27c8e3402deb8a0832aaa211b98a39d670003f,true,3.11.2,Linux-6.1.0-44-cloud-amd64-x86_64-with-glibc2.36,
ok,ILS_iRace,drop_order_operators,full,operator_group_ablation,group:order,input/seed_based/be_090x_012t.txt,seed_based,23,irace_final,720.000000,600.000000,120.000000,7339438,7349192,9261438,20.647398,0.132898,619.418015,output/operator_group_ablation/ILS_iRace/drop_order_operators/seed_023/input/seed_based/be_090x_012t.txt,,,da27c8e3402deb8a0832aaa211b98a39d670003f,true,3.11.2,Linux-6.1.0-44-cloud-amd64-x86_64-with-glibc2.36,
ok,ILS_iRace,drop_strategic_operators,full,operator_group_ablation,group:strategic,input/seed_based/be_090x_012t.txt,seed_based,23,irace_final,720.000000,600.000000,120.000000,7339438,7352818,9261438,20.608247,0.182303,613.453973,output/operator_group_ablation/ILS_iRace/drop_strategic_operators/seed_023/input/seed_based/be_090x_012t.txt,,,da27c8e3402deb8a0832aaa211b98a39d670003f,true,3.11.2,Linux-6.1.0-44-cloud-amd64-x86_64-with-glibc2.36,
ok,ILS_iRace,drop_insert_operators,full,operator_group_ablation,group:insert,input/seed_based/be_090x_012t.txt,seed_based,34,irace_final,720.000000,600.000000,120.000000,7339438,7349476,9261438,20.644332,0.136768,620.867758,output/operator_group_ablation/ILS_iRace/drop_insert_operators/seed_034/input/seed_based/be_090x_012t.txt,,,da27c8e3402deb8a0832aaa211b98a39d670003f,true,3.11.2,Linux-6.1.0-44-cloud-amd64-x86_64-with-glibc2.36,
ok,ILS_iRace,drop_order_operators,full,operator_group_ablation,group:order,input/seed_based/be_090x_012t.txt,seed_based,34,irace_final,720.000000,600.000000,120.000000,7339438,7356557,9261438,20.567875,0.233247,620.365151,output/operator_group_ablation/ILS_iRace/drop_order_operators/seed_034/input/seed_based/be_090x_012t.txt,,,da27c8e3402deb8a0832aaa211b98a39d670003f,true,3.11.2,Linux-6.1.0-44-cloud-amd64-x86_64-with-glibc2.36,
ok,ILS_iRace,drop_strategic_operators,full,operator_group_ablation,group:strategic,input/seed_based/be_090x_012t.txt,seed_based,34,irace_final,720.000000,600.000000,120.000000,7339438,7358186,9261438,20.550286,0.255442,620.150813,output/operator_group_ablation/ILS_iRace/drop_strategic_operators/seed_034/input/seed_based/be_090x_012t.txt,,,da27c8e3402deb8a0832aaa211b98a39d670003f,true,3.11.2,Linux-6.1.0-44-cloud-amd64-x86_64-with-glibc2.36,
ok,ILS_iRace,drop_insert_operators,full,operator_group_ablation,group:insert,input/seed_based/be_090x_012t.txt,seed_based,45,irace_final,720.000000,600.000000,120.000000,7339438,7349552,9261438,20.643511,0.137803,613.933489,output/operator_group_ablation/ILS_iRace/drop_insert_operators/seed_045/input/seed_based/be_090x_012t.txt,,,da27c8e3402deb8a0832aaa211b98a39d670003f,true,3.11.2,Linux-6.1.0-44-cloud-amd64-x86_64-with-glibc2.36,
ok,ILS_iRace,drop_order_operators,full,operator_group_ablation,group:order,input/seed_based/be_090x_012t.txt,seed_based,45,irace_final,720.000000,600.000000,120.000000,7339438,7353337,9261438,20.602643,0.189374,621.298746,output/operator_group_ablation/ILS_iRace/drop_order_operators/seed_045/input/seed_based/be_090x_012t.txt,,,da27c8e3402deb8a0832aaa211b98a39d670003f,true,3.11.2,Linux-6.1.0-44-cloud-amd64-x86_64-with-glibc2.36,
ok,ILS_iRace,drop_strategic_operators,full,operator_group_ablation,group:strategic,input/seed_based/be_090x_012t.txt,seed_based,45,irace_final,720.000000,600.000000,120.000000,7339438,7357663,9261438,20.555933,0.248316,613.733793,output/operator_group_ablation/ILS_iRace/drop_strategic_operators/seed_045/input/seed_based/be_090x_012t.txt,,,da27c8e3402deb8a0832aaa211b98a39d670003f,true,3.11.2,Linux-6.1.0-44-cloud-amd64-x86_64-with-glibc2.36,
ok,ILS_iRace,drop_insert_operators,full,operator_group_ablation,group:insert,input/seed_based/be_090x_012t.txt,seed_based,56,irace_final,720.000000,600.000000,120.000000,7339438,7353631,9261438,20.599468,0.193380,620.316142,output/operator_group_ablation/ILS_iRace/drop_insert_operators/seed_056/input/seed_based/be_090x_012t.txt,,,da27c8e3402deb8a0832aaa211b98a39d670003f,true,3.11.2,Linux-6.1.0-44-cloud-amd64-x86_64-with-glibc2.36,
ok,ILS_iRace,drop_order_operators,full,operator_group_ablation,group:order,input/seed_based/be_090x_012t.txt,seed_based,56,irace_final,720.000000,600.000000,120.000000,7339438,7357554,9261438,20.557110,0.246831,621.137281,output/operator_group_ablation/ILS_iRace/drop_order_operators/seed_056/input/seed_based/be_090x_012t.txt,,,da27c8e3402deb8a0832aaa211b98a39d670003f,true,3.11.2,Linux-6.1.0-44-cloud-amd64-x86_64-with-glibc2.36,
ok,ILS_iRace,drop_strategic_operators,full,operator_group_ablation,group:strategic,input/seed_based/be_090x_012t.txt,seed_based,56,irace_final,720.000000,600.000000,120.000000,7339438,7351629,9261438,20.621085,0.166103,620.820667,output/operator_group_ablation/ILS_iRace/drop_strategic_operators/seed_056/input/seed_based/be_090x_012t.txt,,,da27c8e3402deb8a0832aaa211b98a39d670003f,true,3.11.2,Linux-6.1.0-44-cloud-amd64-x86_64-with-glibc2.36,
ok,ILS_iRace,drop_insert_operators,full,operator_group_ablation,group:insert,input/seed_based/be_090x_012t.txt,seed_based,67,irace_final,720.000000,600.000000,120.000000,7339438,7348272,9261438,20.657332,0.120363,614.183145,output/operator_group_ablation/ILS_iRace/drop_insert_operators/seed_067/input/seed_based/be_090x_012t.txt,,,da27c8e3402deb8a0832aaa211b98a39d670003f,true,3.11.2,Linux-6.1.0-44-cloud-amd64-x86_64-with-glibc2.36,
ok,ILS_iRace,drop_order_operators,full,operator_group_ablation,group:order,input/seed_based/be_090x_012t.txt,seed_based,67,irace_final,720.000000,600.000000,120.000000,7339438,7346029,9261438,20.681551,0.089803,620.123058,output/operator_group_ablation/ILS_iRace/drop_order_operators/seed_067/input/seed_based/be_090x_012t.txt,,,da27c8e3402deb8a0832aaa211b98a39d670003f,true,3.11.2,Linux-6.1.0-44-cloud-amd64-x86_64-with-glibc2.36,
ok,ILS_iRace,drop_strategic_operators,full,operator_group_ablation,group:strategic,input/seed_based/be_090x_012t.txt,seed_based,67,irace_final,720.000000,600.000000,120.000000,7339438,7354733,9261438,20.587570,0.208395,614.116830,output/operator_group_ablation/ILS_iRace/drop_strategic_operators/seed_067/input/seed_based/be_090x_012t.txt,,,da27c8e3402deb8a0832aaa211b98a39d670003f,true,3.11.2,Linux-6.1.0-44-cloud-amd64-x86_64-with-glibc2.36,
ok,ILS_iRace,drop_insert_operators,full,operator_group_ablation,group:insert,input/seed_based/be_090x_012t.txt,seed_based,78,irace_final,720.000000,600.000000,120.000000,7339438,7347081,9261438,20.670192,0.104136,620.811502,output/operator_group_ablation/ILS_iRace/drop_insert_operators/seed_078/input/seed_based/be_090x_012t.txt,,,da27c8e3402deb8a0832aaa211b98a39d670003f,true,3.11.2,Linux-6.1.0-44-cloud-amd64-x86_64-with-glibc2.36,
ok,ILS_iRace,drop_order_operators,full,operator_group_ablation,group:order,input/seed_based/be_090x_012t.txt,seed_based,78,irace_final,720.000000,600.000000,120.000000,7339438,7355554,9261438,20.578705,0.219581,621.037585,output/operator_group_ablation/ILS_iRace/drop_order_operators/seed_078/input/seed_based/be_090x_012t.txt,,,da27c8e3402deb8a0832aaa211b98a39d670003f,true,3.11.2,Linux-6.1.0-44-cloud-amd64-x86_64-with-glibc2.36,
ok,ILS_iRace,drop_strategic_operators,full,operator_group_ablation,group:strategic,input/seed_based/be_090x_012t.txt,seed_based,78,irace_final,720.000000,600.000000,120.000000,7339438,7356903,9261438,20.564139,0.237961,620.428331,output/operator_group_ablation/ILS_iRace/drop_strategic_operators/seed_078/input/seed_based/be_090x_012t.txt,,,da27c8e3402deb8a0832aaa211b98a39d670003f,true,3.11.2,Linux-6.1.0-44-cloud-amd64-x86_64-with-glibc2.36,
ok,ILS_iRace,drop_insert_operators,full,operator_group_ablation,group:insert,input/seed_based/be_090x_012t.txt,seed_based,89,irace_final,720.000000,600.000000,120.000000,7339438,7350198,9261438,20.636536,0.146605,613.939154,output/operator_group_ablation/ILS_iRace/drop_insert_operators/seed_089/input/seed_based/be_090x_012t.txt,,,da27c8e3402deb8a0832aaa211b98a39d670003f,true,3.11.2,Linux-6.1.0-44-cloud-amd64-x86_64-with-glibc2.36,
ok,ILS_iRace,drop_order_operators,full,operator_group_ablation,group:order,input/seed_based/be_090x_012t.txt,seed_based,89,irace_final,720.000000,600.000000,120.000000,7339438,7356155,9261438,20.572216,0.227769,620.289980,output/operator_group_ablation/ILS_iRace/drop_order_operators/seed_089/input/seed_based/be_090x_012t.txt,,,da27c8e3402deb8a0832aaa211b98a39d670003f,true,3.11.2,Linux-6.1.0-44-cloud-amd64-x86_64-with-glibc2.36,
ok,ILS_iRace,drop_strategic_operators,full,operator_group_ablation,group:strategic,input/seed_based/be_090x_012t.txt,seed_based,89,irace_final,720.000000,600.000000,120.000000,7339438,7355131,9261438,20.583272,0.213817,613.586233,output/operator_group_ablation/ILS_iRace/drop_strategic_operators/seed_089/input/seed_based/be_090x_012t.txt,,,da27c8e3402deb8a0832aaa211b98a39d670003f,true,3.11.2,Linux-6.1.0-44-cloud-amd64-x86_64-with-glibc2.36,
ok,ILS_iRace,drop_insert_operators,full,operator_group_ablation,group:insert,input/seed_based/be_090x_012t.txt,seed_based,100,irace_final,720.000000,600.000000,120.000000,7339438,7349774,9261438,20.641114,0.140828,619.329808,output/operator_group_ablation/ILS_iRace/drop_insert_operators/seed_100/input/seed_based/be_090x_012t.txt,,,da27c8e3402deb8a0832aaa211b98a39d670003f,true,3.11.2,Linux-6.1.0-44-cloud-amd64-x86_64-with-glibc2.36,
ok,ILS_iRace,drop_order_operators,full,operator_group_ablation,group:order,input/seed_based/be_090x_012t.txt,seed_based,100,irace_final,720.000000,600.000000,120.000000,7339438,7350135,9261438,20.637216,0.145747,620.962881,output/operator_group_ablation/ILS_iRace/drop_order_operators/seed_100/input/seed_based/be_090x_012t.txt,,,da27c8e3402deb8a0832aaa211b98a39d670003f,true,3.11.2,Linux-6.1.0-44-cloud-amd64-x86_64-with-glibc2.36,
ok,ILS_iRace,drop_strategic_operators,full,operator_group_ablation,group:strategic,input/seed_based/be_090x_012t.txt,seed_based,100,irace_final,720.000000,600.000000,120.000000,7339438,7355843,9261438,20.575584,0.223518,620.897825,output/operator_group_ablation/ILS_iRace/drop_strategic_operators/seed_100/input/seed_based/be_090x_012t.txt,,,da27c8e3402deb8a0832aaa211b98a39d670003f,true,3.11.2,Linux-6.1.0-44-cloud-amd64-x86_64-with-glibc2.36,
ok,ILS_iRace,drop_insert_operators,full,operator_group_ablation,group:insert,input/seed_based/bf_075x_008t.txt,seed_based,1,irace_final,720.000000,600.000000,120.000000,4493563,4493563,7011170,35.908515,0.000000,613.571167,output/operator_group_ablation/ILS_iRace/drop_insert_operators/seed_001/input/seed_based/bf_075x_008t.txt,,,da27c8e3402deb8a0832aaa211b98a39d670003f,true,3.11.2,Linux-6.1.0-44-cloud-amd64-x86_64-with-glibc2.36,
ok,ILS_iRace,drop_order_operators,full,operator_group_ablation,group:order,input/seed_based/bf_075x_008t.txt,seed_based,1,irace_final,720.000000,600.000000,120.000000,4493563,4493563,7011170,35.908515,0.000000,619.580830,output/operator_group_ablation/ILS_iRace/drop_order_operators/seed_001/input/seed_based/bf_075x_008t.txt,,,da27c8e3402deb8a0832aaa211b98a39d670003f,true,3.11.2,Linux-6.1.0-44-cloud-amd64-x86_64-with-glibc2.36,
ok,ILS_iRace,drop_strategic_operators,full,operator_group_ablation,group:strategic,input/seed_based/bf_075x_008t.txt,seed_based,1,irace_final,720.000000,600.000000,120.000000,4493563,4494124,7011170,35.900513,0.012485,612.985779,output/operator_group_ablation/ILS_iRace/drop_strategic_operators/seed_001/input/seed_based/bf_075x_008t.txt,,,da27c8e3402deb8a0832aaa211b98a39d670003f,true,3.11.2,Linux-6.1.0-44-cloud-amd64-x86_64-with-glibc2.36,
ok,ILS_iRace,drop_insert_operators,full,operator_group_ablation,group:insert,input/seed_based/bf_075x_008t.txt,seed_based,12,irace_final,720.000000,600.000000,120.000000,4493563,4493563,7011170,35.908515,0.000000,619.255827,output/operator_group_ablation/ILS_iRace/drop_insert_operators/seed_012/input/seed_based/bf_075x_008t.txt,,,da27c8e3402deb8a0832aaa211b98a39d670003f,true,3.11.2,Linux-6.1.0-44-cloud-amd64-x86_64-with-glibc2.36,
ok,ILS_iRace,drop_order_operators,full,operator_group_ablation,group:order,input/seed_based/bf_075x_008t.txt,seed_based,12,irace_final,720.000000,600.000000,120.000000,4493563,4493759,7011170,35.905719,0.004362,618.901423,output/operator_group_ablation/ILS_iRace/drop_order_operators/seed_012/input/seed_based/bf_075x_008t.txt,,,da27c8e3402deb8a0832aaa211b98a39d670003f,true,3.11.2,Linux-6.1.0-44-cloud-amd64-x86_64-with-glibc2.36,
ok,ILS_iRace,drop_strategic_operators,full,operator_group_ablation,group:strategic,input/seed_based/bf_075x_008t.txt,seed_based,12,irace_final,720.000000,600.000000,120.000000,4493563,4493563,7011170,35.908515,0.000000,619.261406,output/operator_group_ablation/ILS_iRace/drop_strategic_operators/seed_012/input/seed_based/bf_075x_008t.txt,,,da27c8e3402deb8a0832aaa211b98a39d670003f,true,3.11.2,Linux-6.1.0-44-cloud-amd64-x86_64-with-glibc2.36,
ok,ILS_iRace,drop_insert_operators,full,operator_group_ablation,group:insert,input/seed_based/bf_075x_008t.txt,seed_based,23,irace_final,720.000000,600.000000,120.000000,4493563,4493563,7011170,35.908515,0.000000,612.910640,output/operator_group_ablation/ILS_iRace/drop_insert_operators/seed_023/input/seed_based/bf_075x_008t.txt,,,da27c8e3402deb8a0832aaa211b98a39d670003f,true,3.11.2,Linux-6.1.0-44-cloud-amd64-x86_64-with-glibc2.36,
ok,ILS_iRace,drop_order_operators,full,operator_group_ablation,group:order,input/seed_based/bf_075x_008t.txt,seed_based,23,irace_final,720.000000,600.000000,120.000000,4493563,4494063,7011170,35.901383,0.011127,618.748853,output/operator_group_ablation/ILS_iRace/drop_order_operators/seed_023/input/seed_based/bf_075x_008t.txt,,,da27c8e3402deb8a0832aaa211b98a39d670003f,true,3.11.2,Linux-6.1.0-44-cloud-amd64-x86_64-with-glibc2.36,
ok,ILS_iRace,drop_strategic_operators,full,operator_group_ablation,group:strategic,input/seed_based/bf_075x_008t.txt,seed_based,23,irace_final,720.000000,600.000000,120.000000,4493563,4493563,7011170,35.908515,0.000000,612.678798,output/operator_group_ablation/ILS_iRace/drop_strategic_operators/seed_023/input/seed_based/bf_075x_008t.txt,,,da27c8e3402deb8a0832aaa211b98a39d670003f,true,3.11.2,Linux-6.1.0-44-cloud-amd64-x86_64-with-glibc2.36,
ok,ILS_iRace,drop_insert_operators,full,operator_group_ablation,group:insert,input/seed_based/bf_075x_008t.txt,seed_based,34,irace_final,720.000000,600.000000,120.000000,4493563,4493563,7011170,35.908515,0.000000,618.897741,output/operator_group_ablation/ILS_iRace/drop_insert_operators/seed_034/input/seed_based/bf_075x_008t.txt,,,da27c8e3402deb8a0832aaa211b98a39d670003f,true,3.11.2,Linux-6.1.0-44-cloud-amd64-x86_64-with-glibc2.36,
ok,ILS_iRace,drop_order_operators,full,operator_group_ablation,group:order,input/seed_based/bf_075x_008t.txt,seed_based,34,irace_final,720.000000,600.000000,120.000000,4493563,4493563,7011170,35.908515,0.000000,619.655319,output/operator_group_ablation/ILS_iRace/drop_order_operators/seed_034/input/seed_based/bf_075x_008t.txt,,,da27c8e3402deb8a0832aaa211b98a39d670003f,true,3.11.2,Linux-6.1.0-44-cloud-amd64-x86_64-with-glibc2.36,
ok,ILS_iRace,drop_strategic_operators,full,operator_group_ablation,group:strategic,input/seed_based/bf_075x_008t.txt,seed_based,34,irace_final,720.000000,600.000000,120.000000,4493563,4494124,7011170,35.900513,0.012485,618.367064,output/operator_group_ablation/ILS_iRace/drop_strategic_operators/seed_034/input/seed_based/bf_075x_008t.txt,,,da27c8e3402deb8a0832aaa211b98a39d670003f,true,3.11.2,Linux-6.1.0-44-cloud-amd64-x86_64-with-glibc2.36,
ok,ILS_iRace,drop_insert_operators,full,operator_group_ablation,group:insert,input/seed_based/bf_075x_008t.txt,seed_based,45,irace_final,720.000000,600.000000,120.000000,4493563,4493563,7011170,35.908515,0.000000,612.318753,output/operator_group_ablation/ILS_iRace/drop_insert_operators/seed_045/input/seed_based/bf_075x_008t.txt,,,da27c8e3402deb8a0832aaa211b98a39d670003f,true,3.11.2,Linux-6.1.0-44-cloud-amd64-x86_64-with-glibc2.36,
ok,ILS_iRace,drop_order_operators,full,operator_group_ablation,group:order,input/seed_based/bf_075x_008t.txt,seed_based,45,irace_final,720.000000,600.000000,120.000000,4493563,4493563,7011170,35.908515,0.000000,619.590945,output/operator_group_ablation/ILS_iRace/drop_order_operators/seed_045/input/seed_based/bf_075x_008t.txt,,,da27c8e3402deb8a0832aaa211b98a39d670003f,true,3.11.2,Linux-6.1.0-44-cloud-amd64-x86_64-with-glibc2.36,
ok,ILS_iRace,drop_strategic_operators,full,operator_group_ablation,group:strategic,input/seed_based/bf_075x_008t.txt,seed_based,45,irace_final,720.000000,600.000000,120.000000,4493563,4493759,7011170,35.905719,0.004362,612.546500,output/operator_group_ablation/ILS_iRace/drop_strategic_operators/seed_045/input/seed_based/bf_075x_008t.txt,,,da27c8e3402deb8a0832aaa211b98a39d670003f,true,3.11.2,Linux-6.1.0-44-cloud-amd64-x86_64-with-glibc2.36,
ok,ILS_iRace,drop_insert_operators,full,operator_group_ablation,group:insert,input/seed_based/bf_075x_008t.txt,seed_based,56,irace_final,720.000000,600.000000,120.000000,4493563,4493563,7011170,35.908515,0.000000,618.695638,output/operator_group_ablation/ILS_iRace/drop_insert_operators/seed_056/input/seed_based/bf_075x_008t.txt,,,da27c8e3402deb8a0832aaa211b98a39d670003f,true,3.11.2,Linux-6.1.0-44-cloud-amd64-x86_64-with-glibc2.36,
ok,ILS_iRace,drop_order_operators,full,operator_group_ablation,group:order,input/seed_based/bf_075x_008t.txt,seed_based,56,irace_final,720.000000,600.000000,120.000000,4493563,4494383,7011170,35.896819,0.018248,618.430930,output/operator_group_ablation/ILS_iRace/drop_order_operators/seed_056/input/seed_based/bf_075x_008t.txt,,,da27c8e3402deb8a0832aaa211b98a39d670003f,true,3.11.2,Linux-6.1.0-44-cloud-amd64-x86_64-with-glibc2.36,
ok,ILS_iRace,drop_strategic_operators,full,operator_group_ablation,group:strategic,input/seed_based/bf_075x_008t.txt,seed_based,56,irace_final,720.000000,600.000000,120.000000,4493563,4493759,7011170,35.905719,0.004362,619.395770,output/operator_group_ablation/ILS_iRace/drop_strategic_operators/seed_056/input/seed_based/bf_075x_008t.txt,,,da27c8e3402deb8a0832aaa211b98a39d670003f,true,3.11.2,Linux-6.1.0-44-cloud-amd64-x86_64-with-glibc2.36,
ok,ILS_iRace,drop_insert_operators,full,operator_group_ablation,group:insert,input/seed_based/bf_075x_008t.txt,seed_based,67,irace_final,720.000000,600.000000,120.000000,4493563,4493563,7011170,35.908515,0.000000,612.827789,output/operator_group_ablation/ILS_iRace/drop_insert_operators/seed_067/input/seed_based/bf_075x_008t.txt,,,da27c8e3402deb8a0832aaa211b98a39d670003f,true,3.11.2,Linux-6.1.0-44-cloud-amd64-x86_64-with-glibc2.36,
ok,ILS_iRace,drop_order_operators,full,operator_group_ablation,group:order,input/seed_based/bf_075x_008t.txt,seed_based,67,irace_final,720.000000,600.000000,120.000000,4493563,4493563,7011170,35.908515,0.000000,618.613967,output/operator_group_ablation/ILS_iRace/drop_order_operators/seed_067/input/seed_based/bf_075x_008t.txt,,,da27c8e3402deb8a0832aaa211b98a39d670003f,true,3.11.2,Linux-6.1.0-44-cloud-amd64-x86_64-with-glibc2.36,
ok,ILS_iRace,drop_strategic_operators,full,operator_group_ablation,group:strategic,input/seed_based/bf_075x_008t.txt,seed_based,67,irace_final,720.000000,600.000000,120.000000,4493563,4493563,7011170,35.908515,0.000000,612.686661,output/operator_group_ablation/ILS_iRace/drop_strategic_operators/seed_067/input/seed_based/bf_075x_008t.txt,,,da27c8e3402deb8a0832aaa211b98a39d670003f,true,3.11.2,Linux-6.1.0-44-cloud-amd64-x86_64-with-glibc2.36,
ok,ILS_iRace,drop_insert_operators,full,operator_group_ablation,group:insert,input/seed_based/bf_075x_008t.txt,seed_based,78,irace_final,720.000000,600.000000,120.000000,4493563,4493563,7011170,35.908515,0.000000,619.926787,output/operator_group_ablation/ILS_iRace/drop_insert_operators/seed_078/input/seed_based/bf_075x_008t.txt,,,da27c8e3402deb8a0832aaa211b98a39d670003f,true,3.11.2,Linux-6.1.0-44-cloud-amd64-x86_64-with-glibc2.36,
ok,ILS_iRace,drop_order_operators,full,operator_group_ablation,group:order,input/seed_based/bf_075x_008t.txt,seed_based,78,irace_final,720.000000,600.000000,120.000000,4493563,4493563,7011170,35.908515,0.000000,619.824935,output/operator_group_ablation/ILS_iRace/drop_order_operators/seed_078/input/seed_based/bf_075x_008t.txt,,,da27c8e3402deb8a0832aaa211b98a39d670003f,true,3.11.2,Linux-6.1.0-44-cloud-amd64-x86_64-with-glibc2.36,
ok,ILS_iRace,drop_strategic_operators,full,operator_group_ablation,group:strategic,input/seed_based/bf_075x_008t.txt,seed_based,78,irace_final,720.000000,600.000000,120.000000,4493563,4493563,7011170,35.908515,0.000000,619.476634,output/operator_group_ablation/ILS_iRace/drop_strategic_operators/seed_078/input/seed_based/bf_075x_008t.txt,,,da27c8e3402deb8a0832aaa211b98a39d670003f,true,3.11.2,Linux-6.1.0-44-cloud-amd64-x86_64-with-glibc2.36,
ok,ILS_iRace,drop_insert_operators,full,operator_group_ablation,group:insert,input/seed_based/bf_075x_008t.txt,seed_based,89,irace_final,720.000000,600.000000,120.000000,4493563,4493563,7011170,35.908515,0.000000,612.710705,output/operator_group_ablation/ILS_iRace/drop_insert_operators/seed_089/input/seed_based/bf_075x_008t.txt,,,da27c8e3402deb8a0832aaa211b98a39d670003f,true,3.11.2,Linux-6.1.0-44-cloud-amd64-x86_64-with-glibc2.36,
ok,ILS_iRace,drop_order_operators,full,operator_group_ablation,group:order,input/seed_based/bf_075x_008t.txt,seed_based,89,irace_final,720.000000,600.000000,120.000000,4493563,4493563,7011170,35.908515,0.000000,618.836430,output/operator_group_ablation/ILS_iRace/drop_order_operators/seed_089/input/seed_based/bf_075x_008t.txt,,,da27c8e3402deb8a0832aaa211b98a39d670003f,true,3.11.2,Linux-6.1.0-44-cloud-amd64-x86_64-with-glibc2.36,
ok,ILS_iRace,drop_strategic_operators,full,operator_group_ablation,group:strategic,input/seed_based/bf_075x_008t.txt,seed_based,89,irace_final,720.000000,600.000000,120.000000,4493563,4493563,7011170,35.908515,0.000000,612.575759,output/operator_group_ablation/ILS_iRace/drop_strategic_operators/seed_089/input/seed_based/bf_075x_008t.txt,,,da27c8e3402deb8a0832aaa211b98a39d670003f,true,3.11.2,Linux-6.1.0-44-cloud-amd64-x86_64-with-glibc2.36,
ok,ILS_iRace,drop_insert_operators,full,operator_group_ablation,group:insert,input/seed_based/bf_075x_008t.txt,seed_based,100,irace_final,720.000000,600.000000,120.000000,4493563,4493563,7011170,35.908515,0.000000,618.988771,output/operator_group_ablation/ILS_iRace/drop_insert_operators/seed_100/input/seed_based/bf_075x_008t.txt,,,da27c8e3402deb8a0832aaa211b98a39d670003f,true,3.11.2,Linux-6.1.0-44-cloud-amd64-x86_64-with-glibc2.36,
ok,ILS_iRace,drop_order_operators,full,operator_group_ablation,group:order,input/seed_based/bf_075x_008t.txt,seed_based,100,irace_final,720.000000,600.000000,120.000000,4493563,4493563,7011170,35.908515,0.000000,619.167911,output/operator_group_ablation/ILS_iRace/drop_order_operators/seed_100/input/seed_based/bf_075x_008t.txt,,,da27c8e3402deb8a0832aaa211b98a39d670003f,true,3.11.2,Linux-6.1.0-44-cloud-amd64-x86_64-with-glibc2.36,
ok,ILS_iRace,drop_strategic_operators,full,operator_group_ablation,group:strategic,input/seed_based/bf_075x_008t.txt,seed_based,100,irace_final,720.000000,600.000000,120.000000,4493563,4493563,7011170,35.908515,0.000000,619.488166,output/operator_group_ablation/ILS_iRace/drop_strategic_operators/seed_100/input/seed_based/bf_075x_008t.txt,,,da27c8e3402deb8a0832aaa211b98a39d670003f,true,3.11.2,Linux-6.1.0-44-cloud-amd64-x86_64-with-glibc2.36,
ok,ILS_iRace,drop_insert_operators,full,operator_group_ablation,group:insert,input/seed_based/bf_090x_020t.txt,seed_based,1,irace_final,720.000000,600.000000,120.000000,6872910,6872910,7969327,13.757962,0.000000,625.096825,output/operator_group_ablation/ILS_iRace/drop_insert_operators/seed_001/input/seed_based/bf_090x_020t.txt,,,da27c8e3402deb8a0832aaa211b98a39d670003f,true,3.11.2,Linux-6.1.0-44-cloud-amd64-x86_64-with-glibc2.36,
ok,ILS_iRace,drop_strategic_operators,full,operator_group_ablation,group:strategic,input/seed_based/bf_090x_020t.txt,seed_based,1,irace_final,720.000000,600.000000,120.000000,6872910,6872910,7969327,13.757962,0.000000,624.274137,output/operator_group_ablation/ILS_iRace/drop_strategic_operators/seed_001/input/seed_based/bf_090x_020t.txt,,,da27c8e3402deb8a0832aaa211b98a39d670003f,true,3.11.2,Linux-6.1.0-44-cloud-amd64-x86_64-with-glibc2.36,
ok,ILS_iRace,drop_order_operators,full,operator_group_ablation,group:order,input/seed_based/bf_090x_020t.txt,seed_based,1,irace_final,720.000000,600.000000,120.000000,6872910,6872910,7969327,13.757962,0.000000,642.161480,output/operator_group_ablation/ILS_iRace/drop_order_operators/seed_001/input/seed_based/bf_090x_020t.txt,,,da27c8e3402deb8a0832aaa211b98a39d670003f,true,3.11.2,Linux-6.1.0-44-cloud-amd64-x86_64-with-glibc2.36,
ok,ILS_iRace,drop_insert_operators,full,operator_group_ablation,group:insert,input/seed_based/bf_090x_020t.txt,seed_based,12,irace_final,720.000000,600.000000,120.000000,6872910,6872910,7969327,13.757962,0.000000,640.893767,output/operator_group_ablation/ILS_iRace/drop_insert_operators/seed_012/input/seed_based/bf_090x_020t.txt,,,da27c8e3402deb8a0832aaa211b98a39d670003f,true,3.11.2,Linux-6.1.0-44-cloud-amd64-x86_64-with-glibc2.36,
ok,ILS_iRace,drop_order_operators,full,operator_group_ablation,group:order,input/seed_based/bf_090x_020t.txt,seed_based,12,irace_final,720.000000,600.000000,120.000000,6872910,6872910,7969327,13.757962,0.000000,642.296718,output/operator_group_ablation/ILS_iRace/drop_order_operators/seed_012/input/seed_based/bf_090x_020t.txt,,,da27c8e3402deb8a0832aaa211b98a39d670003f,true,3.11.2,Linux-6.1.0-44-cloud-amd64-x86_64-with-glibc2.36,
ok,ILS_iRace,drop_strategic_operators,full,operator_group_ablation,group:strategic,input/seed_based/bf_090x_020t.txt,seed_based,12,irace_final,720.000000,600.000000,120.000000,6872910,6872910,7969327,13.757962,0.000000,641.514837,output/operator_group_ablation/ILS_iRace/drop_strategic_operators/seed_012/input/seed_based/bf_090x_020t.txt,,,da27c8e3402deb8a0832aaa211b98a39d670003f,true,3.11.2,Linux-6.1.0-44-cloud-amd64-x86_64-with-glibc2.36,
ok,ILS_iRace,drop_insert_operators,full,operator_group_ablation,group:insert,input/seed_based/bf_090x_020t.txt,seed_based,23,irace_final,720.000000,600.000000,120.000000,6872910,6872910,7969327,13.757962,0.000000,625.021234,output/operator_group_ablation/ILS_iRace/drop_insert_operators/seed_023/input/seed_based/bf_090x_020t.txt,,,da27c8e3402deb8a0832aaa211b98a39d670003f,true,3.11.2,Linux-6.1.0-44-cloud-amd64-x86_64-with-glibc2.36,
ok,ILS_iRace,drop_order_operators,full,operator_group_ablation,group:order,input/seed_based/bf_090x_020t.txt,seed_based,23,irace_final,720.000000,600.000000,120.000000,6872910,6872910,7969327,13.757962,0.000000,625.355985,output/operator_group_ablation/ILS_iRace/drop_order_operators/seed_023/input/seed_based/bf_090x_020t.txt,,,da27c8e3402deb8a0832aaa211b98a39d670003f,true,3.11.2,Linux-6.1.0-44-cloud-amd64-x86_64-with-glibc2.36,
ok,ILS_iRace,drop_strategic_operators,full,operator_group_ablation,group:strategic,input/seed_based/bf_090x_020t.txt,seed_based,23,irace_final,720.000000,600.000000,120.000000,6872910,6872910,7969327,13.757962,0.000000,642.523820,output/operator_group_ablation/ILS_iRace/drop_strategic_operators/seed_023/input/seed_based/bf_090x_020t.txt,,,da27c8e3402deb8a0832aaa211b98a39d670003f,true,3.11.2,Linux-6.1.0-44-cloud-amd64-x86_64-with-glibc2.36,
ok,ILS_iRace,drop_insert_operators,full,operator_group_ablation,group:insert,input/seed_based/bf_090x_020t.txt,seed_based,34,irace_final,720.000000,600.000000,120.000000,6872910,6872910,7969327,13.757962,0.000000,641.938735,output/operator_group_ablation/ILS_iRace/drop_insert_operators/seed_034/input/seed_based/bf_090x_020t.txt,,,da27c8e3402deb8a0832aaa211b98a39d670003f,true,3.11.2,Linux-6.1.0-44-cloud-amd64-x86_64-with-glibc2.36,
ok,ILS_iRace,drop_order_operators,full,operator_group_ablation,group:order,input/seed_based/bf_090x_020t.txt,seed_based,34,irace_final,720.000000,600.000000,120.000000,6872910,6872910,7969327,13.757962,0.000000,642.644740,output/operator_group_ablation/ILS_iRace/drop_order_operators/seed_034/input/seed_based/bf_090x_020t.txt,,,da27c8e3402deb8a0832aaa211b98a39d670003f,true,3.11.2,Linux-6.1.0-44-cloud-amd64-x86_64-with-glibc2.36,
ok,ILS_iRace,drop_strategic_operators,full,operator_group_ablation,group:strategic,input/seed_based/bf_090x_020t.txt,seed_based,34,irace_final,720.000000,600.000000,120.000000,6872910,6872910,7969327,13.757962,0.000000,642.470866,output/operator_group_ablation/ILS_iRace/drop_strategic_operators/seed_034/input/seed_based/bf_090x_020t.txt,,,da27c8e3402deb8a0832aaa211b98a39d670003f,true,3.11.2,Linux-6.1.0-44-cloud-amd64-x86_64-with-glibc2.36,
ok,ILS_iRace,drop_insert_operators,full,operator_group_ablation,group:insert,input/seed_based/bf_090x_020t.txt,seed_based,45,irace_final,720.000000,600.000000,120.000000,6872910,6872910,7969327,13.757962,0.000000,625.540070,output/operator_group_ablation/ILS_iRace/drop_insert_operators/seed_045/input/seed_based/bf_090x_020t.txt,,,da27c8e3402deb8a0832aaa211b98a39d670003f,true,3.11.2,Linux-6.1.0-44-cloud-amd64-x86_64-with-glibc2.36,
ok,ILS_iRace,drop_order_operators,full,operator_group_ablation,group:order,input/seed_based/bf_090x_020t.txt,seed_based,45,irace_final,720.000000,600.000000,120.000000,6872910,6872910,7969327,13.757962,0.000000,639.828228,output/operator_group_ablation/ILS_iRace/drop_order_operators/seed_045/input/seed_based/bf_090x_020t.txt,,,da27c8e3402deb8a0832aaa211b98a39d670003f,true,3.11.2,Linux-6.1.0-44-cloud-amd64-x86_64-with-glibc2.36,
ok,ILS_iRace,drop_strategic_operators,full,operator_group_ablation,group:strategic,input/seed_based/bf_090x_020t.txt,seed_based,45,irace_final,720.000000,600.000000,120.000000,6872910,6872910,7969327,13.757962,0.000000,624.372635,output/operator_group_ablation/ILS_iRace/drop_strategic_operators/seed_045/input/seed_based/bf_090x_020t.txt,,,da27c8e3402deb8a0832aaa211b98a39d670003f,true,3.11.2,Linux-6.1.0-44-cloud-amd64-x86_64-with-glibc2.36,
ok,ILS_iRace,drop_insert_operators,full,operator_group_ablation,group:insert,input/seed_based/bf_090x_020t.txt,seed_based,56,irace_final,720.000000,600.000000,120.000000,6872910,6872910,7969327,13.757962,0.000000,640.249932,output/operator_group_ablation/ILS_iRace/drop_insert_operators/seed_056/input/seed_based/bf_090x_020t.txt,,,da27c8e3402deb8a0832aaa211b98a39d670003f,true,3.11.2,Linux-6.1.0-44-cloud-amd64-x86_64-with-glibc2.36,
ok,ILS_iRace,drop_order_operators,full,operator_group_ablation,group:order,input/seed_based/bf_090x_020t.txt,seed_based,56,irace_final,720.000000,600.000000,120.000000,6872910,6872910,7969327,13.757962,0.000000,625.274077,output/operator_group_ablation/ILS_iRace/drop_order_operators/seed_056/input/seed_based/bf_090x_020t.txt,,,da27c8e3402deb8a0832aaa211b98a39d670003f,true,3.11.2,Linux-6.1.0-44-cloud-amd64-x86_64-with-glibc2.36,
ok,ILS_iRace,drop_strategic_operators,full,operator_group_ablation,group:strategic,input/seed_based/bf_090x_020t.txt,seed_based,56,irace_final,720.000000,600.000000,120.000000,6872910,6872910,7969327,13.757962,0.000000,641.504633,output/operator_group_ablation/ILS_iRace/drop_strategic_operators/seed_056/input/seed_based/bf_090x_020t.txt,,,da27c8e3402deb8a0832aaa211b98a39d670003f,true,3.11.2,Linux-6.1.0-44-cloud-amd64-x86_64-with-glibc2.36,
ok,ILS_iRace,drop_insert_operators,full,operator_group_ablation,group:insert,input/seed_based/bf_090x_020t.txt,seed_based,67,irace_final,720.000000,600.000000,120.000000,6872910,6872910,7969327,13.757962,0.000000,641.826845,output/operator_group_ablation/ILS_iRace/drop_insert_operators/seed_067/input/seed_based/bf_090x_020t.txt,,,da27c8e3402deb8a0832aaa211b98a39d670003f,true,3.11.2,Linux-6.1.0-44-cloud-amd64-x86_64-with-glibc2.36,
ok,ILS_iRace,drop_strategic_operators,full,operator_group_ablation,group:strategic,input/seed_based/bf_090x_020t.txt,seed_based,67,irace_final,720.000000,600.000000,120.000000,6872910,6872910,7969327,13.757962,0.000000,624.113127,output/operator_group_ablation/ILS_iRace/drop_strategic_operators/seed_067/input/seed_based/bf_090x_020t.txt,,,da27c8e3402deb8a0832aaa211b98a39d670003f,true,3.11.2,Linux-6.1.0-44-cloud-amd64-x86_64-with-glibc2.36,
ok,ILS_iRace,drop_order_operators,full,operator_group_ablation,group:order,input/seed_based/bf_090x_020t.txt,seed_based,67,irace_final,720.000000,600.000000,120.000000,6872910,6872910,7969327,13.757962,0.000000,641.934465,output/operator_group_ablation/ILS_iRace/drop_order_operators/seed_067/input/seed_based/bf_090x_020t.txt,,,da27c8e3402deb8a0832aaa211b98a39d670003f,true,3.11.2,Linux-6.1.0-44-cloud-amd64-x86_64-with-glibc2.36,
ok,ILS_iRace,drop_insert_operators,full,operator_group_ablation,group:insert,input/seed_based/bf_090x_020t.txt,seed_based,78,irace_final,720.000000,600.000000,120.000000,6872910,6872910,7969327,13.757962,0.000000,639.816667,output/operator_group_ablation/ILS_iRace/drop_insert_operators/seed_078/input/seed_based/bf_090x_020t.txt,,,da27c8e3402deb8a0832aaa211b98a39d670003f,true,3.11.2,Linux-6.1.0-44-cloud-amd64-x86_64-with-glibc2.36,
ok,ILS_iRace,drop_order_operators,full,operator_group_ablation,group:order,input/seed_based/bf_090x_020t.txt,seed_based,78,irace_final,720.000000,600.000000,120.000000,6872910,6872910,7969327,13.757962,0.000000,641.934881,output/operator_group_ablation/ILS_iRace/drop_order_operators/seed_078/input/seed_based/bf_090x_020t.txt,,,da27c8e3402deb8a0832aaa211b98a39d670003f,true,3.11.2,Linux-6.1.0-44-cloud-amd64-x86_64-with-glibc2.36,
ok,ILS_iRace,drop_strategic_operators,full,operator_group_ablation,group:strategic,input/seed_based/bf_090x_020t.txt,seed_based,78,irace_final,720.000000,600.000000,120.000000,6872910,6872910,7969327,13.757962,0.000000,625.748603,output/operator_group_ablation/ILS_iRace/drop_strategic_operators/seed_078/input/seed_based/bf_090x_020t.txt,,,da27c8e3402deb8a0832aaa211b98a39d670003f,true,3.11.2,Linux-6.1.0-44-cloud-amd64-x86_64-with-glibc2.36,
ok,ILS_iRace,drop_insert_operators,full,operator_group_ablation,group:insert,input/seed_based/bf_090x_020t.txt,seed_based,89,irace_final,720.000000,600.000000,120.000000,6872910,6872910,7969327,13.757962,0.000000,641.936944,output/operator_group_ablation/ILS_iRace/drop_insert_operators/seed_089/input/seed_based/bf_090x_020t.txt,,,da27c8e3402deb8a0832aaa211b98a39d670003f,true,3.11.2,Linux-6.1.0-44-cloud-amd64-x86_64-with-glibc2.36,
ok,ILS_iRace,drop_order_operators,full,operator_group_ablation,group:order,input/seed_based/bf_090x_020t.txt,seed_based,89,irace_final,720.000000,600.000000,120.000000,6872910,6872910,7969327,13.757962,0.000000,625.419921,output/operator_group_ablation/ILS_iRace/drop_order_operators/seed_089/input/seed_based/bf_090x_020t.txt,,,da27c8e3402deb8a0832aaa211b98a39d670003f,true,3.11.2,Linux-6.1.0-44-cloud-amd64-x86_64-with-glibc2.36,
ok,ILS_iRace,drop_strategic_operators,full,operator_group_ablation,group:strategic,input/seed_based/bf_090x_020t.txt,seed_based,89,irace_final,720.000000,600.000000,120.000000,6872910,6872910,7969327,13.757962,0.000000,641.683636,output/operator_group_ablation/ILS_iRace/drop_strategic_operators/seed_089/input/seed_based/bf_090x_020t.txt,,,da27c8e3402deb8a0832aaa211b98a39d670003f,true,3.11.2,Linux-6.1.0-44-cloud-amd64-x86_64-with-glibc2.36,
ok,ILS_iRace,drop_insert_operators,full,operator_group_ablation,group:insert,input/seed_based/bf_090x_020t.txt,seed_based,100,irace_final,720.000000,600.000000,120.000000,6872910,6872910,7969327,13.757962,0.000000,642.441908,output/operator_group_ablation/ILS_iRace/drop_insert_operators/seed_100/input/seed_based/bf_090x_020t.txt,,,da27c8e3402deb8a0832aaa211b98a39d670003f,true,3.11.2,Linux-6.1.0-44-cloud-amd64-x86_64-with-glibc2.36,
ok,ILS_iRace,drop_order_operators,full,operator_group_ablation,group:order,input/seed_based/bf_090x_020t.txt,seed_based,100,irace_final,720.000000,600.000000,120.000000,6872910,6872910,7969327,13.757962,0.000000,642.305945,output/operator_group_ablation/ILS_iRace/drop_order_operators/seed_100/input/seed_based/bf_090x_020t.txt,,,da27c8e3402deb8a0832aaa211b98a39d670003f,true,3.11.2,Linux-6.1.0-44-cloud-amd64-x86_64-with-glibc2.36,
ok,ILS_iRace,drop_strategic_operators,full,operator_group_ablation,group:strategic,input/seed_based/bf_090x_020t.txt,seed_based,100,irace_final,720.000000,600.000000,120.000000,6872910,6872910,7969327,13.757962,0.000000,625.018438,output/operator_group_ablation/ILS_iRace/drop_strategic_operators/seed_100/input/seed_based/bf_090x_020t.txt,,,da27c8e3402deb8a0832aaa211b98a39d670003f,true,3.11.2,Linux-6.1.0-44-cloud-amd64-x86_64-with-glibc2.36,
ok,ILS_iRace,drop_insert_operators,full,operator_group_ablation,group:insert,input/seed_based/c_075x_012t.txt,seed_based,1,irace_final,720.000000,600.000000,120.000000,4331516,4331833,16428705,73.632535,0.007318,606.881538,output/operator_group_ablation/ILS_iRace/drop_insert_operators/seed_001/input/seed_based/c_075x_012t.txt,,,da27c8e3402deb8a0832aaa211b98a39d670003f,true,3.11.2,Linux-6.1.0-44-cloud-amd64-x86_64-with-glibc2.36,
ok,ILS_iRace,drop_order_operators,full,operator_group_ablation,group:order,input/seed_based/c_075x_012t.txt,seed_based,1,irace_final,720.000000,600.000000,120.000000,4331516,4331899,16428705,73.632134,0.008842,606.236465,output/operator_group_ablation/ILS_iRace/drop_order_operators/seed_001/input/seed_based/c_075x_012t.txt,,,da27c8e3402deb8a0832aaa211b98a39d670003f,true,3.11.2,Linux-6.1.0-44-cloud-amd64-x86_64-with-glibc2.36,
ok,ILS_iRace,drop_strategic_operators,full,operator_group_ablation,group:strategic,input/seed_based/c_075x_012t.txt,seed_based,1,irace_final,720.000000,600.000000,120.000000,4331516,4331732,16428705,73.633150,0.004987,606.857493,output/operator_group_ablation/ILS_iRace/drop_strategic_operators/seed_001/input/seed_based/c_075x_012t.txt,,,da27c8e3402deb8a0832aaa211b98a39d670003f,true,3.11.2,Linux-6.1.0-44-cloud-amd64-x86_64-with-glibc2.36,
ok,ILS_iRace,drop_insert_operators,full,operator_group_ablation,group:insert,input/seed_based/c_075x_012t.txt,seed_based,12,irace_final,720.000000,600.000000,120.000000,4331516,4331900,16428705,73.632127,0.008865,606.826012,output/operator_group_ablation/ILS_iRace/drop_insert_operators/seed_012/input/seed_based/c_075x_012t.txt,,,da27c8e3402deb8a0832aaa211b98a39d670003f,true,3.11.2,Linux-6.1.0-44-cloud-amd64-x86_64-with-glibc2.36,
ok,ILS_iRace,drop_order_operators,full,operator_group_ablation,group:order,input/seed_based/c_075x_012t.txt,seed_based,12,irace_final,720.000000,600.000000,120.000000,4331516,4331797,16428705,73.632754,0.006487,606.759469,output/operator_group_ablation/ILS_iRace/drop_order_operators/seed_012/input/seed_based/c_075x_012t.txt,,,da27c8e3402deb8a0832aaa211b98a39d670003f,true,3.11.2,Linux-6.1.0-44-cloud-amd64-x86_64-with-glibc2.36,
ok,ILS_iRace,drop_strategic_operators,full,operator_group_ablation,group:strategic,input/seed_based/c_075x_012t.txt,seed_based,12,irace_final,720.000000,600.000000,120.000000,4331516,4331860,16428705,73.632371,0.007942,605.929070,output/operator_group_ablation/ILS_iRace/drop_strategic_operators/seed_012/input/seed_based/c_075x_012t.txt,,,da27c8e3402deb8a0832aaa211b98a39d670003f,true,3.11.2,Linux-6.1.0-44-cloud-amd64-x86_64-with-glibc2.36,
ok,ILS_iRace,drop_insert_operators,full,operator_group_ablation,group:insert,input/seed_based/c_075x_012t.txt,seed_based,23,irace_final,720.000000,600.000000,120.000000,4331670,4331862,16428705,73.632359,0.004432,606.774570,output/operator_group_ablation/ILS_iRace/drop_insert_operators/seed_023/input/seed_based/c_075x_012t.txt,,,da27c8e3402deb8a0832aaa211b98a39d670003f,true,3.11.2,Linux-6.1.0-44-cloud-amd64-x86_64-with-glibc2.36,
ok,ILS_iRace,drop_order_operators,full,operator_group_ablation,group:order,input/seed_based/c_075x_012t.txt,seed_based,23,irace_final,720.000000,600.000000,120.000000,4331670,4331831,16428705,73.632547,0.003717,606.283230,output/operator_group_ablation/ILS_iRace/drop_order_operators/seed_023/input/seed_based/c_075x_012t.txt,,,da27c8e3402deb8a0832aaa211b98a39d670003f,true,3.11.2,Linux-6.1.0-44-cloud-amd64-x86_64-with-glibc2.36,
ok,ILS_iRace,drop_strategic_operators,full,operator_group_ablation,group:strategic,input/seed_based/c_075x_012t.txt,seed_based,23,irace_final,720.000000,600.000000,120.000000,4331670,4331732,16428705,73.633150,0.001431,606.816670,output/operator_group_ablation/ILS_iRace/drop_strategic_operators/seed_023/input/seed_based/c_075x_012t.txt,,,da27c8e3402deb8a0832aaa211b98a39d670003f,true,3.11.2,Linux-6.1.0-44-cloud-amd64-x86_64-with-glibc2.36,
ok,ILS_iRace,drop_insert_operators,full,operator_group_ablation,group:insert,input/seed_based/c_075x_012t.txt,seed_based,34,irace_final,720.000000,600.000000,120.000000,4331516,4331823,16428705,73.632596,0.007088,606.684591,output/operator_group_ablation/ILS_iRace/drop_insert_operators/seed_034/input/seed_based/c_075x_012t.txt,,,da27c8e3402deb8a0832aaa211b98a39d670003f,true,3.11.2,Linux-6.1.0-44-cloud-amd64-x86_64-with-glibc2.36,
ok,ILS_iRace,drop_order_operators,full,operator_group_ablation,group:order,input/seed_based/c_075x_012t.txt,seed_based,34,irace_final,720.000000,600.000000,120.000000,4331516,4331817,16428705,73.632633,0.006949,606.712586,output/operator_group_ablation/ILS_iRace/drop_order_operators/seed_034/input/seed_based/c_075x_012t.txt,,,da27c8e3402deb8a0832aaa211b98a39d670003f,true,3.11.2,Linux-6.1.0-44-cloud-amd64-x86_64-with-glibc2.36,
ok,ILS_iRace,drop_strategic_operators,full,operator_group_ablation,group:strategic,input/seed_based/c_075x_012t.txt,seed_based,34,irace_final,720.000000,600.000000,120.000000,4331516,4331695,16428705,73.633375,0.004133,606.222342,output/operator_group_ablation/ILS_iRace/drop_strategic_operators/seed_034/input/seed_based/c_075x_012t.txt,,,da27c8e3402deb8a0832aaa211b98a39d670003f,true,3.11.2,Linux-6.1.0-44-cloud-amd64-x86_64-with-glibc2.36,
ok,ILS_iRace,drop_insert_operators,full,operator_group_ablation,group:insert,input/seed_based/c_075x_012t.txt,seed_based,45,irace_final,720.000000,600.000000,120.000000,4331775,4331797,16428705,73.632754,0.000508,606.334993,output/operator_group_ablation/ILS_iRace/drop_insert_operators/seed_045/input/seed_based/c_075x_012t.txt,,,da27c8e3402deb8a0832aaa211b98a39d670003f,true,3.11.2,Linux-6.1.0-44-cloud-amd64-x86_64-with-glibc2.36,
ok,ILS_iRace,drop_order_operators,full,operator_group_ablation,group:order,input/seed_based/c_075x_012t.txt,seed_based,45,irace_final,720.000000,600.000000,120.000000,4331775,4331792,16428705,73.632785,0.000392,606.829461,output/operator_group_ablation/ILS_iRace/drop_order_operators/seed_045/input/seed_based/c_075x_012t.txt,,,da27c8e3402deb8a0832aaa211b98a39d670003f,true,3.11.2,Linux-6.1.0-44-cloud-amd64-x86_64-with-glibc2.36,
ok,ILS_iRace,drop_strategic_operators,full,operator_group_ablation,group:strategic,input/seed_based/c_075x_012t.txt,seed_based,45,irace_final,720.000000,600.000000,120.000000,4331775,4331775,16428705,73.632888,0.000000,606.861356,output/operator_group_ablation/ILS_iRace/drop_strategic_operators/seed_045/input/seed_based/c_075x_012t.txt,,,da27c8e3402deb8a0832aaa211b98a39d670003f,true,3.11.2,Linux-6.1.0-44-cloud-amd64-x86_64-with-glibc2.36,
ok,ILS_iRace,drop_insert_operators,full,operator_group_ablation,group:insert,input/seed_based/c_075x_012t.txt,seed_based,56,irace_final,720.000000,600.000000,120.000000,4331516,4332029,16428705,73.631342,0.011843,606.598353,output/operator_group_ablation/ILS_iRace/drop_insert_operators/seed_056/input/seed_based/c_075x_012t.txt,,,da27c8e3402deb8a0832aaa211b98a39d670003f,true,3.11.2,Linux-6.1.0-44-cloud-amd64-x86_64-with-glibc2.36,
ok,ILS_iRace,drop_order_operators,full,operator_group_ablation,group:order,input/seed_based/c_075x_012t.txt,seed_based,56,irace_final,720.000000,600.000000,120.000000,4331516,4331838,16428705,73.632505,0.007434,606.171759,output/operator_group_ablation/ILS_iRace/drop_order_operators/seed_056/input/seed_based/c_075x_012t.txt,,,da27c8e3402deb8a0832aaa211b98a39d670003f,true,3.11.2,Linux-6.1.0-44-cloud-amd64-x86_64-with-glibc2.36,
ok,ILS_iRace,drop_strategic_operators,full,operator_group_ablation,group:strategic,input/seed_based/c_075x_012t.txt,seed_based,56,irace_final,720.000000,600.000000,120.000000,4331516,4331723,16428705,73.633205,0.004779,606.573685,output/operator_group_ablation/ILS_iRace/drop_strategic_operators/seed_056/input/seed_based/c_075x_012t.txt,,,da27c8e3402deb8a0832aaa211b98a39d670003f,true,3.11.2,Linux-6.1.0-44-cloud-amd64-x86_64-with-glibc2.36,
ok,ILS_iRace,drop_insert_operators,full,operator_group_ablation,group:insert,input/seed_based/c_075x_012t.txt,seed_based,67,irace_final,720.000000,600.000000,120.000000,4331516,4331833,16428705,73.632535,0.007318,606.909186,output/operator_group_ablation/ILS_iRace/drop_insert_operators/seed_067/input/seed_based/c_075x_012t.txt,,,da27c8e3402deb8a0832aaa211b98a39d670003f,true,3.11.2,Linux-6.1.0-44-cloud-amd64-x86_64-with-glibc2.36,
ok,ILS_iRace,drop_order_operators,full,operator_group_ablation,group:order,input/seed_based/c_075x_012t.txt,seed_based,67,irace_final,720.000000,600.000000,120.000000,4331516,4331749,16428705,73.633047,0.005379,606.585780,output/operator_group_ablation/ILS_iRace/drop_order_operators/seed_067/input/seed_based/c_075x_012t.txt,,,da27c8e3402deb8a0832aaa211b98a39d670003f,true,3.11.2,Linux-6.1.0-44-cloud-amd64-x86_64-with-glibc2.36,
ok,ILS_iRace,drop_strategic_operators,full,operator_group_ablation,group:strategic,input/seed_based/c_075x_012t.txt,seed_based,67,irace_final,720.000000,600.000000,120.000000,4331516,4331833,16428705,73.632535,0.007318,606.876543,output/operator_group_ablation/ILS_iRace/drop_strategic_operators/seed_067/input/seed_based/c_075x_012t.txt,,,da27c8e3402deb8a0832aaa211b98a39d670003f,true,3.11.2,Linux-6.1.0-44-cloud-amd64-x86_64-with-glibc2.36,
ok,ILS_iRace,drop_insert_operators,full,operator_group_ablation,group:insert,input/seed_based/c_075x_012t.txt,seed_based,78,irace_final,720.000000,600.000000,120.000000,4331833,4331848,16428705,73.632444,0.000346,606.107945,output/operator_group_ablation/ILS_iRace/drop_insert_operators/seed_078/input/seed_based/c_075x_012t.txt,,,da27c8e3402deb8a0832aaa211b98a39d670003f,true,3.11.2,Linux-6.1.0-44-cloud-amd64-x86_64-with-glibc2.36,
ok,ILS_iRace,drop_order_operators,full,operator_group_ablation,group:order,input/seed_based/c_075x_012t.txt,seed_based,78,irace_final,720.000000,600.000000,120.000000,4331833,4331925,16428705,73.631975,0.002124,606.833374,output/operator_group_ablation/ILS_iRace/drop_order_operators/seed_078/input/seed_based/c_075x_012t.txt,,,da27c8e3402deb8a0832aaa211b98a39d670003f,true,3.11.2,Linux-6.1.0-44-cloud-amd64-x86_64-with-glibc2.36,
ok,ILS_iRace,drop_strategic_operators,full,operator_group_ablation,group:strategic,input/seed_based/c_075x_012t.txt,seed_based,78,irace_final,720.000000,600.000000,120.000000,4331833,4331833,16428705,73.632535,0.000000,606.134243,output/operator_group_ablation/ILS_iRace/drop_strategic_operators/seed_078/input/seed_based/c_075x_012t.txt,,,da27c8e3402deb8a0832aaa211b98a39d670003f,true,3.11.2,Linux-6.1.0-44-cloud-amd64-x86_64-with-glibc2.36,
ok,ILS_iRace,drop_insert_operators,full,operator_group_ablation,group:insert,input/seed_based/c_075x_012t.txt,seed_based,89,irace_final,720.000000,600.000000,120.000000,4331695,4331833,16428705,73.632535,0.003186,606.893266,output/operator_group_ablation/ILS_iRace/drop_insert_operators/seed_089/input/seed_based/c_075x_012t.txt,,,da27c8e3402deb8a0832aaa211b98a39d670003f,true,3.11.2,Linux-6.1.0-44-cloud-amd64-x86_64-with-glibc2.36,
ok,ILS_iRace,drop_order_operators,full,operator_group_ablation,group:order,input/seed_based/c_075x_012t.txt,seed_based,89,irace_final,720.000000,600.000000,120.000000,4331695,4331908,16428705,73.632079,0.004917,606.310886,output/operator_group_ablation/ILS_iRace/drop_order_operators/seed_089/input/seed_based/c_075x_012t.txt,,,da27c8e3402deb8a0832aaa211b98a39d670003f,true,3.11.2,Linux-6.1.0-44-cloud-amd64-x86_64-with-glibc2.36,
ok,ILS_iRace,drop_strategic_operators,full,operator_group_ablation,group:strategic,input/seed_based/c_075x_012t.txt,seed_based,89,irace_final,720.000000,600.000000,120.000000,4331695,4331695,16428705,73.633375,0.000000,606.536299,output/operator_group_ablation/ILS_iRace/drop_strategic_operators/seed_089/input/seed_based/c_075x_012t.txt,,,da27c8e3402deb8a0832aaa211b98a39d670003f,true,3.11.2,Linux-6.1.0-44-cloud-amd64-x86_64-with-glibc2.36,
ok,ILS_iRace,drop_insert_operators,full,operator_group_ablation,group:insert,input/seed_based/c_075x_012t.txt,seed_based,100,irace_final,720.000000,600.000000,120.000000,4331516,4331833,16428705,73.632535,0.007318,606.031358,output/operator_group_ablation/ILS_iRace/drop_insert_operators/seed_100/input/seed_based/c_075x_012t.txt,,,da27c8e3402deb8a0832aaa211b98a39d670003f,true,3.11.2,Linux-6.1.0-44-cloud-amd64-x86_64-with-glibc2.36,
ok,ILS_iRace,drop_order_operators,full,operator_group_ablation,group:order,input/seed_based/c_075x_012t.txt,seed_based,100,irace_final,720.000000,600.000000,120.000000,4331516,4331947,16428705,73.631841,0.009950,606.803320,output/operator_group_ablation/ILS_iRace/drop_order_operators/seed_100/input/seed_based/c_075x_012t.txt,,,da27c8e3402deb8a0832aaa211b98a39d670003f,true,3.11.2,Linux-6.1.0-44-cloud-amd64-x86_64-with-glibc2.36,
ok,ILS_iRace,drop_strategic_operators,full,operator_group_ablation,group:strategic,input/seed_based/c_075x_012t.txt,seed_based,100,irace_final,720.000000,600.000000,120.000000,4331516,4331723,16428705,73.633205,0.004779,607.022104,output/operator_group_ablation/ILS_iRace/drop_strategic_operators/seed_100/input/seed_based/c_075x_012t.txt,,,da27c8e3402deb8a0832aaa211b98a39d670003f,true,3.11.2,Linux-6.1.0-44-cloud-amd64-x86_64-with-glibc2.36,
ok,ILS_iRace,drop_insert_operators,full,operator_group_ablation,group:insert,input/seed_based/cd_060x_008t.txt,seed_based,1,irace_final,720.000000,600.000000,120.000000,4426788,4427082,11362607,61.038149,0.006641,608.168092,output/operator_group_ablation/ILS_iRace/drop_insert_operators/seed_001/input/seed_based/cd_060x_008t.txt,,,da27c8e3402deb8a0832aaa211b98a39d670003f,true,3.11.2,Linux-6.1.0-44-cloud-amd64-x86_64-with-glibc2.36,
ok,ILS_iRace,drop_order_operators,full,operator_group_ablation,group:order,input/seed_based/cd_060x_008t.txt,seed_based,1,irace_final,720.000000,600.000000,120.000000,4426788,4428104,11362607,61.029155,0.029728,608.205713,output/operator_group_ablation/ILS_iRace/drop_order_operators/seed_001/input/seed_based/cd_060x_008t.txt,,,da27c8e3402deb8a0832aaa211b98a39d670003f,true,3.11.2,Linux-6.1.0-44-cloud-amd64-x86_64-with-glibc2.36,
ok,ILS_iRace,drop_strategic_operators,full,operator_group_ablation,group:strategic,input/seed_based/cd_060x_008t.txt,seed_based,1,irace_final,720.000000,600.000000,120.000000,4426788,4429082,11362607,61.020547,0.051821,606.920938,output/operator_group_ablation/ILS_iRace/drop_strategic_operators/seed_001/input/seed_based/cd_060x_008t.txt,,,da27c8e3402deb8a0832aaa211b98a39d670003f,true,3.11.2,Linux-6.1.0-44-cloud-amd64-x86_64-with-glibc2.36,
ok,ILS_iRace,drop_insert_operators,full,operator_group_ablation,group:insert,input/seed_based/cd_060x_008t.txt,seed_based,12,irace_final,720.000000,600.000000,120.000000,4426788,4427449,11362607,61.034919,0.014932,606.983315,output/operator_group_ablation/ILS_iRace/drop_insert_operators/seed_012/input/seed_based/cd_060x_008t.txt,,,da27c8e3402deb8a0832aaa211b98a39d670003f,true,3.11.2,Linux-6.1.0-44-cloud-amd64-x86_64-with-glibc2.36,
ok,ILS_iRace,drop_order_operators,full,operator_group_ablation,group:order,input/seed_based/cd_060x_008t.txt,seed_based,12,irace_final,720.000000,600.000000,120.000000,4426788,4428098,11362607,61.029207,0.029593,608.089046,output/operator_group_ablation/ILS_iRace/drop_order_operators/seed_012/input/seed_based/cd_060x_008t.txt,,,da27c8e3402deb8a0832aaa211b98a39d670003f,true,3.11.2,Linux-6.1.0-44-cloud-amd64-x86_64-with-glibc2.36,
ok,ILS_iRace,drop_strategic_operators,full,operator_group_ablation,group:strategic,input/seed_based/cd_060x_008t.txt,seed_based,12,irace_final,720.000000,600.000000,120.000000,4426788,4429106,11362607,61.020336,0.052363,607.845692,output/operator_group_ablation/ILS_iRace/drop_strategic_operators/seed_012/input/seed_based/cd_060x_008t.txt,,,da27c8e3402deb8a0832aaa211b98a39d670003f,true,3.11.2,Linux-6.1.0-44-cloud-amd64-x86_64-with-glibc2.36,
ok,ILS_iRace,drop_insert_operators,full,operator_group_ablation,group:insert,input/seed_based/cd_060x_008t.txt,seed_based,23,irace_final,720.000000,600.000000,120.000000,4426788,4427105,11362607,61.037947,0.007161,608.045407,output/operator_group_ablation/ILS_iRace/drop_insert_operators/seed_023/input/seed_based/cd_060x_008t.txt,,,da27c8e3402deb8a0832aaa211b98a39d670003f,true,3.11.2,Linux-6.1.0-44-cloud-amd64-x86_64-with-glibc2.36,
ok,ILS_iRace,drop_order_operators,full,operator_group_ablation,group:order,input/seed_based/cd_060x_008t.txt,seed_based,23,irace_final,720.000000,600.000000,120.000000,4426788,4428142,11362607,61.028820,0.030587,608.060050,output/operator_group_ablation/ILS_iRace/drop_order_operators/seed_023/input/seed_based/cd_060x_008t.txt,,,da27c8e3402deb8a0832aaa211b98a39d670003f,true,3.11.2,Linux-6.1.0-44-cloud-amd64-x86_64-with-glibc2.36,
ok,ILS_iRace,drop_strategic_operators,full,operator_group_ablation,group:strategic,input/seed_based/cd_060x_008t.txt,seed_based,23,irace_final,720.000000,600.000000,120.000000,4426788,4429539,11362607,61.016526,0.062144,606.921458,output/operator_group_ablation/ILS_iRace/drop_strategic_operators/seed_023/input/seed_based/cd_060x_008t.txt,,,da27c8e3402deb8a0832aaa211b98a39d670003f,true,3.11.2,Linux-6.1.0-44-cloud-amd64-x86_64-with-glibc2.36,
ok,ILS_iRace,drop_insert_operators,full,operator_group_ablation,group:insert,input/seed_based/cd_060x_008t.txt,seed_based,34,irace_final,720.000000,600.000000,120.000000,4426873,4426946,11362607,61.039346,0.001649,607.173825,output/operator_group_ablation/ILS_iRace/drop_insert_operators/seed_034/input/seed_based/cd_060x_008t.txt,,,da27c8e3402deb8a0832aaa211b98a39d670003f,true,3.11.2,Linux-6.1.0-44-cloud-amd64-x86_64-with-glibc2.36,
ok,ILS_iRace,drop_order_operators,full,operator_group_ablation,group:order,input/seed_based/cd_060x_008t.txt,seed_based,34,irace_final,720.000000,600.000000,120.000000,4426873,4427248,11362607,61.036688,0.008471,608.006257,output/operator_group_ablation/ILS_iRace/drop_order_operators/seed_034/input/seed_based/cd_060x_008t.txt,,,da27c8e3402deb8a0832aaa211b98a39d670003f,true,3.11.2,Linux-6.1.0-44-cloud-amd64-x86_64-with-glibc2.36,
ok,ILS_iRace,drop_strategic_operators,full,operator_group_ablation,group:strategic,input/seed_based/cd_060x_008t.txt,seed_based,34,irace_final,720.000000,600.000000,120.000000,4426873,4428917,11362607,61.022000,0.046173,606.928997,output/operator_group_ablation/ILS_iRace/drop_strategic_operators/seed_034/input/seed_based/cd_060x_008t.txt,,,da27c8e3402deb8a0832aaa211b98a39d670003f,true,3.11.2,Linux-6.1.0-44-cloud-amd64-x86_64-with-glibc2.36,
ok,ILS_iRace,drop_insert_operators,full,operator_group_ablation,group:insert,input/seed_based/cd_060x_008t.txt,seed_based,45,irace_final,720.000000,600.000000,120.000000,4426788,4427368,11362607,61.035632,0.013102,607.922170,output/operator_group_ablation/ILS_iRace/drop_insert_operators/seed_045/input/seed_based/cd_060x_008t.txt,,,da27c8e3402deb8a0832aaa211b98a39d670003f,true,3.11.2,Linux-6.1.0-44-cloud-amd64-x86_64-with-glibc2.36,
ok,ILS_iRace,drop_order_operators,full,operator_group_ablation,group:order,input/seed_based/cd_060x_008t.txt,seed_based,45,irace_final,720.000000,600.000000,120.000000,4426788,4428567,11362607,61.025080,0.040187,608.013715,output/operator_group_ablation/ILS_iRace/drop_order_operators/seed_045/input/seed_based/cd_060x_008t.txt,,,da27c8e3402deb8a0832aaa211b98a39d670003f,true,3.11.2,Linux-6.1.0-44-cloud-amd64-x86_64-with-glibc2.36,
ok,ILS_iRace,drop_strategic_operators,full,operator_group_ablation,group:strategic,input/seed_based/cd_060x_008t.txt,seed_based,45,irace_final,720.000000,600.000000,120.000000,4426788,4429366,11362607,61.018048,0.058236,606.881161,output/operator_group_ablation/ILS_iRace/drop_strategic_operators/seed_045/input/seed_based/cd_060x_008t.txt,,,da27c8e3402deb8a0832aaa211b98a39d670003f,true,3.11.2,Linux-6.1.0-44-cloud-amd64-x86_64-with-glibc2.36,
ok,ILS_iRace,drop_insert_operators,full,operator_group_ablation,group:insert,input/seed_based/cd_060x_008t.txt,seed_based,56,irace_final,720.000000,600.000000,120.000000,4426788,4427110,11362607,61.037903,0.007274,607.941545,output/operator_group_ablation/ILS_iRace/drop_insert_operators/seed_056/input/seed_based/cd_060x_008t.txt,,,da27c8e3402deb8a0832aaa211b98a39d670003f,true,3.11.2,Linux-6.1.0-44-cloud-amd64-x86_64-with-glibc2.36,
ok,ILS_iRace,drop_order_operators,full,operator_group_ablation,group:order,input/seed_based/cd_060x_008t.txt,seed_based,56,irace_final,720.000000,600.000000,120.000000,4426788,4427939,11362607,61.030607,0.026001,607.835301,output/operator_group_ablation/ILS_iRace/drop_order_operators/seed_056/input/seed_based/cd_060x_008t.txt,,,da27c8e3402deb8a0832aaa211b98a39d670003f,true,3.11.2,Linux-6.1.0-44-cloud-amd64-x86_64-with-glibc2.36,
ok,ILS_iRace,drop_strategic_operators,full,operator_group_ablation,group:strategic,input/seed_based/cd_060x_008t.txt,seed_based,56,irace_final,720.000000,600.000000,120.000000,4426788,4429298,11362607,61.018647,0.056700,606.848509,output/operator_group_ablation/ILS_iRace/drop_strategic_operators/seed_056/input/seed_based/cd_060x_008t.txt,,,da27c8e3402deb8a0832aaa211b98a39d670003f,true,3.11.2,Linux-6.1.0-44-cloud-amd64-x86_64-with-glibc2.36,
ok,ILS_iRace,drop_insert_operators,full,operator_group_ablation,group:insert,input/seed_based/cd_060x_008t.txt,seed_based,67,irace_final,720.000000,600.000000,120.000000,4426788,4427358,11362607,61.035720,0.012876,608.115049,output/operator_group_ablation/ILS_iRace/drop_insert_operators/seed_067/input/seed_based/cd_060x_008t.txt,,,da27c8e3402deb8a0832aaa211b98a39d670003f,true,3.11.2,Linux-6.1.0-44-cloud-amd64-x86_64-with-glibc2.36,
ok,ILS_iRace,drop_order_operators,full,operator_group_ablation,group:order,input/seed_based/cd_060x_008t.txt,seed_based,67,irace_final,720.000000,600.000000,120.000000,4426788,4428442,11362607,61.026180,0.037363,608.027017,output/operator_group_ablation/ILS_iRace/drop_order_operators/seed_067/input/seed_based/cd_060x_008t.txt,,,da27c8e3402deb8a0832aaa211b98a39d670003f,true,3.11.2,Linux-6.1.0-44-cloud-amd64-x86_64-with-glibc2.36,
ok,ILS_iRace,drop_strategic_operators,full,operator_group_ablation,group:strategic,input/seed_based/cd_060x_008t.txt,seed_based,67,irace_final,720.000000,600.000000,120.000000,4426788,4429390,11362607,61.017837,0.058779,606.856091,output/operator_group_ablation/ILS_iRace/drop_strategic_operators/seed_067/input/seed_based/cd_060x_008t.txt,,,da27c8e3402deb8a0832aaa211b98a39d670003f,true,3.11.2,Linux-6.1.0-44-cloud-amd64-x86_64-with-glibc2.36,
ok,ILS_iRace,drop_insert_operators,full,operator_group_ablation,group:insert,input/seed_based/cd_060x_008t.txt,seed_based,78,irace_final,720.000000,600.000000,120.000000,4426788,4427911,11362607,61.030853,0.025368,607.982793,output/operator_group_ablation/ILS_iRace/drop_insert_operators/seed_078/input/seed_based/cd_060x_008t.txt,,,da27c8e3402deb8a0832aaa211b98a39d670003f,true,3.11.2,Linux-6.1.0-44-cloud-amd64-x86_64-with-glibc2.36,
ok,ILS_iRace,drop_order_operators,full,operator_group_ablation,group:order,input/seed_based/cd_060x_008t.txt,seed_based,78,irace_final,720.000000,600.000000,120.000000,4426788,4428125,11362607,61.028970,0.030202,607.944122,output/operator_group_ablation/ILS_iRace/drop_order_operators/seed_078/input/seed_based/cd_060x_008t.txt,,,da27c8e3402deb8a0832aaa211b98a39d670003f,true,3.11.2,Linux-6.1.0-44-cloud-amd64-x86_64-with-glibc2.36,
ok,ILS_iRace,drop_strategic_operators,full,operator_group_ablation,group:strategic,input/seed_based/cd_060x_008t.txt,seed_based,78,irace_final,720.000000,600.000000,120.000000,4426788,4430318,11362607,61.009670,0.079742,606.938048,output/operator_group_ablation/ILS_iRace/drop_strategic_operators/seed_078/input/seed_based/cd_060x_008t.txt,,,da27c8e3402deb8a0832aaa211b98a39d670003f,true,3.11.2,Linux-6.1.0-44-cloud-amd64-x86_64-with-glibc2.36,
ok,ILS_iRace,drop_insert_operators,full,operator_group_ablation,group:insert,input/seed_based/cd_060x_008t.txt,seed_based,89,irace_final,720.000000,600.000000,120.000000,4426788,4427204,11362607,61.037075,0.009397,608.023743,output/operator_group_ablation/ILS_iRace/drop_insert_operators/seed_089/input/seed_based/cd_060x_008t.txt,,,da27c8e3402deb8a0832aaa211b98a39d670003f,true,3.11.2,Linux-6.1.0-44-cloud-amd64-x86_64-with-glibc2.36,
ok,ILS_iRace,drop_order_operators,full,operator_group_ablation,group:order,input/seed_based/cd_060x_008t.txt,seed_based,89,irace_final,720.000000,600.000000,120.000000,4426788,4428449,11362607,61.026118,0.037522,607.951568,output/operator_group_ablation/ILS_iRace/drop_order_operators/seed_089/input/seed_based/cd_060x_008t.txt,,,da27c8e3402deb8a0832aaa211b98a39d670003f,true,3.11.2,Linux-6.1.0-44-cloud-amd64-x86_64-with-glibc2.36,
ok,ILS_iRace,drop_strategic_operators,full,operator_group_ablation,group:strategic,input/seed_based/cd_060x_008t.txt,seed_based,89,irace_final,720.000000,600.000000,120.000000,4426788,4429184,11362607,61.019650,0.054125,607.019309,output/operator_group_ablation/ILS_iRace/drop_strategic_operators/seed_089/input/seed_based/cd_060x_008t.txt,,,da27c8e3402deb8a0832aaa211b98a39d670003f,true,3.11.2,Linux-6.1.0-44-cloud-amd64-x86_64-with-glibc2.36,
ok,ILS_iRace,drop_insert_operators,full,operator_group_ablation,group:insert,input/seed_based/cd_060x_008t.txt,seed_based,100,irace_final,720.000000,600.000000,120.000000,4426788,4427755,11362607,61.032226,0.021844,607.910952,output/operator_group_ablation/ILS_iRace/drop_insert_operators/seed_100/input/seed_based/cd_060x_008t.txt,,,da27c8e3402deb8a0832aaa211b98a39d670003f,true,3.11.2,Linux-6.1.0-44-cloud-amd64-x86_64-with-glibc2.36,
ok,ILS_iRace,drop_order_operators,full,operator_group_ablation,group:order,input/seed_based/cd_060x_008t.txt,seed_based,100,irace_final,720.000000,600.000000,120.000000,4426788,4428076,11362607,61.029401,0.029096,606.862965,output/operator_group_ablation/ILS_iRace/drop_order_operators/seed_100/input/seed_based/cd_060x_008t.txt,,,da27c8e3402deb8a0832aaa211b98a39d670003f,true,3.11.2,Linux-6.1.0-44-cloud-amd64-x86_64-with-glibc2.36,
ok,ILS_iRace,drop_strategic_operators,full,operator_group_ablation,group:strategic,input/seed_based/cd_060x_008t.txt,seed_based,100,irace_final,720.000000,600.000000,120.000000,4426788,4429424,11362607,61.017538,0.059547,607.887197,output/operator_group_ablation/ILS_iRace/drop_strategic_operators/seed_100/input/seed_based/cd_060x_008t.txt,,,da27c8e3402deb8a0832aaa211b98a39d670003f,true,3.11.2,Linux-6.1.0-44-cloud-amd64-x86_64-with-glibc2.36,
ok,ILS_iRace,drop_insert_operators,full,operator_group_ablation,group:insert,input/seed_based/cd_075x_020t.txt,seed_based,1,irace_final,720.000000,600.000000,120.000000,10847679,10849266,16643615,34.814246,0.014630,610.500339,output/operator_group_ablation/ILS_iRace/drop_insert_operators/seed_001/input/seed_based/cd_075x_020t.txt,,,da27c8e3402deb8a0832aaa211b98a39d670003f,true,3.11.2,Linux-6.1.0-44-cloud-amd64-x86_64-with-glibc2.36,
ok,ILS_iRace,drop_order_operators,full,operator_group_ablation,group:order,input/seed_based/cd_075x_020t.txt,seed_based,1,irace_final,720.000000,600.000000,120.000000,10847679,10853133,16643615,34.791011,0.050278,610.325171,output/operator_group_ablation/ILS_iRace/drop_order_operators/seed_001/input/seed_based/cd_075x_020t.txt,,,da27c8e3402deb8a0832aaa211b98a39d670003f,true,3.11.2,Linux-6.1.0-44-cloud-amd64-x86_64-with-glibc2.36,
ok,ILS_iRace,drop_strategic_operators,full,operator_group_ablation,group:strategic,input/seed_based/cd_075x_020t.txt,seed_based,1,irace_final,720.000000,600.000000,120.000000,10847679,10866411,16643615,34.711233,0.172682,610.378974,output/operator_group_ablation/ILS_iRace/drop_strategic_operators/seed_001/input/seed_based/cd_075x_020t.txt,,,da27c8e3402deb8a0832aaa211b98a39d670003f,true,3.11.2,Linux-6.1.0-44-cloud-amd64-x86_64-with-glibc2.36,
ok,ILS_iRace,drop_insert_operators,full,operator_group_ablation,group:insert,input/seed_based/cd_075x_020t.txt,seed_based,12,irace_final,720.000000,600.000000,120.000000,10847059,10852284,16643615,34.796113,0.048170,608.282759,output/operator_group_ablation/ILS_iRace/drop_insert_operators/seed_012/input/seed_based/cd_075x_020t.txt,,,da27c8e3402deb8a0832aaa211b98a39d670003f,true,3.11.2,Linux-6.1.0-44-cloud-amd64-x86_64-with-glibc2.36,
ok,ILS_iRace,drop_order_operators,full,operator_group_ablation,group:order,input/seed_based/cd_075x_020t.txt,seed_based,12,irace_final,720.000000,600.000000,120.000000,10847059,10847925,16643615,34.822303,0.007984,610.130092,output/operator_group_ablation/ILS_iRace/drop_order_operators/seed_012/input/seed_based/cd_075x_020t.txt,,,da27c8e3402deb8a0832aaa211b98a39d670003f,true,3.11.2,Linux-6.1.0-44-cloud-amd64-x86_64-with-glibc2.36,
ok,ILS_iRace,drop_strategic_operators,full,operator_group_ablation,group:strategic,input/seed_based/cd_075x_020t.txt,seed_based,12,irace_final,720.000000,600.000000,120.000000,10847059,10860923,16643615,34.744207,0.127813,610.327067,output/operator_group_ablation/ILS_iRace/drop_strategic_operators/seed_012/input/seed_based/cd_075x_020t.txt,,,da27c8e3402deb8a0832aaa211b98a39d670003f,true,3.11.2,Linux-6.1.0-44-cloud-amd64-x86_64-with-glibc2.36,
ok,ILS_iRace,drop_insert_operators,full,operator_group_ablation,group:insert,input/seed_based/cd_075x_020t.txt,seed_based,23,irace_final,720.000000,600.000000,120.000000,10846972,10851378,16643615,34.801556,0.040620,610.425442,output/operator_group_ablation/ILS_iRace/drop_insert_operators/seed_023/input/seed_based/cd_075x_020t.txt,,,da27c8e3402deb8a0832aaa211b98a39d670003f,true,3.11.2,Linux-6.1.0-44-cloud-amd64-x86_64-with-glibc2.36,
ok,ILS_iRace,drop_order_operators,full,operator_group_ablation,group:order,input/seed_based/cd_075x_020t.txt,seed_based,23,irace_final,720.000000,600.000000,120.000000,10846972,10856094,16643615,34.773221,0.084097,610.534101,output/operator_group_ablation/ILS_iRace/drop_order_operators/seed_023/input/seed_based/cd_075x_020t.txt,,,da27c8e3402deb8a0832aaa211b98a39d670003f,true,3.11.2,Linux-6.1.0-44-cloud-amd64-x86_64-with-glibc2.36,
ok,ILS_iRace,drop_strategic_operators,full,operator_group_ablation,group:strategic,input/seed_based/cd_075x_020t.txt,seed_based,23,irace_final,720.000000,600.000000,120.000000,10846972,10857455,16643615,34.765044,0.096644,610.847296,output/operator_group_ablation/ILS_iRace/drop_strategic_operators/seed_023/input/seed_based/cd_075x_020t.txt,,,da27c8e3402deb8a0832aaa211b98a39d670003f,true,3.11.2,Linux-6.1.0-44-cloud-amd64-x86_64-with-glibc2.36,
ok,ILS_iRace,drop_insert_operators,full,operator_group_ablation,group:insert,input/seed_based/cd_075x_020t.txt,seed_based,34,irace_final,720.000000,600.000000,120.000000,10846939,10849552,16643615,34.812527,0.024090,608.139838,output/operator_group_ablation/ILS_iRace/drop_insert_operators/seed_034/input/seed_based/cd_075x_020t.txt,,,da27c8e3402deb8a0832aaa211b98a39d670003f,true,3.11.2,Linux-6.1.0-44-cloud-amd64-x86_64-with-glibc2.36,
ok,ILS_iRace,drop_order_operators,full,operator_group_ablation,group:order,input/seed_based/cd_075x_020t.txt,seed_based,34,irace_final,720.000000,600.000000,120.000000,10846939,10854173,16643615,34.784763,0.066692,608.513382,output/operator_group_ablation/ILS_iRace/drop_order_operators/seed_034/input/seed_based/cd_075x_020t.txt,,,da27c8e3402deb8a0832aaa211b98a39d670003f,true,3.11.2,Linux-6.1.0-44-cloud-amd64-x86_64-with-glibc2.36,
ok,ILS_iRace,drop_strategic_operators,full,operator_group_ablation,group:strategic,input/seed_based/cd_075x_020t.txt,seed_based,34,irace_final,720.000000,600.000000,120.000000,10846939,10856636,16643615,34.769964,0.089398,610.167004,output/operator_group_ablation/ILS_iRace/drop_strategic_operators/seed_034/input/seed_based/cd_075x_020t.txt,,,da27c8e3402deb8a0832aaa211b98a39d670003f,true,3.11.2,Linux-6.1.0-44-cloud-amd64-x86_64-with-glibc2.36,
ok,ILS_iRace,drop_insert_operators,full,operator_group_ablation,group:insert,input/seed_based/cd_075x_020t.txt,seed_based,45,irace_final,720.000000,600.000000,120.000000,10846939,10849086,16643615,34.815327,0.019794,610.591903,output/operator_group_ablation/ILS_iRace/drop_insert_operators/seed_045/input/seed_based/cd_075x_020t.txt,,,da27c8e3402deb8a0832aaa211b98a39d670003f,true,3.11.2,Linux-6.1.0-44-cloud-amd64-x86_64-with-glibc2.36,
ok,ILS_iRace,drop_order_operators,full,operator_group_ablation,group:order,input/seed_based/cd_075x_020t.txt,seed_based,45,irace_final,720.000000,600.000000,120.000000,10846939,10849714,16643615,34.811554,0.025583,610.845634,output/operator_group_ablation/ILS_iRace/drop_order_operators/seed_045/input/seed_based/cd_075x_020t.txt,,,da27c8e3402deb8a0832aaa211b98a39d670003f,true,3.11.2,Linux-6.1.0-44-cloud-amd64-x86_64-with-glibc2.36,
ok,ILS_iRace,drop_strategic_operators,full,operator_group_ablation,group:strategic,input/seed_based/cd_075x_020t.txt,seed_based,45,irace_final,720.000000,600.000000,120.000000,10846939,10852884,16643615,34.792508,0.054808,610.597564,output/operator_group_ablation/ILS_iRace/drop_strategic_operators/seed_045/input/seed_based/cd_075x_020t.txt,,,da27c8e3402deb8a0832aaa211b98a39d670003f,true,3.11.2,Linux-6.1.0-44-cloud-amd64-x86_64-with-glibc2.36,
ok,ILS_iRace,drop_insert_operators,full,operator_group_ablation,group:insert,input/seed_based/cd_075x_020t.txt,seed_based,56,irace_final,720.000000,600.000000,120.000000,10846939,10849336,16643615,34.813825,0.022098,608.667490,output/operator_group_ablation/ILS_iRace/drop_insert_operators/seed_056/input/seed_based/cd_075x_020t.txt,,,da27c8e3402deb8a0832aaa211b98a39d670003f,true,3.11.2,Linux-6.1.0-44-cloud-amd64-x86_64-with-glibc2.36,
ok,ILS_iRace,drop_order_operators,full,operator_group_ablation,group:order,input/seed_based/cd_075x_020t.txt,seed_based,56,irace_final,720.000000,600.000000,120.000000,10846939,10855411,16643615,34.777325,0.078105,608.581803,output/operator_group_ablation/ILS_iRace/drop_order_operators/seed_056/input/seed_based/cd_075x_020t.txt,,,da27c8e3402deb8a0832aaa211b98a39d670003f,true,3.11.2,Linux-6.1.0-44-cloud-amd64-x86_64-with-glibc2.36,
ok,ILS_iRace,drop_strategic_operators,full,operator_group_ablation,group:strategic,input/seed_based/cd_075x_020t.txt,seed_based,56,irace_final,720.000000,600.000000,120.000000,10846939,10857156,16643615,34.766840,0.094192,610.512285,output/operator_group_ablation/ILS_iRace/drop_strategic_operators/seed_056/input/seed_based/cd_075x_020t.txt,,,da27c8e3402deb8a0832aaa211b98a39d670003f,true,3.11.2,Linux-6.1.0-44-cloud-amd64-x86_64-with-glibc2.36,
ok,ILS_iRace,drop_insert_operators,full,operator_group_ablation,group:insert,input/seed_based/cd_075x_020t.txt,seed_based,67,irace_final,720.000000,600.000000,120.000000,10847087,10848865,16643615,34.816655,0.016391,610.361500,output/operator_group_ablation/ILS_iRace/drop_insert_operators/seed_067/input/seed_based/cd_075x_020t.txt,,,da27c8e3402deb8a0832aaa211b98a39d670003f,true,3.11.2,Linux-6.1.0-44-cloud-amd64-x86_64-with-glibc2.36,
ok,ILS_iRace,drop_order_operators,full,operator_group_ablation,group:order,input/seed_based/cd_075x_020t.txt,seed_based,67,irace_final,720.000000,600.000000,120.000000,10847087,10851661,16643615,34.799856,0.042168,610.511314,output/operator_group_ablation/ILS_iRace/drop_order_operators/seed_067/input/seed_based/cd_075x_020t.txt,,,da27c8e3402deb8a0832aaa211b98a39d670003f,true,3.11.2,Linux-6.1.0-44-cloud-amd64-x86_64-with-glibc2.36,
ok,ILS_iRace,drop_strategic_operators,full,operator_group_ablation,group:strategic,input/seed_based/cd_075x_020t.txt,seed_based,67,irace_final,720.000000,600.000000,120.000000,10847087,10858945,16643615,34.756091,0.109320,610.752408,output/operator_group_ablation/ILS_iRace/drop_strategic_operators/seed_067/input/seed_based/cd_075x_020t.txt,,,da27c8e3402deb8a0832aaa211b98a39d670003f,true,3.11.2,Linux-6.1.0-44-cloud-amd64-x86_64-with-glibc2.36,
ok,ILS_iRace,drop_insert_operators,full,operator_group_ablation,group:insert,input/seed_based/cd_075x_020t.txt,seed_based,78,irace_final,720.000000,600.000000,120.000000,10846939,10849263,16643615,34.814264,0.021425,608.314514,output/operator_group_ablation/ILS_iRace/drop_insert_operators/seed_078/input/seed_based/cd_075x_020t.txt,,,da27c8e3402deb8a0832aaa211b98a39d670003f,true,3.11.2,Linux-6.1.0-44-cloud-amd64-x86_64-with-glibc2.36,
ok,ILS_iRace,drop_order_operators,full,operator_group_ablation,group:order,input/seed_based/cd_075x_020t.txt,seed_based,78,irace_final,720.000000,600.000000,120.000000,10846939,10850527,16643615,34.806669,0.033078,608.280957,output/operator_group_ablation/ILS_iRace/drop_order_operators/seed_078/input/seed_based/cd_075x_020t.txt,,,da27c8e3402deb8a0832aaa211b98a39d670003f,true,3.11.2,Linux-6.1.0-44-cloud-amd64-x86_64-with-glibc2.36,
ok,ILS_iRace,drop_strategic_operators,full,operator_group_ablation,group:strategic,input/seed_based/cd_075x_020t.txt,seed_based,78,irace_final,720.000000,600.000000,120.000000,10846939,10857255,16643615,34.766245,0.095105,610.854491,output/operator_group_ablation/ILS_iRace/drop_strategic_operators/seed_078/input/seed_based/cd_075x_020t.txt,,,da27c8e3402deb8a0832aaa211b98a39d670003f,true,3.11.2,Linux-6.1.0-44-cloud-amd64-x86_64-with-glibc2.36,
ok,ILS_iRace,drop_insert_operators,full,operator_group_ablation,group:insert,input/seed_based/cd_075x_020t.txt,seed_based,89,irace_final,720.000000,600.000000,120.000000,10846939,10846939,16643615,34.828227,0.000000,610.531182,output/operator_group_ablation/ILS_iRace/drop_insert_operators/seed_089/input/seed_based/cd_075x_020t.txt,,,da27c8e3402deb8a0832aaa211b98a39d670003f,true,3.11.2,Linux-6.1.0-44-cloud-amd64-x86_64-with-glibc2.36,
ok,ILS_iRace,drop_order_operators,full,operator_group_ablation,group:order,input/seed_based/cd_075x_020t.txt,seed_based,89,irace_final,720.000000,600.000000,120.000000,10846939,10849542,16643615,34.812587,0.023998,610.518852,output/operator_group_ablation/ILS_iRace/drop_order_operators/seed_089/input/seed_based/cd_075x_020t.txt,,,da27c8e3402deb8a0832aaa211b98a39d670003f,true,3.11.2,Linux-6.1.0-44-cloud-amd64-x86_64-with-glibc2.36,
ok,ILS_iRace,drop_strategic_operators,full,operator_group_ablation,group:strategic,input/seed_based/cd_075x_020t.txt,seed_based,89,irace_final,720.000000,600.000000,120.000000,10846939,10858404,16643615,34.759342,0.105698,610.583578,output/operator_group_ablation/ILS_iRace/drop_strategic_operators/seed_089/input/seed_based/cd_075x_020t.txt,,,da27c8e3402deb8a0832aaa211b98a39d670003f,true,3.11.2,Linux-6.1.0-44-cloud-amd64-x86_64-with-glibc2.36,
ok,ILS_iRace,drop_insert_operators,full,operator_group_ablation,group:insert,input/seed_based/cd_075x_020t.txt,seed_based,100,irace_final,720.000000,600.000000,120.000000,10847288,10848340,16643615,34.819809,0.009698,608.661440,output/operator_group_ablation/ILS_iRace/drop_insert_operators/seed_100/input/seed_based/cd_075x_020t.txt,,,da27c8e3402deb8a0832aaa211b98a39d670003f,true,3.11.2,Linux-6.1.0-44-cloud-amd64-x86_64-with-glibc2.36,
ok,ILS_iRace,drop_order_operators,full,operator_group_ablation,group:order,input/seed_based/cd_075x_020t.txt,seed_based,100,irace_final,720.000000,600.000000,120.000000,10847288,10855809,16643615,34.774933,0.078554,608.565897,output/operator_group_ablation/ILS_iRace/drop_order_operators/seed_100/input/seed_based/cd_075x_020t.txt,,,da27c8e3402deb8a0832aaa211b98a39d670003f,true,3.11.2,Linux-6.1.0-44-cloud-amd64-x86_64-with-glibc2.36,
ok,ILS_iRace,drop_strategic_operators,full,operator_group_ablation,group:strategic,input/seed_based/cd_075x_020t.txt,seed_based,100,irace_final,720.000000,600.000000,120.000000,10847288,10858655,16643615,34.757834,0.104791,610.801282,output/operator_group_ablation/ILS_iRace/drop_strategic_operators/seed_100/input/seed_based/cd_075x_020t.txt,,,da27c8e3402deb8a0832aaa211b98a39d670003f,true,3.11.2,Linux-6.1.0-44-cloud-amd64-x86_64-with-glibc2.36,
ok,ILS_iRace,drop_insert_operators,full,operator_group_ablation,group:insert,input/seed_based/ce_060x_012t.txt,seed_based,1,irace_final,720.000000,600.000000,120.000000,12973556,13013212,18615160,30.093472,0.305668,610.000329,output/operator_group_ablation/ILS_iRace/drop_insert_operators/seed_001/input/seed_based/ce_060x_012t.txt,,,da27c8e3402deb8a0832aaa211b98a39d670003f,true,3.11.2,Linux-6.1.0-44-cloud-amd64-x86_64-with-glibc2.36,
ok,ILS_iRace,drop_order_operators,full,operator_group_ablation,group:order,input/seed_based/ce_060x_012t.txt,seed_based,1,irace_final,720.000000,600.000000,120.000000,12973556,13013058,18615160,30.094299,0.304481,610.418826,output/operator_group_ablation/ILS_iRace/drop_order_operators/seed_001/input/seed_based/ce_060x_012t.txt,,,da27c8e3402deb8a0832aaa211b98a39d670003f,true,3.11.2,Linux-6.1.0-44-cloud-amd64-x86_64-with-glibc2.36,
ok,ILS_iRace,drop_strategic_operators,full,operator_group_ablation,group:strategic,input/seed_based/ce_060x_012t.txt,seed_based,1,irace_final,720.000000,600.000000,120.000000,12973556,13014191,18615160,30.088213,0.313214,610.899184,output/operator_group_ablation/ILS_iRace/drop_strategic_operators/seed_001/input/seed_based/ce_060x_012t.txt,,,da27c8e3402deb8a0832aaa211b98a39d670003f,true,3.11.2,Linux-6.1.0-44-cloud-amd64-x86_64-with-glibc2.36,
ok,ILS_iRace,drop_insert_operators,full,operator_group_ablation,group:insert,input/seed_based/ce_060x_012t.txt,seed_based,12,irace_final,720.000000,600.000000,120.000000,12973556,13013312,18615160,30.092935,0.306439,610.278561,output/operator_group_ablation/ILS_iRace/drop_insert_operators/seed_012/input/seed_based/ce_060x_012t.txt,,,da27c8e3402deb8a0832aaa211b98a39d670003f,true,3.11.2,Linux-6.1.0-44-cloud-amd64-x86_64-with-glibc2.36,
ok,ILS_iRace,drop_order_operators,full,operator_group_ablation,group:order,input/seed_based/ce_060x_012t.txt,seed_based,12,irace_final,720.000000,600.000000,120.000000,12973556,13012623,18615160,30.096636,0.301128,608.117945,output/operator_group_ablation/ILS_iRace/drop_order_operators/seed_012/input/seed_based/ce_060x_012t.txt,,,da27c8e3402deb8a0832aaa211b98a39d670003f,true,3.11.2,Linux-6.1.0-44-cloud-amd64-x86_64-with-glibc2.36,
ok,ILS_iRace,drop_strategic_operators,full,operator_group_ablation,group:strategic,input/seed_based/ce_060x_012t.txt,seed_based,12,irace_final,720.000000,600.000000,120.000000,12973556,13014310,18615160,30.087574,0.314131,610.039647,output/operator_group_ablation/ILS_iRace/drop_strategic_operators/seed_012/input/seed_based/ce_060x_012t.txt,,,da27c8e3402deb8a0832aaa211b98a39d670003f,true,3.11.2,Linux-6.1.0-44-cloud-amd64-x86_64-with-glibc2.36,
ok,ILS_iRace,drop_insert_operators,full,operator_group_ablation,group:insert,input/seed_based/ce_060x_012t.txt,seed_based,23,irace_final,720.000000,600.000000,120.000000,12973556,13014378,18615160,30.087208,0.314655,608.058022,output/operator_group_ablation/ILS_iRace/drop_insert_operators/seed_023/input/seed_based/ce_060x_012t.txt,,,da27c8e3402deb8a0832aaa211b98a39d670003f,true,3.11.2,Linux-6.1.0-44-cloud-amd64-x86_64-with-glibc2.36,
ok,ILS_iRace,drop_order_operators,full,operator_group_ablation,group:order,input/seed_based/ce_060x_012t.txt,seed_based,23,irace_final,720.000000,600.000000,120.000000,12973556,13013610,18615160,30.091334,0.308736,610.261371,output/operator_group_ablation/ILS_iRace/drop_order_operators/seed_023/input/seed_based/ce_060x_012t.txt,,,da27c8e3402deb8a0832aaa211b98a39d670003f,true,3.11.2,Linux-6.1.0-44-cloud-amd64-x86_64-with-glibc2.36,
ok,ILS_iRace,drop_strategic_operators,full,operator_group_ablation,group:strategic,input/seed_based/ce_060x_012t.txt,seed_based,23,irace_final,720.000000,600.000000,120.000000,12973556,13014248,18615160,30.087907,0.313653,610.029927,output/operator_group_ablation/ILS_iRace/drop_strategic_operators/seed_023/input/seed_based/ce_060x_012t.txt,,,da27c8e3402deb8a0832aaa211b98a39d670003f,true,3.11.2,Linux-6.1.0-44-cloud-amd64-x86_64-with-glibc2.36,
ok,ILS_iRace,drop_insert_operators,full,operator_group_ablation,group:insert,input/seed_based/ce_060x_012t.txt,seed_based,34,irace_final,720.000000,600.000000,120.000000,12973556,13014380,18615160,30.087198,0.314671,610.868598,output/operator_group_ablation/ILS_iRace/drop_insert_operators/seed_034/input/seed_based/ce_060x_012t.txt,,,da27c8e3402deb8a0832aaa211b98a39d670003f,true,3.11.2,Linux-6.1.0-44-cloud-amd64-x86_64-with-glibc2.36,
ok,ILS_iRace,drop_order_operators,full,operator_group_ablation,group:order,input/seed_based/ce_060x_012t.txt,seed_based,34,irace_final,720.000000,600.000000,120.000000,12973556,13011596,18615160,30.102153,0.293212,608.104890,output/operator_group_ablation/ILS_iRace/drop_order_operators/seed_034/input/seed_based/ce_060x_012t.txt,,,da27c8e3402deb8a0832aaa211b98a39d670003f,true,3.11.2,Linux-6.1.0-44-cloud-amd64-x86_64-with-glibc2.36,
ok,ILS_iRace,drop_strategic_operators,full,operator_group_ablation,group:strategic,input/seed_based/ce_060x_012t.txt,seed_based,34,irace_final,720.000000,600.000000,120.000000,12973556,13013914,18615160,30.089701,0.311079,610.632190,output/operator_group_ablation/ILS_iRace/drop_strategic_operators/seed_034/input/seed_based/ce_060x_012t.txt,,,da27c8e3402deb8a0832aaa211b98a39d670003f,true,3.11.2,Linux-6.1.0-44-cloud-amd64-x86_64-with-glibc2.36,
ok,ILS_iRace,drop_insert_operators,full,operator_group_ablation,group:insert,input/seed_based/ce_060x_012t.txt,seed_based,45,irace_final,720.000000,600.000000,120.000000,12973556,13014359,18615160,30.087311,0.314509,610.760767,output/operator_group_ablation/ILS_iRace/drop_insert_operators/seed_045/input/seed_based/ce_060x_012t.txt,,,da27c8e3402deb8a0832aaa211b98a39d670003f,true,3.11.2,Linux-6.1.0-44-cloud-amd64-x86_64-with-glibc2.36,
ok,ILS_iRace,drop_order_operators,full,operator_group_ablation,group:order,input/seed_based/ce_060x_012t.txt,seed_based,45,irace_final,720.000000,600.000000,120.000000,12973556,13011642,18615160,30.101906,0.293566,610.363555,output/operator_group_ablation/ILS_iRace/drop_order_operators/seed_045/input/seed_based/ce_060x_012t.txt,,,da27c8e3402deb8a0832aaa211b98a39d670003f,true,3.11.2,Linux-6.1.0-44-cloud-amd64-x86_64-with-glibc2.36,
ok,ILS_iRace,drop_strategic_operators,full,operator_group_ablation,group:strategic,input/seed_based/ce_060x_012t.txt,seed_based,45,irace_final,720.000000,600.000000,120.000000,12973556,13014092,18615160,30.088745,0.312451,608.064148,output/operator_group_ablation/ILS_iRace/drop_strategic_operators/seed_045/input/seed_based/ce_060x_012t.txt,,,da27c8e3402deb8a0832aaa211b98a39d670003f,true,3.11.2,Linux-6.1.0-44-cloud-amd64-x86_64-with-glibc2.36,
ok,ILS_iRace,drop_insert_operators,full,operator_group_ablation,group:insert,input/seed_based/ce_060x_012t.txt,seed_based,56,irace_final,720.000000,600.000000,120.000000,12973556,13012678,18615160,30.096341,0.301552,610.372255,output/operator_group_ablation/ILS_iRace/drop_insert_operators/seed_056/input/seed_based/ce_060x_012t.txt,,,da27c8e3402deb8a0832aaa211b98a39d670003f,true,3.11.2,Linux-6.1.0-44-cloud-amd64-x86_64-with-glibc2.36,
ok,ILS_iRace,drop_order_operators,full,operator_group_ablation,group:order,input/seed_based/ce_060x_012t.txt,seed_based,56,irace_final,720.000000,600.000000,120.000000,12973556,13012608,18615160,30.096717,0.301012,608.076465,output/operator_group_ablation/ILS_iRace/drop_order_operators/seed_056/input/seed_based/ce_060x_012t.txt,,,da27c8e3402deb8a0832aaa211b98a39d670003f,true,3.11.2,Linux-6.1.0-44-cloud-amd64-x86_64-with-glibc2.36,
ok,ILS_iRace,drop_strategic_operators,full,operator_group_ablation,group:strategic,input/seed_based/ce_060x_012t.txt,seed_based,56,irace_final,720.000000,600.000000,120.000000,12973556,13014495,18615160,30.086580,0.315557,610.152259,output/operator_group_ablation/ILS_iRace/drop_strategic_operators/seed_056/input/seed_based/ce_060x_012t.txt,,,da27c8e3402deb8a0832aaa211b98a39d670003f,true,3.11.2,Linux-6.1.0-44-cloud-amd64-x86_64-with-glibc2.36,
ok,ILS_iRace,drop_insert_operators,full,operator_group_ablation,group:insert,input/seed_based/ce_060x_012t.txt,seed_based,67,irace_final,720.000000,600.000000,120.000000,12973556,13013038,18615160,30.094407,0.304327,610.178904,output/operator_group_ablation/ILS_iRace/drop_insert_operators/seed_067/input/seed_based/ce_060x_012t.txt,,,da27c8e3402deb8a0832aaa211b98a39d670003f,true,3.11.2,Linux-6.1.0-44-cloud-amd64-x86_64-with-glibc2.36,
ok,ILS_iRace,drop_order_operators,full,operator_group_ablation,group:order,input/seed_based/ce_060x_012t.txt,seed_based,67,irace_final,720.000000,600.000000,120.000000,12973556,13011929,18615160,30.100364,0.295779,610.203399,output/operator_group_ablation/ILS_iRace/drop_order_operators/seed_067/input/seed_based/ce_060x_012t.txt,,,da27c8e3402deb8a0832aaa211b98a39d670003f,true,3.11.2,Linux-6.1.0-44-cloud-amd64-x86_64-with-glibc2.36,
ok,ILS_iRace,drop_strategic_operators,full,operator_group_ablation,group:strategic,input/seed_based/ce_060x_012t.txt,seed_based,67,irace_final,720.000000,600.000000,120.000000,12973556,13014240,18615160,30.087950,0.313592,608.883656,output/operator_group_ablation/ILS_iRace/drop_strategic_operators/seed_067/input/seed_based/ce_060x_012t.txt,,,da27c8e3402deb8a0832aaa211b98a39d670003f,true,3.11.2,Linux-6.1.0-44-cloud-amd64-x86_64-with-glibc2.36,
ok,ILS_iRace,drop_insert_operators,full,operator_group_ablation,group:insert,input/seed_based/ce_060x_012t.txt,seed_based,78,irace_final,720.000000,600.000000,120.000000,12973556,13014565,18615160,30.086204,0.316097,610.415375,output/operator_group_ablation/ILS_iRace/drop_insert_operators/seed_078/input/seed_based/ce_060x_012t.txt,,,da27c8e3402deb8a0832aaa211b98a39d670003f,true,3.11.2,Linux-6.1.0-44-cloud-amd64-x86_64-with-glibc2.36,
ok,ILS_iRace,drop_order_operators,full,operator_group_ablation,group:order,input/seed_based/ce_060x_012t.txt,seed_based,78,irace_final,720.000000,600.000000,120.000000,12973556,13012195,18615160,30.098935,0.297829,608.406962,output/operator_group_ablation/ILS_iRace/drop_order_operators/seed_078/input/seed_based/ce_060x_012t.txt,,,da27c8e3402deb8a0832aaa211b98a39d670003f,true,3.11.2,Linux-6.1.0-44-cloud-amd64-x86_64-with-glibc2.36,
ok,ILS_iRace,drop_strategic_operators,full,operator_group_ablation,group:strategic,input/seed_based/ce_060x_012t.txt,seed_based,78,irace_final,720.000000,600.000000,120.000000,12973556,13014062,18615160,30.088906,0.312220,610.772580,output/operator_group_ablation/ILS_iRace/drop_strategic_operators/seed_078/input/seed_based/ce_060x_012t.txt,,,da27c8e3402deb8a0832aaa211b98a39d670003f,true,3.11.2,Linux-6.1.0-44-cloud-amd64-x86_64-with-glibc2.36,
ok,ILS_iRace,drop_insert_operators,full,operator_group_ablation,group:insert,input/seed_based/ce_060x_012t.txt,seed_based,89,irace_final,720.000000,600.000000,120.000000,12973556,13013127,18615160,30.093929,0.305013,608.334342,output/operator_group_ablation/ILS_iRace/drop_insert_operators/seed_089/input/seed_based/ce_060x_012t.txt,,,da27c8e3402deb8a0832aaa211b98a39d670003f,true,3.11.2,Linux-6.1.0-44-cloud-amd64-x86_64-with-glibc2.36,
ok,ILS_iRace,drop_order_operators,full,operator_group_ablation,group:order,input/seed_based/ce_060x_012t.txt,seed_based,89,irace_final,720.000000,600.000000,120.000000,12973556,13013501,18615160,30.091920,0.307896,610.428953,output/operator_group_ablation/ILS_iRace/drop_order_operators/seed_089/input/seed_based/ce_060x_012t.txt,,,da27c8e3402deb8a0832aaa211b98a39d670003f,true,3.11.2,Linux-6.1.0-44-cloud-amd64-x86_64-with-glibc2.36,
ok,ILS_iRace,drop_strategic_operators,full,operator_group_ablation,group:strategic,input/seed_based/ce_060x_012t.txt,seed_based,89,irace_final,720.000000,600.000000,120.000000,12973556,13014365,18615160,30.087278,0.314555,608.255841,output/operator_group_ablation/ILS_iRace/drop_strategic_operators/seed_089/input/seed_based/ce_060x_012t.txt,,,da27c8e3402deb8a0832aaa211b98a39d670003f,true,3.11.2,Linux-6.1.0-44-cloud-amd64-x86_64-with-glibc2.36,
ok,ILS_iRace,drop_insert_operators,full,operator_group_ablation,group:insert,input/seed_based/ce_060x_012t.txt,seed_based,100,irace_final,720.000000,600.000000,120.000000,12973556,13014448,18615160,30.086832,0.315195,610.302308,output/operator_group_ablation/ILS_iRace/drop_insert_operators/seed_100/input/seed_based/ce_060x_012t.txt,,,da27c8e3402deb8a0832aaa211b98a39d670003f,true,3.11.2,Linux-6.1.0-44-cloud-amd64-x86_64-with-glibc2.36,
ok,ILS_iRace,drop_order_operators,full,operator_group_ablation,group:order,input/seed_based/ce_060x_012t.txt,seed_based,100,irace_final,720.000000,600.000000,120.000000,12973556,13013643,18615160,30.091157,0.308990,610.539797,output/operator_group_ablation/ILS_iRace/drop_order_operators/seed_100/input/seed_based/ce_060x_012t.txt,,,da27c8e3402deb8a0832aaa211b98a39d670003f,true,3.11.2,Linux-6.1.0-44-cloud-amd64-x86_64-with-glibc2.36,
ok,ILS_iRace,drop_strategic_operators,full,operator_group_ablation,group:strategic,input/seed_based/ce_060x_012t.txt,seed_based,100,irace_final,720.000000,600.000000,120.000000,12973556,13012824,18615160,30.095557,0.302677,610.615258,output/operator_group_ablation/ILS_iRace/drop_strategic_operators/seed_100/input/seed_based/ce_060x_012t.txt,,,da27c8e3402deb8a0832aaa211b98a39d670003f,true,3.11.2,Linux-6.1.0-44-cloud-amd64-x86_64-with-glibc2.36,
ok,ILS_iRace,drop_insert_operators,full,operator_group_ablation,group:insert,input/seed_based/ce_090x_008t.txt,seed_based,1,irace_final,720.000000,600.000000,120.000000,20368337,20597093,28729695,28.307304,1.123096,616.825978,output/operator_group_ablation/ILS_iRace/drop_insert_operators/seed_001/input/seed_based/ce_090x_008t.txt,,,da27c8e3402deb8a0832aaa211b98a39d670003f,true,3.11.2,Linux-6.1.0-44-cloud-amd64-x86_64-with-glibc2.36,
ok,ILS_iRace,drop_order_operators,full,operator_group_ablation,group:order,input/seed_based/ce_090x_008t.txt,seed_based,1,irace_final,720.000000,600.000000,120.000000,20368337,20686030,28729695,27.997739,1.559740,612.910432,output/operator_group_ablation/ILS_iRace/drop_order_operators/seed_001/input/seed_based/ce_090x_008t.txt,,,da27c8e3402deb8a0832aaa211b98a39d670003f,true,3.11.2,Linux-6.1.0-44-cloud-amd64-x86_64-with-glibc2.36,
ok,ILS_iRace,drop_strategic_operators,full,operator_group_ablation,group:strategic,input/seed_based/ce_090x_008t.txt,seed_based,1,irace_final,720.000000,600.000000,120.000000,20368337,20705773,28729695,27.929019,1.656669,612.054220,output/operator_group_ablation/ILS_iRace/drop_strategic_operators/seed_001/input/seed_based/ce_090x_008t.txt,,,da27c8e3402deb8a0832aaa211b98a39d670003f,true,3.11.2,Linux-6.1.0-44-cloud-amd64-x86_64-with-glibc2.36,
ok,ILS_iRace,drop_insert_operators,full,operator_group_ablation,group:insert,input/seed_based/ce_090x_008t.txt,seed_based,12,irace_final,720.000000,600.000000,120.000000,20368337,20597675,28729695,28.305278,1.125953,616.415852,output/operator_group_ablation/ILS_iRace/drop_insert_operators/seed_012/input/seed_based/ce_090x_008t.txt,,,da27c8e3402deb8a0832aaa211b98a39d670003f,true,3.11.2,Linux-6.1.0-44-cloud-amd64-x86_64-with-glibc2.36,
ok,ILS_iRace,drop_order_operators,full,operator_group_ablation,group:order,input/seed_based/ce_090x_008t.txt,seed_based,12,irace_final,720.000000,600.000000,120.000000,20368337,20650753,28729695,28.120528,1.386544,616.322148,output/operator_group_ablation/ILS_iRace/drop_order_operators/seed_012/input/seed_based/ce_090x_008t.txt,,,da27c8e3402deb8a0832aaa211b98a39d670003f,true,3.11.2,Linux-6.1.0-44-cloud-amd64-x86_64-with-glibc2.36,
ok,ILS_iRace,drop_strategic_operators,full,operator_group_ablation,group:strategic,input/seed_based/ce_090x_008t.txt,seed_based,12,irace_final,720.000000,600.000000,120.000000,20368337,20705584,28729695,27.929677,1.655741,616.531500,output/operator_group_ablation/ILS_iRace/drop_strategic_operators/seed_012/input/seed_based/ce_090x_008t.txt,,,da27c8e3402deb8a0832aaa211b98a39d670003f,true,3.11.2,Linux-6.1.0-44-cloud-amd64-x86_64-with-glibc2.36,
ok,ILS_iRace,drop_insert_operators,full,operator_group_ablation,group:insert,input/seed_based/ce_090x_008t.txt,seed_based,23,irace_final,720.000000,600.000000,120.000000,20368337,20596034,28729695,28.310990,1.117897,615.813778,output/operator_group_ablation/ILS_iRace/drop_insert_operators/seed_023/input/seed_based/ce_090x_008t.txt,,,da27c8e3402deb8a0832aaa211b98a39d670003f,true,3.11.2,Linux-6.1.0-44-cloud-amd64-x86_64-with-glibc2.36,
ok,ILS_iRace,drop_order_operators,full,operator_group_ablation,group:order,input/seed_based/ce_090x_008t.txt,seed_based,23,irace_final,720.000000,600.000000,120.000000,20368337,20657368,28729695,28.097503,1.419021,616.617280,output/operator_group_ablation/ILS_iRace/drop_order_operators/seed_023/input/seed_based/ce_090x_008t.txt,,,da27c8e3402deb8a0832aaa211b98a39d670003f,true,3.11.2,Linux-6.1.0-44-cloud-amd64-x86_64-with-glibc2.36,
ok,ILS_iRace,drop_strategic_operators,full,operator_group_ablation,group:strategic,input/seed_based/ce_090x_008t.txt,seed_based,23,irace_final,720.000000,600.000000,120.000000,20368337,20694752,28729695,27.967380,1.602561,612.126936,output/operator_group_ablation/ILS_iRace/drop_strategic_operators/seed_023/input/seed_based/ce_090x_008t.txt,,,da27c8e3402deb8a0832aaa211b98a39d670003f,true,3.11.2,Linux-6.1.0-44-cloud-amd64-x86_64-with-glibc2.36,
ok,ILS_iRace,drop_insert_operators,full,operator_group_ablation,group:insert,input/seed_based/ce_090x_008t.txt,seed_based,34,irace_final,720.000000,600.000000,120.000000,20368337,20652288,28729695,28.115185,1.394080,611.568898,output/operator_group_ablation/ILS_iRace/drop_insert_operators/seed_034/input/seed_based/ce_090x_008t.txt,,,da27c8e3402deb8a0832aaa211b98a39d670003f,true,3.11.2,Linux-6.1.0-44-cloud-amd64-x86_64-with-glibc2.36,
ok,ILS_iRace,drop_order_operators,full,operator_group_ablation,group:order,input/seed_based/ce_090x_008t.txt,seed_based,34,irace_final,720.000000,600.000000,120.000000,20368337,20663125,28729695,28.077465,1.447286,616.212052,output/operator_group_ablation/ILS_iRace/drop_order_operators/seed_034/input/seed_based/ce_090x_008t.txt,,,da27c8e3402deb8a0832aaa211b98a39d670003f,true,3.11.2,Linux-6.1.0-44-cloud-amd64-x86_64-with-glibc2.36,
ok,ILS_iRace,drop_strategic_operators,full,operator_group_ablation,group:strategic,input/seed_based/ce_090x_008t.txt,seed_based,34,irace_final,720.000000,600.000000,120.000000,20368337,20707172,28729695,27.924150,1.663538,615.934712,output/operator_group_ablation/ILS_iRace/drop_strategic_operators/seed_034/input/seed_based/ce_090x_008t.txt,,,da27c8e3402deb8a0832aaa211b98a39d670003f,true,3.11.2,Linux-6.1.0-44-cloud-amd64-x86_64-with-glibc2.36,
ok,ILS_iRace,drop_insert_operators,full,operator_group_ablation,group:insert,input/seed_based/ce_090x_008t.txt,seed_based,45,irace_final,720.000000,600.000000,120.000000,20368337,20628237,28729695,28.198900,1.276000,616.656851,output/operator_group_ablation/ILS_iRace/drop_insert_operators/seed_045/input/seed_based/ce_090x_008t.txt,,,da27c8e3402deb8a0832aaa211b98a39d670003f,true,3.11.2,Linux-6.1.0-44-cloud-amd64-x86_64-with-glibc2.36,
ok,ILS_iRace,drop_order_operators,full,operator_group_ablation,group:order,input/seed_based/ce_090x_008t.txt,seed_based,45,irace_final,720.000000,600.000000,120.000000,20368337,20668072,28729695,28.060246,1.471573,616.436311,output/operator_group_ablation/ILS_iRace/drop_order_operators/seed_045/input/seed_based/ce_090x_008t.txt,,,da27c8e3402deb8a0832aaa211b98a39d670003f,true,3.11.2,Linux-6.1.0-44-cloud-amd64-x86_64-with-glibc2.36,
ok,ILS_iRace,drop_strategic_operators,full,operator_group_ablation,group:strategic,input/seed_based/ce_090x_008t.txt,seed_based,45,irace_final,720.000000,600.000000,120.000000,20368337,20706293,28729695,27.927209,1.659222,611.864010,output/operator_group_ablation/ILS_iRace/drop_strategic_operators/seed_045/input/seed_based/ce_090x_008t.txt,,,da27c8e3402deb8a0832aaa211b98a39d670003f,true,3.11.2,Linux-6.1.0-44-cloud-amd64-x86_64-with-glibc2.36,
ok,ILS_iRace,drop_insert_operators,full,operator_group_ablation,group:insert,input/seed_based/ce_090x_008t.txt,seed_based,56,irace_final,720.000000,600.000000,120.000000,20368337,20632283,28729695,28.184817,1.295864,612.375215,output/operator_group_ablation/ILS_iRace/drop_insert_operators/seed_056/input/seed_based/ce_090x_008t.txt,,,da27c8e3402deb8a0832aaa211b98a39d670003f,true,3.11.2,Linux-6.1.0-44-cloud-amd64-x86_64-with-glibc2.36,
ok,ILS_iRace,drop_order_operators,full,operator_group_ablation,group:order,input/seed_based/ce_090x_008t.txt,seed_based,56,irace_final,720.000000,600.000000,120.000000,20368337,20660403,28729695,28.086939,1.433922,616.757624,output/operator_group_ablation/ILS_iRace/drop_order_operators/seed_056/input/seed_based/ce_090x_008t.txt,,,da27c8e3402deb8a0832aaa211b98a39d670003f,true,3.11.2,Linux-6.1.0-44-cloud-amd64-x86_64-with-glibc2.36,
ok,ILS_iRace,drop_strategic_operators,full,operator_group_ablation,group:strategic,input/seed_based/ce_090x_008t.txt,seed_based,56,irace_final,720.000000,600.000000,120.000000,20368337,20718685,28729695,27.884076,1.720062,611.951743,output/operator_group_ablation/ILS_iRace/drop_strategic_operators/seed_056/input/seed_based/ce_090x_008t.txt,,,da27c8e3402deb8a0832aaa211b98a39d670003f,true,3.11.2,Linux-6.1.0-44-cloud-amd64-x86_64-with-glibc2.36,
ok,ILS_iRace,drop_insert_operators,full,operator_group_ablation,group:insert,input/seed_based/ce_090x_008t.txt,seed_based,67,irace_final,720.000000,600.000000,120.000000,20368337,20630812,28729695,28.189937,1.288642,616.677925,output/operator_group_ablation/ILS_iRace/drop_insert_operators/seed_067/input/seed_based/ce_090x_008t.txt,,,da27c8e3402deb8a0832aaa211b98a39d670003f,true,3.11.2,Linux-6.1.0-44-cloud-amd64-x86_64-with-glibc2.36,
ok,ILS_iRace,drop_order_operators,full,operator_group_ablation,group:order,input/seed_based/ce_090x_008t.txt,seed_based,67,irace_final,720.000000,600.000000,120.000000,20368337,20666594,28729695,28.065390,1.464317,615.986347,output/operator_group_ablation/ILS_iRace/drop_order_operators/seed_067/input/seed_based/ce_090x_008t.txt,,,da27c8e3402deb8a0832aaa211b98a39d670003f,true,3.11.2,Linux-6.1.0-44-cloud-amd64-x86_64-with-glibc2.36,
ok,ILS_iRace,drop_strategic_operators,full,operator_group_ablation,group:strategic,input/seed_based/ce_090x_008t.txt,seed_based,67,irace_final,720.000000,600.000000,120.000000,20368337,20705207,28729695,27.930989,1.653891,611.714621,output/operator_group_ablation/ILS_iRace/drop_strategic_operators/seed_067/input/seed_based/ce_090x_008t.txt,,,da27c8e3402deb8a0832aaa211b98a39d670003f,true,3.11.2,Linux-6.1.0-44-cloud-amd64-x86_64-with-glibc2.36,
ok,ILS_iRace,drop_insert_operators,full,operator_group_ablation,group:insert,input/seed_based/ce_090x_008t.txt,seed_based,78,irace_final,720.000000,600.000000,120.000000,20368337,20616215,28729695,28.240745,1.216977,616.526840,output/operator_group_ablation/ILS_iRace/drop_insert_operators/seed_078/input/seed_based/ce_090x_008t.txt,,,da27c8e3402deb8a0832aaa211b98a39d670003f,true,3.11.2,Linux-6.1.0-44-cloud-amd64-x86_64-with-glibc2.36,
ok,ILS_iRace,drop_order_operators,full,operator_group_ablation,group:order,input/seed_based/ce_090x_008t.txt,seed_based,78,irace_final,720.000000,600.000000,120.000000,20368337,20666150,28729695,28.066936,1.462137,616.627426,output/operator_group_ablation/ILS_iRace/drop_order_operators/seed_078/input/seed_based/ce_090x_008t.txt,,,da27c8e3402deb8a0832aaa211b98a39d670003f,true,3.11.2,Linux-6.1.0-44-cloud-amd64-x86_64-with-glibc2.36,
ok,ILS_iRace,drop_strategic_operators,full,operator_group_ablation,group:strategic,input/seed_based/ce_090x_008t.txt,seed_based,78,irace_final,720.000000,600.000000,120.000000,20368337,20723367,28729695,27.867779,1.743049,611.763034,output/operator_group_ablation/ILS_iRace/drop_strategic_operators/seed_078/input/seed_based/ce_090x_008t.txt,,,da27c8e3402deb8a0832aaa211b98a39d670003f,true,3.11.2,Linux-6.1.0-44-cloud-amd64-x86_64-with-glibc2.36,
ok,ILS_iRace,drop_insert_operators,full,operator_group_ablation,group:insert,input/seed_based/ce_090x_008t.txt,seed_based,89,irace_final,720.000000,600.000000,120.000000,20368337,20622397,28729695,28.219228,1.247328,615.975406,output/operator_group_ablation/ILS_iRace/drop_insert_operators/seed_089/input/seed_based/ce_090x_008t.txt,,,da27c8e3402deb8a0832aaa211b98a39d670003f,true,3.11.2,Linux-6.1.0-44-cloud-amd64-x86_64-with-glibc2.36,
ok,ILS_iRace,drop_order_operators,full,operator_group_ablation,group:order,input/seed_based/ce_090x_008t.txt,seed_based,89,irace_final,720.000000,600.000000,120.000000,20368337,20644647,28729695,28.141782,1.356566,616.832568,output/operator_group_ablation/ILS_iRace/drop_order_operators/seed_089/input/seed_based/ce_090x_008t.txt,,,da27c8e3402deb8a0832aaa211b98a39d670003f,true,3.11.2,Linux-6.1.0-44-cloud-amd64-x86_64-with-glibc2.36,
ok,ILS_iRace,drop_strategic_operators,full,operator_group_ablation,group:strategic,input/seed_based/ce_090x_008t.txt,seed_based,89,irace_final,720.000000,600.000000,120.000000,20368337,20709245,28729695,27.916934,1.673715,611.970633,output/operator_group_ablation/ILS_iRace/drop_strategic_operators/seed_089/input/seed_based/ce_090x_008t.txt,,,da27c8e3402deb8a0832aaa211b98a39d670003f,true,3.11.2,Linux-6.1.0-44-cloud-amd64-x86_64-with-glibc2.36,
ok,ILS_iRace,drop_insert_operators,full,operator_group_ablation,group:insert,input/seed_based/ce_090x_008t.txt,seed_based,100,irace_final,720.000000,600.000000,120.000000,20368337,20617430,28729695,28.236516,1.222942,616.766003,output/operator_group_ablation/ILS_iRace/drop_insert_operators/seed_100/input/seed_based/ce_090x_008t.txt,,,da27c8e3402deb8a0832aaa211b98a39d670003f,true,3.11.2,Linux-6.1.0-44-cloud-amd64-x86_64-with-glibc2.36,
ok,ILS_iRace,drop_order_operators,full,operator_group_ablation,group:order,input/seed_based/ce_090x_008t.txt,seed_based,100,irace_final,720.000000,600.000000,120.000000,20368337,20654121,28729695,28.108805,1.403080,616.723428,output/operator_group_ablation/ILS_iRace/drop_order_operators/seed_100/input/seed_based/ce_090x_008t.txt,,,da27c8e3402deb8a0832aaa211b98a39d670003f,true,3.11.2,Linux-6.1.0-44-cloud-amd64-x86_64-with-glibc2.36,
ok,ILS_iRace,drop_strategic_operators,full,operator_group_ablation,group:strategic,input/seed_based/ce_090x_008t.txt,seed_based,100,irace_final,720.000000,600.000000,120.000000,20368337,20716617,28729695,27.891274,1.709909,612.129140,output/operator_group_ablation/ILS_iRace/drop_strategic_operators/seed_100/input/seed_based/ce_090x_008t.txt,,,da27c8e3402deb8a0832aaa211b98a39d670003f,true,3.11.2,Linux-6.1.0-44-cloud-amd64-x86_64-with-glibc2.36,
ok,ILS_iRace,drop_insert_operators,full,operator_group_ablation,group:insert,input/seed_based/cf_060x_020t.txt,seed_based,1,irace_final,720.000000,600.000000,120.000000,13440269,13440971,16143221,16.739224,0.005223,621.837969,output/operator_group_ablation/ILS_iRace/drop_insert_operators/seed_001/input/seed_based/cf_060x_020t.txt,,,da27c8e3402deb8a0832aaa211b98a39d670003f,true,3.11.2,Linux-6.1.0-44-cloud-amd64-x86_64-with-glibc2.36,
ok,ILS_iRace,drop_strategic_operators,full,operator_group_ablation,group:strategic,input/seed_based/cf_060x_020t.txt,seed_based,1,irace_final,720.000000,600.000000,120.000000,13440269,13440269,16143221,16.743573,0.000000,614.205916,output/operator_group_ablation/ILS_iRace/drop_strategic_operators/seed_001/input/seed_based/cf_060x_020t.txt,,,da27c8e3402deb8a0832aaa211b98a39d670003f,true,3.11.2,Linux-6.1.0-44-cloud-amd64-x86_64-with-glibc2.36,
ok,ILS_iRace,drop_order_operators,full,operator_group_ablation,group:order,input/seed_based/cf_060x_020t.txt,seed_based,1,irace_final,720.000000,600.000000,120.000000,13440269,13441481,16143221,16.736065,0.009018,621.245908,output/operator_group_ablation/ILS_iRace/drop_order_operators/seed_001/input/seed_based/cf_060x_020t.txt,,,da27c8e3402deb8a0832aaa211b98a39d670003f,true,3.11.2,Linux-6.1.0-44-cloud-amd64-x86_64-with-glibc2.36,
ok,ILS_iRace,drop_insert_operators,full,operator_group_ablation,group:insert,input/seed_based/cf_060x_020t.txt,seed_based,12,irace_final,720.000000,600.000000,120.000000,13440269,13440269,16143221,16.743573,0.000000,620.920072,output/operator_group_ablation/ILS_iRace/drop_insert_operators/seed_012/input/seed_based/cf_060x_020t.txt,,,da27c8e3402deb8a0832aaa211b98a39d670003f,true,3.11.2,Linux-6.1.0-44-cloud-amd64-x86_64-with-glibc2.36,
ok,ILS_iRace,drop_strategic_operators,full,operator_group_ablation,group:strategic,input/seed_based/cf_060x_020t.txt,seed_based,12,irace_final,720.000000,600.000000,120.000000,13440269,13440615,16143221,16.741430,0.002574,614.151072,output/operator_group_ablation/ILS_iRace/drop_strategic_operators/seed_012/input/seed_based/cf_060x_020t.txt,,,da27c8e3402deb8a0832aaa211b98a39d670003f,true,3.11.2,Linux-6.1.0-44-cloud-amd64-x86_64-with-glibc2.36,
ok,ILS_iRace,drop_order_operators,full,operator_group_ablation,group:order,input/seed_based/cf_060x_020t.txt,seed_based,12,irace_final,720.000000,600.000000,120.000000,13440269,13440322,16143221,16.743245,0.000394,620.595888,output/operator_group_ablation/ILS_iRace/drop_order_operators/seed_012/input/seed_based/cf_060x_020t.txt,,,da27c8e3402deb8a0832aaa211b98a39d670003f,true,3.11.2,Linux-6.1.0-44-cloud-amd64-x86_64-with-glibc2.36,
ok,ILS_iRace,drop_insert_operators,full,operator_group_ablation,group:insert,input/seed_based/cf_060x_020t.txt,seed_based,23,irace_final,720.000000,600.000000,120.000000,13440269,13440269,16143221,16.743573,0.000000,620.444456,output/operator_group_ablation/ILS_iRace/drop_insert_operators/seed_023/input/seed_based/cf_060x_020t.txt,,,da27c8e3402deb8a0832aaa211b98a39d670003f,true,3.11.2,Linux-6.1.0-44-cloud-amd64-x86_64-with-glibc2.36,
ok,ILS_iRace,drop_order_operators,full,operator_group_ablation,group:order,input/seed_based/cf_060x_020t.txt,seed_based,23,irace_final,720.000000,600.000000,120.000000,13440269,13441981,16143221,16.732968,0.012738,613.907542,output/operator_group_ablation/ILS_iRace/drop_order_operators/seed_023/input/seed_based/cf_060x_020t.txt,,,da27c8e3402deb8a0832aaa211b98a39d670003f,true,3.11.2,Linux-6.1.0-44-cloud-amd64-x86_64-with-glibc2.36,
ok,ILS_iRace,drop_strategic_operators,full,operator_group_ablation,group:strategic,input/seed_based/cf_060x_020t.txt,seed_based,23,irace_final,720.000000,600.000000,120.000000,13440269,13440615,16143221,16.741430,0.002574,613.703037,output/operator_group_ablation/ILS_iRace/drop_strategic_operators/seed_023/input/seed_based/cf_060x_020t.txt,,,da27c8e3402deb8a0832aaa211b98a39d670003f,true,3.11.2,Linux-6.1.0-44-cloud-amd64-x86_64-with-glibc2.36,
ok,ILS_iRace,drop_insert_operators,full,operator_group_ablation,group:insert,input/seed_based/cf_060x_020t.txt,seed_based,34,irace_final,720.000000,600.000000,120.000000,13440269,13440794,16143221,16.740321,0.003906,620.990809,output/operator_group_ablation/ILS_iRace/drop_insert_operators/seed_034/input/seed_based/cf_060x_020t.txt,,,da27c8e3402deb8a0832aaa211b98a39d670003f,true,3.11.2,Linux-6.1.0-44-cloud-amd64-x86_64-with-glibc2.36,
ok,ILS_iRace,drop_order_operators,full,operator_group_ablation,group:order,input/seed_based/cf_060x_020t.txt,seed_based,34,irace_final,720.000000,600.000000,120.000000,13440269,13442502,16143221,16.729741,0.016614,622.186356,output/operator_group_ablation/ILS_iRace/drop_order_operators/seed_034/input/seed_based/cf_060x_020t.txt,,,da27c8e3402deb8a0832aaa211b98a39d670003f,true,3.11.2,Linux-6.1.0-44-cloud-amd64-x86_64-with-glibc2.36,
ok,ILS_iRace,drop_strategic_operators,full,operator_group_ablation,group:strategic,input/seed_based/cf_060x_020t.txt,seed_based,34,irace_final,720.000000,600.000000,120.000000,13440269,13442088,16143221,16.732305,0.013534,621.690455,output/operator_group_ablation/ILS_iRace/drop_strategic_operators/seed_034/input/seed_based/cf_060x_020t.txt,,,da27c8e3402deb8a0832aaa211b98a39d670003f,true,3.11.2,Linux-6.1.0-44-cloud-amd64-x86_64-with-glibc2.36,
ok,ILS_iRace,drop_insert_operators,full,operator_group_ablation,group:insert,input/seed_based/cf_060x_020t.txt,seed_based,45,irace_final,720.000000,600.000000,120.000000,13440269,13440269,16143221,16.743573,0.000000,620.250209,output/operator_group_ablation/ILS_iRace/drop_insert_operators/seed_045/input/seed_based/cf_060x_020t.txt,,,da27c8e3402deb8a0832aaa211b98a39d670003f,true,3.11.2,Linux-6.1.0-44-cloud-amd64-x86_64-with-glibc2.36,
ok,ILS_iRace,drop_order_operators,full,operator_group_ablation,group:order,input/seed_based/cf_060x_020t.txt,seed_based,45,irace_final,720.000000,600.000000,120.000000,13440269,13441481,16143221,16.736065,0.009018,613.758847,output/operator_group_ablation/ILS_iRace/drop_order_operators/seed_045/input/seed_based/cf_060x_020t.txt,,,da27c8e3402deb8a0832aaa211b98a39d670003f,true,3.11.2,Linux-6.1.0-44-cloud-amd64-x86_64-with-glibc2.36,
ok,ILS_iRace,drop_strategic_operators,full,operator_group_ablation,group:strategic,input/seed_based/cf_060x_020t.txt,seed_based,45,irace_final,720.000000,600.000000,120.000000,13440269,13441069,16143221,16.738617,0.005952,620.985034,output/operator_group_ablation/ILS_iRace/drop_strategic_operators/seed_045/input/seed_based/cf_060x_020t.txt,,,da27c8e3402deb8a0832aaa211b98a39d670003f,true,3.11.2,Linux-6.1.0-44-cloud-amd64-x86_64-with-glibc2.36,
ok,ILS_iRace,drop_insert_operators,full,operator_group_ablation,group:insert,input/seed_based/cf_060x_020t.txt,seed_based,56,irace_final,720.000000,600.000000,120.000000,13440269,13440681,16143221,16.741021,0.003065,622.024156,output/operator_group_ablation/ILS_iRace/drop_insert_operators/seed_056/input/seed_based/cf_060x_020t.txt,,,da27c8e3402deb8a0832aaa211b98a39d670003f,true,3.11.2,Linux-6.1.0-44-cloud-amd64-x86_64-with-glibc2.36,
ok,ILS_iRace,drop_strategic_operators,full,operator_group_ablation,group:strategic,input/seed_based/cf_060x_020t.txt,seed_based,56,irace_final,720.000000,600.000000,120.000000,13440269,13442102,16143221,16.732218,0.013638,614.402005,output/operator_group_ablation/ILS_iRace/drop_strategic_operators/seed_056/input/seed_based/cf_060x_020t.txt,,,da27c8e3402deb8a0832aaa211b98a39d670003f,true,3.11.2,Linux-6.1.0-44-cloud-amd64-x86_64-with-glibc2.36,
ok,ILS_iRace,drop_order_operators,full,operator_group_ablation,group:order,input/seed_based/cf_060x_020t.txt,seed_based,56,irace_final,720.000000,600.000000,120.000000,13440269,13441183,16143221,16.737911,0.006800,621.052987,output/operator_group_ablation/ILS_iRace/drop_order_operators/seed_056/input/seed_based/cf_060x_020t.txt,,,da27c8e3402deb8a0832aaa211b98a39d670003f,true,3.11.2,Linux-6.1.0-44-cloud-amd64-x86_64-with-glibc2.36,
ok,ILS_iRace,drop_insert_operators,full,operator_group_ablation,group:insert,input/seed_based/cf_060x_020t.txt,seed_based,67,irace_final,720.000000,600.000000,120.000000,13440269,13440269,16143221,16.743573,0.000000,621.016043,output/operator_group_ablation/ILS_iRace/drop_insert_operators/seed_067/input/seed_based/cf_060x_020t.txt,,,da27c8e3402deb8a0832aaa211b98a39d670003f,true,3.11.2,Linux-6.1.0-44-cloud-amd64-x86_64-with-glibc2.36,
ok,ILS_iRace,drop_order_operators,full,operator_group_ablation,group:order,input/seed_based/cf_060x_020t.txt,seed_based,67,irace_final,720.000000,600.000000,120.000000,13440269,13441481,16143221,16.736065,0.009018,614.158443,output/operator_group_ablation/ILS_iRace/drop_order_operators/seed_067/input/seed_based/cf_060x_020t.txt,,,da27c8e3402deb8a0832aaa211b98a39d670003f,true,3.11.2,Linux-6.1.0-44-cloud-amd64-x86_64-with-glibc2.36,
ok,ILS_iRace,drop_strategic_operators,full,operator_group_ablation,group:strategic,input/seed_based/cf_060x_020t.txt,seed_based,67,irace_final,720.000000,600.000000,120.000000,13440269,13440269,16143221,16.743573,0.000000,620.590270,output/operator_group_ablation/ILS_iRace/drop_strategic_operators/seed_067/input/seed_based/cf_060x_020t.txt,,,da27c8e3402deb8a0832aaa211b98a39d670003f,true,3.11.2,Linux-6.1.0-44-cloud-amd64-x86_64-with-glibc2.36,
ok,ILS_iRace,drop_insert_operators,full,operator_group_ablation,group:insert,input/seed_based/cf_060x_020t.txt,seed_based,78,irace_final,720.000000,600.000000,120.000000,13440269,13440269,16143221,16.743573,0.000000,622.145542,output/operator_group_ablation/ILS_iRace/drop_insert_operators/seed_078/input/seed_based/cf_060x_020t.txt,,,da27c8e3402deb8a0832aaa211b98a39d670003f,true,3.11.2,Linux-6.1.0-44-cloud-amd64-x86_64-with-glibc2.36,
ok,ILS_iRace,drop_order_operators,full,operator_group_ablation,group:order,input/seed_based/cf_060x_020t.txt,seed_based,78,irace_final,720.000000,600.000000,120.000000,13440269,13441981,16143221,16.732968,0.012738,614.182411,output/operator_group_ablation/ILS_iRace/drop_order_operators/seed_078/input/seed_based/cf_060x_020t.txt,,,da27c8e3402deb8a0832aaa211b98a39d670003f,true,3.11.2,Linux-6.1.0-44-cloud-amd64-x86_64-with-glibc2.36,
ok,ILS_iRace,drop_strategic_operators,full,operator_group_ablation,group:strategic,input/seed_based/cf_060x_020t.txt,seed_based,78,irace_final,720.000000,600.000000,120.000000,13440269,13440385,16143221,16.742854,0.000863,622.055383,output/operator_group_ablation/ILS_iRace/drop_strategic_operators/seed_078/input/seed_based/cf_060x_020t.txt,,,da27c8e3402deb8a0832aaa211b98a39d670003f,true,3.11.2,Linux-6.1.0-44-cloud-amd64-x86_64-with-glibc2.36,
ok,ILS_iRace,drop_insert_operators,full,operator_group_ablation,group:insert,input/seed_based/cf_060x_020t.txt,seed_based,89,irace_final,720.000000,600.000000,120.000000,13440269,13440269,16143221,16.743573,0.000000,620.382198,output/operator_group_ablation/ILS_iRace/drop_insert_operators/seed_089/input/seed_based/cf_060x_020t.txt,,,da27c8e3402deb8a0832aaa211b98a39d670003f,true,3.11.2,Linux-6.1.0-44-cloud-amd64-x86_64-with-glibc2.36,
ok,ILS_iRace,drop_order_operators,full,operator_group_ablation,group:order,input/seed_based/cf_060x_020t.txt,seed_based,89,irace_final,720.000000,600.000000,120.000000,13440269,13442043,16143221,16.732584,0.013199,613.933870,output/operator_group_ablation/ILS_iRace/drop_order_operators/seed_089/input/seed_based/cf_060x_020t.txt,,,da27c8e3402deb8a0832aaa211b98a39d670003f,true,3.11.2,Linux-6.1.0-44-cloud-amd64-x86_64-with-glibc2.36,
ok,ILS_iRace,drop_strategic_operators,full,operator_group_ablation,group:strategic,input/seed_based/cf_060x_020t.txt,seed_based,89,irace_final,720.000000,600.000000,120.000000,13440269,13440269,16143221,16.743573,0.000000,620.988369,output/operator_group_ablation/ILS_iRace/drop_strategic_operators/seed_089/input/seed_based/cf_060x_020t.txt,,,da27c8e3402deb8a0832aaa211b98a39d670003f,true,3.11.2,Linux-6.1.0-44-cloud-amd64-x86_64-with-glibc2.36,
ok,ILS_iRace,drop_insert_operators,full,operator_group_ablation,group:insert,input/seed_based/cf_060x_020t.txt,seed_based,100,irace_final,720.000000,600.000000,120.000000,13440269,13440269,16143221,16.743573,0.000000,621.388764,output/operator_group_ablation/ILS_iRace/drop_insert_operators/seed_100/input/seed_based/cf_060x_020t.txt,,,da27c8e3402deb8a0832aaa211b98a39d670003f,true,3.11.2,Linux-6.1.0-44-cloud-amd64-x86_64-with-glibc2.36,
ok,ILS_iRace,drop_order_operators,full,operator_group_ablation,group:order,input/seed_based/cf_060x_020t.txt,seed_based,100,irace_final,720.000000,600.000000,120.000000,13440269,13441631,16143221,16.735136,0.010134,614.529671,output/operator_group_ablation/ILS_iRace/drop_order_operators/seed_100/input/seed_based/cf_060x_020t.txt,,,da27c8e3402deb8a0832aaa211b98a39d670003f,true,3.11.2,Linux-6.1.0-44-cloud-amd64-x86_64-with-glibc2.36,
ok,ILS_iRace,drop_strategic_operators,full,operator_group_ablation,group:strategic,input/seed_based/cf_060x_020t.txt,seed_based,100,irace_final,720.000000,600.000000,120.000000,13440269,13442088,16143221,16.732305,0.013534,621.458762,output/operator_group_ablation/ILS_iRace/drop_strategic_operators/seed_100/input/seed_based/cf_060x_020t.txt,,,da27c8e3402deb8a0832aaa211b98a39d670003f,true,3.11.2,Linux-6.1.0-44-cloud-amd64-x86_64-with-glibc2.36,
ok,ILS_iRace,drop_insert_operators,full,operator_group_ablation,group:insert,input/seed_based/cf_090x_012t.txt,seed_based,1,irace_final,720.000000,600.000000,120.000000,21422637,21425558,28288174,24.259664,0.013635,635.987230,output/operator_group_ablation/ILS_iRace/drop_insert_operators/seed_001/input/seed_based/cf_090x_012t.txt,,,da27c8e3402deb8a0832aaa211b98a39d670003f,true,3.11.2,Linux-6.1.0-44-cloud-amd64-x86_64-with-glibc2.36,
ok,ILS_iRace,drop_order_operators,full,operator_group_ablation,group:order,input/seed_based/cf_090x_012t.txt,seed_based,1,irace_final,720.000000,600.000000,120.000000,21422637,21425244,28288174,24.260774,0.012169,638.055979,output/operator_group_ablation/ILS_iRace/drop_order_operators/seed_001/input/seed_based/cf_090x_012t.txt,,,da27c8e3402deb8a0832aaa211b98a39d670003f,true,3.11.2,Linux-6.1.0-44-cloud-amd64-x86_64-with-glibc2.36,
ok,ILS_iRace,drop_strategic_operators,full,operator_group_ablation,group:strategic,input/seed_based/cf_090x_012t.txt,seed_based,1,irace_final,720.000000,600.000000,120.000000,21422637,21424792,28288174,24.262372,0.010059,636.914377,output/operator_group_ablation/ILS_iRace/drop_strategic_operators/seed_001/input/seed_based/cf_090x_012t.txt,,,da27c8e3402deb8a0832aaa211b98a39d670003f,true,3.11.2,Linux-6.1.0-44-cloud-amd64-x86_64-with-glibc2.36,
ok,ILS_iRace,drop_insert_operators,full,operator_group_ablation,group:insert,input/seed_based/cf_090x_012t.txt,seed_based,12,irace_final,720.000000,600.000000,120.000000,21422637,21425558,28288174,24.259664,0.013635,639.589314,output/operator_group_ablation/ILS_iRace/drop_insert_operators/seed_012/input/seed_based/cf_090x_012t.txt,,,da27c8e3402deb8a0832aaa211b98a39d670003f,true,3.11.2,Linux-6.1.0-44-cloud-amd64-x86_64-with-glibc2.36,
ok,ILS_iRace,drop_order_operators,full,operator_group_ablation,group:order,input/seed_based/cf_090x_012t.txt,seed_based,12,irace_final,720.000000,600.000000,120.000000,21422637,21425988,28288174,24.258144,0.015642,624.714801,output/operator_group_ablation/ILS_iRace/drop_order_operators/seed_012/input/seed_based/cf_090x_012t.txt,,,da27c8e3402deb8a0832aaa211b98a39d670003f,true,3.11.2,Linux-6.1.0-44-cloud-amd64-x86_64-with-glibc2.36,
ok,ILS_iRace,drop_strategic_operators,full,operator_group_ablation,group:strategic,input/seed_based/cf_090x_012t.txt,seed_based,12,irace_final,720.000000,600.000000,120.000000,21422637,21425110,28288174,24.261248,0.011544,637.384065,output/operator_group_ablation/ILS_iRace/drop_strategic_operators/seed_012/input/seed_based/cf_090x_012t.txt,,,da27c8e3402deb8a0832aaa211b98a39d670003f,true,3.11.2,Linux-6.1.0-44-cloud-amd64-x86_64-with-glibc2.36,
ok,ILS_iRace,drop_insert_operators,full,operator_group_ablation,group:insert,input/seed_based/cf_090x_012t.txt,seed_based,23,irace_final,720.000000,600.000000,120.000000,21422637,21425558,28288174,24.259664,0.013635,624.231291,output/operator_group_ablation/ILS_iRace/drop_insert_operators/seed_023/input/seed_based/cf_090x_012t.txt,,,da27c8e3402deb8a0832aaa211b98a39d670003f,true,3.11.2,Linux-6.1.0-44-cloud-amd64-x86_64-with-glibc2.36,
ok,ILS_iRace,drop_order_operators,full,operator_group_ablation,group:order,input/seed_based/cf_090x_012t.txt,seed_based,23,irace_final,720.000000,600.000000,120.000000,21422637,21425558,28288174,24.259664,0.013635,638.235695,output/operator_group_ablation/ILS_iRace/drop_order_operators/seed_023/input/seed_based/cf_090x_012t.txt,,,da27c8e3402deb8a0832aaa211b98a39d670003f,true,3.11.2,Linux-6.1.0-44-cloud-amd64-x86_64-with-glibc2.36,
ok,ILS_iRace,drop_strategic_operators,full,operator_group_ablation,group:strategic,input/seed_based/cf_090x_012t.txt,seed_based,23,irace_final,720.000000,600.000000,120.000000,21422637,21424769,28288174,24.262453,0.009952,635.275740,output/operator_group_ablation/ILS_iRace/drop_strategic_operators/seed_023/input/seed_based/cf_090x_012t.txt,,,da27c8e3402deb8a0832aaa211b98a39d670003f,true,3.11.2,Linux-6.1.0-44-cloud-amd64-x86_64-with-glibc2.36,
ok,ILS_iRace,drop_order_operators,full,operator_group_ablation,group:order,input/seed_based/cf_090x_012t.txt,seed_based,34,irace_final,720.000000,600.000000,120.000000,21422637,21425558,28288174,24.259664,0.013635,624.569564,output/operator_group_ablation/ILS_iRace/drop_order_operators/seed_034/input/seed_based/cf_090x_012t.txt,,,da27c8e3402deb8a0832aaa211b98a39d670003f,true,3.11.2,Linux-6.1.0-44-cloud-amd64-x86_64-with-glibc2.36,
ok,ILS_iRace,drop_insert_operators,full,operator_group_ablation,group:insert,input/seed_based/cf_090x_012t.txt,seed_based,34,irace_final,720.000000,600.000000,120.000000,21422637,21425558,28288174,24.259664,0.013635,638.756559,output/operator_group_ablation/ILS_iRace/drop_insert_operators/seed_034/input/seed_based/cf_090x_012t.txt,,,da27c8e3402deb8a0832aaa211b98a39d670003f,true,3.11.2,Linux-6.1.0-44-cloud-amd64-x86_64-with-glibc2.36,
ok,ILS_iRace,drop_strategic_operators,full,operator_group_ablation,group:strategic,input/seed_based/cf_090x_012t.txt,seed_based,34,irace_final,720.000000,600.000000,120.000000,21422637,21424769,28288174,24.262453,0.009952,635.307064,output/operator_group_ablation/ILS_iRace/drop_strategic_operators/seed_034/input/seed_based/cf_090x_012t.txt,,,da27c8e3402deb8a0832aaa211b98a39d670003f,true,3.11.2,Linux-6.1.0-44-cloud-amd64-x86_64-with-glibc2.36,
ok,ILS_iRace,drop_insert_operators,full,operator_group_ablation,group:insert,input/seed_based/cf_090x_012t.txt,seed_based,45,irace_final,720.000000,600.000000,120.000000,21422637,21425558,28288174,24.259664,0.013635,624.996649,output/operator_group_ablation/ILS_iRace/drop_insert_operators/seed_045/input/seed_based/cf_090x_012t.txt,,,da27c8e3402deb8a0832aaa211b98a39d670003f,true,3.11.2,Linux-6.1.0-44-cloud-amd64-x86_64-with-glibc2.36,
ok,ILS_iRace,drop_order_operators,full,operator_group_ablation,group:order,input/seed_based/cf_090x_012t.txt,seed_based,45,irace_final,720.000000,600.000000,120.000000,21422637,21425244,28288174,24.260774,0.012169,638.122785,output/operator_group_ablation/ILS_iRace/drop_order_operators/seed_045/input/seed_based/cf_090x_012t.txt,,,da27c8e3402deb8a0832aaa211b98a39d670003f,true,3.11.2,Linux-6.1.0-44-cloud-amd64-x86_64-with-glibc2.36,
ok,ILS_iRace,drop_strategic_operators,full,operator_group_ablation,group:strategic,input/seed_based/cf_090x_012t.txt,seed_based,45,irace_final,720.000000,600.000000,120.000000,21422637,21424250,28288174,24.264288,0.007529,636.559266,output/operator_group_ablation/ILS_iRace/drop_strategic_operators/seed_045/input/seed_based/cf_090x_012t.txt,,,da27c8e3402deb8a0832aaa211b98a39d670003f,true,3.11.2,Linux-6.1.0-44-cloud-amd64-x86_64-with-glibc2.36,
ok,ILS_iRace,drop_insert_operators,full,operator_group_ablation,group:insert,input/seed_based/cf_090x_012t.txt,seed_based,56,irace_final,720.000000,600.000000,120.000000,21422637,21425558,28288174,24.259664,0.013635,624.318771,output/operator_group_ablation/ILS_iRace/drop_insert_operators/seed_056/input/seed_based/cf_090x_012t.txt,,,da27c8e3402deb8a0832aaa211b98a39d670003f,true,3.11.2,Linux-6.1.0-44-cloud-amd64-x86_64-with-glibc2.36,
ok,ILS_iRace,drop_order_operators,full,operator_group_ablation,group:order,input/seed_based/cf_090x_012t.txt,seed_based,56,irace_final,720.000000,600.000000,120.000000,21422637,21425558,28288174,24.259664,0.013635,638.595720,output/operator_group_ablation/ILS_iRace/drop_order_operators/seed_056/input/seed_based/cf_090x_012t.txt,,,da27c8e3402deb8a0832aaa211b98a39d670003f,true,3.11.2,Linux-6.1.0-44-cloud-amd64-x86_64-with-glibc2.36,
ok,ILS_iRace,drop_strategic_operators,full,operator_group_ablation,group:strategic,input/seed_based/cf_090x_012t.txt,seed_based,56,irace_final,720.000000,600.000000,120.000000,21422637,21424250,28288174,24.264288,0.007529,635.282740,output/operator_group_ablation/ILS_iRace/drop_strategic_operators/seed_056/input/seed_based/cf_090x_012t.txt,,,da27c8e3402deb8a0832aaa211b98a39d670003f,true,3.11.2,Linux-6.1.0-44-cloud-amd64-x86_64-with-glibc2.36,
ok,ILS_iRace,drop_insert_operators,full,operator_group_ablation,group:insert,input/seed_based/cf_090x_012t.txt,seed_based,67,irace_final,720.000000,600.000000,120.000000,21422637,21425558,28288174,24.259664,0.013635,623.723601,output/operator_group_ablation/ILS_iRace/drop_insert_operators/seed_067/input/seed_based/cf_090x_012t.txt,,,da27c8e3402deb8a0832aaa211b98a39d670003f,true,3.11.2,Linux-6.1.0-44-cloud-amd64-x86_64-with-glibc2.36,
ok,ILS_iRace,drop_order_operators,full,operator_group_ablation,group:order,input/seed_based/cf_090x_012t.txt,seed_based,67,irace_final,720.000000,600.000000,120.000000,21422637,21425558,28288174,24.259664,0.013635,638.490565,output/operator_group_ablation/ILS_iRace/drop_order_operators/seed_067/input/seed_based/cf_090x_012t.txt,,,da27c8e3402deb8a0832aaa211b98a39d670003f,true,3.11.2,Linux-6.1.0-44-cloud-amd64-x86_64-with-glibc2.36,
ok,ILS_iRace,drop_strategic_operators,full,operator_group_ablation,group:strategic,input/seed_based/cf_090x_012t.txt,seed_based,67,irace_final,720.000000,600.000000,120.000000,21422637,21425558,28288174,24.259664,0.013635,635.912714,output/operator_group_ablation/ILS_iRace/drop_strategic_operators/seed_067/input/seed_based/cf_090x_012t.txt,,,da27c8e3402deb8a0832aaa211b98a39d670003f,true,3.11.2,Linux-6.1.0-44-cloud-amd64-x86_64-with-glibc2.36,
ok,ILS_iRace,drop_insert_operators,full,operator_group_ablation,group:insert,input/seed_based/cf_090x_012t.txt,seed_based,78,irace_final,720.000000,600.000000,120.000000,21422637,21425558,28288174,24.259664,0.013635,623.401087,output/operator_group_ablation/ILS_iRace/drop_insert_operators/seed_078/input/seed_based/cf_090x_012t.txt,,,da27c8e3402deb8a0832aaa211b98a39d670003f,true,3.11.2,Linux-6.1.0-44-cloud-amd64-x86_64-with-glibc2.36,
ok,ILS_iRace,drop_order_operators,full,operator_group_ablation,group:order,input/seed_based/cf_090x_012t.txt,seed_based,78,irace_final,720.000000,600.000000,120.000000,21422637,21425244,28288174,24.260774,0.012169,638.422181,output/operator_group_ablation/ILS_iRace/drop_order_operators/seed_078/input/seed_based/cf_090x_012t.txt,,,da27c8e3402deb8a0832aaa211b98a39d670003f,true,3.11.2,Linux-6.1.0-44-cloud-amd64-x86_64-with-glibc2.36,
ok,ILS_iRace,drop_strategic_operators,full,operator_group_ablation,group:strategic,input/seed_based/cf_090x_012t.txt,seed_based,78,irace_final,720.000000,600.000000,120.000000,21422637,21425558,28288174,24.259664,0.013635,635.916410,output/operator_group_ablation/ILS_iRace/drop_strategic_operators/seed_078/input/seed_based/cf_090x_012t.txt,,,da27c8e3402deb8a0832aaa211b98a39d670003f,true,3.11.2,Linux-6.1.0-44-cloud-amd64-x86_64-with-glibc2.36,
ok,ILS_iRace,drop_insert_operators,full,operator_group_ablation,group:insert,input/seed_based/cf_090x_012t.txt,seed_based,89,irace_final,720.000000,600.000000,120.000000,21422637,21425558,28288174,24.259664,0.013635,624.543854,output/operator_group_ablation/ILS_iRace/drop_insert_operators/seed_089/input/seed_based/cf_090x_012t.txt,,,da27c8e3402deb8a0832aaa211b98a39d670003f,true,3.11.2,Linux-6.1.0-44-cloud-amd64-x86_64-with-glibc2.36,
ok,ILS_iRace,drop_order_operators,full,operator_group_ablation,group:order,input/seed_based/cf_090x_012t.txt,seed_based,89,irace_final,720.000000,600.000000,120.000000,21422637,21425470,28288174,24.259975,0.013224,635.570893,output/operator_group_ablation/ILS_iRace/drop_order_operators/seed_089/input/seed_based/cf_090x_012t.txt,,,da27c8e3402deb8a0832aaa211b98a39d670003f,true,3.11.2,Linux-6.1.0-44-cloud-amd64-x86_64-with-glibc2.36,
ok,ILS_iRace,drop_strategic_operators,full,operator_group_ablation,group:strategic,input/seed_based/cf_090x_012t.txt,seed_based,89,irace_final,720.000000,600.000000,120.000000,21422637,21424250,28288174,24.264288,0.007529,635.129552,output/operator_group_ablation/ILS_iRace/drop_strategic_operators/seed_089/input/seed_based/cf_090x_012t.txt,,,da27c8e3402deb8a0832aaa211b98a39d670003f,true,3.11.2,Linux-6.1.0-44-cloud-amd64-x86_64-with-glibc2.36,
ok,ILS_iRace,drop_insert_operators,full,operator_group_ablation,group:insert,input/seed_based/cf_090x_012t.txt,seed_based,100,irace_final,720.000000,600.000000,120.000000,21422637,21425558,28288174,24.259664,0.013635,624.156268,output/operator_group_ablation/ILS_iRace/drop_insert_operators/seed_100/input/seed_based/cf_090x_012t.txt,,,da27c8e3402deb8a0832aaa211b98a39d670003f,true,3.11.2,Linux-6.1.0-44-cloud-amd64-x86_64-with-glibc2.36,
ok,ILS_iRace,drop_order_operators,full,operator_group_ablation,group:order,input/seed_based/cf_090x_012t.txt,seed_based,100,irace_final,720.000000,600.000000,120.000000,21422637,21425558,28288174,24.259664,0.013635,636.797206,output/operator_group_ablation/ILS_iRace/drop_order_operators/seed_100/input/seed_based/cf_090x_012t.txt,,,da27c8e3402deb8a0832aaa211b98a39d670003f,true,3.11.2,Linux-6.1.0-44-cloud-amd64-x86_64-with-glibc2.36,
ok,ILS_iRace,drop_strategic_operators,full,operator_group_ablation,group:strategic,input/seed_based/cf_090x_012t.txt,seed_based,100,irace_final,720.000000,600.000000,120.000000,21422637,21424250,28288174,24.264288,0.007529,635.543148,output/operator_group_ablation/ILS_iRace/drop_strategic_operators/seed_100/input/seed_based/cf_090x_012t.txt,,,da27c8e3402deb8a0832aaa211b98a39d670003f,true,3.11.2,Linux-6.1.0-44-cloud-amd64-x86_64-with-glibc2.36,
ok,ILS_iRace,drop_insert_operators,full,operator_group_ablation,group:insert,input/seed_based/d_075x_008t.txt,seed_based,1,irace_final,720.000000,600.000000,120.000000,1131132,1131405,2899800,60.983344,0.024135,608.094210,output/operator_group_ablation/ILS_iRace/drop_insert_operators/seed_001/input/seed_based/d_075x_008t.txt,,,da27c8e3402deb8a0832aaa211b98a39d670003f,true,3.11.2,Linux-6.1.0-44-cloud-amd64-x86_64-with-glibc2.36,
ok,ILS_iRace,drop_order_operators,full,operator_group_ablation,group:order,input/seed_based/d_075x_008t.txt,seed_based,1,irace_final,720.000000,600.000000,120.000000,1131132,1131645,2899800,60.975067,0.045353,610.322205,output/operator_group_ablation/ILS_iRace/drop_order_operators/seed_001/input/seed_based/d_075x_008t.txt,,,da27c8e3402deb8a0832aaa211b98a39d670003f,true,3.11.2,Linux-6.1.0-44-cloud-amd64-x86_64-with-glibc2.36,
ok,ILS_iRace,drop_strategic_operators,full,operator_group_ablation,group:strategic,input/seed_based/d_075x_008t.txt,seed_based,1,irace_final,720.000000,600.000000,120.000000,1131132,1131705,2899800,60.972998,0.050657,609.733361,output/operator_group_ablation/ILS_iRace/drop_strategic_operators/seed_001/input/seed_based/d_075x_008t.txt,,,da27c8e3402deb8a0832aaa211b98a39d670003f,true,3.11.2,Linux-6.1.0-44-cloud-amd64-x86_64-with-glibc2.36,
ok,ILS_iRace,drop_insert_operators,full,operator_group_ablation,group:insert,input/seed_based/d_075x_008t.txt,seed_based,12,irace_final,720.000000,600.000000,120.000000,1131091,1131443,2899800,60.982033,0.031120,608.025085,output/operator_group_ablation/ILS_iRace/drop_insert_operators/seed_012/input/seed_based/d_075x_008t.txt,,,da27c8e3402deb8a0832aaa211b98a39d670003f,true,3.11.2,Linux-6.1.0-44-cloud-amd64-x86_64-with-glibc2.36,
ok,ILS_iRace,drop_order_operators,full,operator_group_ablation,group:order,input/seed_based/d_075x_008t.txt,seed_based,12,irace_final,720.000000,600.000000,120.000000,1131091,1131487,2899800,60.980516,0.035010,610.220451,output/operator_group_ablation/ILS_iRace/drop_order_operators/seed_012/input/seed_based/d_075x_008t.txt,,,da27c8e3402deb8a0832aaa211b98a39d670003f,true,3.11.2,Linux-6.1.0-44-cloud-amd64-x86_64-with-glibc2.36,
ok,ILS_iRace,drop_strategic_operators,full,operator_group_ablation,group:strategic,input/seed_based/d_075x_008t.txt,seed_based,12,irace_final,720.000000,600.000000,120.000000,1131091,1132464,2899800,60.946824,0.121387,609.811754,output/operator_group_ablation/ILS_iRace/drop_strategic_operators/seed_012/input/seed_based/d_075x_008t.txt,,,da27c8e3402deb8a0832aaa211b98a39d670003f,true,3.11.2,Linux-6.1.0-44-cloud-amd64-x86_64-with-glibc2.36,
ok,ILS_iRace,drop_insert_operators,full,operator_group_ablation,group:insert,input/seed_based/d_075x_008t.txt,seed_based,23,irace_final,720.000000,600.000000,120.000000,1131036,1131298,2899800,60.987034,0.023165,608.293969,output/operator_group_ablation/ILS_iRace/drop_insert_operators/seed_023/input/seed_based/d_075x_008t.txt,,,da27c8e3402deb8a0832aaa211b98a39d670003f,true,3.11.2,Linux-6.1.0-44-cloud-amd64-x86_64-with-glibc2.36,
ok,ILS_iRace,drop_order_operators,full,operator_group_ablation,group:order,input/seed_based/d_075x_008t.txt,seed_based,23,irace_final,720.000000,600.000000,120.000000,1131036,1131578,2899800,60.977378,0.047921,610.152460,output/operator_group_ablation/ILS_iRace/drop_order_operators/seed_023/input/seed_based/d_075x_008t.txt,,,da27c8e3402deb8a0832aaa211b98a39d670003f,true,3.11.2,Linux-6.1.0-44-cloud-amd64-x86_64-with-glibc2.36,
ok,ILS_iRace,drop_strategic_operators,full,operator_group_ablation,group:strategic,input/seed_based/d_075x_008t.txt,seed_based,23,irace_final,720.000000,600.000000,120.000000,1131036,1131435,2899800,60.982309,0.035277,610.223519,output/operator_group_ablation/ILS_iRace/drop_strategic_operators/seed_023/input/seed_based/d_075x_008t.txt,,,da27c8e3402deb8a0832aaa211b98a39d670003f,true,3.11.2,Linux-6.1.0-44-cloud-amd64-x86_64-with-glibc2.36,
ok,ILS_iRace,drop_insert_operators,full,operator_group_ablation,group:insert,input/seed_based/d_075x_008t.txt,seed_based,34,irace_final,720.000000,600.000000,120.000000,1131088,1131383,2899800,60.984102,0.026081,608.052945,output/operator_group_ablation/ILS_iRace/drop_insert_operators/seed_034/input/seed_based/d_075x_008t.txt,,,da27c8e3402deb8a0832aaa211b98a39d670003f,true,3.11.2,Linux-6.1.0-44-cloud-amd64-x86_64-with-glibc2.36,
ok,ILS_iRace,drop_order_operators,full,operator_group_ablation,group:order,input/seed_based/d_075x_008t.txt,seed_based,34,irace_final,720.000000,600.000000,120.000000,1131088,1131413,2899800,60.983068,0.028733,610.052181,output/operator_group_ablation/ILS_iRace/drop_order_operators/seed_034/input/seed_based/d_075x_008t.txt,,,da27c8e3402deb8a0832aaa211b98a39d670003f,true,3.11.2,Linux-6.1.0-44-cloud-amd64-x86_64-with-glibc2.36,
ok,ILS_iRace,drop_strategic_operators,full,operator_group_ablation,group:strategic,input/seed_based/d_075x_008t.txt,seed_based,34,irace_final,720.000000,600.000000,120.000000,1131088,1131937,2899800,60.964998,0.075060,610.287492,output/operator_group_ablation/ILS_iRace/drop_strategic_operators/seed_034/input/seed_based/d_075x_008t.txt,,,da27c8e3402deb8a0832aaa211b98a39d670003f,true,3.11.2,Linux-6.1.0-44-cloud-amd64-x86_64-with-glibc2.36,
ok,ILS_iRace,drop_insert_operators,full,operator_group_ablation,group:insert,input/seed_based/d_075x_008t.txt,seed_based,45,irace_final,720.000000,600.000000,120.000000,1131474,1131609,2899800,60.976309,0.011931,608.205813,output/operator_group_ablation/ILS_iRace/drop_insert_operators/seed_045/input/seed_based/d_075x_008t.txt,,,da27c8e3402deb8a0832aaa211b98a39d670003f,true,3.11.2,Linux-6.1.0-44-cloud-amd64-x86_64-with-glibc2.36,
ok,ILS_iRace,drop_order_operators,full,operator_group_ablation,group:order,input/seed_based/d_075x_008t.txt,seed_based,45,irace_final,720.000000,600.000000,120.000000,1131474,1131990,2899800,60.963170,0.045604,610.072057,output/operator_group_ablation/ILS_iRace/drop_order_operators/seed_045/input/seed_based/d_075x_008t.txt,,,da27c8e3402deb8a0832aaa211b98a39d670003f,true,3.11.2,Linux-6.1.0-44-cloud-amd64-x86_64-with-glibc2.36,
ok,ILS_iRace,drop_strategic_operators,full,operator_group_ablation,group:strategic,input/seed_based/d_075x_008t.txt,seed_based,45,irace_final,720.000000,600.000000,120.000000,1131474,1132169,2899800,60.956997,0.061424,610.279394,output/operator_group_ablation/ILS_iRace/drop_strategic_operators/seed_045/input/seed_based/d_075x_008t.txt,,,da27c8e3402deb8a0832aaa211b98a39d670003f,true,3.11.2,Linux-6.1.0-44-cloud-amd64-x86_64-with-glibc2.36,
ok,ILS_iRace,drop_insert_operators,full,operator_group_ablation,group:insert,input/seed_based/d_075x_008t.txt,seed_based,56,irace_final,720.000000,600.000000,120.000000,1131036,1131416,2899800,60.982964,0.033598,608.037673,output/operator_group_ablation/ILS_iRace/drop_insert_operators/seed_056/input/seed_based/d_075x_008t.txt,,,da27c8e3402deb8a0832aaa211b98a39d670003f,true,3.11.2,Linux-6.1.0-44-cloud-amd64-x86_64-with-glibc2.36,
ok,ILS_iRace,drop_order_operators,full,operator_group_ablation,group:order,input/seed_based/d_075x_008t.txt,seed_based,56,irace_final,720.000000,600.000000,120.000000,1131036,1131346,2899800,60.985378,0.027408,609.934498,output/operator_group_ablation/ILS_iRace/drop_order_operators/seed_056/input/seed_based/d_075x_008t.txt,,,da27c8e3402deb8a0832aaa211b98a39d670003f,true,3.11.2,Linux-6.1.0-44-cloud-amd64-x86_64-with-glibc2.36,
ok,ILS_iRace,drop_strategic_operators,full,operator_group_ablation,group:strategic,input/seed_based/d_075x_008t.txt,seed_based,56,irace_final,720.000000,600.000000,120.000000,1131036,1131597,2899800,60.976723,0.049601,610.106293,output/operator_group_ablation/ILS_iRace/drop_strategic_operators/seed_056/input/seed_based/d_075x_008t.txt,,,da27c8e3402deb8a0832aaa211b98a39d670003f,true,3.11.2,Linux-6.1.0-44-cloud-amd64-x86_64-with-glibc2.36,
ok,ILS_iRace,drop_insert_operators,full,operator_group_ablation,group:insert,input/seed_based/d_075x_008t.txt,seed_based,67,irace_final,720.000000,600.000000,120.000000,1131036,1131399,2899800,60.983551,0.032094,608.080660,output/operator_group_ablation/ILS_iRace/drop_insert_operators/seed_067/input/seed_based/d_075x_008t.txt,,,da27c8e3402deb8a0832aaa211b98a39d670003f,true,3.11.2,Linux-6.1.0-44-cloud-amd64-x86_64-with-glibc2.36,
ok,ILS_iRace,drop_order_operators,full,operator_group_ablation,group:order,input/seed_based/d_075x_008t.txt,seed_based,67,irace_final,720.000000,600.000000,120.000000,1131036,1131472,2899800,60.981033,0.038549,609.748158,output/operator_group_ablation/ILS_iRace/drop_order_operators/seed_067/input/seed_based/d_075x_008t.txt,,,da27c8e3402deb8a0832aaa211b98a39d670003f,true,3.11.2,Linux-6.1.0-44-cloud-amd64-x86_64-with-glibc2.36,
ok,ILS_iRace,drop_strategic_operators,full,operator_group_ablation,group:strategic,input/seed_based/d_075x_008t.txt,seed_based,67,irace_final,720.000000,600.000000,120.000000,1131036,1131440,2899800,60.982137,0.035719,610.252308,output/operator_group_ablation/ILS_iRace/drop_strategic_operators/seed_067/input/seed_based/d_075x_008t.txt,,,da27c8e3402deb8a0832aaa211b98a39d670003f,true,3.11.2,Linux-6.1.0-44-cloud-amd64-x86_64-with-glibc2.36,
ok,ILS_iRace,drop_insert_operators,full,operator_group_ablation,group:insert,input/seed_based/d_075x_008t.txt,seed_based,78,irace_final,720.000000,600.000000,120.000000,1131036,1131142,2899800,60.992413,0.009372,608.361126,output/operator_group_ablation/ILS_iRace/drop_insert_operators/seed_078/input/seed_based/d_075x_008t.txt,,,da27c8e3402deb8a0832aaa211b98a39d670003f,true,3.11.2,Linux-6.1.0-44-cloud-amd64-x86_64-with-glibc2.36,
ok,ILS_iRace,drop_order_operators,full,operator_group_ablation,group:order,input/seed_based/d_075x_008t.txt,seed_based,78,irace_final,720.000000,600.000000,120.000000,1131036,1131327,2899800,60.986034,0.025729,610.129044,output/operator_group_ablation/ILS_iRace/drop_order_operators/seed_078/input/seed_based/d_075x_008t.txt,,,da27c8e3402deb8a0832aaa211b98a39d670003f,true,3.11.2,Linux-6.1.0-44-cloud-amd64-x86_64-with-glibc2.36,
ok,ILS_iRace,drop_strategic_operators,full,operator_group_ablation,group:strategic,input/seed_based/d_075x_008t.txt,seed_based,78,irace_final,720.000000,600.000000,120.000000,1131036,1131480,2899800,60.980757,0.039256,610.235207,output/operator_group_ablation/ILS_iRace/drop_strategic_operators/seed_078/input/seed_based/d_075x_008t.txt,,,da27c8e3402deb8a0832aaa211b98a39d670003f,true,3.11.2,Linux-6.1.0-44-cloud-amd64-x86_64-with-glibc2.36,
ok,ILS_iRace,drop_insert_operators,full,operator_group_ablation,group:insert,input/seed_based/d_075x_008t.txt,seed_based,89,irace_final,720.000000,600.000000,120.000000,1131145,1131239,2899800,60.989068,0.008310,608.445668,output/operator_group_ablation/ILS_iRace/drop_insert_operators/seed_089/input/seed_based/d_075x_008t.txt,,,da27c8e3402deb8a0832aaa211b98a39d670003f,true,3.11.2,Linux-6.1.0-44-cloud-amd64-x86_64-with-glibc2.36,
ok,ILS_iRace,drop_order_operators,full,operator_group_ablation,group:order,input/seed_based/d_075x_008t.txt,seed_based,89,irace_final,720.000000,600.000000,120.000000,1131145,1131922,2899800,60.965515,0.068691,608.195195,output/operator_group_ablation/ILS_iRace/drop_order_operators/seed_089/input/seed_based/d_075x_008t.txt,,,da27c8e3402deb8a0832aaa211b98a39d670003f,true,3.11.2,Linux-6.1.0-44-cloud-amd64-x86_64-with-glibc2.36,
ok,ILS_iRace,drop_strategic_operators,full,operator_group_ablation,group:strategic,input/seed_based/d_075x_008t.txt,seed_based,89,irace_final,720.000000,600.000000,120.000000,1131145,1131903,2899800,60.966170,0.067012,610.095160,output/operator_group_ablation/ILS_iRace/drop_strategic_operators/seed_089/input/seed_based/d_075x_008t.txt,,,da27c8e3402deb8a0832aaa211b98a39d670003f,true,3.11.2,Linux-6.1.0-44-cloud-amd64-x86_64-with-glibc2.36,
ok,ILS_iRace,drop_insert_operators,full,operator_group_ablation,group:insert,input/seed_based/d_075x_008t.txt,seed_based,100,irace_final,720.000000,600.000000,120.000000,1131137,1131362,2899800,60.984827,0.019891,610.255406,output/operator_group_ablation/ILS_iRace/drop_insert_operators/seed_100/input/seed_based/d_075x_008t.txt,,,da27c8e3402deb8a0832aaa211b98a39d670003f,true,3.11.2,Linux-6.1.0-44-cloud-amd64-x86_64-with-glibc2.36,
ok,ILS_iRace,drop_order_operators,full,operator_group_ablation,group:order,input/seed_based/d_075x_008t.txt,seed_based,100,irace_final,720.000000,600.000000,120.000000,1131137,1131542,2899800,60.978619,0.035805,610.006218,output/operator_group_ablation/ILS_iRace/drop_order_operators/seed_100/input/seed_based/d_075x_008t.txt,,,da27c8e3402deb8a0832aaa211b98a39d670003f,true,3.11.2,Linux-6.1.0-44-cloud-amd64-x86_64-with-glibc2.36,
ok,ILS_iRace,drop_strategic_operators,full,operator_group_ablation,group:strategic,input/seed_based/d_075x_008t.txt,seed_based,100,irace_final,720.000000,600.000000,120.000000,1131137,1131965,2899800,60.964032,0.073201,608.122464,output/operator_group_ablation/ILS_iRace/drop_strategic_operators/seed_100/input/seed_based/d_075x_008t.txt,,,da27c8e3402deb8a0832aaa211b98a39d670003f,true,3.11.2,Linux-6.1.0-44-cloud-amd64-x86_64-with-glibc2.36,
ok,ILS_iRace,drop_insert_operators,full,operator_group_ablation,group:insert,input/seed_based/d_090x_020t.txt,seed_based,1,irace_final,720.000000,600.000000,120.000000,2541550,2541648,3773722,32.648775,0.003856,612.586536,output/operator_group_ablation/ILS_iRace/drop_insert_operators/seed_001/input/seed_based/d_090x_020t.txt,,,da27c8e3402deb8a0832aaa211b98a39d670003f,true,3.11.2,Linux-6.1.0-44-cloud-amd64-x86_64-with-glibc2.36,
ok,ILS_iRace,drop_order_operators,full,operator_group_ablation,group:order,input/seed_based/d_090x_020t.txt,seed_based,1,irace_final,720.000000,600.000000,120.000000,2541550,2542642,3773722,32.622435,0.042966,609.691451,output/operator_group_ablation/ILS_iRace/drop_order_operators/seed_001/input/seed_based/d_090x_020t.txt,,,da27c8e3402deb8a0832aaa211b98a39d670003f,true,3.11.2,Linux-6.1.0-44-cloud-amd64-x86_64-with-glibc2.36,
ok,ILS_iRace,drop_strategic_operators,full,operator_group_ablation,group:strategic,input/seed_based/d_090x_020t.txt,seed_based,1,irace_final,720.000000,600.000000,120.000000,2541550,2544662,3773722,32.568907,0.122445,612.851515,output/operator_group_ablation/ILS_iRace/drop_strategic_operators/seed_001/input/seed_based/d_090x_020t.txt,,,da27c8e3402deb8a0832aaa211b98a39d670003f,true,3.11.2,Linux-6.1.0-44-cloud-amd64-x86_64-with-glibc2.36,
ok,ILS_iRace,drop_insert_operators,full,operator_group_ablation,group:insert,input/seed_based/d_090x_020t.txt,seed_based,12,irace_final,720.000000,600.000000,120.000000,2541487,2541993,3773722,32.639633,0.019910,612.563480,output/operator_group_ablation/ILS_iRace/drop_insert_operators/seed_012/input/seed_based/d_090x_020t.txt,,,da27c8e3402deb8a0832aaa211b98a39d670003f,true,3.11.2,Linux-6.1.0-44-cloud-amd64-x86_64-with-glibc2.36,
ok,ILS_iRace,drop_order_operators,full,operator_group_ablation,group:order,input/seed_based/d_090x_020t.txt,seed_based,12,irace_final,720.000000,600.000000,120.000000,2541487,2543306,3773722,32.604839,0.071572,613.142951,output/operator_group_ablation/ILS_iRace/drop_order_operators/seed_012/input/seed_based/d_090x_020t.txt,,,da27c8e3402deb8a0832aaa211b98a39d670003f,true,3.11.2,Linux-6.1.0-44-cloud-amd64-x86_64-with-glibc2.36,
ok,ILS_iRace,drop_strategic_operators,full,operator_group_ablation,group:strategic,input/seed_based/d_090x_020t.txt,seed_based,12,irace_final,720.000000,600.000000,120.000000,2541487,2546388,3773722,32.523169,0.192840,609.727465,output/operator_group_ablation/ILS_iRace/drop_strategic_operators/seed_012/input/seed_based/d_090x_020t.txt,,,da27c8e3402deb8a0832aaa211b98a39d670003f,true,3.11.2,Linux-6.1.0-44-cloud-amd64-x86_64-with-glibc2.36,
ok,ILS_iRace,drop_insert_operators,full,operator_group_ablation,group:insert,input/seed_based/d_090x_020t.txt,seed_based,23,irace_final,720.000000,600.000000,120.000000,2541723,2541858,3773722,32.643210,0.005311,612.625299,output/operator_group_ablation/ILS_iRace/drop_insert_operators/seed_023/input/seed_based/d_090x_020t.txt,,,da27c8e3402deb8a0832aaa211b98a39d670003f,true,3.11.2,Linux-6.1.0-44-cloud-amd64-x86_64-with-glibc2.36,
ok,ILS_iRace,drop_order_operators,full,operator_group_ablation,group:order,input/seed_based/d_090x_020t.txt,seed_based,23,irace_final,720.000000,600.000000,120.000000,2541723,2543650,3773722,32.595724,0.075815,609.765891,output/operator_group_ablation/ILS_iRace/drop_order_operators/seed_023/input/seed_based/d_090x_020t.txt,,,da27c8e3402deb8a0832aaa211b98a39d670003f,true,3.11.2,Linux-6.1.0-44-cloud-amd64-x86_64-with-glibc2.36,
ok,ILS_iRace,drop_strategic_operators,full,operator_group_ablation,group:strategic,input/seed_based/d_090x_020t.txt,seed_based,23,irace_final,720.000000,600.000000,120.000000,2541723,2543023,3773722,32.612339,0.051146,612.861406,output/operator_group_ablation/ILS_iRace/drop_strategic_operators/seed_023/input/seed_based/d_090x_020t.txt,,,da27c8e3402deb8a0832aaa211b98a39d670003f,true,3.11.2,Linux-6.1.0-44-cloud-amd64-x86_64-with-glibc2.36,
ok,ILS_iRace,drop_insert_operators,full,operator_group_ablation,group:insert,input/seed_based/d_090x_020t.txt,seed_based,34,irace_final,720.000000,600.000000,120.000000,2541487,2541506,3773722,32.652538,0.000748,612.847070,output/operator_group_ablation/ILS_iRace/drop_insert_operators/seed_034/input/seed_based/d_090x_020t.txt,,,da27c8e3402deb8a0832aaa211b98a39d670003f,true,3.11.2,Linux-6.1.0-44-cloud-amd64-x86_64-with-glibc2.36,
ok,ILS_iRace,drop_order_operators,full,operator_group_ablation,group:order,input/seed_based/d_090x_020t.txt,seed_based,34,irace_final,720.000000,600.000000,120.000000,2541487,2542718,3773722,32.620421,0.048436,613.053225,output/operator_group_ablation/ILS_iRace/drop_order_operators/seed_034/input/seed_based/d_090x_020t.txt,,,da27c8e3402deb8a0832aaa211b98a39d670003f,true,3.11.2,Linux-6.1.0-44-cloud-amd64-x86_64-with-glibc2.36,
ok,ILS_iRace,drop_strategic_operators,full,operator_group_ablation,group:strategic,input/seed_based/d_090x_020t.txt,seed_based,34,irace_final,720.000000,600.000000,120.000000,2541487,2546518,3773722,32.519725,0.197955,610.033837,output/operator_group_ablation/ILS_iRace/drop_strategic_operators/seed_034/input/seed_based/d_090x_020t.txt,,,da27c8e3402deb8a0832aaa211b98a39d670003f,true,3.11.2,Linux-6.1.0-44-cloud-amd64-x86_64-with-glibc2.36,
ok,ILS_iRace,drop_insert_operators,full,operator_group_ablation,group:insert,input/seed_based/d_090x_020t.txt,seed_based,45,irace_final,720.000000,600.000000,120.000000,2541487,2541798,3773722,32.644800,0.012237,612.689606,output/operator_group_ablation/ILS_iRace/drop_insert_operators/seed_045/input/seed_based/d_090x_020t.txt,,,da27c8e3402deb8a0832aaa211b98a39d670003f,true,3.11.2,Linux-6.1.0-44-cloud-amd64-x86_64-with-glibc2.36,
ok,ILS_iRace,drop_order_operators,full,operator_group_ablation,group:order,input/seed_based/d_090x_020t.txt,seed_based,45,irace_final,720.000000,600.000000,120.000000,2541487,2543349,3773722,32.603700,0.073264,610.090428,output/operator_group_ablation/ILS_iRace/drop_order_operators/seed_045/input/seed_based/d_090x_020t.txt,,,da27c8e3402deb8a0832aaa211b98a39d670003f,true,3.11.2,Linux-6.1.0-44-cloud-amd64-x86_64-with-glibc2.36,
ok,ILS_iRace,drop_strategic_operators,full,operator_group_ablation,group:strategic,input/seed_based/d_090x_020t.txt,seed_based,45,irace_final,720.000000,600.000000,120.000000,2541487,2543967,3773722,32.587324,0.097581,612.379678,output/operator_group_ablation/ILS_iRace/drop_strategic_operators/seed_045/input/seed_based/d_090x_020t.txt,,,da27c8e3402deb8a0832aaa211b98a39d670003f,true,3.11.2,Linux-6.1.0-44-cloud-amd64-x86_64-with-glibc2.36,
ok,ILS_iRace,drop_insert_operators,full,operator_group_ablation,group:insert,input/seed_based/d_090x_020t.txt,seed_based,56,irace_final,720.000000,600.000000,120.000000,2542346,2542519,3773722,32.625694,0.006805,613.255726,output/operator_group_ablation/ILS_iRace/drop_insert_operators/seed_056/input/seed_based/d_090x_020t.txt,,,da27c8e3402deb8a0832aaa211b98a39d670003f,true,3.11.2,Linux-6.1.0-44-cloud-amd64-x86_64-with-glibc2.36,
ok,ILS_iRace,drop_order_operators,full,operator_group_ablation,group:order,input/seed_based/d_090x_020t.txt,seed_based,56,irace_final,720.000000,600.000000,120.000000,2542346,2543286,3773722,32.605369,0.036974,612.695975,output/operator_group_ablation/ILS_iRace/drop_order_operators/seed_056/input/seed_based/d_090x_020t.txt,,,da27c8e3402deb8a0832aaa211b98a39d670003f,true,3.11.2,Linux-6.1.0-44-cloud-amd64-x86_64-with-glibc2.36,
ok,ILS_iRace,drop_strategic_operators,full,operator_group_ablation,group:strategic,input/seed_based/d_090x_020t.txt,seed_based,56,irace_final,720.000000,600.000000,120.000000,2542346,2543907,3773722,32.588914,0.061400,612.873960,output/operator_group_ablation/ILS_iRace/drop_strategic_operators/seed_056/input/seed_based/d_090x_020t.txt,,,da27c8e3402deb8a0832aaa211b98a39d670003f,true,3.11.2,Linux-6.1.0-44-cloud-amd64-x86_64-with-glibc2.36,
ok,ILS_iRace,drop_insert_operators,full,operator_group_ablation,group:insert,input/seed_based/d_090x_020t.txt,seed_based,67,irace_final,720.000000,600.000000,120.000000,2541487,2542341,3773722,32.630411,0.033602,609.866370,output/operator_group_ablation/ILS_iRace/drop_insert_operators/seed_067/input/seed_based/d_090x_020t.txt,,,da27c8e3402deb8a0832aaa211b98a39d670003f,true,3.11.2,Linux-6.1.0-44-cloud-amd64-x86_64-with-glibc2.36,
ok,ILS_iRace,drop_order_operators,full,operator_group_ablation,group:order,input/seed_based/d_090x_020t.txt,seed_based,67,irace_final,720.000000,600.000000,120.000000,2541487,2543224,3773722,32.607012,0.068346,612.809432,output/operator_group_ablation/ILS_iRace/drop_order_operators/seed_067/input/seed_based/d_090x_020t.txt,,,da27c8e3402deb8a0832aaa211b98a39d670003f,true,3.11.2,Linux-6.1.0-44-cloud-amd64-x86_64-with-glibc2.36,
ok,ILS_iRace,drop_strategic_operators,full,operator_group_ablation,group:strategic,input/seed_based/d_090x_020t.txt,seed_based,67,irace_final,720.000000,600.000000,120.000000,2541487,2545129,3773722,32.556532,0.143302,609.674659,output/operator_group_ablation/ILS_iRace/drop_strategic_operators/seed_067/input/seed_based/d_090x_020t.txt,,,da27c8e3402deb8a0832aaa211b98a39d670003f,true,3.11.2,Linux-6.1.0-44-cloud-amd64-x86_64-with-glibc2.36,
ok,ILS_iRace,drop_insert_operators,full,operator_group_ablation,group:insert,input/seed_based/d_090x_020t.txt,seed_based,78,irace_final,720.000000,600.000000,120.000000,2541769,2541994,3773722,32.639606,0.008852,612.579289,output/operator_group_ablation/ILS_iRace/drop_insert_operators/seed_078/input/seed_based/d_090x_020t.txt,,,da27c8e3402deb8a0832aaa211b98a39d670003f,true,3.11.2,Linux-6.1.0-44-cloud-amd64-x86_64-with-glibc2.36,
ok,ILS_iRace,drop_order_operators,full,operator_group_ablation,group:order,input/seed_based/d_090x_020t.txt,seed_based,78,irace_final,720.000000,600.000000,120.000000,2541769,2543097,3773722,32.610378,0.052247,609.591409,output/operator_group_ablation/ILS_iRace/drop_order_operators/seed_078/input/seed_based/d_090x_020t.txt,,,da27c8e3402deb8a0832aaa211b98a39d670003f,true,3.11.2,Linux-6.1.0-44-cloud-amd64-x86_64-with-glibc2.36,
ok,ILS_iRace,drop_strategic_operators,full,operator_group_ablation,group:strategic,input/seed_based/d_090x_020t.txt,seed_based,78,irace_final,720.000000,600.000000,120.000000,2541769,2543520,3773722,32.599169,0.068889,612.655007,output/operator_group_ablation/ILS_iRace/drop_strategic_operators/seed_078/input/seed_based/d_090x_020t.txt,,,da27c8e3402deb8a0832aaa211b98a39d670003f,true,3.11.2,Linux-6.1.0-44-cloud-amd64-x86_64-with-glibc2.36,
ok,ILS_iRace,drop_insert_operators,full,operator_group_ablation,group:insert,input/seed_based/d_090x_020t.txt,seed_based,89,irace_final,720.000000,600.000000,120.000000,2541857,2542361,3773722,32.629881,0.019828,612.861689,output/operator_group_ablation/ILS_iRace/drop_insert_operators/seed_089/input/seed_based/d_090x_020t.txt,,,da27c8e3402deb8a0832aaa211b98a39d670003f,true,3.11.2,Linux-6.1.0-44-cloud-amd64-x86_64-with-glibc2.36,
ok,ILS_iRace,drop_order_operators,full,operator_group_ablation,group:order,input/seed_based/d_090x_020t.txt,seed_based,89,irace_final,720.000000,600.000000,120.000000,2541857,2543134,3773722,32.609397,0.050239,612.527525,output/operator_group_ablation/ILS_iRace/drop_order_operators/seed_089/input/seed_based/d_090x_020t.txt,,,da27c8e3402deb8a0832aaa211b98a39d670003f,true,3.11.2,Linux-6.1.0-44-cloud-amd64-x86_64-with-glibc2.36,
ok,ILS_iRace,drop_strategic_operators,full,operator_group_ablation,group:strategic,input/seed_based/d_090x_020t.txt,seed_based,89,irace_final,720.000000,600.000000,120.000000,2541857,2544176,3773722,32.581785,0.091233,609.651299,output/operator_group_ablation/ILS_iRace/drop_strategic_operators/seed_089/input/seed_based/d_090x_020t.txt,,,da27c8e3402deb8a0832aaa211b98a39d670003f,true,3.11.2,Linux-6.1.0-44-cloud-amd64-x86_64-with-glibc2.36,
ok,ILS_iRace,drop_insert_operators,full,operator_group_ablation,group:insert,input/seed_based/d_090x_020t.txt,seed_based,100,irace_final,720.000000,600.000000,120.000000,2541487,2542087,3773722,32.637142,0.023608,613.002878,output/operator_group_ablation/ILS_iRace/drop_insert_operators/seed_100/input/seed_based/d_090x_020t.txt,,,da27c8e3402deb8a0832aaa211b98a39d670003f,true,3.11.2,Linux-6.1.0-44-cloud-amd64-x86_64-with-glibc2.36,
ok,ILS_iRace,drop_order_operators,full,operator_group_ablation,group:order,input/seed_based/d_090x_020t.txt,seed_based,100,irace_final,720.000000,600.000000,120.000000,2541487,2543151,3773722,32.608947,0.065473,610.563021,output/operator_group_ablation/ILS_iRace/drop_order_operators/seed_100/input/seed_based/d_090x_020t.txt,,,da27c8e3402deb8a0832aaa211b98a39d670003f,true,3.11.2,Linux-6.1.0-44-cloud-amd64-x86_64-with-glibc2.36,
ok,ILS_iRace,drop_strategic_operators,full,operator_group_ablation,group:strategic,input/seed_based/d_090x_020t.txt,seed_based,100,irace_final,720.000000,600.000000,120.000000,2541487,2545603,3773722,32.543971,0.161952,612.657969,output/operator_group_ablation/ILS_iRace/drop_strategic_operators/seed_100/input/seed_based/d_090x_020t.txt,,,da27c8e3402deb8a0832aaa211b98a39d670003f,true,3.11.2,Linux-6.1.0-44-cloud-amd64-x86_64-with-glibc2.36,
ok,ILS_iRace,drop_insert_operators,full,operator_group_ablation,group:insert,input/seed_based/de_075x_012t.txt,seed_based,1,irace_final,720.000000,600.000000,120.000000,2968384,2973320,3783606,21.415708,0.166286,612.977654,output/operator_group_ablation/ILS_iRace/drop_insert_operators/seed_001/input/seed_based/de_075x_012t.txt,,,da27c8e3402deb8a0832aaa211b98a39d670003f,true,3.11.2,Linux-6.1.0-44-cloud-amd64-x86_64-with-glibc2.36,
ok,ILS_iRace,drop_order_operators,full,operator_group_ablation,group:order,input/seed_based/de_075x_012t.txt,seed_based,1,irace_final,720.000000,600.000000,120.000000,2968384,2975432,3783606,21.359888,0.237436,612.418626,output/operator_group_ablation/ILS_iRace/drop_order_operators/seed_001/input/seed_based/de_075x_012t.txt,,,da27c8e3402deb8a0832aaa211b98a39d670003f,true,3.11.2,Linux-6.1.0-44-cloud-amd64-x86_64-with-glibc2.36,
ok,ILS_iRace,drop_strategic_operators,full,operator_group_ablation,group:strategic,input/seed_based/de_075x_012t.txt,seed_based,1,irace_final,720.000000,600.000000,120.000000,2968384,2975666,3783606,21.353703,0.245319,609.208645,output/operator_group_ablation/ILS_iRace/drop_strategic_operators/seed_001/input/seed_based/de_075x_012t.txt,,,da27c8e3402deb8a0832aaa211b98a39d670003f,true,3.11.2,Linux-6.1.0-44-cloud-amd64-x86_64-with-glibc2.36,
ok,ILS_iRace,drop_insert_operators,full,operator_group_ablation,group:insert,input/seed_based/de_075x_012t.txt,seed_based,12,irace_final,720.000000,600.000000,120.000000,2968384,2973755,3783606,21.404211,0.180940,612.587334,output/operator_group_ablation/ILS_iRace/drop_insert_operators/seed_012/input/seed_based/de_075x_012t.txt,,,da27c8e3402deb8a0832aaa211b98a39d670003f,true,3.11.2,Linux-6.1.0-44-cloud-amd64-x86_64-with-glibc2.36,
ok,ILS_iRace,drop_order_operators,full,operator_group_ablation,group:order,input/seed_based/de_075x_012t.txt,seed_based,12,irace_final,720.000000,600.000000,120.000000,2968384,2975640,3783606,21.354390,0.244443,609.154442,output/operator_group_ablation/ILS_iRace/drop_order_operators/seed_012/input/seed_based/de_075x_012t.txt,,,da27c8e3402deb8a0832aaa211b98a39d670003f,true,3.11.2,Linux-6.1.0-44-cloud-amd64-x86_64-with-glibc2.36,
ok,ILS_iRace,drop_strategic_operators,full,operator_group_ablation,group:strategic,input/seed_based/de_075x_012t.txt,seed_based,12,irace_final,720.000000,600.000000,120.000000,2968384,2975826,3783606,21.349475,0.250709,612.882435,output/operator_group_ablation/ILS_iRace/drop_strategic_operators/seed_012/input/seed_based/de_075x_012t.txt,,,da27c8e3402deb8a0832aaa211b98a39d670003f,true,3.11.2,Linux-6.1.0-44-cloud-amd64-x86_64-with-glibc2.36,
ok,ILS_iRace,drop_insert_operators,full,operator_group_ablation,group:insert,input/seed_based/de_075x_012t.txt,seed_based,23,irace_final,720.000000,600.000000,120.000000,2968384,2973917,3783606,21.399929,0.186398,612.889441,output/operator_group_ablation/ILS_iRace/drop_insert_operators/seed_023/input/seed_based/de_075x_012t.txt,,,da27c8e3402deb8a0832aaa211b98a39d670003f,true,3.11.2,Linux-6.1.0-44-cloud-amd64-x86_64-with-glibc2.36,
ok,ILS_iRace,drop_order_operators,full,operator_group_ablation,group:order,input/seed_based/de_075x_012t.txt,seed_based,23,irace_final,720.000000,600.000000,120.000000,2968384,2973821,3783606,21.402466,0.183164,612.284976,output/operator_group_ablation/ILS_iRace/drop_order_operators/seed_023/input/seed_based/de_075x_012t.txt,,,da27c8e3402deb8a0832aaa211b98a39d670003f,true,3.11.2,Linux-6.1.0-44-cloud-amd64-x86_64-with-glibc2.36,
ok,ILS_iRace,drop_strategic_operators,full,operator_group_ablation,group:strategic,input/seed_based/de_075x_012t.txt,seed_based,23,irace_final,720.000000,600.000000,120.000000,2968384,2977861,3783606,21.295690,0.319265,609.179945,output/operator_group_ablation/ILS_iRace/drop_strategic_operators/seed_023/input/seed_based/de_075x_012t.txt,,,da27c8e3402deb8a0832aaa211b98a39d670003f,true,3.11.2,Linux-6.1.0-44-cloud-amd64-x86_64-with-glibc2.36,
ok,ILS_iRace,drop_insert_operators,full,operator_group_ablation,group:insert,input/seed_based/de_075x_012t.txt,seed_based,34,irace_final,720.000000,600.000000,120.000000,2968384,2973838,3783606,21.402017,0.183736,612.673238,output/operator_group_ablation/ILS_iRace/drop_insert_operators/seed_034/input/seed_based/de_075x_012t.txt,,,da27c8e3402deb8a0832aaa211b98a39d670003f,true,3.11.2,Linux-6.1.0-44-cloud-amd64-x86_64-with-glibc2.36,
ok,ILS_iRace,drop_order_operators,full,operator_group_ablation,group:order,input/seed_based/de_075x_012t.txt,seed_based,34,irace_final,720.000000,600.000000,120.000000,2968384,2975667,3783606,21.353677,0.245352,609.254823,output/operator_group_ablation/ILS_iRace/drop_order_operators/seed_034/input/seed_based/de_075x_012t.txt,,,da27c8e3402deb8a0832aaa211b98a39d670003f,true,3.11.2,Linux-6.1.0-44-cloud-amd64-x86_64-with-glibc2.36,
ok,ILS_iRace,drop_strategic_operators,full,operator_group_ablation,group:strategic,input/seed_based/de_075x_012t.txt,seed_based,34,irace_final,720.000000,600.000000,120.000000,2968384,2975995,3783606,21.345008,0.256402,612.962293,output/operator_group_ablation/ILS_iRace/drop_strategic_operators/seed_034/input/seed_based/de_075x_012t.txt,,,da27c8e3402deb8a0832aaa211b98a39d670003f,true,3.11.2,Linux-6.1.0-44-cloud-amd64-x86_64-with-glibc2.36,
ok,ILS_iRace,drop_insert_operators,full,operator_group_ablation,group:insert,input/seed_based/de_075x_012t.txt,seed_based,45,irace_final,720.000000,600.000000,120.000000,2968384,2973546,3783606,21.409735,0.173899,612.537145,output/operator_group_ablation/ILS_iRace/drop_insert_operators/seed_045/input/seed_based/de_075x_012t.txt,,,da27c8e3402deb8a0832aaa211b98a39d670003f,true,3.11.2,Linux-6.1.0-44-cloud-amd64-x86_64-with-glibc2.36,
ok,ILS_iRace,drop_order_operators,full,operator_group_ablation,group:order,input/seed_based/de_075x_012t.txt,seed_based,45,irace_final,720.000000,600.000000,120.000000,2968384,2975975,3783606,21.345537,0.255728,612.427926,output/operator_group_ablation/ILS_iRace/drop_order_operators/seed_045/input/seed_based/de_075x_012t.txt,,,da27c8e3402deb8a0832aaa211b98a39d670003f,true,3.11.2,Linux-6.1.0-44-cloud-amd64-x86_64-with-glibc2.36,
ok,ILS_iRace,drop_strategic_operators,full,operator_group_ablation,group:strategic,input/seed_based/de_075x_012t.txt,seed_based,45,irace_final,720.000000,600.000000,120.000000,2968384,2976702,3783606,21.326322,0.280220,609.320504,output/operator_group_ablation/ILS_iRace/drop_strategic_operators/seed_045/input/seed_based/de_075x_012t.txt,,,da27c8e3402deb8a0832aaa211b98a39d670003f,true,3.11.2,Linux-6.1.0-44-cloud-amd64-x86_64-with-glibc2.36,
ok,ILS_iRace,drop_insert_operators,full,operator_group_ablation,group:insert,input/seed_based/de_075x_012t.txt,seed_based,56,irace_final,720.000000,600.000000,120.000000,2968384,2973897,3783606,21.400458,0.185724,612.544218,output/operator_group_ablation/ILS_iRace/drop_insert_operators/seed_056/input/seed_based/de_075x_012t.txt,,,da27c8e3402deb8a0832aaa211b98a39d670003f,true,3.11.2,Linux-6.1.0-44-cloud-amd64-x86_64-with-glibc2.36,
ok,ILS_iRace,drop_order_operators,full,operator_group_ablation,group:order,input/seed_based/de_075x_012t.txt,seed_based,56,irace_final,720.000000,600.000000,120.000000,2968384,2976104,3783606,21.342127,0.260074,609.394132,output/operator_group_ablation/ILS_iRace/drop_order_operators/seed_056/input/seed_based/de_075x_012t.txt,,,da27c8e3402deb8a0832aaa211b98a39d670003f,true,3.11.2,Linux-6.1.0-44-cloud-amd64-x86_64-with-glibc2.36,
ok,ILS_iRace,drop_strategic_operators,full,operator_group_ablation,group:strategic,input/seed_based/de_075x_012t.txt,seed_based,56,irace_final,720.000000,600.000000,120.000000,2968384,2976259,3783606,21.338030,0.265296,612.515083,output/operator_group_ablation/ILS_iRace/drop_strategic_operators/seed_056/input/seed_based/de_075x_012t.txt,,,da27c8e3402deb8a0832aaa211b98a39d670003f,true,3.11.2,Linux-6.1.0-44-cloud-amd64-x86_64-with-glibc2.36,
ok,ILS_iRace,drop_insert_operators,full,operator_group_ablation,group:insert,input/seed_based/de_075x_012t.txt,seed_based,67,irace_final,720.000000,600.000000,120.000000,2968384,2972981,3783606,21.424667,0.154865,612.347337,output/operator_group_ablation/ILS_iRace/drop_insert_operators/seed_067/input/seed_based/de_075x_012t.txt,,,da27c8e3402deb8a0832aaa211b98a39d670003f,true,3.11.2,Linux-6.1.0-44-cloud-amd64-x86_64-with-glibc2.36,
ok,ILS_iRace,drop_order_operators,full,operator_group_ablation,group:order,input/seed_based/de_075x_012t.txt,seed_based,67,irace_final,720.000000,600.000000,120.000000,2968384,2974955,3783606,21.372495,0.221366,612.689496,output/operator_group_ablation/ILS_iRace/drop_order_operators/seed_067/input/seed_based/de_075x_012t.txt,,,da27c8e3402deb8a0832aaa211b98a39d670003f,true,3.11.2,Linux-6.1.0-44-cloud-amd64-x86_64-with-glibc2.36,
ok,ILS_iRace,drop_strategic_operators,full,operator_group_ablation,group:strategic,input/seed_based/de_075x_012t.txt,seed_based,67,irace_final,720.000000,600.000000,120.000000,2968384,2976917,3783606,21.320640,0.287463,609.589027,output/operator_group_ablation/ILS_iRace/drop_strategic_operators/seed_067/input/seed_based/de_075x_012t.txt,,,da27c8e3402deb8a0832aaa211b98a39d670003f,true,3.11.2,Linux-6.1.0-44-cloud-amd64-x86_64-with-glibc2.36,
ok,ILS_iRace,drop_insert_operators,full,operator_group_ablation,group:insert,input/seed_based/de_075x_012t.txt,seed_based,78,irace_final,720.000000,600.000000,120.000000,2968384,2972730,3783606,21.431301,0.146410,612.899280,output/operator_group_ablation/ILS_iRace/drop_insert_operators/seed_078/input/seed_based/de_075x_012t.txt,,,da27c8e3402deb8a0832aaa211b98a39d670003f,true,3.11.2,Linux-6.1.0-44-cloud-amd64-x86_64-with-glibc2.36,
ok,ILS_iRace,drop_order_operators,full,operator_group_ablation,group:order,input/seed_based/de_075x_012t.txt,seed_based,78,irace_final,720.000000,600.000000,120.000000,2968384,2976441,3783606,21.333220,0.271427,609.185951,output/operator_group_ablation/ILS_iRace/drop_order_operators/seed_078/input/seed_based/de_075x_012t.txt,,,da27c8e3402deb8a0832aaa211b98a39d670003f,true,3.11.2,Linux-6.1.0-44-cloud-amd64-x86_64-with-glibc2.36,
ok,ILS_iRace,drop_strategic_operators,full,operator_group_ablation,group:strategic,input/seed_based/de_075x_012t.txt,seed_based,78,irace_final,720.000000,600.000000,120.000000,2968384,2976082,3783606,21.342709,0.259333,612.131887,output/operator_group_ablation/ILS_iRace/drop_strategic_operators/seed_078/input/seed_based/de_075x_012t.txt,,,da27c8e3402deb8a0832aaa211b98a39d670003f,true,3.11.2,Linux-6.1.0-44-cloud-amd64-x86_64-with-glibc2.36,
ok,ILS_iRace,drop_insert_operators,full,operator_group_ablation,group:insert,input/seed_based/de_075x_012t.txt,seed_based,89,irace_final,720.000000,600.000000,120.000000,2968384,2972982,3783606,21.424641,0.154899,611.979947,output/operator_group_ablation/ILS_iRace/drop_insert_operators/seed_089/input/seed_based/de_075x_012t.txt,,,da27c8e3402deb8a0832aaa211b98a39d670003f,true,3.11.2,Linux-6.1.0-44-cloud-amd64-x86_64-with-glibc2.36,
ok,ILS_iRace,drop_order_operators,full,operator_group_ablation,group:order,input/seed_based/de_075x_012t.txt,seed_based,89,irace_final,720.000000,600.000000,120.000000,2968384,2976142,3783606,21.341123,0.261354,612.761256,output/operator_group_ablation/ILS_iRace/drop_order_operators/seed_089/input/seed_based/de_075x_012t.txt,,,da27c8e3402deb8a0832aaa211b98a39d670003f,true,3.11.2,Linux-6.1.0-44-cloud-amd64-x86_64-with-glibc2.36,
ok,ILS_iRace,drop_strategic_operators,full,operator_group_ablation,group:strategic,input/seed_based/de_075x_012t.txt,seed_based,89,irace_final,720.000000,600.000000,120.000000,2968384,2976159,3783606,21.340673,0.261927,609.068142,output/operator_group_ablation/ILS_iRace/drop_strategic_operators/seed_089/input/seed_based/de_075x_012t.txt,,,da27c8e3402deb8a0832aaa211b98a39d670003f,true,3.11.2,Linux-6.1.0-44-cloud-amd64-x86_64-with-glibc2.36,
ok,ILS_iRace,drop_insert_operators,full,operator_group_ablation,group:insert,input/seed_based/de_075x_012t.txt,seed_based,100,irace_final,720.000000,600.000000,120.000000,2968384,2973734,3783606,21.404766,0.180233,612.210260,output/operator_group_ablation/ILS_iRace/drop_insert_operators/seed_100/input/seed_based/de_075x_012t.txt,,,da27c8e3402deb8a0832aaa211b98a39d670003f,true,3.11.2,Linux-6.1.0-44-cloud-amd64-x86_64-with-glibc2.36,
ok,ILS_iRace,drop_order_operators,full,operator_group_ablation,group:order,input/seed_based/de_075x_012t.txt,seed_based,100,irace_final,720.000000,600.000000,120.000000,2968384,2975370,3783606,21.361527,0.235347,609.510500,output/operator_group_ablation/ILS_iRace/drop_order_operators/seed_100/input/seed_based/de_075x_012t.txt,,,da27c8e3402deb8a0832aaa211b98a39d670003f,true,3.11.2,Linux-6.1.0-44-cloud-amd64-x86_64-with-glibc2.36,
ok,ILS_iRace,drop_strategic_operators,full,operator_group_ablation,group:strategic,input/seed_based/de_075x_012t.txt,seed_based,100,irace_final,720.000000,600.000000,120.000000,2968384,2976387,3783606,21.334647,0.269608,612.663612,output/operator_group_ablation/ILS_iRace/drop_strategic_operators/seed_100/input/seed_based/de_075x_012t.txt,,,da27c8e3402deb8a0832aaa211b98a39d670003f,true,3.11.2,Linux-6.1.0-44-cloud-amd64-x86_64-with-glibc2.36,
ok,ILS_iRace,drop_insert_operators,full,operator_group_ablation,group:insert,input/seed_based/df_060x_008t.txt,seed_based,1,irace_final,720.000000,600.000000,120.000000,2007440,2007440,2933572,31.570113,0.000000,613.860297,output/operator_group_ablation/ILS_iRace/drop_insert_operators/seed_001/input/seed_based/df_060x_008t.txt,,,da27c8e3402deb8a0832aaa211b98a39d670003f,true,3.11.2,Linux-6.1.0-44-cloud-amd64-x86_64-with-glibc2.36,
ok,ILS_iRace,drop_order_operators,full,operator_group_ablation,group:order,input/seed_based/df_060x_008t.txt,seed_based,1,irace_final,720.000000,600.000000,120.000000,2007440,2007440,2933572,31.570113,0.000000,613.838459,output/operator_group_ablation/ILS_iRace/drop_order_operators/seed_001/input/seed_based/df_060x_008t.txt,,,da27c8e3402deb8a0832aaa211b98a39d670003f,true,3.11.2,Linux-6.1.0-44-cloud-amd64-x86_64-with-glibc2.36,
ok,ILS_iRace,drop_strategic_operators,full,operator_group_ablation,group:strategic,input/seed_based/df_060x_008t.txt,seed_based,1,irace_final,720.000000,600.000000,120.000000,2007440,2007440,2933572,31.570113,0.000000,609.551648,output/operator_group_ablation/ILS_iRace/drop_strategic_operators/seed_001/input/seed_based/df_060x_008t.txt,,,da27c8e3402deb8a0832aaa211b98a39d670003f,true,3.11.2,Linux-6.1.0-44-cloud-amd64-x86_64-with-glibc2.36,
ok,ILS_iRace,drop_insert_operators,full,operator_group_ablation,group:insert,input/seed_based/df_060x_008t.txt,seed_based,12,irace_final,720.000000,600.000000,120.000000,2007440,2007440,2933572,31.570113,0.000000,614.414799,output/operator_group_ablation/ILS_iRace/drop_insert_operators/seed_012/input/seed_based/df_060x_008t.txt,,,da27c8e3402deb8a0832aaa211b98a39d670003f,true,3.11.2,Linux-6.1.0-44-cloud-amd64-x86_64-with-glibc2.36,
ok,ILS_iRace,drop_order_operators,full,operator_group_ablation,group:order,input/seed_based/df_060x_008t.txt,seed_based,12,irace_final,720.000000,600.000000,120.000000,2007440,2007440,2933572,31.570113,0.000000,609.950103,output/operator_group_ablation/ILS_iRace/drop_order_operators/seed_012/input/seed_based/df_060x_008t.txt,,,da27c8e3402deb8a0832aaa211b98a39d670003f,true,3.11.2,Linux-6.1.0-44-cloud-amd64-x86_64-with-glibc2.36,
ok,ILS_iRace,drop_strategic_operators,full,operator_group_ablation,group:strategic,input/seed_based/df_060x_008t.txt,seed_based,12,irace_final,720.000000,600.000000,120.000000,2007440,2007440,2933572,31.570113,0.000000,614.494284,output/operator_group_ablation/ILS_iRace/drop_strategic_operators/seed_012/input/seed_based/df_060x_008t.txt,,,da27c8e3402deb8a0832aaa211b98a39d670003f,true,3.11.2,Linux-6.1.0-44-cloud-amd64-x86_64-with-glibc2.36,
ok,ILS_iRace,drop_insert_operators,full,operator_group_ablation,group:insert,input/seed_based/df_060x_008t.txt,seed_based,23,irace_final,720.000000,600.000000,120.000000,2007440,2007440,2933572,31.570113,0.000000,613.409492,output/operator_group_ablation/ILS_iRace/drop_insert_operators/seed_023/input/seed_based/df_060x_008t.txt,,,da27c8e3402deb8a0832aaa211b98a39d670003f,true,3.11.2,Linux-6.1.0-44-cloud-amd64-x86_64-with-glibc2.36,
ok,ILS_iRace,drop_strategic_operators,full,operator_group_ablation,group:strategic,input/seed_based/df_060x_008t.txt,seed_based,23,irace_final,720.000000,600.000000,120.000000,2007440,2007440,2933572,31.570113,0.000000,609.863956,output/operator_group_ablation/ILS_iRace/drop_strategic_operators/seed_023/input/seed_based/df_060x_008t.txt,,,da27c8e3402deb8a0832aaa211b98a39d670003f,true,3.11.2,Linux-6.1.0-44-cloud-amd64-x86_64-with-glibc2.36,
ok,ILS_iRace,drop_order_operators,full,operator_group_ablation,group:order,input/seed_based/df_060x_008t.txt,seed_based,23,irace_final,720.000000,600.000000,120.000000,2007440,2007440,2933572,31.570113,0.000000,613.739489,output/operator_group_ablation/ILS_iRace/drop_order_operators/seed_023/input/seed_based/df_060x_008t.txt,,,da27c8e3402deb8a0832aaa211b98a39d670003f,true,3.11.2,Linux-6.1.0-44-cloud-amd64-x86_64-with-glibc2.36,
ok,ILS_iRace,drop_insert_operators,full,operator_group_ablation,group:insert,input/seed_based/df_060x_008t.txt,seed_based,34,irace_final,720.000000,600.000000,120.000000,2007440,2007440,2933572,31.570113,0.000000,613.675184,output/operator_group_ablation/ILS_iRace/drop_insert_operators/seed_034/input/seed_based/df_060x_008t.txt,,,da27c8e3402deb8a0832aaa211b98a39d670003f,true,3.11.2,Linux-6.1.0-44-cloud-amd64-x86_64-with-glibc2.36,
ok,ILS_iRace,drop_order_operators,full,operator_group_ablation,group:order,input/seed_based/df_060x_008t.txt,seed_based,34,irace_final,720.000000,600.000000,120.000000,2007440,2007475,2933572,31.568920,0.001744,613.956541,output/operator_group_ablation/ILS_iRace/drop_order_operators/seed_034/input/seed_based/df_060x_008t.txt,,,da27c8e3402deb8a0832aaa211b98a39d670003f,true,3.11.2,Linux-6.1.0-44-cloud-amd64-x86_64-with-glibc2.36,
ok,ILS_iRace,drop_strategic_operators,full,operator_group_ablation,group:strategic,input/seed_based/df_060x_008t.txt,seed_based,34,irace_final,720.000000,600.000000,120.000000,2007440,2007440,2933572,31.570113,0.000000,613.834970,output/operator_group_ablation/ILS_iRace/drop_strategic_operators/seed_034/input/seed_based/df_060x_008t.txt,,,da27c8e3402deb8a0832aaa211b98a39d670003f,true,3.11.2,Linux-6.1.0-44-cloud-amd64-x86_64-with-glibc2.36,
ok,ILS_iRace,drop_insert_operators,full,operator_group_ablation,group:insert,input/seed_based/df_060x_008t.txt,seed_based,45,irace_final,720.000000,600.000000,120.000000,2007440,2007440,2933572,31.570113,0.000000,609.663522,output/operator_group_ablation/ILS_iRace/drop_insert_operators/seed_045/input/seed_based/df_060x_008t.txt,,,da27c8e3402deb8a0832aaa211b98a39d670003f,true,3.11.2,Linux-6.1.0-44-cloud-amd64-x86_64-with-glibc2.36,
ok,ILS_iRace,drop_strategic_operators,full,operator_group_ablation,group:strategic,input/seed_based/df_060x_008t.txt,seed_based,45,irace_final,720.000000,600.000000,120.000000,2007440,2007570,2933572,31.565682,0.006476,609.663169,output/operator_group_ablation/ILS_iRace/drop_strategic_operators/seed_045/input/seed_based/df_060x_008t.txt,,,da27c8e3402deb8a0832aaa211b98a39d670003f,true,3.11.2,Linux-6.1.0-44-cloud-amd64-x86_64-with-glibc2.36,
ok,ILS_iRace,drop_order_operators,full,operator_group_ablation,group:order,input/seed_based/df_060x_008t.txt,seed_based,45,irace_final,720.000000,600.000000,120.000000,2007440,2007440,2933572,31.570113,0.000000,613.668015,output/operator_group_ablation/ILS_iRace/drop_order_operators/seed_045/input/seed_based/df_060x_008t.txt,,,da27c8e3402deb8a0832aaa211b98a39d670003f,true,3.11.2,Linux-6.1.0-44-cloud-amd64-x86_64-with-glibc2.36,
ok,ILS_iRace,drop_insert_operators,full,operator_group_ablation,group:insert,input/seed_based/df_060x_008t.txt,seed_based,56,irace_final,720.000000,600.000000,120.000000,2007440,2007570,2933572,31.565682,0.006476,614.036312,output/operator_group_ablation/ILS_iRace/drop_insert_operators/seed_056/input/seed_based/df_060x_008t.txt,,,da27c8e3402deb8a0832aaa211b98a39d670003f,true,3.11.2,Linux-6.1.0-44-cloud-amd64-x86_64-with-glibc2.36,
ok,ILS_iRace,drop_order_operators,full,operator_group_ablation,group:order,input/seed_based/df_060x_008t.txt,seed_based,56,irace_final,720.000000,600.000000,120.000000,2007440,2007570,2933572,31.565682,0.006476,614.140541,output/operator_group_ablation/ILS_iRace/drop_order_operators/seed_056/input/seed_based/df_060x_008t.txt,,,da27c8e3402deb8a0832aaa211b98a39d670003f,true,3.11.2,Linux-6.1.0-44-cloud-amd64-x86_64-with-glibc2.36,
ok,ILS_iRace,drop_strategic_operators,full,operator_group_ablation,group:strategic,input/seed_based/df_060x_008t.txt,seed_based,56,irace_final,720.000000,600.000000,120.000000,2007440,2007440,2933572,31.570113,0.000000,613.990852,output/operator_group_ablation/ILS_iRace/drop_strategic_operators/seed_056/input/seed_based/df_060x_008t.txt,,,da27c8e3402deb8a0832aaa211b98a39d670003f,true,3.11.2,Linux-6.1.0-44-cloud-amd64-x86_64-with-glibc2.36,
ok,ILS_iRace,drop_insert_operators,full,operator_group_ablation,group:insert,input/seed_based/df_060x_008t.txt,seed_based,67,irace_final,720.000000,600.000000,120.000000,2007440,2007440,2933572,31.570113,0.000000,609.667653,output/operator_group_ablation/ILS_iRace/drop_insert_operators/seed_067/input/seed_based/df_060x_008t.txt,,,da27c8e3402deb8a0832aaa211b98a39d670003f,true,3.11.2,Linux-6.1.0-44-cloud-amd64-x86_64-with-glibc2.36,
ok,ILS_iRace,drop_order_operators,full,operator_group_ablation,group:order,input/seed_based/df_060x_008t.txt,seed_based,67,irace_final,720.000000,600.000000,120.000000,2007440,2007440,2933572,31.570113,0.000000,609.846208,output/operator_group_ablation/ILS_iRace/drop_order_operators/seed_067/input/seed_based/df_060x_008t.txt,,,da27c8e3402deb8a0832aaa211b98a39d670003f,true,3.11.2,Linux-6.1.0-44-cloud-amd64-x86_64-with-glibc2.36,
ok,ILS_iRace,drop_strategic_operators,full,operator_group_ablation,group:strategic,input/seed_based/df_060x_008t.txt,seed_based,67,irace_final,720.000000,600.000000,120.000000,2007440,2007570,2933572,31.565682,0.006476,613.430961,output/operator_group_ablation/ILS_iRace/drop_strategic_operators/seed_067/input/seed_based/df_060x_008t.txt,,,da27c8e3402deb8a0832aaa211b98a39d670003f,true,3.11.2,Linux-6.1.0-44-cloud-amd64-x86_64-with-glibc2.36,
ok,ILS_iRace,drop_insert_operators,full,operator_group_ablation,group:insert,input/seed_based/df_060x_008t.txt,seed_based,78,irace_final,720.000000,600.000000,120.000000,2007440,2007440,2933572,31.570113,0.000000,613.729813,output/operator_group_ablation/ILS_iRace/drop_insert_operators/seed_078/input/seed_based/df_060x_008t.txt,,,da27c8e3402deb8a0832aaa211b98a39d670003f,true,3.11.2,Linux-6.1.0-44-cloud-amd64-x86_64-with-glibc2.36,
ok,ILS_iRace,drop_order_operators,full,operator_group_ablation,group:order,input/seed_based/df_060x_008t.txt,seed_based,78,irace_final,720.000000,600.000000,120.000000,2007440,2007440,2933572,31.570113,0.000000,613.472940,output/operator_group_ablation/ILS_iRace/drop_order_operators/seed_078/input/seed_based/df_060x_008t.txt,,,da27c8e3402deb8a0832aaa211b98a39d670003f,true,3.11.2,Linux-6.1.0-44-cloud-amd64-x86_64-with-glibc2.36,
ok,ILS_iRace,drop_strategic_operators,full,operator_group_ablation,group:strategic,input/seed_based/df_060x_008t.txt,seed_based,78,irace_final,720.000000,600.000000,120.000000,2007440,2007440,2933572,31.570113,0.000000,613.613312,output/operator_group_ablation/ILS_iRace/drop_strategic_operators/seed_078/input/seed_based/df_060x_008t.txt,,,da27c8e3402deb8a0832aaa211b98a39d670003f,true,3.11.2,Linux-6.1.0-44-cloud-amd64-x86_64-with-glibc2.36,
ok,ILS_iRace,drop_insert_operators,full,operator_group_ablation,group:insert,input/seed_based/df_060x_008t.txt,seed_based,89,irace_final,720.000000,600.000000,120.000000,2007440,2007440,2933572,31.570113,0.000000,609.865183,output/operator_group_ablation/ILS_iRace/drop_insert_operators/seed_089/input/seed_based/df_060x_008t.txt,,,da27c8e3402deb8a0832aaa211b98a39d670003f,true,3.11.2,Linux-6.1.0-44-cloud-amd64-x86_64-with-glibc2.36,
ok,ILS_iRace,drop_strategic_operators,full,operator_group_ablation,group:strategic,input/seed_based/df_060x_008t.txt,seed_based,89,irace_final,720.000000,600.000000,120.000000,2007440,2007440,2933572,31.570113,0.000000,609.510062,output/operator_group_ablation/ILS_iRace/drop_strategic_operators/seed_089/input/seed_based/df_060x_008t.txt,,,da27c8e3402deb8a0832aaa211b98a39d670003f,true,3.11.2,Linux-6.1.0-44-cloud-amd64-x86_64-with-glibc2.36,
ok,ILS_iRace,drop_order_operators,full,operator_group_ablation,group:order,input/seed_based/df_060x_008t.txt,seed_based,89,irace_final,720.000000,600.000000,120.000000,2007440,2007570,2933572,31.565682,0.006476,613.944646,output/operator_group_ablation/ILS_iRace/drop_order_operators/seed_089/input/seed_based/df_060x_008t.txt,,,da27c8e3402deb8a0832aaa211b98a39d670003f,true,3.11.2,Linux-6.1.0-44-cloud-amd64-x86_64-with-glibc2.36,
ok,ILS_iRace,drop_insert_operators,full,operator_group_ablation,group:insert,input/seed_based/df_060x_008t.txt,seed_based,100,irace_final,720.000000,600.000000,120.000000,2007440,2007440,2933572,31.570113,0.000000,614.358098,output/operator_group_ablation/ILS_iRace/drop_insert_operators/seed_100/input/seed_based/df_060x_008t.txt,,,da27c8e3402deb8a0832aaa211b98a39d670003f,true,3.11.2,Linux-6.1.0-44-cloud-amd64-x86_64-with-glibc2.36,
ok,ILS_iRace,drop_order_operators,full,operator_group_ablation,group:order,input/seed_based/df_060x_008t.txt,seed_based,100,irace_final,720.000000,600.000000,120.000000,2007440,2007440,2933572,31.570113,0.000000,609.728196,output/operator_group_ablation/ILS_iRace/drop_order_operators/seed_100/input/seed_based/df_060x_008t.txt,,,da27c8e3402deb8a0832aaa211b98a39d670003f,true,3.11.2,Linux-6.1.0-44-cloud-amd64-x86_64-with-glibc2.36,
ok,ILS_iRace,drop_strategic_operators,full,operator_group_ablation,group:strategic,input/seed_based/df_060x_008t.txt,seed_based,100,irace_final,720.000000,600.000000,120.000000,2007440,2007440,2933572,31.570113,0.000000,613.874882,output/operator_group_ablation/ILS_iRace/drop_strategic_operators/seed_100/input/seed_based/df_060x_008t.txt,,,da27c8e3402deb8a0832aaa211b98a39d670003f,true,3.11.2,Linux-6.1.0-44-cloud-amd64-x86_64-with-glibc2.36,
ok,ILS_iRace,drop_insert_operators,full,operator_group_ablation,group:insert,input/seed_based/df_075x_020t.txt,seed_based,1,irace_final,720.000000,600.000000,120.000000,3404582,3404582,3903784,12.787644,0.000000,631.130782,output/operator_group_ablation/ILS_iRace/drop_insert_operators/seed_001/input/seed_based/df_075x_020t.txt,,,da27c8e3402deb8a0832aaa211b98a39d670003f,true,3.11.2,Linux-6.1.0-44-cloud-amd64-x86_64-with-glibc2.36,
ok,ILS_iRace,drop_order_operators,full,operator_group_ablation,group:order,input/seed_based/df_075x_020t.txt,seed_based,1,irace_final,720.000000,600.000000,120.000000,3404582,3404704,3903784,12.784519,0.003583,619.219032,output/operator_group_ablation/ILS_iRace/drop_order_operators/seed_001/input/seed_based/df_075x_020t.txt,,,da27c8e3402deb8a0832aaa211b98a39d670003f,true,3.11.2,Linux-6.1.0-44-cloud-amd64-x86_64-with-glibc2.36,
ok,ILS_iRace,drop_strategic_operators,full,operator_group_ablation,group:strategic,input/seed_based/df_075x_020t.txt,seed_based,1,irace_final,720.000000,600.000000,120.000000,3404582,3404582,3903784,12.787644,0.000000,630.294273,output/operator_group_ablation/ILS_iRace/drop_strategic_operators/seed_001/input/seed_based/df_075x_020t.txt,,,da27c8e3402deb8a0832aaa211b98a39d670003f,true,3.11.2,Linux-6.1.0-44-cloud-amd64-x86_64-with-glibc2.36,
ok,ILS_iRace,drop_insert_operators,full,operator_group_ablation,group:insert,input/seed_based/df_075x_020t.txt,seed_based,12,irace_final,720.000000,600.000000,120.000000,3404582,3404582,3903784,12.787644,0.000000,632.324538,output/operator_group_ablation/ILS_iRace/drop_insert_operators/seed_012/input/seed_based/df_075x_020t.txt,,,da27c8e3402deb8a0832aaa211b98a39d670003f,true,3.11.2,Linux-6.1.0-44-cloud-amd64-x86_64-with-glibc2.36,
ok,ILS_iRace,drop_order_operators,full,operator_group_ablation,group:order,input/seed_based/df_075x_020t.txt,seed_based,12,irace_final,720.000000,600.000000,120.000000,3404582,3404668,3903784,12.785441,0.002526,619.040727,output/operator_group_ablation/ILS_iRace/drop_order_operators/seed_012/input/seed_based/df_075x_020t.txt,,,da27c8e3402deb8a0832aaa211b98a39d670003f,true,3.11.2,Linux-6.1.0-44-cloud-amd64-x86_64-with-glibc2.36,
ok,ILS_iRace,drop_strategic_operators,full,operator_group_ablation,group:strategic,input/seed_based/df_075x_020t.txt,seed_based,12,irace_final,720.000000,600.000000,120.000000,3404582,3404582,3903784,12.787644,0.000000,631.601653,output/operator_group_ablation/ILS_iRace/drop_strategic_operators/seed_012/input/seed_based/df_075x_020t.txt,,,da27c8e3402deb8a0832aaa211b98a39d670003f,true,3.11.2,Linux-6.1.0-44-cloud-amd64-x86_64-with-glibc2.36,
ok,ILS_iRace,drop_insert_operators,full,operator_group_ablation,group:insert,input/seed_based/df_075x_020t.txt,seed_based,23,irace_final,720.000000,600.000000,120.000000,3404582,3404582,3903784,12.787644,0.000000,631.115829,output/operator_group_ablation/ILS_iRace/drop_insert_operators/seed_023/input/seed_based/df_075x_020t.txt,,,da27c8e3402deb8a0832aaa211b98a39d670003f,true,3.11.2,Linux-6.1.0-44-cloud-amd64-x86_64-with-glibc2.36,
ok,ILS_iRace,drop_order_operators,full,operator_group_ablation,group:order,input/seed_based/df_075x_020t.txt,seed_based,23,irace_final,720.000000,600.000000,120.000000,3404582,3404719,3903784,12.784135,0.004024,620.002054,output/operator_group_ablation/ILS_iRace/drop_order_operators/seed_023/input/seed_based/df_075x_020t.txt,,,da27c8e3402deb8a0832aaa211b98a39d670003f,true,3.11.2,Linux-6.1.0-44-cloud-amd64-x86_64-with-glibc2.36,
ok,ILS_iRace,drop_strategic_operators,full,operator_group_ablation,group:strategic,input/seed_based/df_075x_020t.txt,seed_based,23,irace_final,720.000000,600.000000,120.000000,3404582,3404582,3903784,12.787644,0.000000,632.746213,output/operator_group_ablation/ILS_iRace/drop_strategic_operators/seed_023/input/seed_based/df_075x_020t.txt,,,da27c8e3402deb8a0832aaa211b98a39d670003f,true,3.11.2,Linux-6.1.0-44-cloud-amd64-x86_64-with-glibc2.36,
ok,ILS_iRace,drop_insert_operators,full,operator_group_ablation,group:insert,input/seed_based/df_075x_020t.txt,seed_based,34,irace_final,720.000000,600.000000,120.000000,3404582,3404582,3903784,12.787644,0.000000,619.335094,output/operator_group_ablation/ILS_iRace/drop_insert_operators/seed_034/input/seed_based/df_075x_020t.txt,,,da27c8e3402deb8a0832aaa211b98a39d670003f,true,3.11.2,Linux-6.1.0-44-cloud-amd64-x86_64-with-glibc2.36,
ok,ILS_iRace,drop_order_operators,full,operator_group_ablation,group:order,input/seed_based/df_075x_020t.txt,seed_based,34,irace_final,720.000000,600.000000,120.000000,3404582,3404803,3903784,12.781983,0.006491,618.990031,output/operator_group_ablation/ILS_iRace/drop_order_operators/seed_034/input/seed_based/df_075x_020t.txt,,,da27c8e3402deb8a0832aaa211b98a39d670003f,true,3.11.2,Linux-6.1.0-44-cloud-amd64-x86_64-with-glibc2.36,
ok,ILS_iRace,drop_strategic_operators,full,operator_group_ablation,group:strategic,input/seed_based/df_075x_020t.txt,seed_based,34,irace_final,720.000000,600.000000,120.000000,3404582,3404582,3903784,12.787644,0.000000,631.617133,output/operator_group_ablation/ILS_iRace/drop_strategic_operators/seed_034/input/seed_based/df_075x_020t.txt,,,da27c8e3402deb8a0832aaa211b98a39d670003f,true,3.11.2,Linux-6.1.0-44-cloud-amd64-x86_64-with-glibc2.36,
ok,ILS_iRace,drop_insert_operators,full,operator_group_ablation,group:insert,input/seed_based/df_075x_020t.txt,seed_based,45,irace_final,720.000000,600.000000,120.000000,3404582,3404582,3903784,12.787644,0.000000,630.559669,output/operator_group_ablation/ILS_iRace/drop_insert_operators/seed_045/input/seed_based/df_075x_020t.txt,,,da27c8e3402deb8a0832aaa211b98a39d670003f,true,3.11.2,Linux-6.1.0-44-cloud-amd64-x86_64-with-glibc2.36,
ok,ILS_iRace,drop_order_operators,full,operator_group_ablation,group:order,input/seed_based/df_075x_020t.txt,seed_based,45,irace_final,720.000000,600.000000,120.000000,3404582,3404582,3903784,12.787644,0.000000,632.963991,output/operator_group_ablation/ILS_iRace/drop_order_operators/seed_045/input/seed_based/df_075x_020t.txt,,,da27c8e3402deb8a0832aaa211b98a39d670003f,true,3.11.2,Linux-6.1.0-44-cloud-amd64-x86_64-with-glibc2.36,
ok,ILS_iRace,drop_strategic_operators,full,operator_group_ablation,group:strategic,input/seed_based/df_075x_020t.txt,seed_based,45,irace_final,720.000000,600.000000,120.000000,3404582,3404682,3903784,12.785082,0.002937,632.447968,output/operator_group_ablation/ILS_iRace/drop_strategic_operators/seed_045/input/seed_based/df_075x_020t.txt,,,da27c8e3402deb8a0832aaa211b98a39d670003f,true,3.11.2,Linux-6.1.0-44-cloud-amd64-x86_64-with-glibc2.36,
ok,ILS_iRace,drop_insert_operators,full,operator_group_ablation,group:insert,input/seed_based/df_075x_020t.txt,seed_based,56,irace_final,720.000000,600.000000,120.000000,3404582,3404582,3903784,12.787644,0.000000,619.281351,output/operator_group_ablation/ILS_iRace/drop_insert_operators/seed_056/input/seed_based/df_075x_020t.txt,,,da27c8e3402deb8a0832aaa211b98a39d670003f,true,3.11.2,Linux-6.1.0-44-cloud-amd64-x86_64-with-glibc2.36,
ok,ILS_iRace,drop_order_operators,full,operator_group_ablation,group:order,input/seed_based/df_075x_020t.txt,seed_based,56,irace_final,720.000000,600.000000,120.000000,3404582,3404648,3903784,12.785953,0.001939,619.156838,output/operator_group_ablation/ILS_iRace/drop_order_operators/seed_056/input/seed_based/df_075x_020t.txt,,,da27c8e3402deb8a0832aaa211b98a39d670003f,true,3.11.2,Linux-6.1.0-44-cloud-amd64-x86_64-with-glibc2.36,
ok,ILS_iRace,drop_strategic_operators,full,operator_group_ablation,group:strategic,input/seed_based/df_075x_020t.txt,seed_based,56,irace_final,720.000000,600.000000,120.000000,3404582,3404582,3903784,12.787644,0.000000,619.336698,output/operator_group_ablation/ILS_iRace/drop_strategic_operators/seed_056/input/seed_based/df_075x_020t.txt,,,da27c8e3402deb8a0832aaa211b98a39d670003f,true,3.11.2,Linux-6.1.0-44-cloud-amd64-x86_64-with-glibc2.36,
ok,ILS_iRace,drop_insert_operators,full,operator_group_ablation,group:insert,input/seed_based/df_075x_020t.txt,seed_based,67,irace_final,720.000000,600.000000,120.000000,3404582,3404582,3903784,12.787644,0.000000,632.700669,output/operator_group_ablation/ILS_iRace/drop_insert_operators/seed_067/input/seed_based/df_075x_020t.txt,,,da27c8e3402deb8a0832aaa211b98a39d670003f,true,3.11.2,Linux-6.1.0-44-cloud-amd64-x86_64-with-glibc2.36,
ok,ILS_iRace,drop_order_operators,full,operator_group_ablation,group:order,input/seed_based/df_075x_020t.txt,seed_based,67,irace_final,720.000000,600.000000,120.000000,3404582,3404719,3903784,12.784135,0.004024,631.079575,output/operator_group_ablation/ILS_iRace/drop_order_operators/seed_067/input/seed_based/df_075x_020t.txt,,,da27c8e3402deb8a0832aaa211b98a39d670003f,true,3.11.2,Linux-6.1.0-44-cloud-amd64-x86_64-with-glibc2.36,
ok,ILS_iRace,drop_strategic_operators,full,operator_group_ablation,group:strategic,input/seed_based/df_075x_020t.txt,seed_based,67,irace_final,720.000000,600.000000,120.000000,3404582,3404582,3903784,12.787644,0.000000,631.548824,output/operator_group_ablation/ILS_iRace/drop_strategic_operators/seed_067/input/seed_based/df_075x_020t.txt,,,da27c8e3402deb8a0832aaa211b98a39d670003f,true,3.11.2,Linux-6.1.0-44-cloud-amd64-x86_64-with-glibc2.36,
ok,ILS_iRace,drop_insert_operators,full,operator_group_ablation,group:insert,input/seed_based/df_075x_020t.txt,seed_based,78,irace_final,720.000000,600.000000,120.000000,3404582,3404582,3903784,12.787644,0.000000,619.626002,output/operator_group_ablation/ILS_iRace/drop_insert_operators/seed_078/input/seed_based/df_075x_020t.txt,,,da27c8e3402deb8a0832aaa211b98a39d670003f,true,3.11.2,Linux-6.1.0-44-cloud-amd64-x86_64-with-glibc2.36,
ok,ILS_iRace,drop_order_operators,full,operator_group_ablation,group:order,input/seed_based/df_075x_020t.txt,seed_based,78,irace_final,720.000000,600.000000,120.000000,3404582,3404582,3903784,12.787644,0.000000,631.042533,output/operator_group_ablation/ILS_iRace/drop_order_operators/seed_078/input/seed_based/df_075x_020t.txt,,,da27c8e3402deb8a0832aaa211b98a39d670003f,true,3.11.2,Linux-6.1.0-44-cloud-amd64-x86_64-with-glibc2.36,
ok,ILS_iRace,drop_strategic_operators,full,operator_group_ablation,group:strategic,input/seed_based/df_075x_020t.txt,seed_based,78,irace_final,720.000000,600.000000,120.000000,3404582,3404582,3903784,12.787644,0.000000,631.278575,output/operator_group_ablation/ILS_iRace/drop_strategic_operators/seed_078/input/seed_based/df_075x_020t.txt,,,da27c8e3402deb8a0832aaa211b98a39d670003f,true,3.11.2,Linux-6.1.0-44-cloud-amd64-x86_64-with-glibc2.36,
ok,ILS_iRace,drop_insert_operators,full,operator_group_ablation,group:insert,input/seed_based/df_075x_020t.txt,seed_based,89,irace_final,720.000000,600.000000,120.000000,3404582,3404582,3903784,12.787644,0.000000,619.553939,output/operator_group_ablation/ILS_iRace/drop_insert_operators/seed_089/input/seed_based/df_075x_020t.txt,,,da27c8e3402deb8a0832aaa211b98a39d670003f,true,3.11.2,Linux-6.1.0-44-cloud-amd64-x86_64-with-glibc2.36,
ok,ILS_iRace,drop_order_operators,full,operator_group_ablation,group:order,input/seed_based/df_075x_020t.txt,seed_based,89,irace_final,720.000000,600.000000,120.000000,3404582,3404744,3903784,12.783494,0.004758,619.367682,output/operator_group_ablation/ILS_iRace/drop_order_operators/seed_089/input/seed_based/df_075x_020t.txt,,,da27c8e3402deb8a0832aaa211b98a39d670003f,true,3.11.2,Linux-6.1.0-44-cloud-amd64-x86_64-with-glibc2.36,
ok,ILS_iRace,drop_strategic_operators,full,operator_group_ablation,group:strategic,input/seed_based/df_075x_020t.txt,seed_based,89,irace_final,720.000000,600.000000,120.000000,3404582,3404582,3903784,12.787644,0.000000,631.594675,output/operator_group_ablation/ILS_iRace/drop_strategic_operators/seed_089/input/seed_based/df_075x_020t.txt,,,da27c8e3402deb8a0832aaa211b98a39d670003f,true,3.11.2,Linux-6.1.0-44-cloud-amd64-x86_64-with-glibc2.36,
ok,ILS_iRace,drop_insert_operators,full,operator_group_ablation,group:insert,input/seed_based/df_075x_020t.txt,seed_based,100,irace_final,720.000000,600.000000,120.000000,3404582,3404582,3903784,12.787644,0.000000,631.968660,output/operator_group_ablation/ILS_iRace/drop_insert_operators/seed_100/input/seed_based/df_075x_020t.txt,,,da27c8e3402deb8a0832aaa211b98a39d670003f,true,3.11.2,Linux-6.1.0-44-cloud-amd64-x86_64-with-glibc2.36,
ok,ILS_iRace,drop_order_operators,full,operator_group_ablation,group:order,input/seed_based/df_075x_020t.txt,seed_based,100,irace_final,720.000000,600.000000,120.000000,3404582,3404582,3903784,12.787644,0.000000,630.936107,output/operator_group_ablation/ILS_iRace/drop_order_operators/seed_100/input/seed_based/df_075x_020t.txt,,,da27c8e3402deb8a0832aaa211b98a39d670003f,true,3.11.2,Linux-6.1.0-44-cloud-amd64-x86_64-with-glibc2.36,
ok,ILS_iRace,drop_strategic_operators,full,operator_group_ablation,group:strategic,input/seed_based/df_075x_020t.txt,seed_based,100,irace_final,720.000000,600.000000,120.000000,3404582,3404582,3903784,12.787644,0.000000,629.590472,output/operator_group_ablation/ILS_iRace/drop_strategic_operators/seed_100/input/seed_based/df_075x_020t.txt,,,da27c8e3402deb8a0832aaa211b98a39d670003f,true,3.11.2,Linux-6.1.0-44-cloud-amd64-x86_64-with-glibc2.36,
ok,ILS_iRace,drop_insert_operators,full,operator_group_ablation,group:insert,input/seed_based/e_060x_012t.txt,seed_based,1,irace_final,720.000000,600.000000,120.000000,5613967,5629625,7723605,27.111433,0.278912,607.821832,output/operator_group_ablation/ILS_iRace/drop_insert_operators/seed_001/input/seed_based/e_060x_012t.txt,,,da27c8e3402deb8a0832aaa211b98a39d670003f,true,3.11.2,Linux-6.1.0-44-cloud-amd64-x86_64-with-glibc2.36,
ok,ILS_iRace,drop_order_operators,full,operator_group_ablation,group:order,input/seed_based/e_060x_012t.txt,seed_based,1,irace_final,720.000000,600.000000,120.000000,5613967,5628904,7723605,27.120768,0.266069,610.332969,output/operator_group_ablation/ILS_iRace/drop_order_operators/seed_001/input/seed_based/e_060x_012t.txt,,,da27c8e3402deb8a0832aaa211b98a39d670003f,true,3.11.2,Linux-6.1.0-44-cloud-amd64-x86_64-with-glibc2.36,
ok,ILS_iRace,drop_strategic_operators,full,operator_group_ablation,group:strategic,input/seed_based/e_060x_012t.txt,seed_based,1,irace_final,720.000000,600.000000,120.000000,5613967,5652679,7723605,26.812946,0.689566,608.195443,output/operator_group_ablation/ILS_iRace/drop_strategic_operators/seed_001/input/seed_based/e_060x_012t.txt,,,da27c8e3402deb8a0832aaa211b98a39d670003f,true,3.11.2,Linux-6.1.0-44-cloud-amd64-x86_64-with-glibc2.36,
ok,ILS_iRace,drop_insert_operators,full,operator_group_ablation,group:insert,input/seed_based/e_060x_012t.txt,seed_based,12,irace_final,720.000000,600.000000,120.000000,5613967,5629578,7723605,27.112042,0.278074,610.309349,output/operator_group_ablation/ILS_iRace/drop_insert_operators/seed_012/input/seed_based/e_060x_012t.txt,,,da27c8e3402deb8a0832aaa211b98a39d670003f,true,3.11.2,Linux-6.1.0-44-cloud-amd64-x86_64-with-glibc2.36,
ok,ILS_iRace,drop_order_operators,full,operator_group_ablation,group:order,input/seed_based/e_060x_012t.txt,seed_based,12,irace_final,720.000000,600.000000,120.000000,5613967,5629017,7723605,27.119305,0.268081,610.295991,output/operator_group_ablation/ILS_iRace/drop_order_operators/seed_012/input/seed_based/e_060x_012t.txt,,,da27c8e3402deb8a0832aaa211b98a39d670003f,true,3.11.2,Linux-6.1.0-44-cloud-amd64-x86_64-with-glibc2.36,
ok,ILS_iRace,drop_strategic_operators,full,operator_group_ablation,group:strategic,input/seed_based/e_060x_012t.txt,seed_based,12,irace_final,720.000000,600.000000,120.000000,5613967,5629464,7723605,27.113518,0.276044,610.431034,output/operator_group_ablation/ILS_iRace/drop_strategic_operators/seed_012/input/seed_based/e_060x_012t.txt,,,da27c8e3402deb8a0832aaa211b98a39d670003f,true,3.11.2,Linux-6.1.0-44-cloud-amd64-x86_64-with-glibc2.36,
ok,ILS_iRace,drop_insert_operators,full,operator_group_ablation,group:insert,input/seed_based/e_060x_012t.txt,seed_based,23,irace_final,720.000000,600.000000,120.000000,5613967,5629633,7723605,27.111329,0.279054,608.136121,output/operator_group_ablation/ILS_iRace/drop_insert_operators/seed_023/input/seed_based/e_060x_012t.txt,,,da27c8e3402deb8a0832aaa211b98a39d670003f,true,3.11.2,Linux-6.1.0-44-cloud-amd64-x86_64-with-glibc2.36,
ok,ILS_iRace,drop_order_operators,full,operator_group_ablation,group:order,input/seed_based/e_060x_012t.txt,seed_based,23,irace_final,720.000000,600.000000,120.000000,5613967,5629085,7723605,27.118425,0.269293,610.132481,output/operator_group_ablation/ILS_iRace/drop_order_operators/seed_023/input/seed_based/e_060x_012t.txt,,,da27c8e3402deb8a0832aaa211b98a39d670003f,true,3.11.2,Linux-6.1.0-44-cloud-amd64-x86_64-with-glibc2.36,
ok,ILS_iRace,drop_strategic_operators,full,operator_group_ablation,group:strategic,input/seed_based/e_060x_012t.txt,seed_based,23,irace_final,720.000000,600.000000,120.000000,5613967,5629405,7723605,27.114281,0.274993,610.022957,output/operator_group_ablation/ILS_iRace/drop_strategic_operators/seed_023/input/seed_based/e_060x_012t.txt,,,da27c8e3402deb8a0832aaa211b98a39d670003f,true,3.11.2,Linux-6.1.0-44-cloud-amd64-x86_64-with-glibc2.36,
ok,ILS_iRace,drop_insert_operators,full,operator_group_ablation,group:insert,input/seed_based/e_060x_012t.txt,seed_based,34,irace_final,720.000000,600.000000,120.000000,5613967,5629609,7723605,27.111640,0.278627,610.209372,output/operator_group_ablation/ILS_iRace/drop_insert_operators/seed_034/input/seed_based/e_060x_012t.txt,,,da27c8e3402deb8a0832aaa211b98a39d670003f,true,3.11.2,Linux-6.1.0-44-cloud-amd64-x86_64-with-glibc2.36,
ok,ILS_iRace,drop_order_operators,full,operator_group_ablation,group:order,input/seed_based/e_060x_012t.txt,seed_based,34,irace_final,720.000000,600.000000,120.000000,5613967,5628906,7723605,27.120742,0.266104,610.061692,output/operator_group_ablation/ILS_iRace/drop_order_operators/seed_034/input/seed_based/e_060x_012t.txt,,,da27c8e3402deb8a0832aaa211b98a39d670003f,true,3.11.2,Linux-6.1.0-44-cloud-amd64-x86_64-with-glibc2.36,
ok,ILS_iRace,drop_strategic_operators,full,operator_group_ablation,group:strategic,input/seed_based/e_060x_012t.txt,seed_based,34,irace_final,720.000000,600.000000,120.000000,5613967,5652969,7723605,26.809191,0.694732,607.987043,output/operator_group_ablation/ILS_iRace/drop_strategic_operators/seed_034/input/seed_based/e_060x_012t.txt,,,da27c8e3402deb8a0832aaa211b98a39d670003f,true,3.11.2,Linux-6.1.0-44-cloud-amd64-x86_64-with-glibc2.36,
ok,ILS_iRace,drop_insert_operators,full,operator_group_ablation,group:insert,input/seed_based/e_060x_012t.txt,seed_based,45,irace_final,720.000000,600.000000,120.000000,5613967,5629623,7723605,27.111459,0.278876,608.201373,output/operator_group_ablation/ILS_iRace/drop_insert_operators/seed_045/input/seed_based/e_060x_012t.txt,,,da27c8e3402deb8a0832aaa211b98a39d670003f,true,3.11.2,Linux-6.1.0-44-cloud-amd64-x86_64-with-glibc2.36,
ok,ILS_iRace,drop_order_operators,full,operator_group_ablation,group:order,input/seed_based/e_060x_012t.txt,seed_based,45,irace_final,720.000000,600.000000,120.000000,5613967,5629060,7723605,27.118748,0.268847,610.613640,output/operator_group_ablation/ILS_iRace/drop_order_operators/seed_045/input/seed_based/e_060x_012t.txt,,,da27c8e3402deb8a0832aaa211b98a39d670003f,true,3.11.2,Linux-6.1.0-44-cloud-amd64-x86_64-with-glibc2.36,
ok,ILS_iRace,drop_strategic_operators,full,operator_group_ablation,group:strategic,input/seed_based/e_060x_012t.txt,seed_based,45,irace_final,720.000000,600.000000,120.000000,5613967,5629655,7723605,27.111045,0.279446,610.828420,output/operator_group_ablation/ILS_iRace/drop_strategic_operators/seed_045/input/seed_based/e_060x_012t.txt,,,da27c8e3402deb8a0832aaa211b98a39d670003f,true,3.11.2,Linux-6.1.0-44-cloud-amd64-x86_64-with-glibc2.36,
ok,ILS_iRace,drop_insert_operators,full,operator_group_ablation,group:insert,input/seed_based/e_060x_012t.txt,seed_based,56,irace_final,720.000000,600.000000,120.000000,5613967,5629562,7723605,27.112249,0.277789,607.924011,output/operator_group_ablation/ILS_iRace/drop_insert_operators/seed_056/input/seed_based/e_060x_012t.txt,,,da27c8e3402deb8a0832aaa211b98a39d670003f,true,3.11.2,Linux-6.1.0-44-cloud-amd64-x86_64-with-glibc2.36,
ok,ILS_iRace,drop_order_operators,full,operator_group_ablation,group:order,input/seed_based/e_060x_012t.txt,seed_based,56,irace_final,720.000000,600.000000,120.000000,5613967,5629287,7723605,27.115809,0.272891,610.510122,output/operator_group_ablation/ILS_iRace/drop_order_operators/seed_056/input/seed_based/e_060x_012t.txt,,,da27c8e3402deb8a0832aaa211b98a39d670003f,true,3.11.2,Linux-6.1.0-44-cloud-amd64-x86_64-with-glibc2.36,
ok,ILS_iRace,drop_strategic_operators,full,operator_group_ablation,group:strategic,input/seed_based/e_060x_012t.txt,seed_based,56,irace_final,720.000000,600.000000,120.000000,5613967,5629423,7723605,27.114048,0.275313,611.206945,output/operator_group_ablation/ILS_iRace/drop_strategic_operators/seed_056/input/seed_based/e_060x_012t.txt,,,da27c8e3402deb8a0832aaa211b98a39d670003f,true,3.11.2,Linux-6.1.0-44-cloud-amd64-x86_64-with-glibc2.36,
ok,ILS_iRace,drop_insert_operators,full,operator_group_ablation,group:insert,input/seed_based/e_060x_012t.txt,seed_based,67,irace_final,720.000000,600.000000,120.000000,5613967,5629604,7723605,27.111705,0.278537,608.051071,output/operator_group_ablation/ILS_iRace/drop_insert_operators/seed_067/input/seed_based/e_060x_012t.txt,,,da27c8e3402deb8a0832aaa211b98a39d670003f,true,3.11.2,Linux-6.1.0-44-cloud-amd64-x86_64-with-glibc2.36,
ok,ILS_iRace,drop_order_operators,full,operator_group_ablation,group:order,input/seed_based/e_060x_012t.txt,seed_based,67,irace_final,720.000000,600.000000,120.000000,5613967,5636132,7723605,27.027185,0.394819,610.815990,output/operator_group_ablation/ILS_iRace/drop_order_operators/seed_067/input/seed_based/e_060x_012t.txt,,,da27c8e3402deb8a0832aaa211b98a39d670003f,true,3.11.2,Linux-6.1.0-44-cloud-amd64-x86_64-with-glibc2.36,
ok,ILS_iRace,drop_strategic_operators,full,operator_group_ablation,group:strategic,input/seed_based/e_060x_012t.txt,seed_based,67,irace_final,720.000000,600.000000,120.000000,5613967,5629624,7723605,27.111446,0.278894,611.181789,output/operator_group_ablation/ILS_iRace/drop_strategic_operators/seed_067/input/seed_based/e_060x_012t.txt,,,da27c8e3402deb8a0832aaa211b98a39d670003f,true,3.11.2,Linux-6.1.0-44-cloud-amd64-x86_64-with-glibc2.36,
ok,ILS_iRace,drop_insert_operators,full,operator_group_ablation,group:insert,input/seed_based/e_060x_012t.txt,seed_based,78,irace_final,720.000000,600.000000,120.000000,5613967,5629619,7723605,27.111511,0.278805,608.048587,output/operator_group_ablation/ILS_iRace/drop_insert_operators/seed_078/input/seed_based/e_060x_012t.txt,,,da27c8e3402deb8a0832aaa211b98a39d670003f,true,3.11.2,Linux-6.1.0-44-cloud-amd64-x86_64-with-glibc2.36,
ok,ILS_iRace,drop_order_operators,full,operator_group_ablation,group:order,input/seed_based/e_060x_012t.txt,seed_based,78,irace_final,720.000000,600.000000,120.000000,5613967,5629090,7723605,27.118360,0.269382,610.878134,output/operator_group_ablation/ILS_iRace/drop_order_operators/seed_078/input/seed_based/e_060x_012t.txt,,,da27c8e3402deb8a0832aaa211b98a39d670003f,true,3.11.2,Linux-6.1.0-44-cloud-amd64-x86_64-with-glibc2.36,
ok,ILS_iRace,drop_strategic_operators,full,operator_group_ablation,group:strategic,input/seed_based/e_060x_012t.txt,seed_based,78,irace_final,720.000000,600.000000,120.000000,5613967,5657855,7723605,26.745930,0.781764,610.794090,output/operator_group_ablation/ILS_iRace/drop_strategic_operators/seed_078/input/seed_based/e_060x_012t.txt,,,da27c8e3402deb8a0832aaa211b98a39d670003f,true,3.11.2,Linux-6.1.0-44-cloud-amd64-x86_64-with-glibc2.36,
ok,ILS_iRace,drop_insert_operators,full,operator_group_ablation,group:insert,input/seed_based/e_060x_012t.txt,seed_based,89,irace_final,720.000000,600.000000,120.000000,5613967,5629691,7723605,27.110579,0.280087,608.120287,output/operator_group_ablation/ILS_iRace/drop_insert_operators/seed_089/input/seed_based/e_060x_012t.txt,,,da27c8e3402deb8a0832aaa211b98a39d670003f,true,3.11.2,Linux-6.1.0-44-cloud-amd64-x86_64-with-glibc2.36,
ok,ILS_iRace,drop_order_operators,full,operator_group_ablation,group:order,input/seed_based/e_060x_012t.txt,seed_based,89,irace_final,720.000000,600.000000,120.000000,5613967,5629112,7723605,27.118075,0.269774,610.314656,output/operator_group_ablation/ILS_iRace/drop_order_operators/seed_089/input/seed_based/e_060x_012t.txt,,,da27c8e3402deb8a0832aaa211b98a39d670003f,true,3.11.2,Linux-6.1.0-44-cloud-amd64-x86_64-with-glibc2.36,
ok,ILS_iRace,drop_strategic_operators,full,operator_group_ablation,group:strategic,input/seed_based/e_060x_012t.txt,seed_based,89,irace_final,720.000000,600.000000,120.000000,5613967,5629545,7723605,27.112469,0.277486,610.251435,output/operator_group_ablation/ILS_iRace/drop_strategic_operators/seed_089/input/seed_based/e_060x_012t.txt,,,da27c8e3402deb8a0832aaa211b98a39d670003f,true,3.11.2,Linux-6.1.0-44-cloud-amd64-x86_64-with-glibc2.36,
ok,ILS_iRace,drop_insert_operators,full,operator_group_ablation,group:insert,input/seed_based/e_060x_012t.txt,seed_based,100,irace_final,720.000000,600.000000,120.000000,5613967,5629558,7723605,27.112301,0.277718,608.125113,output/operator_group_ablation/ILS_iRace/drop_insert_operators/seed_100/input/seed_based/e_060x_012t.txt,,,da27c8e3402deb8a0832aaa211b98a39d670003f,true,3.11.2,Linux-6.1.0-44-cloud-amd64-x86_64-with-glibc2.36,
ok,ILS_iRace,drop_order_operators,full,operator_group_ablation,group:order,input/seed_based/e_060x_012t.txt,seed_based,100,irace_final,720.000000,600.000000,120.000000,5613967,5629014,7723605,27.119344,0.268028,610.392701,output/operator_group_ablation/ILS_iRace/drop_order_operators/seed_100/input/seed_based/e_060x_012t.txt,,,da27c8e3402deb8a0832aaa211b98a39d670003f,true,3.11.2,Linux-6.1.0-44-cloud-amd64-x86_64-with-glibc2.36,
ok,ILS_iRace,drop_strategic_operators,full,operator_group_ablation,group:strategic,input/seed_based/e_060x_012t.txt,seed_based,100,irace_final,720.000000,600.000000,120.000000,5613967,5629531,7723605,27.112650,0.277237,610.260482,output/operator_group_ablation/ILS_iRace/drop_strategic_operators/seed_100/input/seed_based/e_060x_012t.txt,,,da27c8e3402deb8a0832aaa211b98a39d670003f,true,3.11.2,Linux-6.1.0-44-cloud-amd64-x86_64-with-glibc2.36,
ok,ILS_iRace,drop_insert_operators,full,operator_group_ablation,group:insert,input/seed_based/e_090x_008t.txt,seed_based,1,irace_final,720.000000,600.000000,120.000000,8809568,8889643,12120060,26.653474,0.908955,610.727667,output/operator_group_ablation/ILS_iRace/drop_insert_operators/seed_001/input/seed_based/e_090x_008t.txt,,,da27c8e3402deb8a0832aaa211b98a39d670003f,true,3.11.2,Linux-6.1.0-44-cloud-amd64-x86_64-with-glibc2.36,
ok,ILS_iRace,drop_order_operators,full,operator_group_ablation,group:order,input/seed_based/e_090x_008t.txt,seed_based,1,irace_final,720.000000,600.000000,120.000000,8809568,8897329,12120060,26.590058,0.996201,615.200898,output/operator_group_ablation/ILS_iRace/drop_order_operators/seed_001/input/seed_based/e_090x_008t.txt,,,da27c8e3402deb8a0832aaa211b98a39d670003f,true,3.11.2,Linux-6.1.0-44-cloud-amd64-x86_64-with-glibc2.36,
ok,ILS_iRace,drop_strategic_operators,full,operator_group_ablation,group:strategic,input/seed_based/e_090x_008t.txt,seed_based,1,irace_final,720.000000,600.000000,120.000000,8809568,8909797,12120060,26.487187,1.137729,615.485939,output/operator_group_ablation/ILS_iRace/drop_strategic_operators/seed_001/input/seed_based/e_090x_008t.txt,,,da27c8e3402deb8a0832aaa211b98a39d670003f,true,3.11.2,Linux-6.1.0-44-cloud-amd64-x86_64-with-glibc2.36,
ok,ILS_iRace,drop_insert_operators,full,operator_group_ablation,group:insert,input/seed_based/e_090x_008t.txt,seed_based,12,irace_final,720.000000,600.000000,120.000000,8809568,8887307,12120060,26.672747,0.882438,610.327629,output/operator_group_ablation/ILS_iRace/drop_insert_operators/seed_012/input/seed_based/e_090x_008t.txt,,,da27c8e3402deb8a0832aaa211b98a39d670003f,true,3.11.2,Linux-6.1.0-44-cloud-amd64-x86_64-with-glibc2.36,
ok,ILS_iRace,drop_order_operators,full,operator_group_ablation,group:order,input/seed_based/e_090x_008t.txt,seed_based,12,irace_final,720.000000,600.000000,120.000000,8809568,8902948,12120060,26.543697,1.059984,614.713053,output/operator_group_ablation/ILS_iRace/drop_order_operators/seed_012/input/seed_based/e_090x_008t.txt,,,da27c8e3402deb8a0832aaa211b98a39d670003f,true,3.11.2,Linux-6.1.0-44-cloud-amd64-x86_64-with-glibc2.36,
ok,ILS_iRace,drop_strategic_operators,full,operator_group_ablation,group:strategic,input/seed_based/e_090x_008t.txt,seed_based,12,irace_final,720.000000,600.000000,120.000000,8809568,8909219,12120060,26.491956,1.131168,615.250875,output/operator_group_ablation/ILS_iRace/drop_strategic_operators/seed_012/input/seed_based/e_090x_008t.txt,,,da27c8e3402deb8a0832aaa211b98a39d670003f,true,3.11.2,Linux-6.1.0-44-cloud-amd64-x86_64-with-glibc2.36,
ok,ILS_iRace,drop_insert_operators,full,operator_group_ablation,group:insert,input/seed_based/e_090x_008t.txt,seed_based,23,irace_final,720.000000,600.000000,120.000000,8809568,8893343,12120060,26.622946,0.950955,610.941215,output/operator_group_ablation/ILS_iRace/drop_insert_operators/seed_023/input/seed_based/e_090x_008t.txt,,,da27c8e3402deb8a0832aaa211b98a39d670003f,true,3.11.2,Linux-6.1.0-44-cloud-amd64-x86_64-with-glibc2.36,
ok,ILS_iRace,drop_order_operators,full,operator_group_ablation,group:order,input/seed_based/e_090x_008t.txt,seed_based,23,irace_final,720.000000,600.000000,120.000000,8809568,8894242,12120060,26.615528,0.961160,614.760438,output/operator_group_ablation/ILS_iRace/drop_order_operators/seed_023/input/seed_based/e_090x_008t.txt,,,da27c8e3402deb8a0832aaa211b98a39d670003f,true,3.11.2,Linux-6.1.0-44-cloud-amd64-x86_64-with-glibc2.36,
ok,ILS_iRace,drop_strategic_operators,full,operator_group_ablation,group:strategic,input/seed_based/e_090x_008t.txt,seed_based,23,irace_final,720.000000,600.000000,120.000000,8809568,8915086,12120060,26.443549,1.197766,615.173338,output/operator_group_ablation/ILS_iRace/drop_strategic_operators/seed_023/input/seed_based/e_090x_008t.txt,,,da27c8e3402deb8a0832aaa211b98a39d670003f,true,3.11.2,Linux-6.1.0-44-cloud-amd64-x86_64-with-glibc2.36,
ok,ILS_iRace,drop_insert_operators,full,operator_group_ablation,group:insert,input/seed_based/e_090x_008t.txt,seed_based,34,irace_final,720.000000,600.000000,120.000000,8809568,8888251,12120060,26.664959,0.893154,610.627043,output/operator_group_ablation/ILS_iRace/drop_insert_operators/seed_034/input/seed_based/e_090x_008t.txt,,,da27c8e3402deb8a0832aaa211b98a39d670003f,true,3.11.2,Linux-6.1.0-44-cloud-amd64-x86_64-with-glibc2.36,
ok,ILS_iRace,drop_order_operators,full,operator_group_ablation,group:order,input/seed_based/e_090x_008t.txt,seed_based,34,irace_final,720.000000,600.000000,120.000000,8809568,8892987,12120060,26.625883,0.946914,615.444377,output/operator_group_ablation/ILS_iRace/drop_order_operators/seed_034/input/seed_based/e_090x_008t.txt,,,da27c8e3402deb8a0832aaa211b98a39d670003f,true,3.11.2,Linux-6.1.0-44-cloud-amd64-x86_64-with-glibc2.36,
ok,ILS_iRace,drop_strategic_operators,full,operator_group_ablation,group:strategic,input/seed_based/e_090x_008t.txt,seed_based,34,irace_final,720.000000,600.000000,120.000000,8809568,8912296,12120060,26.466569,1.166096,615.460518,output/operator_group_ablation/ILS_iRace/drop_strategic_operators/seed_034/input/seed_based/e_090x_008t.txt,,,da27c8e3402deb8a0832aaa211b98a39d670003f,true,3.11.2,Linux-6.1.0-44-cloud-amd64-x86_64-with-glibc2.36,
ok,ILS_iRace,drop_insert_operators,full,operator_group_ablation,group:insert,input/seed_based/e_090x_008t.txt,seed_based,45,irace_final,720.000000,600.000000,120.000000,8809568,8884563,12120060,26.695388,0.851290,610.457401,output/operator_group_ablation/ILS_iRace/drop_insert_operators/seed_045/input/seed_based/e_090x_008t.txt,,,da27c8e3402deb8a0832aaa211b98a39d670003f,true,3.11.2,Linux-6.1.0-44-cloud-amd64-x86_64-with-glibc2.36,
ok,ILS_iRace,drop_order_operators,full,operator_group_ablation,group:order,input/seed_based/e_090x_008t.txt,seed_based,45,irace_final,720.000000,600.000000,120.000000,8809568,8895557,12120060,26.604679,0.976086,614.612069,output/operator_group_ablation/ILS_iRace/drop_order_operators/seed_045/input/seed_based/e_090x_008t.txt,,,da27c8e3402deb8a0832aaa211b98a39d670003f,true,3.11.2,Linux-6.1.0-44-cloud-amd64-x86_64-with-glibc2.36,
ok,ILS_iRace,drop_strategic_operators,full,operator_group_ablation,group:strategic,input/seed_based/e_090x_008t.txt,seed_based,45,irace_final,720.000000,600.000000,120.000000,8809568,8912440,12120060,26.465381,1.167730,615.234092,output/operator_group_ablation/ILS_iRace/drop_strategic_operators/seed_045/input/seed_based/e_090x_008t.txt,,,da27c8e3402deb8a0832aaa211b98a39d670003f,true,3.11.2,Linux-6.1.0-44-cloud-amd64-x86_64-with-glibc2.36,
ok,ILS_iRace,drop_insert_operators,full,operator_group_ablation,group:insert,input/seed_based/e_090x_008t.txt,seed_based,56,irace_final,720.000000,600.000000,120.000000,8809568,8894813,12120060,26.610817,0.967641,610.904756,output/operator_group_ablation/ILS_iRace/drop_insert_operators/seed_056/input/seed_based/e_090x_008t.txt,,,da27c8e3402deb8a0832aaa211b98a39d670003f,true,3.11.2,Linux-6.1.0-44-cloud-amd64-x86_64-with-glibc2.36,
ok,ILS_iRace,drop_order_operators,full,operator_group_ablation,group:order,input/seed_based/e_090x_008t.txt,seed_based,56,irace_final,720.000000,600.000000,120.000000,8809568,8899472,12120060,26.572377,1.020527,615.247055,output/operator_group_ablation/ILS_iRace/drop_order_operators/seed_056/input/seed_based/e_090x_008t.txt,,,da27c8e3402deb8a0832aaa211b98a39d670003f,true,3.11.2,Linux-6.1.0-44-cloud-amd64-x86_64-with-glibc2.36,
ok,ILS_iRace,drop_strategic_operators,full,operator_group_ablation,group:strategic,input/seed_based/e_090x_008t.txt,seed_based,56,irace_final,720.000000,600.000000,120.000000,8809568,8912666,12120060,26.463516,1.170296,615.407276,output/operator_group_ablation/ILS_iRace/drop_strategic_operators/seed_056/input/seed_based/e_090x_008t.txt,,,da27c8e3402deb8a0832aaa211b98a39d670003f,true,3.11.2,Linux-6.1.0-44-cloud-amd64-x86_64-with-glibc2.36,
ok,ILS_iRace,drop_insert_operators,full,operator_group_ablation,group:insert,input/seed_based/e_090x_008t.txt,seed_based,67,irace_final,720.000000,600.000000,120.000000,8809568,8890575,12120060,26.645784,0.919534,610.973160,output/operator_group_ablation/ILS_iRace/drop_insert_operators/seed_067/input/seed_based/e_090x_008t.txt,,,da27c8e3402deb8a0832aaa211b98a39d670003f,true,3.11.2,Linux-6.1.0-44-cloud-amd64-x86_64-with-glibc2.36,
ok,ILS_iRace,drop_order_operators,full,operator_group_ablation,group:order,input/seed_based/e_090x_008t.txt,seed_based,67,irace_final,720.000000,600.000000,120.000000,8809568,8902012,12120060,26.551420,1.049359,614.609315,output/operator_group_ablation/ILS_iRace/drop_order_operators/seed_067/input/seed_based/e_090x_008t.txt,,,da27c8e3402deb8a0832aaa211b98a39d670003f,true,3.11.2,Linux-6.1.0-44-cloud-amd64-x86_64-with-glibc2.36,
ok,ILS_iRace,drop_strategic_operators,full,operator_group_ablation,group:strategic,input/seed_based/e_090x_008t.txt,seed_based,67,irace_final,720.000000,600.000000,120.000000,8809568,8910488,12120060,26.481486,1.145573,615.193062,output/operator_group_ablation/ILS_iRace/drop_strategic_operators/seed_067/input/seed_based/e_090x_008t.txt,,,da27c8e3402deb8a0832aaa211b98a39d670003f,true,3.11.2,Linux-6.1.0-44-cloud-amd64-x86_64-with-glibc2.36,
ok,ILS_iRace,drop_insert_operators,full,operator_group_ablation,group:insert,input/seed_based/e_090x_008t.txt,seed_based,78,irace_final,720.000000,600.000000,120.000000,8809568,8888465,12120060,26.663193,0.895583,610.504859,output/operator_group_ablation/ILS_iRace/drop_insert_operators/seed_078/input/seed_based/e_090x_008t.txt,,,da27c8e3402deb8a0832aaa211b98a39d670003f,true,3.11.2,Linux-6.1.0-44-cloud-amd64-x86_64-with-glibc2.36,
ok,ILS_iRace,drop_order_operators,full,operator_group_ablation,group:order,input/seed_based/e_090x_008t.txt,seed_based,78,irace_final,720.000000,600.000000,120.000000,8809568,8901065,12120060,26.559233,1.038609,615.285939,output/operator_group_ablation/ILS_iRace/drop_order_operators/seed_078/input/seed_based/e_090x_008t.txt,,,da27c8e3402deb8a0832aaa211b98a39d670003f,true,3.11.2,Linux-6.1.0-44-cloud-amd64-x86_64-with-glibc2.36,
ok,ILS_iRace,drop_strategic_operators,full,operator_group_ablation,group:strategic,input/seed_based/e_090x_008t.txt,seed_based,78,irace_final,720.000000,600.000000,120.000000,8809568,8911633,12120060,26.472039,1.158570,615.140341,output/operator_group_ablation/ILS_iRace/drop_strategic_operators/seed_078/input/seed_based/e_090x_008t.txt,,,da27c8e3402deb8a0832aaa211b98a39d670003f,true,3.11.2,Linux-6.1.0-44-cloud-amd64-x86_64-with-glibc2.36,
ok,ILS_iRace,drop_insert_operators,full,operator_group_ablation,group:insert,input/seed_based/e_090x_008t.txt,seed_based,89,irace_final,720.000000,600.000000,120.000000,8809568,8895919,12120060,26.601692,0.980196,610.724542,output/operator_group_ablation/ILS_iRace/drop_insert_operators/seed_089/input/seed_based/e_090x_008t.txt,,,da27c8e3402deb8a0832aaa211b98a39d670003f,true,3.11.2,Linux-6.1.0-44-cloud-amd64-x86_64-with-glibc2.36,
ok,ILS_iRace,drop_order_operators,full,operator_group_ablation,group:order,input/seed_based/e_090x_008t.txt,seed_based,89,irace_final,720.000000,600.000000,120.000000,8809568,8900355,12120060,26.565091,1.030550,614.484895,output/operator_group_ablation/ILS_iRace/drop_order_operators/seed_089/input/seed_based/e_090x_008t.txt,,,da27c8e3402deb8a0832aaa211b98a39d670003f,true,3.11.2,Linux-6.1.0-44-cloud-amd64-x86_64-with-glibc2.36,
ok,ILS_iRace,drop_strategic_operators,full,operator_group_ablation,group:strategic,input/seed_based/e_090x_008t.txt,seed_based,89,irace_final,720.000000,600.000000,120.000000,8809568,8914959,12120060,26.444597,1.196324,615.248042,output/operator_group_ablation/ILS_iRace/drop_strategic_operators/seed_089/input/seed_based/e_090x_008t.txt,,,da27c8e3402deb8a0832aaa211b98a39d670003f,true,3.11.2,Linux-6.1.0-44-cloud-amd64-x86_64-with-glibc2.36,
ok,ILS_iRace,drop_insert_operators,full,operator_group_ablation,group:insert,input/seed_based/e_090x_008t.txt,seed_based,100,irace_final,720.000000,600.000000,120.000000,8809568,8875535,12120060,26.769876,0.748811,610.359899,output/operator_group_ablation/ILS_iRace/drop_insert_operators/seed_100/input/seed_based/e_090x_008t.txt,,,da27c8e3402deb8a0832aaa211b98a39d670003f,true,3.11.2,Linux-6.1.0-44-cloud-amd64-x86_64-with-glibc2.36,
ok,ILS_iRace,drop_order_operators,full,operator_group_ablation,group:order,input/seed_based/e_090x_008t.txt,seed_based,100,irace_final,720.000000,600.000000,120.000000,8809568,8901100,12120060,26.558944,1.039007,614.952700,output/operator_group_ablation/ILS_iRace/drop_order_operators/seed_100/input/seed_based/e_090x_008t.txt,,,da27c8e3402deb8a0832aaa211b98a39d670003f,true,3.11.2,Linux-6.1.0-44-cloud-amd64-x86_64-with-glibc2.36,
ok,ILS_iRace,drop_strategic_operators,full,operator_group_ablation,group:strategic,input/seed_based/e_090x_008t.txt,seed_based,100,irace_final,720.000000,600.000000,120.000000,8809568,8917273,12120060,26.425504,1.222591,615.188737,output/operator_group_ablation/ILS_iRace/drop_strategic_operators/seed_100/input/seed_based/e_090x_008t.txt,,,da27c8e3402deb8a0832aaa211b98a39d670003f,true,3.11.2,Linux-6.1.0-44-cloud-amd64-x86_64-with-glibc2.36,
ok,ILS_iRace,drop_insert_operators,full,operator_group_ablation,group:insert,input/seed_based/ef_060x_020t.txt,seed_based,1,irace_final,720.000000,600.000000,120.000000,5938109,5938316,7007807,15.261422,0.003486,613.501365,output/operator_group_ablation/ILS_iRace/drop_insert_operators/seed_001/input/seed_based/ef_060x_020t.txt,,,da27c8e3402deb8a0832aaa211b98a39d670003f,true,3.11.2,Linux-6.1.0-44-cloud-amd64-x86_64-with-glibc2.36,
ok,ILS_iRace,drop_order_operators,full,operator_group_ablation,group:order,input/seed_based/ef_060x_020t.txt,seed_based,1,irace_final,720.000000,600.000000,120.000000,5938109,5938316,7007807,15.261422,0.003486,620.638089,output/operator_group_ablation/ILS_iRace/drop_order_operators/seed_001/input/seed_based/ef_060x_020t.txt,,,da27c8e3402deb8a0832aaa211b98a39d670003f,true,3.11.2,Linux-6.1.0-44-cloud-amd64-x86_64-with-glibc2.36,
ok,ILS_iRace,drop_strategic_operators,full,operator_group_ablation,group:strategic,input/seed_based/ef_060x_020t.txt,seed_based,1,irace_final,720.000000,600.000000,120.000000,5938109,5938241,7007807,15.262492,0.002223,621.381188,output/operator_group_ablation/ILS_iRace/drop_strategic_operators/seed_001/input/seed_based/ef_060x_020t.txt,,,da27c8e3402deb8a0832aaa211b98a39d670003f,true,3.11.2,Linux-6.1.0-44-cloud-amd64-x86_64-with-glibc2.36,
ok,ILS_iRace,drop_insert_operators,full,operator_group_ablation,group:insert,input/seed_based/ef_060x_020t.txt,seed_based,12,irace_final,720.000000,600.000000,120.000000,5938109,5938316,7007807,15.261422,0.003486,613.426660,output/operator_group_ablation/ILS_iRace/drop_insert_operators/seed_012/input/seed_based/ef_060x_020t.txt,,,da27c8e3402deb8a0832aaa211b98a39d670003f,true,3.11.2,Linux-6.1.0-44-cloud-amd64-x86_64-with-glibc2.36,
ok,ILS_iRace,drop_order_operators,full,operator_group_ablation,group:order,input/seed_based/ef_060x_020t.txt,seed_based,12,irace_final,720.000000,600.000000,120.000000,5938109,5938316,7007807,15.261422,0.003486,620.540269,output/operator_group_ablation/ILS_iRace/drop_order_operators/seed_012/input/seed_based/ef_060x_020t.txt,,,da27c8e3402deb8a0832aaa211b98a39d670003f,true,3.11.2,Linux-6.1.0-44-cloud-amd64-x86_64-with-glibc2.36,
ok,ILS_iRace,drop_strategic_operators,full,operator_group_ablation,group:strategic,input/seed_based/ef_060x_020t.txt,seed_based,12,irace_final,720.000000,600.000000,120.000000,5938109,5938241,7007807,15.262492,0.002223,620.961148,output/operator_group_ablation/ILS_iRace/drop_strategic_operators/seed_012/input/seed_based/ef_060x_020t.txt,,,da27c8e3402deb8a0832aaa211b98a39d670003f,true,3.11.2,Linux-6.1.0-44-cloud-amd64-x86_64-with-glibc2.36,
ok,ILS_iRace,drop_insert_operators,full,operator_group_ablation,group:insert,input/seed_based/ef_060x_020t.txt,seed_based,23,irace_final,720.000000,600.000000,120.000000,5938109,5938316,7007807,15.261422,0.003486,614.322677,output/operator_group_ablation/ILS_iRace/drop_insert_operators/seed_023/input/seed_based/ef_060x_020t.txt,,,da27c8e3402deb8a0832aaa211b98a39d670003f,true,3.11.2,Linux-6.1.0-44-cloud-amd64-x86_64-with-glibc2.36,
ok,ILS_iRace,drop_order_operators,full,operator_group_ablation,group:order,input/seed_based/ef_060x_020t.txt,seed_based,23,irace_final,720.000000,600.000000,120.000000,5938109,5938316,7007807,15.261422,0.003486,619.382743,output/operator_group_ablation/ILS_iRace/drop_order_operators/seed_023/input/seed_based/ef_060x_020t.txt,,,da27c8e3402deb8a0832aaa211b98a39d670003f,true,3.11.2,Linux-6.1.0-44-cloud-amd64-x86_64-with-glibc2.36,
ok,ILS_iRace,drop_strategic_operators,full,operator_group_ablation,group:strategic,input/seed_based/ef_060x_020t.txt,seed_based,23,irace_final,720.000000,600.000000,120.000000,5938109,5938109,7007807,15.264376,0.000000,620.823251,output/operator_group_ablation/ILS_iRace/drop_strategic_operators/seed_023/input/seed_based/ef_060x_020t.txt,,,da27c8e3402deb8a0832aaa211b98a39d670003f,true,3.11.2,Linux-6.1.0-44-cloud-amd64-x86_64-with-glibc2.36,
ok,ILS_iRace,drop_insert_operators,full,operator_group_ablation,group:insert,input/seed_based/ef_060x_020t.txt,seed_based,34,irace_final,720.000000,600.000000,120.000000,5938109,5938316,7007807,15.261422,0.003486,613.198348,output/operator_group_ablation/ILS_iRace/drop_insert_operators/seed_034/input/seed_based/ef_060x_020t.txt,,,da27c8e3402deb8a0832aaa211b98a39d670003f,true,3.11.2,Linux-6.1.0-44-cloud-amd64-x86_64-with-glibc2.36,
ok,ILS_iRace,drop_order_operators,full,operator_group_ablation,group:order,input/seed_based/ef_060x_020t.txt,seed_based,34,irace_final,720.000000,600.000000,120.000000,5938109,5938316,7007807,15.261422,0.003486,619.917573,output/operator_group_ablation/ILS_iRace/drop_order_operators/seed_034/input/seed_based/ef_060x_020t.txt,,,da27c8e3402deb8a0832aaa211b98a39d670003f,true,3.11.2,Linux-6.1.0-44-cloud-amd64-x86_64-with-glibc2.36,
ok,ILS_iRace,drop_strategic_operators,full,operator_group_ablation,group:strategic,input/seed_based/ef_060x_020t.txt,seed_based,34,irace_final,720.000000,600.000000,120.000000,5938109,5938241,7007807,15.262492,0.002223,619.849242,output/operator_group_ablation/ILS_iRace/drop_strategic_operators/seed_034/input/seed_based/ef_060x_020t.txt,,,da27c8e3402deb8a0832aaa211b98a39d670003f,true,3.11.2,Linux-6.1.0-44-cloud-amd64-x86_64-with-glibc2.36,
ok,ILS_iRace,drop_insert_operators,full,operator_group_ablation,group:insert,input/seed_based/ef_060x_020t.txt,seed_based,45,irace_final,720.000000,600.000000,120.000000,5938109,5938316,7007807,15.261422,0.003486,615.166429,output/operator_group_ablation/ILS_iRace/drop_insert_operators/seed_045/input/seed_based/ef_060x_020t.txt,,,da27c8e3402deb8a0832aaa211b98a39d670003f,true,3.11.2,Linux-6.1.0-44-cloud-amd64-x86_64-with-glibc2.36,
ok,ILS_iRace,drop_order_operators,full,operator_group_ablation,group:order,input/seed_based/ef_060x_020t.txt,seed_based,45,irace_final,720.000000,600.000000,120.000000,5938109,5938316,7007807,15.261422,0.003486,620.238773,output/operator_group_ablation/ILS_iRace/drop_order_operators/seed_045/input/seed_based/ef_060x_020t.txt,,,da27c8e3402deb8a0832aaa211b98a39d670003f,true,3.11.2,Linux-6.1.0-44-cloud-amd64-x86_64-with-glibc2.36,
ok,ILS_iRace,drop_strategic_operators,full,operator_group_ablation,group:strategic,input/seed_based/ef_060x_020t.txt,seed_based,45,irace_final,720.000000,600.000000,120.000000,5938109,5938109,7007807,15.264376,0.000000,621.062559,output/operator_group_ablation/ILS_iRace/drop_strategic_operators/seed_045/input/seed_based/ef_060x_020t.txt,,,da27c8e3402deb8a0832aaa211b98a39d670003f,true,3.11.2,Linux-6.1.0-44-cloud-amd64-x86_64-with-glibc2.36,
ok,ILS_iRace,drop_insert_operators,full,operator_group_ablation,group:insert,input/seed_based/ef_060x_020t.txt,seed_based,56,irace_final,720.000000,600.000000,120.000000,5938109,5938316,7007807,15.261422,0.003486,613.235151,output/operator_group_ablation/ILS_iRace/drop_insert_operators/seed_056/input/seed_based/ef_060x_020t.txt,,,da27c8e3402deb8a0832aaa211b98a39d670003f,true,3.11.2,Linux-6.1.0-44-cloud-amd64-x86_64-with-glibc2.36,
ok,ILS_iRace,drop_order_operators,full,operator_group_ablation,group:order,input/seed_based/ef_060x_020t.txt,seed_based,56,irace_final,720.000000,600.000000,120.000000,5938109,5938316,7007807,15.261422,0.003486,620.558705,output/operator_group_ablation/ILS_iRace/drop_order_operators/seed_056/input/seed_based/ef_060x_020t.txt,,,da27c8e3402deb8a0832aaa211b98a39d670003f,true,3.11.2,Linux-6.1.0-44-cloud-amd64-x86_64-with-glibc2.36,
ok,ILS_iRace,drop_strategic_operators,full,operator_group_ablation,group:strategic,input/seed_based/ef_060x_020t.txt,seed_based,56,irace_final,720.000000,600.000000,120.000000,5938109,5938241,7007807,15.262492,0.002223,620.908080,output/operator_group_ablation/ILS_iRace/drop_strategic_operators/seed_056/input/seed_based/ef_060x_020t.txt,,,da27c8e3402deb8a0832aaa211b98a39d670003f,true,3.11.2,Linux-6.1.0-44-cloud-amd64-x86_64-with-glibc2.36,
ok,ILS_iRace,drop_insert_operators,full,operator_group_ablation,group:insert,input/seed_based/ef_060x_020t.txt,seed_based,67,irace_final,720.000000,600.000000,120.000000,5938109,5938316,7007807,15.261422,0.003486,613.802117,output/operator_group_ablation/ILS_iRace/drop_insert_operators/seed_067/input/seed_based/ef_060x_020t.txt,,,da27c8e3402deb8a0832aaa211b98a39d670003f,true,3.11.2,Linux-6.1.0-44-cloud-amd64-x86_64-with-glibc2.36,
ok,ILS_iRace,drop_order_operators,full,operator_group_ablation,group:order,input/seed_based/ef_060x_020t.txt,seed_based,67,irace_final,720.000000,600.000000,120.000000,5938109,5938316,7007807,15.261422,0.003486,619.877166,output/operator_group_ablation/ILS_iRace/drop_order_operators/seed_067/input/seed_based/ef_060x_020t.txt,,,da27c8e3402deb8a0832aaa211b98a39d670003f,true,3.11.2,Linux-6.1.0-44-cloud-amd64-x86_64-with-glibc2.36,
ok,ILS_iRace,drop_strategic_operators,full,operator_group_ablation,group:strategic,input/seed_based/ef_060x_020t.txt,seed_based,67,irace_final,720.000000,600.000000,120.000000,5938109,5938109,7007807,15.264376,0.000000,613.602195,output/operator_group_ablation/ILS_iRace/drop_strategic_operators/seed_067/input/seed_based/ef_060x_020t.txt,,,da27c8e3402deb8a0832aaa211b98a39d670003f,true,3.11.2,Linux-6.1.0-44-cloud-amd64-x86_64-with-glibc2.36,
ok,ILS_iRace,drop_insert_operators,full,operator_group_ablation,group:insert,input/seed_based/ef_060x_020t.txt,seed_based,78,irace_final,720.000000,600.000000,120.000000,5938109,5938316,7007807,15.261422,0.003486,620.834040,output/operator_group_ablation/ILS_iRace/drop_insert_operators/seed_078/input/seed_based/ef_060x_020t.txt,,,da27c8e3402deb8a0832aaa211b98a39d670003f,true,3.11.2,Linux-6.1.0-44-cloud-amd64-x86_64-with-glibc2.36,
ok,ILS_iRace,drop_order_operators,full,operator_group_ablation,group:order,input/seed_based/ef_060x_020t.txt,seed_based,78,irace_final,720.000000,600.000000,120.000000,5938109,5938316,7007807,15.261422,0.003486,620.171501,output/operator_group_ablation/ILS_iRace/drop_order_operators/seed_078/input/seed_based/ef_060x_020t.txt,,,da27c8e3402deb8a0832aaa211b98a39d670003f,true,3.11.2,Linux-6.1.0-44-cloud-amd64-x86_64-with-glibc2.36,
ok,ILS_iRace,drop_strategic_operators,full,operator_group_ablation,group:strategic,input/seed_based/ef_060x_020t.txt,seed_based,78,irace_final,720.000000,600.000000,120.000000,5938109,5938109,7007807,15.264376,0.000000,619.714007,output/operator_group_ablation/ILS_iRace/drop_strategic_operators/seed_078/input/seed_based/ef_060x_020t.txt,,,da27c8e3402deb8a0832aaa211b98a39d670003f,true,3.11.2,Linux-6.1.0-44-cloud-amd64-x86_64-with-glibc2.36,
ok,ILS_iRace,drop_insert_operators,full,operator_group_ablation,group:insert,input/seed_based/ef_060x_020t.txt,seed_based,89,irace_final,720.000000,600.000000,120.000000,5938109,5938316,7007807,15.261422,0.003486,613.527432,output/operator_group_ablation/ILS_iRace/drop_insert_operators/seed_089/input/seed_based/ef_060x_020t.txt,,,da27c8e3402deb8a0832aaa211b98a39d670003f,true,3.11.2,Linux-6.1.0-44-cloud-amd64-x86_64-with-glibc2.36,
ok,ILS_iRace,drop_order_operators,full,operator_group_ablation,group:order,input/seed_based/ef_060x_020t.txt,seed_based,89,irace_final,720.000000,600.000000,120.000000,5938109,5938316,7007807,15.261422,0.003486,620.131118,output/operator_group_ablation/ILS_iRace/drop_order_operators/seed_089/input/seed_based/ef_060x_020t.txt,,,da27c8e3402deb8a0832aaa211b98a39d670003f,true,3.11.2,Linux-6.1.0-44-cloud-amd64-x86_64-with-glibc2.36,
ok,ILS_iRace,drop_strategic_operators,full,operator_group_ablation,group:strategic,input/seed_based/ef_060x_020t.txt,seed_based,89,irace_final,720.000000,600.000000,120.000000,5938109,5938109,7007807,15.264376,0.000000,621.002863,output/operator_group_ablation/ILS_iRace/drop_strategic_operators/seed_089/input/seed_based/ef_060x_020t.txt,,,da27c8e3402deb8a0832aaa211b98a39d670003f,true,3.11.2,Linux-6.1.0-44-cloud-amd64-x86_64-with-glibc2.36,
ok,ILS_iRace,drop_insert_operators,full,operator_group_ablation,group:insert,input/seed_based/ef_060x_020t.txt,seed_based,100,irace_final,720.000000,600.000000,120.000000,5938109,5938316,7007807,15.261422,0.003486,613.386027,output/operator_group_ablation/ILS_iRace/drop_insert_operators/seed_100/input/seed_based/ef_060x_020t.txt,,,da27c8e3402deb8a0832aaa211b98a39d670003f,true,3.11.2,Linux-6.1.0-44-cloud-amd64-x86_64-with-glibc2.36,
ok,ILS_iRace,drop_order_operators,full,operator_group_ablation,group:order,input/seed_based/ef_060x_020t.txt,seed_based,100,irace_final,720.000000,600.000000,120.000000,5938109,5938316,7007807,15.261422,0.003486,620.550344,output/operator_group_ablation/ILS_iRace/drop_order_operators/seed_100/input/seed_based/ef_060x_020t.txt,,,da27c8e3402deb8a0832aaa211b98a39d670003f,true,3.11.2,Linux-6.1.0-44-cloud-amd64-x86_64-with-glibc2.36,
ok,ILS_iRace,drop_strategic_operators,full,operator_group_ablation,group:strategic,input/seed_based/ef_060x_020t.txt,seed_based,100,irace_final,720.000000,600.000000,120.000000,5938109,5938128,7007807,15.264105,0.000320,613.683598,output/operator_group_ablation/ILS_iRace/drop_strategic_operators/seed_100/input/seed_based/ef_060x_020t.txt,,,da27c8e3402deb8a0832aaa211b98a39d670003f,true,3.11.2,Linux-6.1.0-44-cloud-amd64-x86_64-with-glibc2.36,
ok,ILS_iRace,drop_insert_operators,full,operator_group_ablation,group:insert,input/seed_based/ef_090x_012t.txt,seed_based,1,irace_final,720.000000,600.000000,120.000000,8009885,8009885,9193700,12.876372,0.000000,640.187961,output/operator_group_ablation/ILS_iRace/drop_insert_operators/seed_001/input/seed_based/ef_090x_012t.txt,,,da27c8e3402deb8a0832aaa211b98a39d670003f,true,3.11.2,Linux-6.1.0-44-cloud-amd64-x86_64-with-glibc2.36,
ok,ILS_iRace,drop_order_operators,full,operator_group_ablation,group:order,input/seed_based/ef_090x_012t.txt,seed_based,1,irace_final,720.000000,600.000000,120.000000,8009885,8009885,9193700,12.876372,0.000000,637.328463,output/operator_group_ablation/ILS_iRace/drop_order_operators/seed_001/input/seed_based/ef_090x_012t.txt,,,da27c8e3402deb8a0832aaa211b98a39d670003f,true,3.11.2,Linux-6.1.0-44-cloud-amd64-x86_64-with-glibc2.36,
ok,ILS_iRace,drop_strategic_operators,full,operator_group_ablation,group:strategic,input/seed_based/ef_090x_012t.txt,seed_based,1,irace_final,720.000000,600.000000,120.000000,8009885,8009885,9193700,12.876372,0.000000,623.436574,output/operator_group_ablation/ILS_iRace/drop_strategic_operators/seed_001/input/seed_based/ef_090x_012t.txt,,,da27c8e3402deb8a0832aaa211b98a39d670003f,true,3.11.2,Linux-6.1.0-44-cloud-amd64-x86_64-with-glibc2.36,
ok,ILS_iRace,drop_insert_operators,full,operator_group_ablation,group:insert,input/seed_based/ef_090x_012t.txt,seed_based,12,irace_final,720.000000,600.000000,120.000000,8009885,8009885,9193700,12.876372,0.000000,623.954403,output/operator_group_ablation/ILS_iRace/drop_insert_operators/seed_012/input/seed_based/ef_090x_012t.txt,,,da27c8e3402deb8a0832aaa211b98a39d670003f,true,3.11.2,Linux-6.1.0-44-cloud-amd64-x86_64-with-glibc2.36,
ok,ILS_iRace,drop_order_operators,full,operator_group_ablation,group:order,input/seed_based/ef_090x_012t.txt,seed_based,12,irace_final,720.000000,600.000000,120.000000,8009885,8009885,9193700,12.876372,0.000000,636.875268,output/operator_group_ablation/ILS_iRace/drop_order_operators/seed_012/input/seed_based/ef_090x_012t.txt,,,da27c8e3402deb8a0832aaa211b98a39d670003f,true,3.11.2,Linux-6.1.0-44-cloud-amd64-x86_64-with-glibc2.36,
ok,ILS_iRace,drop_strategic_operators,full,operator_group_ablation,group:strategic,input/seed_based/ef_090x_012t.txt,seed_based,12,irace_final,720.000000,600.000000,120.000000,8009885,8009885,9193700,12.876372,0.000000,637.751737,output/operator_group_ablation/ILS_iRace/drop_strategic_operators/seed_012/input/seed_based/ef_090x_012t.txt,,,da27c8e3402deb8a0832aaa211b98a39d670003f,true,3.11.2,Linux-6.1.0-44-cloud-amd64-x86_64-with-glibc2.36,
ok,ILS_iRace,drop_insert_operators,full,operator_group_ablation,group:insert,input/seed_based/ef_090x_012t.txt,seed_based,23,irace_final,720.000000,600.000000,120.000000,8009885,8009885,9193700,12.876372,0.000000,637.705301,output/operator_group_ablation/ILS_iRace/drop_insert_operators/seed_023/input/seed_based/ef_090x_012t.txt,,,da27c8e3402deb8a0832aaa211b98a39d670003f,true,3.11.2,Linux-6.1.0-44-cloud-amd64-x86_64-with-glibc2.36,
ok,ILS_iRace,drop_order_operators,full,operator_group_ablation,group:order,input/seed_based/ef_090x_012t.txt,seed_based,23,irace_final,720.000000,600.000000,120.000000,8009885,8009885,9193700,12.876372,0.000000,638.039751,output/operator_group_ablation/ILS_iRace/drop_order_operators/seed_023/input/seed_based/ef_090x_012t.txt,,,da27c8e3402deb8a0832aaa211b98a39d670003f,true,3.11.2,Linux-6.1.0-44-cloud-amd64-x86_64-with-glibc2.36,
ok,ILS_iRace,drop_strategic_operators,full,operator_group_ablation,group:strategic,input/seed_based/ef_090x_012t.txt,seed_based,23,irace_final,720.000000,600.000000,120.000000,8009885,8009885,9193700,12.876372,0.000000,636.893447,output/operator_group_ablation/ILS_iRace/drop_strategic_operators/seed_023/input/seed_based/ef_090x_012t.txt,,,da27c8e3402deb8a0832aaa211b98a39d670003f,true,3.11.2,Linux-6.1.0-44-cloud-amd64-x86_64-with-glibc2.36,
ok,ILS_iRace,drop_insert_operators,full,operator_group_ablation,group:insert,input/seed_based/ef_090x_012t.txt,seed_based,34,irace_final,720.000000,600.000000,120.000000,8009885,8009885,9193700,12.876372,0.000000,638.924912,output/operator_group_ablation/ILS_iRace/drop_insert_operators/seed_034/input/seed_based/ef_090x_012t.txt,,,da27c8e3402deb8a0832aaa211b98a39d670003f,true,3.11.2,Linux-6.1.0-44-cloud-amd64-x86_64-with-glibc2.36,
ok,ILS_iRace,drop_order_operators,full,operator_group_ablation,group:order,input/seed_based/ef_090x_012t.txt,seed_based,34,irace_final,720.000000,600.000000,120.000000,8009885,8009902,9193700,12.876187,0.000212,637.245013,output/operator_group_ablation/ILS_iRace/drop_order_operators/seed_034/input/seed_based/ef_090x_012t.txt,,,da27c8e3402deb8a0832aaa211b98a39d670003f,true,3.11.2,Linux-6.1.0-44-cloud-amd64-x86_64-with-glibc2.36,
ok,ILS_iRace,drop_strategic_operators,full,operator_group_ablation,group:strategic,input/seed_based/ef_090x_012t.txt,seed_based,34,irace_final,720.000000,600.000000,120.000000,8009885,8009885,9193700,12.876372,0.000000,623.523437,output/operator_group_ablation/ILS_iRace/drop_strategic_operators/seed_034/input/seed_based/ef_090x_012t.txt,,,da27c8e3402deb8a0832aaa211b98a39d670003f,true,3.11.2,Linux-6.1.0-44-cloud-amd64-x86_64-with-glibc2.36,
ok,ILS_iRace,drop_insert_operators,full,operator_group_ablation,group:insert,input/seed_based/ef_090x_012t.txt,seed_based,45,irace_final,720.000000,600.000000,120.000000,8009885,8009885,9193700,12.876372,0.000000,623.920549,output/operator_group_ablation/ILS_iRace/drop_insert_operators/seed_045/input/seed_based/ef_090x_012t.txt,,,da27c8e3402deb8a0832aaa211b98a39d670003f,true,3.11.2,Linux-6.1.0-44-cloud-amd64-x86_64-with-glibc2.36,
ok,ILS_iRace,drop_order_operators,full,operator_group_ablation,group:order,input/seed_based/ef_090x_012t.txt,seed_based,45,irace_final,720.000000,600.000000,120.000000,8009885,8009885,9193700,12.876372,0.000000,636.752224,output/operator_group_ablation/ILS_iRace/drop_order_operators/seed_045/input/seed_based/ef_090x_012t.txt,,,da27c8e3402deb8a0832aaa211b98a39d670003f,true,3.11.2,Linux-6.1.0-44-cloud-amd64-x86_64-with-glibc2.36,
ok,ILS_iRace,drop_strategic_operators,full,operator_group_ablation,group:strategic,input/seed_based/ef_090x_012t.txt,seed_based,45,irace_final,720.000000,600.000000,120.000000,8009885,8009885,9193700,12.876372,0.000000,637.497175,output/operator_group_ablation/ILS_iRace/drop_strategic_operators/seed_045/input/seed_based/ef_090x_012t.txt,,,da27c8e3402deb8a0832aaa211b98a39d670003f,true,3.11.2,Linux-6.1.0-44-cloud-amd64-x86_64-with-glibc2.36,
ok,ILS_iRace,drop_insert_operators,full,operator_group_ablation,group:insert,input/seed_based/ef_090x_012t.txt,seed_based,56,irace_final,720.000000,600.000000,120.000000,8009885,8009885,9193700,12.876372,0.000000,638.364253,output/operator_group_ablation/ILS_iRace/drop_insert_operators/seed_056/input/seed_based/ef_090x_012t.txt,,,da27c8e3402deb8a0832aaa211b98a39d670003f,true,3.11.2,Linux-6.1.0-44-cloud-amd64-x86_64-with-glibc2.36,
ok,ILS_iRace,drop_order_operators,full,operator_group_ablation,group:order,input/seed_based/ef_090x_012t.txt,seed_based,56,irace_final,720.000000,600.000000,120.000000,8009885,8009885,9193700,12.876372,0.000000,637.095243,output/operator_group_ablation/ILS_iRace/drop_order_operators/seed_056/input/seed_based/ef_090x_012t.txt,,,da27c8e3402deb8a0832aaa211b98a39d670003f,true,3.11.2,Linux-6.1.0-44-cloud-amd64-x86_64-with-glibc2.36,
ok,ILS_iRace,drop_strategic_operators,full,operator_group_ablation,group:strategic,input/seed_based/ef_090x_012t.txt,seed_based,56,irace_final,720.000000,600.000000,120.000000,8009885,8009885,9193700,12.876372,0.000000,625.742666,output/operator_group_ablation/ILS_iRace/drop_strategic_operators/seed_056/input/seed_based/ef_090x_012t.txt,,,da27c8e3402deb8a0832aaa211b98a39d670003f,true,3.11.2,Linux-6.1.0-44-cloud-amd64-x86_64-with-glibc2.36,
ok,ILS_iRace,drop_insert_operators,full,operator_group_ablation,group:insert,input/seed_based/ef_090x_012t.txt,seed_based,67,irace_final,720.000000,600.000000,120.000000,8009885,8009885,9193700,12.876372,0.000000,623.986571,output/operator_group_ablation/ILS_iRace/drop_insert_operators/seed_067/input/seed_based/ef_090x_012t.txt,,,da27c8e3402deb8a0832aaa211b98a39d670003f,true,3.11.2,Linux-6.1.0-44-cloud-amd64-x86_64-with-glibc2.36,
ok,ILS_iRace,drop_order_operators,full,operator_group_ablation,group:order,input/seed_based/ef_090x_012t.txt,seed_based,67,irace_final,720.000000,600.000000,120.000000,8009885,8009885,9193700,12.876372,0.000000,637.184597,output/operator_group_ablation/ILS_iRace/drop_order_operators/seed_067/input/seed_based/ef_090x_012t.txt,,,da27c8e3402deb8a0832aaa211b98a39d670003f,true,3.11.2,Linux-6.1.0-44-cloud-amd64-x86_64-with-glibc2.36,
ok,ILS_iRace,drop_strategic_operators,full,operator_group_ablation,group:strategic,input/seed_based/ef_090x_012t.txt,seed_based,67,irace_final,720.000000,600.000000,120.000000,8009885,8009885,9193700,12.876372,0.000000,638.441136,output/operator_group_ablation/ILS_iRace/drop_strategic_operators/seed_067/input/seed_based/ef_090x_012t.txt,,,da27c8e3402deb8a0832aaa211b98a39d670003f,true,3.11.2,Linux-6.1.0-44-cloud-amd64-x86_64-with-glibc2.36,
ok,ILS_iRace,drop_insert_operators,full,operator_group_ablation,group:insert,input/seed_based/ef_090x_012t.txt,seed_based,78,irace_final,720.000000,600.000000,120.000000,8009885,8009885,9193700,12.876372,0.000000,638.391337,output/operator_group_ablation/ILS_iRace/drop_insert_operators/seed_078/input/seed_based/ef_090x_012t.txt,,,da27c8e3402deb8a0832aaa211b98a39d670003f,true,3.11.2,Linux-6.1.0-44-cloud-amd64-x86_64-with-glibc2.36,
ok,ILS_iRace,drop_order_operators,full,operator_group_ablation,group:order,input/seed_based/ef_090x_012t.txt,seed_based,78,irace_final,720.000000,600.000000,120.000000,8009885,8009885,9193700,12.876372,0.000000,637.700550,output/operator_group_ablation/ILS_iRace/drop_order_operators/seed_078/input/seed_based/ef_090x_012t.txt,,,da27c8e3402deb8a0832aaa211b98a39d670003f,true,3.11.2,Linux-6.1.0-44-cloud-amd64-x86_64-with-glibc2.36,
ok,ILS_iRace,drop_strategic_operators,full,operator_group_ablation,group:strategic,input/seed_based/ef_090x_012t.txt,seed_based,78,irace_final,720.000000,600.000000,120.000000,8009885,8009885,9193700,12.876372,0.000000,623.708460,output/operator_group_ablation/ILS_iRace/drop_strategic_operators/seed_078/input/seed_based/ef_090x_012t.txt,,,da27c8e3402deb8a0832aaa211b98a39d670003f,true,3.11.2,Linux-6.1.0-44-cloud-amd64-x86_64-with-glibc2.36,
ok,ILS_iRace,drop_insert_operators,full,operator_group_ablation,group:insert,input/seed_based/ef_090x_012t.txt,seed_based,89,irace_final,720.000000,600.000000,120.000000,8009885,8009885,9193700,12.876372,0.000000,623.891462,output/operator_group_ablation/ILS_iRace/drop_insert_operators/seed_089/input/seed_based/ef_090x_012t.txt,,,da27c8e3402deb8a0832aaa211b98a39d670003f,true,3.11.2,Linux-6.1.0-44-cloud-amd64-x86_64-with-glibc2.36,
ok,ILS_iRace,drop_order_operators,full,operator_group_ablation,group:order,input/seed_based/ef_090x_012t.txt,seed_based,89,irace_final,720.000000,600.000000,120.000000,8009885,8009885,9193700,12.876372,0.000000,637.532163,output/operator_group_ablation/ILS_iRace/drop_order_operators/seed_089/input/seed_based/ef_090x_012t.txt,,,da27c8e3402deb8a0832aaa211b98a39d670003f,true,3.11.2,Linux-6.1.0-44-cloud-amd64-x86_64-with-glibc2.36,
ok,ILS_iRace,drop_strategic_operators,full,operator_group_ablation,group:strategic,input/seed_based/ef_090x_012t.txt,seed_based,89,irace_final,720.000000,600.000000,120.000000,8009885,8009885,9193700,12.876372,0.000000,627.548263,output/operator_group_ablation/ILS_iRace/drop_strategic_operators/seed_089/input/seed_based/ef_090x_012t.txt,,,da27c8e3402deb8a0832aaa211b98a39d670003f,true,3.11.2,Linux-6.1.0-44-cloud-amd64-x86_64-with-glibc2.36,
ok,ILS_iRace,drop_insert_operators,full,operator_group_ablation,group:insert,input/seed_based/ef_090x_012t.txt,seed_based,100,irace_final,720.000000,600.000000,120.000000,8009885,8009885,9193700,12.876372,0.000000,624.127466,output/operator_group_ablation/ILS_iRace/drop_insert_operators/seed_100/input/seed_based/ef_090x_012t.txt,,,da27c8e3402deb8a0832aaa211b98a39d670003f,true,3.11.2,Linux-6.1.0-44-cloud-amd64-x86_64-with-glibc2.36,
ok,ILS_iRace,drop_order_operators,full,operator_group_ablation,group:order,input/seed_based/ef_090x_012t.txt,seed_based,100,irace_final,720.000000,600.000000,120.000000,8009885,8009902,9193700,12.876187,0.000212,638.524212,output/operator_group_ablation/ILS_iRace/drop_order_operators/seed_100/input/seed_based/ef_090x_012t.txt,,,da27c8e3402deb8a0832aaa211b98a39d670003f,true,3.11.2,Linux-6.1.0-44-cloud-amd64-x86_64-with-glibc2.36,
ok,ILS_iRace,drop_strategic_operators,full,operator_group_ablation,group:strategic,input/seed_based/ef_090x_012t.txt,seed_based,100,irace_final,720.000000,600.000000,120.000000,8009885,8009885,9193700,12.876372,0.000000,636.581105,output/operator_group_ablation/ILS_iRace/drop_strategic_operators/seed_100/input/seed_based/ef_090x_012t.txt,,,da27c8e3402deb8a0832aaa211b98a39d670003f,true,3.11.2,Linux-6.1.0-44-cloud-amd64-x86_64-with-glibc2.36,
ok,ILS_iRace,drop_insert_operators,full,operator_group_ablation,group:insert,input/seed_based/f_075x_008t.txt,seed_based,1,irace_final,720.000000,600.000000,120.000000,18240944,18243051,24117937,24.358991,0.011551,623.944499,output/operator_group_ablation/ILS_iRace/drop_insert_operators/seed_001/input/seed_based/f_075x_008t.txt,,,da27c8e3402deb8a0832aaa211b98a39d670003f,true,3.11.2,Linux-6.1.0-44-cloud-amd64-x86_64-with-glibc2.36,
ok,ILS_iRace,drop_order_operators,full,operator_group_ablation,group:order,input/seed_based/f_075x_008t.txt,seed_based,1,irace_final,720.000000,600.000000,120.000000,18240944,18243153,24117937,24.358568,0.012110,624.440640,output/operator_group_ablation/ILS_iRace/drop_order_operators/seed_001/input/seed_based/f_075x_008t.txt,,,da27c8e3402deb8a0832aaa211b98a39d670003f,true,3.11.2,Linux-6.1.0-44-cloud-amd64-x86_64-with-glibc2.36,
ok,ILS_iRace,drop_strategic_operators,full,operator_group_ablation,group:strategic,input/seed_based/f_075x_008t.txt,seed_based,1,irace_final,720.000000,600.000000,120.000000,18240944,18243129,24117937,24.358667,0.011979,615.750124,output/operator_group_ablation/ILS_iRace/drop_strategic_operators/seed_001/input/seed_based/f_075x_008t.txt,,,da27c8e3402deb8a0832aaa211b98a39d670003f,true,3.11.2,Linux-6.1.0-44-cloud-amd64-x86_64-with-glibc2.36,
ok,ILS_iRace,drop_insert_operators,full,operator_group_ablation,group:insert,input/seed_based/f_075x_008t.txt,seed_based,12,irace_final,720.000000,600.000000,120.000000,18240944,18243051,24117937,24.358991,0.011551,615.795339,output/operator_group_ablation/ILS_iRace/drop_insert_operators/seed_012/input/seed_based/f_075x_008t.txt,,,da27c8e3402deb8a0832aaa211b98a39d670003f,true,3.11.2,Linux-6.1.0-44-cloud-amd64-x86_64-with-glibc2.36,
ok,ILS_iRace,drop_order_operators,full,operator_group_ablation,group:order,input/seed_based/f_075x_008t.txt,seed_based,12,irace_final,720.000000,600.000000,120.000000,18240944,18243051,24117937,24.358991,0.011551,623.365304,output/operator_group_ablation/ILS_iRace/drop_order_operators/seed_012/input/seed_based/f_075x_008t.txt,,,da27c8e3402deb8a0832aaa211b98a39d670003f,true,3.11.2,Linux-6.1.0-44-cloud-amd64-x86_64-with-glibc2.36,
ok,ILS_iRace,drop_strategic_operators,full,operator_group_ablation,group:strategic,input/seed_based/f_075x_008t.txt,seed_based,12,irace_final,720.000000,600.000000,120.000000,18240944,18243051,24117937,24.358991,0.011551,623.127424,output/operator_group_ablation/ILS_iRace/drop_strategic_operators/seed_012/input/seed_based/f_075x_008t.txt,,,da27c8e3402deb8a0832aaa211b98a39d670003f,true,3.11.2,Linux-6.1.0-44-cloud-amd64-x86_64-with-glibc2.36,
ok,ILS_iRace,drop_insert_operators,full,operator_group_ablation,group:insert,input/seed_based/f_075x_008t.txt,seed_based,23,irace_final,720.000000,600.000000,120.000000,18240944,18243051,24117937,24.358991,0.011551,624.521819,output/operator_group_ablation/ILS_iRace/drop_insert_operators/seed_023/input/seed_based/f_075x_008t.txt,,,da27c8e3402deb8a0832aaa211b98a39d670003f,true,3.11.2,Linux-6.1.0-44-cloud-amd64-x86_64-with-glibc2.36,
ok,ILS_iRace,drop_strategic_operators,full,operator_group_ablation,group:strategic,input/seed_based/f_075x_008t.txt,seed_based,23,irace_final,720.000000,600.000000,120.000000,18240944,18243051,24117937,24.358991,0.011551,615.430081,output/operator_group_ablation/ILS_iRace/drop_strategic_operators/seed_023/input/seed_based/f_075x_008t.txt,,,da27c8e3402deb8a0832aaa211b98a39d670003f,true,3.11.2,Linux-6.1.0-44-cloud-amd64-x86_64-with-glibc2.36,
ok,ILS_iRace,drop_order_operators,full,operator_group_ablation,group:order,input/seed_based/f_075x_008t.txt,seed_based,23,irace_final,720.000000,600.000000,120.000000,18240944,18243928,24117937,24.355354,0.016359,622.837396,output/operator_group_ablation/ILS_iRace/drop_order_operators/seed_023/input/seed_based/f_075x_008t.txt,,,da27c8e3402deb8a0832aaa211b98a39d670003f,true,3.11.2,Linux-6.1.0-44-cloud-amd64-x86_64-with-glibc2.36,
ok,ILS_iRace,drop_insert_operators,full,operator_group_ablation,group:insert,input/seed_based/f_075x_008t.txt,seed_based,34,irace_final,720.000000,600.000000,120.000000,18240944,18243051,24117937,24.358991,0.011551,615.667662,output/operator_group_ablation/ILS_iRace/drop_insert_operators/seed_034/input/seed_based/f_075x_008t.txt,,,da27c8e3402deb8a0832aaa211b98a39d670003f,true,3.11.2,Linux-6.1.0-44-cloud-amd64-x86_64-with-glibc2.36,
ok,ILS_iRace,drop_order_operators,full,operator_group_ablation,group:order,input/seed_based/f_075x_008t.txt,seed_based,34,irace_final,720.000000,600.000000,120.000000,18240944,18243051,24117937,24.358991,0.011551,623.022893,output/operator_group_ablation/ILS_iRace/drop_order_operators/seed_034/input/seed_based/f_075x_008t.txt,,,da27c8e3402deb8a0832aaa211b98a39d670003f,true,3.11.2,Linux-6.1.0-44-cloud-amd64-x86_64-with-glibc2.36,
ok,ILS_iRace,drop_strategic_operators,full,operator_group_ablation,group:strategic,input/seed_based/f_075x_008t.txt,seed_based,34,irace_final,720.000000,600.000000,120.000000,18240944,18240944,24117937,24.367727,0.000000,622.982195,output/operator_group_ablation/ILS_iRace/drop_strategic_operators/seed_034/input/seed_based/f_075x_008t.txt,,,da27c8e3402deb8a0832aaa211b98a39d670003f,true,3.11.2,Linux-6.1.0-44-cloud-amd64-x86_64-with-glibc2.36,
ok,ILS_iRace,drop_insert_operators,full,operator_group_ablation,group:insert,input/seed_based/f_075x_008t.txt,seed_based,45,irace_final,720.000000,600.000000,120.000000,18240944,18243051,24117937,24.358991,0.011551,615.949384,output/operator_group_ablation/ILS_iRace/drop_insert_operators/seed_045/input/seed_based/f_075x_008t.txt,,,da27c8e3402deb8a0832aaa211b98a39d670003f,true,3.11.2,Linux-6.1.0-44-cloud-amd64-x86_64-with-glibc2.36,
ok,ILS_iRace,drop_order_operators,full,operator_group_ablation,group:order,input/seed_based/f_075x_008t.txt,seed_based,45,irace_final,720.000000,600.000000,120.000000,18240944,18243051,24117937,24.358991,0.011551,615.501249,output/operator_group_ablation/ILS_iRace/drop_order_operators/seed_045/input/seed_based/f_075x_008t.txt,,,da27c8e3402deb8a0832aaa211b98a39d670003f,true,3.11.2,Linux-6.1.0-44-cloud-amd64-x86_64-with-glibc2.36,
ok,ILS_iRace,drop_strategic_operators,full,operator_group_ablation,group:strategic,input/seed_based/f_075x_008t.txt,seed_based,45,irace_final,720.000000,600.000000,120.000000,18240944,18243051,24117937,24.358991,0.011551,622.889116,output/operator_group_ablation/ILS_iRace/drop_strategic_operators/seed_045/input/seed_based/f_075x_008t.txt,,,da27c8e3402deb8a0832aaa211b98a39d670003f,true,3.11.2,Linux-6.1.0-44-cloud-amd64-x86_64-with-glibc2.36,
ok,ILS_iRace,drop_insert_operators,full,operator_group_ablation,group:insert,input/seed_based/f_075x_008t.txt,seed_based,56,irace_final,720.000000,600.000000,120.000000,18240944,18243051,24117937,24.358991,0.011551,624.070184,output/operator_group_ablation/ILS_iRace/drop_insert_operators/seed_056/input/seed_based/f_075x_008t.txt,,,da27c8e3402deb8a0832aaa211b98a39d670003f,true,3.11.2,Linux-6.1.0-44-cloud-amd64-x86_64-with-glibc2.36,
ok,ILS_iRace,drop_order_operators,full,operator_group_ablation,group:order,input/seed_based/f_075x_008t.txt,seed_based,56,irace_final,720.000000,600.000000,120.000000,18240944,18243153,24117937,24.358568,0.012110,623.893411,output/operator_group_ablation/ILS_iRace/drop_order_operators/seed_056/input/seed_based/f_075x_008t.txt,,,da27c8e3402deb8a0832aaa211b98a39d670003f,true,3.11.2,Linux-6.1.0-44-cloud-amd64-x86_64-with-glibc2.36,
ok,ILS_iRace,drop_strategic_operators,full,operator_group_ablation,group:strategic,input/seed_based/f_075x_008t.txt,seed_based,56,irace_final,720.000000,600.000000,120.000000,18240944,18243051,24117937,24.358991,0.011551,622.875372,output/operator_group_ablation/ILS_iRace/drop_strategic_operators/seed_056/input/seed_based/f_075x_008t.txt,,,da27c8e3402deb8a0832aaa211b98a39d670003f,true,3.11.2,Linux-6.1.0-44-cloud-amd64-x86_64-with-glibc2.36,
ok,ILS_iRace,drop_insert_operators,full,operator_group_ablation,group:insert,input/seed_based/f_075x_008t.txt,seed_based,67,irace_final,720.000000,600.000000,120.000000,18240944,18243051,24117937,24.358991,0.011551,623.225553,output/operator_group_ablation/ILS_iRace/drop_insert_operators/seed_067/input/seed_based/f_075x_008t.txt,,,da27c8e3402deb8a0832aaa211b98a39d670003f,true,3.11.2,Linux-6.1.0-44-cloud-amd64-x86_64-with-glibc2.36,
ok,ILS_iRace,drop_order_operators,full,operator_group_ablation,group:order,input/seed_based/f_075x_008t.txt,seed_based,67,irace_final,720.000000,600.000000,120.000000,18240944,18243051,24117937,24.358991,0.011551,615.766426,output/operator_group_ablation/ILS_iRace/drop_order_operators/seed_067/input/seed_based/f_075x_008t.txt,,,da27c8e3402deb8a0832aaa211b98a39d670003f,true,3.11.2,Linux-6.1.0-44-cloud-amd64-x86_64-with-glibc2.36,
ok,ILS_iRace,drop_strategic_operators,full,operator_group_ablation,group:strategic,input/seed_based/f_075x_008t.txt,seed_based,67,irace_final,720.000000,600.000000,120.000000,18240944,18243051,24117937,24.358991,0.011551,616.334209,output/operator_group_ablation/ILS_iRace/drop_strategic_operators/seed_067/input/seed_based/f_075x_008t.txt,,,da27c8e3402deb8a0832aaa211b98a39d670003f,true,3.11.2,Linux-6.1.0-44-cloud-amd64-x86_64-with-glibc2.36,
ok,ILS_iRace,drop_insert_operators,full,operator_group_ablation,group:insert,input/seed_based/f_075x_008t.txt,seed_based,78,irace_final,720.000000,600.000000,120.000000,18240944,18243051,24117937,24.358991,0.011551,624.535752,output/operator_group_ablation/ILS_iRace/drop_insert_operators/seed_078/input/seed_based/f_075x_008t.txt,,,da27c8e3402deb8a0832aaa211b98a39d670003f,true,3.11.2,Linux-6.1.0-44-cloud-amd64-x86_64-with-glibc2.36,
ok,ILS_iRace,drop_order_operators,full,operator_group_ablation,group:order,input/seed_based/f_075x_008t.txt,seed_based,78,irace_final,720.000000,600.000000,120.000000,18240944,18243051,24117937,24.358991,0.011551,623.240209,output/operator_group_ablation/ILS_iRace/drop_order_operators/seed_078/input/seed_based/f_075x_008t.txt,,,da27c8e3402deb8a0832aaa211b98a39d670003f,true,3.11.2,Linux-6.1.0-44-cloud-amd64-x86_64-with-glibc2.36,
ok,ILS_iRace,drop_strategic_operators,full,operator_group_ablation,group:strategic,input/seed_based/f_075x_008t.txt,seed_based,78,irace_final,720.000000,600.000000,120.000000,18240944,18242295,24117937,24.362125,0.007406,623.112989,output/operator_group_ablation/ILS_iRace/drop_strategic_operators/seed_078/input/seed_based/f_075x_008t.txt,,,da27c8e3402deb8a0832aaa211b98a39d670003f,true,3.11.2,Linux-6.1.0-44-cloud-amd64-x86_64-with-glibc2.36,
ok,ILS_iRace,drop_insert_operators,full,operator_group_ablation,group:insert,input/seed_based/f_075x_008t.txt,seed_based,89,irace_final,720.000000,600.000000,120.000000,18240944,18243153,24117937,24.358568,0.012110,623.483503,output/operator_group_ablation/ILS_iRace/drop_insert_operators/seed_089/input/seed_based/f_075x_008t.txt,,,da27c8e3402deb8a0832aaa211b98a39d670003f,true,3.11.2,Linux-6.1.0-44-cloud-amd64-x86_64-with-glibc2.36,
ok,ILS_iRace,drop_order_operators,full,operator_group_ablation,group:order,input/seed_based/f_075x_008t.txt,seed_based,89,irace_final,720.000000,600.000000,120.000000,18240944,18243051,24117937,24.358991,0.011551,615.524091,output/operator_group_ablation/ILS_iRace/drop_order_operators/seed_089/input/seed_based/f_075x_008t.txt,,,da27c8e3402deb8a0832aaa211b98a39d670003f,true,3.11.2,Linux-6.1.0-44-cloud-amd64-x86_64-with-glibc2.36,
ok,ILS_iRace,drop_strategic_operators,full,operator_group_ablation,group:strategic,input/seed_based/f_075x_008t.txt,seed_based,89,irace_final,720.000000,600.000000,120.000000,18240944,18243051,24117937,24.358991,0.011551,621.497949,output/operator_group_ablation/ILS_iRace/drop_strategic_operators/seed_089/input/seed_based/f_075x_008t.txt,,,da27c8e3402deb8a0832aaa211b98a39d670003f,true,3.11.2,Linux-6.1.0-44-cloud-amd64-x86_64-with-glibc2.36,
ok,ILS_iRace,drop_insert_operators,full,operator_group_ablation,group:insert,input/seed_based/f_075x_008t.txt,seed_based,100,irace_final,720.000000,600.000000,120.000000,18240944,18243051,24117937,24.358991,0.011551,624.119417,output/operator_group_ablation/ILS_iRace/drop_insert_operators/seed_100/input/seed_based/f_075x_008t.txt,,,da27c8e3402deb8a0832aaa211b98a39d670003f,true,3.11.2,Linux-6.1.0-44-cloud-amd64-x86_64-with-glibc2.36,
ok,ILS_iRace,drop_order_operators,full,operator_group_ablation,group:order,input/seed_based/f_075x_008t.txt,seed_based,100,irace_final,720.000000,600.000000,120.000000,18240944,18243051,24117937,24.358991,0.011551,622.087206,output/operator_group_ablation/ILS_iRace/drop_order_operators/seed_100/input/seed_based/f_075x_008t.txt,,,da27c8e3402deb8a0832aaa211b98a39d670003f,true,3.11.2,Linux-6.1.0-44-cloud-amd64-x86_64-with-glibc2.36,
ok,ILS_iRace,drop_strategic_operators,full,operator_group_ablation,group:strategic,input/seed_based/f_075x_008t.txt,seed_based,100,irace_final,720.000000,600.000000,120.000000,18240944,18243051,24117937,24.358991,0.011551,623.147176,output/operator_group_ablation/ILS_iRace/drop_strategic_operators/seed_100/input/seed_based/f_075x_008t.txt,,,da27c8e3402deb8a0832aaa211b98a39d670003f,true,3.11.2,Linux-6.1.0-44-cloud-amd64-x86_64-with-glibc2.36,
ok,ILS_iRace,drop_insert_operators,full,operator_group_ablation,group:insert,input/seed_based/f_090x_020t.txt,seed_based,1,irace_final,720.000000,600.000000,120.000000,27573538,27577614,29232950,5.662569,0.014782,654.606932,output/operator_group_ablation/ILS_iRace/drop_insert_operators/seed_001/input/seed_based/f_090x_020t.txt,,,da27c8e3402deb8a0832aaa211b98a39d670003f,true,3.11.2,Linux-6.1.0-44-cloud-amd64-x86_64-with-glibc2.36,
ok,ILS_iRace,drop_strategic_operators,full,operator_group_ablation,group:strategic,input/seed_based/f_090x_020t.txt,seed_based,1,irace_final,720.000000,600.000000,120.000000,27573538,27575958,29232950,5.668234,0.008777,635.744041,output/operator_group_ablation/ILS_iRace/drop_strategic_operators/seed_001/input/seed_based/f_090x_020t.txt,,,da27c8e3402deb8a0832aaa211b98a39d670003f,true,3.11.2,Linux-6.1.0-44-cloud-amd64-x86_64-with-glibc2.36,
ok,ILS_iRace,drop_order_operators,full,operator_group_ablation,group:order,input/seed_based/f_090x_020t.txt,seed_based,1,irace_final,720.000000,600.000000,120.000000,27573538,27578049,29232950,5.661081,0.016360,654.569868,output/operator_group_ablation/ILS_iRace/drop_order_operators/seed_001/input/seed_based/f_090x_020t.txt,,,da27c8e3402deb8a0832aaa211b98a39d670003f,true,3.11.2,Linux-6.1.0-44-cloud-amd64-x86_64-with-glibc2.36,
ok,ILS_iRace,drop_insert_operators,full,operator_group_ablation,group:insert,input/seed_based/f_090x_020t.txt,seed_based,12,irace_final,720.000000,600.000000,120.000000,27573538,27573538,29232950,5.676512,0.000000,656.928580,output/operator_group_ablation/ILS_iRace/drop_insert_operators/seed_012/input/seed_based/f_090x_020t.txt,,,da27c8e3402deb8a0832aaa211b98a39d670003f,true,3.11.2,Linux-6.1.0-44-cloud-amd64-x86_64-with-glibc2.36,
ok,ILS_iRace,drop_order_operators,full,operator_group_ablation,group:order,input/seed_based/f_090x_020t.txt,seed_based,12,irace_final,720.000000,600.000000,120.000000,27573538,27579813,29232950,5.655047,0.022757,634.299362,output/operator_group_ablation/ILS_iRace/drop_order_operators/seed_012/input/seed_based/f_090x_020t.txt,,,da27c8e3402deb8a0832aaa211b98a39d670003f,true,3.11.2,Linux-6.1.0-44-cloud-amd64-x86_64-with-glibc2.36,
ok,ILS_iRace,drop_strategic_operators,full,operator_group_ablation,group:strategic,input/seed_based/f_090x_020t.txt,seed_based,12,irace_final,720.000000,600.000000,120.000000,27573538,27576571,29232950,5.666137,0.011000,655.576856,output/operator_group_ablation/ILS_iRace/drop_strategic_operators/seed_012/input/seed_based/f_090x_020t.txt,,,da27c8e3402deb8a0832aaa211b98a39d670003f,true,3.11.2,Linux-6.1.0-44-cloud-amd64-x86_64-with-glibc2.36,
ok,ILS_iRace,drop_insert_operators,full,operator_group_ablation,group:insert,input/seed_based/f_090x_020t.txt,seed_based,23,irace_final,720.000000,600.000000,120.000000,27573538,27576539,29232950,5.666246,0.010884,635.050038,output/operator_group_ablation/ILS_iRace/drop_insert_operators/seed_023/input/seed_based/f_090x_020t.txt,,,da27c8e3402deb8a0832aaa211b98a39d670003f,true,3.11.2,Linux-6.1.0-44-cloud-amd64-x86_64-with-glibc2.36,
ok,ILS_iRace,drop_order_operators,full,operator_group_ablation,group:order,input/seed_based/f_090x_020t.txt,seed_based,23,irace_final,720.000000,600.000000,120.000000,27573538,27577499,29232950,5.662963,0.014365,652.751584,output/operator_group_ablation/ILS_iRace/drop_order_operators/seed_023/input/seed_based/f_090x_020t.txt,,,da27c8e3402deb8a0832aaa211b98a39d670003f,true,3.11.2,Linux-6.1.0-44-cloud-amd64-x86_64-with-glibc2.36,
ok,ILS_iRace,drop_strategic_operators,full,operator_group_ablation,group:strategic,input/seed_based/f_090x_020t.txt,seed_based,23,irace_final,720.000000,600.000000,120.000000,27573538,27575880,29232950,5.668501,0.008494,653.129254,output/operator_group_ablation/ILS_iRace/drop_strategic_operators/seed_023/input/seed_based/f_090x_020t.txt,,,da27c8e3402deb8a0832aaa211b98a39d670003f,true,3.11.2,Linux-6.1.0-44-cloud-amd64-x86_64-with-glibc2.36,
ok,ILS_iRace,drop_insert_operators,full,operator_group_ablation,group:insert,input/seed_based/f_090x_020t.txt,seed_based,34,irace_final,720.000000,600.000000,120.000000,27573538,27573538,29232950,5.676512,0.000000,658.336903,output/operator_group_ablation/ILS_iRace/drop_insert_operators/seed_034/input/seed_based/f_090x_020t.txt,,,da27c8e3402deb8a0832aaa211b98a39d670003f,true,3.11.2,Linux-6.1.0-44-cloud-amd64-x86_64-with-glibc2.36,
ok,ILS_iRace,drop_order_operators,full,operator_group_ablation,group:order,input/seed_based/f_090x_020t.txt,seed_based,34,irace_final,720.000000,600.000000,120.000000,27573538,27579893,29232950,5.654773,0.023047,633.893105,output/operator_group_ablation/ILS_iRace/drop_order_operators/seed_034/input/seed_based/f_090x_020t.txt,,,da27c8e3402deb8a0832aaa211b98a39d670003f,true,3.11.2,Linux-6.1.0-44-cloud-amd64-x86_64-with-glibc2.36,
ok,ILS_iRace,drop_strategic_operators,full,operator_group_ablation,group:strategic,input/seed_based/f_090x_020t.txt,seed_based,34,irace_final,720.000000,600.000000,120.000000,27573538,27574961,29232950,5.671644,0.005161,634.072467,output/operator_group_ablation/ILS_iRace/drop_strategic_operators/seed_034/input/seed_based/f_090x_020t.txt,,,da27c8e3402deb8a0832aaa211b98a39d670003f,true,3.11.2,Linux-6.1.0-44-cloud-amd64-x86_64-with-glibc2.36,
ok,ILS_iRace,drop_insert_operators,full,operator_group_ablation,group:insert,input/seed_based/f_090x_020t.txt,seed_based,45,irace_final,720.000000,600.000000,120.000000,27573538,27576524,29232950,5.666298,0.010829,655.494490,output/operator_group_ablation/ILS_iRace/drop_insert_operators/seed_045/input/seed_based/f_090x_020t.txt,,,da27c8e3402deb8a0832aaa211b98a39d670003f,true,3.11.2,Linux-6.1.0-44-cloud-amd64-x86_64-with-glibc2.36,
ok,ILS_iRace,drop_order_operators,full,operator_group_ablation,group:order,input/seed_based/f_090x_020t.txt,seed_based,45,irace_final,720.000000,600.000000,120.000000,27573538,27579401,29232950,5.656456,0.021263,652.051830,output/operator_group_ablation/ILS_iRace/drop_order_operators/seed_045/input/seed_based/f_090x_020t.txt,,,da27c8e3402deb8a0832aaa211b98a39d670003f,true,3.11.2,Linux-6.1.0-44-cloud-amd64-x86_64-with-glibc2.36,
ok,ILS_iRace,drop_strategic_operators,full,operator_group_ablation,group:strategic,input/seed_based/f_090x_020t.txt,seed_based,45,irace_final,720.000000,600.000000,120.000000,27573538,27574072,29232950,5.674686,0.001937,652.649599,output/operator_group_ablation/ILS_iRace/drop_strategic_operators/seed_045/input/seed_based/f_090x_020t.txt,,,da27c8e3402deb8a0832aaa211b98a39d670003f,true,3.11.2,Linux-6.1.0-44-cloud-amd64-x86_64-with-glibc2.36,
ok,ILS_iRace,drop_insert_operators,full,operator_group_ablation,group:insert,input/seed_based/f_090x_020t.txt,seed_based,56,irace_final,720.000000,600.000000,120.000000,27573538,27576524,29232950,5.666298,0.010829,653.035967,output/operator_group_ablation/ILS_iRace/drop_insert_operators/seed_056/input/seed_based/f_090x_020t.txt,,,da27c8e3402deb8a0832aaa211b98a39d670003f,true,3.11.2,Linux-6.1.0-44-cloud-amd64-x86_64-with-glibc2.36,
ok,ILS_iRace,drop_order_operators,full,operator_group_ablation,group:order,input/seed_based/f_090x_020t.txt,seed_based,56,irace_final,720.000000,600.000000,120.000000,27573538,27578137,29232950,5.660780,0.016679,634.298719,output/operator_group_ablation/ILS_iRace/drop_order_operators/seed_056/input/seed_based/f_090x_020t.txt,,,da27c8e3402deb8a0832aaa211b98a39d670003f,true,3.11.2,Linux-6.1.0-44-cloud-amd64-x86_64-with-glibc2.36,
ok,ILS_iRace,drop_strategic_operators,full,operator_group_ablation,group:strategic,input/seed_based/f_090x_020t.txt,seed_based,56,irace_final,720.000000,600.000000,120.000000,27573538,27575393,29232950,5.670167,0.006727,634.691928,output/operator_group_ablation/ILS_iRace/drop_strategic_operators/seed_056/input/seed_based/f_090x_020t.txt,,,da27c8e3402deb8a0832aaa211b98a39d670003f,true,3.11.2,Linux-6.1.0-44-cloud-amd64-x86_64-with-glibc2.36,
ok,ILS_iRace,drop_insert_operators,full,operator_group_ablation,group:insert,input/seed_based/f_090x_020t.txt,seed_based,67,irace_final,720.000000,600.000000,120.000000,27573538,27573538,29232950,5.676512,0.000000,655.509221,output/operator_group_ablation/ILS_iRace/drop_insert_operators/seed_067/input/seed_based/f_090x_020t.txt,,,da27c8e3402deb8a0832aaa211b98a39d670003f,true,3.11.2,Linux-6.1.0-44-cloud-amd64-x86_64-with-glibc2.36,
ok,ILS_iRace,drop_order_operators,full,operator_group_ablation,group:order,input/seed_based/f_090x_020t.txt,seed_based,67,irace_final,720.000000,600.000000,120.000000,27573538,27579927,29232950,5.654657,0.023171,653.182392,output/operator_group_ablation/ILS_iRace/drop_order_operators/seed_067/input/seed_based/f_090x_020t.txt,,,da27c8e3402deb8a0832aaa211b98a39d670003f,true,3.11.2,Linux-6.1.0-44-cloud-amd64-x86_64-with-glibc2.36,
ok,ILS_iRace,drop_strategic_operators,full,operator_group_ablation,group:strategic,input/seed_based/f_090x_020t.txt,seed_based,67,irace_final,720.000000,600.000000,120.000000,27573538,27575998,29232950,5.668097,0.008922,652.950025,output/operator_group_ablation/ILS_iRace/drop_strategic_operators/seed_067/input/seed_based/f_090x_020t.txt,,,da27c8e3402deb8a0832aaa211b98a39d670003f,true,3.11.2,Linux-6.1.0-44-cloud-amd64-x86_64-with-glibc2.36,
ok,ILS_iRace,drop_insert_operators,full,operator_group_ablation,group:insert,input/seed_based/f_090x_020t.txt,seed_based,78,irace_final,720.000000,600.000000,120.000000,27573538,27573538,29232950,5.676512,0.000000,653.526216,output/operator_group_ablation/ILS_iRace/drop_insert_operators/seed_078/input/seed_based/f_090x_020t.txt,,,da27c8e3402deb8a0832aaa211b98a39d670003f,true,3.11.2,Linux-6.1.0-44-cloud-amd64-x86_64-with-glibc2.36,
ok,ILS_iRace,drop_order_operators,full,operator_group_ablation,group:order,input/seed_based/f_090x_020t.txt,seed_based,78,irace_final,720.000000,600.000000,120.000000,27573538,27580021,29232950,5.654335,0.023512,635.581228,output/operator_group_ablation/ILS_iRace/drop_order_operators/seed_078/input/seed_based/f_090x_020t.txt,,,da27c8e3402deb8a0832aaa211b98a39d670003f,true,3.11.2,Linux-6.1.0-44-cloud-amd64-x86_64-with-glibc2.36,
ok,ILS_iRace,drop_strategic_operators,full,operator_group_ablation,group:strategic,input/seed_based/f_090x_020t.txt,seed_based,78,irace_final,720.000000,600.000000,120.000000,27573538,27577716,29232950,5.662220,0.015152,635.214596,output/operator_group_ablation/ILS_iRace/drop_strategic_operators/seed_078/input/seed_based/f_090x_020t.txt,,,da27c8e3402deb8a0832aaa211b98a39d670003f,true,3.11.2,Linux-6.1.0-44-cloud-amd64-x86_64-with-glibc2.36,
ok,ILS_iRace,drop_insert_operators,full,operator_group_ablation,group:insert,input/seed_based/f_090x_020t.txt,seed_based,89,irace_final,720.000000,600.000000,120.000000,27573538,27573538,29232950,5.676512,0.000000,653.900196,output/operator_group_ablation/ILS_iRace/drop_insert_operators/seed_089/input/seed_based/f_090x_020t.txt,,,da27c8e3402deb8a0832aaa211b98a39d670003f,true,3.11.2,Linux-6.1.0-44-cloud-amd64-x86_64-with-glibc2.36,
ok,ILS_iRace,drop_order_operators,full,operator_group_ablation,group:order,input/seed_based/f_090x_020t.txt,seed_based,89,irace_final,720.000000,600.000000,120.000000,27573538,27579980,29232950,5.654476,0.023363,652.850160,output/operator_group_ablation/ILS_iRace/drop_order_operators/seed_089/input/seed_based/f_090x_020t.txt,,,da27c8e3402deb8a0832aaa211b98a39d670003f,true,3.11.2,Linux-6.1.0-44-cloud-amd64-x86_64-with-glibc2.36,
ok,ILS_iRace,drop_strategic_operators,full,operator_group_ablation,group:strategic,input/seed_based/f_090x_020t.txt,seed_based,89,irace_final,720.000000,600.000000,120.000000,27573538,27575275,29232950,5.670570,0.006300,654.076601,output/operator_group_ablation/ILS_iRace/drop_strategic_operators/seed_089/input/seed_based/f_090x_020t.txt,,,da27c8e3402deb8a0832aaa211b98a39d670003f,true,3.11.2,Linux-6.1.0-44-cloud-amd64-x86_64-with-glibc2.36,
ok,ILS_iRace,drop_insert_operators,full,operator_group_ablation,group:insert,input/seed_based/f_090x_020t.txt,seed_based,100,irace_final,720.000000,600.000000,120.000000,27573538,27573538,29232950,5.676512,0.000000,654.455403,output/operator_group_ablation/ILS_iRace/drop_insert_operators/seed_100/input/seed_based/f_090x_020t.txt,,,da27c8e3402deb8a0832aaa211b98a39d670003f,true,3.11.2,Linux-6.1.0-44-cloud-amd64-x86_64-with-glibc2.36,
ok,ILS_iRace,drop_order_operators,full,operator_group_ablation,group:order,input/seed_based/f_090x_020t.txt,seed_based,100,irace_final,720.000000,600.000000,120.000000,27573538,27578861,29232950,5.658303,0.019305,634.902382,output/operator_group_ablation/ILS_iRace/drop_order_operators/seed_100/input/seed_based/f_090x_020t.txt,,,da27c8e3402deb8a0832aaa211b98a39d670003f,true,3.11.2,Linux-6.1.0-44-cloud-amd64-x86_64-with-glibc2.36,
ok,ILS_iRace,drop_strategic_operators,full,operator_group_ablation,group:strategic,input/seed_based/f_090x_020t.txt,seed_based,100,irace_final,720.000000,600.000000,120.000000,27573538,27574657,29232950,5.672684,0.004058,635.220716,output/operator_group_ablation/ILS_iRace/drop_strategic_operators/seed_100/input/seed_based/f_090x_020t.txt,,,da27c8e3402deb8a0832aaa211b98a39d670003f,true,3.11.2,Linux-6.1.0-44-cloud-amd64-x86_64-with-glibc2.36,
ok,ILS_iRace,drop_insert_operators,full,operator_group_ablation,group:insert,input/real_world/B90_L6_D11.txt,real_world,1,irace_final,720.000000,600.000000,120.000000,2551,2567,3704,30.696544,0.627205,605.003052,output/operator_group_ablation/ILS_iRace/drop_insert_operators/seed_001/input/real_world/B90_L6_D11.txt,,,da27c8e3402deb8a0832aaa211b98a39d670003f,true,3.11.2,Linux-6.1.0-44-cloud-amd64-x86_64-with-glibc2.36,
ok,ILS_iRace,drop_order_operators,full,operator_group_ablation,group:order,input/real_world/B90_L6_D11.txt,real_world,1,irace_final,720.000000,600.000000,120.000000,2551,2567,3704,30.696544,0.627205,605.002946,output/operator_group_ablation/ILS_iRace/drop_order_operators/seed_001/input/real_world/B90_L6_D11.txt,,,da27c8e3402deb8a0832aaa211b98a39d670003f,true,3.11.2,Linux-6.1.0-44-cloud-amd64-x86_64-with-glibc2.36,
ok,ILS_iRace,drop_strategic_operators,full,operator_group_ablation,group:strategic,input/real_world/B90_L6_D11.txt,real_world,1,irace_final,720.000000,600.000000,120.000000,2551,2567,3704,30.696544,0.627205,605.003280,output/operator_group_ablation/ILS_iRace/drop_strategic_operators/seed_001/input/real_world/B90_L6_D11.txt,,,da27c8e3402deb8a0832aaa211b98a39d670003f,true,3.11.2,Linux-6.1.0-44-cloud-amd64-x86_64-with-glibc2.36,
ok,ILS_iRace,drop_insert_operators,full,operator_group_ablation,group:insert,input/real_world/B90_L6_D11.txt,real_world,12,irace_final,720.000000,600.000000,120.000000,2551,2567,3704,30.696544,0.627205,605.003289,output/operator_group_ablation/ILS_iRace/drop_insert_operators/seed_012/input/real_world/B90_L6_D11.txt,,,da27c8e3402deb8a0832aaa211b98a39d670003f,true,3.11.2,Linux-6.1.0-44-cloud-amd64-x86_64-with-glibc2.36,
ok,ILS_iRace,drop_order_operators,full,operator_group_ablation,group:order,input/real_world/B90_L6_D11.txt,real_world,12,irace_final,720.000000,600.000000,120.000000,2551,2567,3704,30.696544,0.627205,605.002158,output/operator_group_ablation/ILS_iRace/drop_order_operators/seed_012/input/real_world/B90_L6_D11.txt,,,da27c8e3402deb8a0832aaa211b98a39d670003f,true,3.11.2,Linux-6.1.0-44-cloud-amd64-x86_64-with-glibc2.36,
ok,ILS_iRace,drop_strategic_operators,full,operator_group_ablation,group:strategic,input/real_world/B90_L6_D11.txt,real_world,12,irace_final,720.000000,600.000000,120.000000,2551,2567,3704,30.696544,0.627205,605.002140,output/operator_group_ablation/ILS_iRace/drop_strategic_operators/seed_012/input/real_world/B90_L6_D11.txt,,,da27c8e3402deb8a0832aaa211b98a39d670003f,true,3.11.2,Linux-6.1.0-44-cloud-amd64-x86_64-with-glibc2.36,
ok,ILS_iRace,drop_insert_operators,full,operator_group_ablation,group:insert,input/real_world/B90_L6_D11.txt,real_world,23,irace_final,720.000000,600.000000,120.000000,2551,2567,3704,30.696544,0.627205,605.002970,output/operator_group_ablation/ILS_iRace/drop_insert_operators/seed_023/input/real_world/B90_L6_D11.txt,,,da27c8e3402deb8a0832aaa211b98a39d670003f,true,3.11.2,Linux-6.1.0-44-cloud-amd64-x86_64-with-glibc2.36,
ok,ILS_iRace,drop_order_operators,full,operator_group_ablation,group:order,input/real_world/B90_L6_D11.txt,real_world,23,irace_final,720.000000,600.000000,120.000000,2551,2567,3704,30.696544,0.627205,605.002983,output/operator_group_ablation/ILS_iRace/drop_order_operators/seed_023/input/real_world/B90_L6_D11.txt,,,da27c8e3402deb8a0832aaa211b98a39d670003f,true,3.11.2,Linux-6.1.0-44-cloud-amd64-x86_64-with-glibc2.36,
ok,ILS_iRace,drop_strategic_operators,full,operator_group_ablation,group:strategic,input/real_world/B90_L6_D11.txt,real_world,23,irace_final,720.000000,600.000000,120.000000,2551,2567,3704,30.696544,0.627205,605.003123,output/operator_group_ablation/ILS_iRace/drop_strategic_operators/seed_023/input/real_world/B90_L6_D11.txt,,,da27c8e3402deb8a0832aaa211b98a39d670003f,true,3.11.2,Linux-6.1.0-44-cloud-amd64-x86_64-with-glibc2.36,
ok,ILS_iRace,drop_insert_operators,full,operator_group_ablation,group:insert,input/real_world/B90_L6_D11.txt,real_world,34,irace_final,720.000000,600.000000,120.000000,2551,2567,3704,30.696544,0.627205,605.002839,output/operator_group_ablation/ILS_iRace/drop_insert_operators/seed_034/input/real_world/B90_L6_D11.txt,,,da27c8e3402deb8a0832aaa211b98a39d670003f,true,3.11.2,Linux-6.1.0-44-cloud-amd64-x86_64-with-glibc2.36,
ok,ILS_iRace,drop_order_operators,full,operator_group_ablation,group:order,input/real_world/B90_L6_D11.txt,real_world,34,irace_final,720.000000,600.000000,120.000000,2551,2567,3704,30.696544,0.627205,605.001971,output/operator_group_ablation/ILS_iRace/drop_order_operators/seed_034/input/real_world/B90_L6_D11.txt,,,da27c8e3402deb8a0832aaa211b98a39d670003f,true,3.11.2,Linux-6.1.0-44-cloud-amd64-x86_64-with-glibc2.36,
ok,ILS_iRace,drop_strategic_operators,full,operator_group_ablation,group:strategic,input/real_world/B90_L6_D11.txt,real_world,34,irace_final,720.000000,600.000000,120.000000,2551,2567,3704,30.696544,0.627205,605.001884,output/operator_group_ablation/ILS_iRace/drop_strategic_operators/seed_034/input/real_world/B90_L6_D11.txt,,,da27c8e3402deb8a0832aaa211b98a39d670003f,true,3.11.2,Linux-6.1.0-44-cloud-amd64-x86_64-with-glibc2.36,
ok,ILS_iRace,drop_insert_operators,full,operator_group_ablation,group:insert,input/real_world/B90_L6_D11.txt,real_world,45,irace_final,720.000000,600.000000,120.000000,2551,2567,3704,30.696544,0.627205,605.002974,output/operator_group_ablation/ILS_iRace/drop_insert_operators/seed_045/input/real_world/B90_L6_D11.txt,,,da27c8e3402deb8a0832aaa211b98a39d670003f,true,3.11.2,Linux-6.1.0-44-cloud-amd64-x86_64-with-glibc2.36,
ok,ILS_iRace,drop_order_operators,full,operator_group_ablation,group:order,input/real_world/B90_L6_D11.txt,real_world,45,irace_final,720.000000,600.000000,120.000000,2551,2567,3704,30.696544,0.627205,605.002924,output/operator_group_ablation/ILS_iRace/drop_order_operators/seed_045/input/real_world/B90_L6_D11.txt,,,da27c8e3402deb8a0832aaa211b98a39d670003f,true,3.11.2,Linux-6.1.0-44-cloud-amd64-x86_64-with-glibc2.36,
ok,ILS_iRace,drop_strategic_operators,full,operator_group_ablation,group:strategic,input/real_world/B90_L6_D11.txt,real_world,45,irace_final,720.000000,600.000000,120.000000,2551,2567,3704,30.696544,0.627205,605.003063,output/operator_group_ablation/ILS_iRace/drop_strategic_operators/seed_045/input/real_world/B90_L6_D11.txt,,,da27c8e3402deb8a0832aaa211b98a39d670003f,true,3.11.2,Linux-6.1.0-44-cloud-amd64-x86_64-with-glibc2.36,
ok,ILS_iRace,drop_insert_operators,full,operator_group_ablation,group:insert,input/real_world/B90_L6_D11.txt,real_world,56,irace_final,720.000000,600.000000,120.000000,2551,2567,3704,30.696544,0.627205,605.003025,output/operator_group_ablation/ILS_iRace/drop_insert_operators/seed_056/input/real_world/B90_L6_D11.txt,,,da27c8e3402deb8a0832aaa211b98a39d670003f,true,3.11.2,Linux-6.1.0-44-cloud-amd64-x86_64-with-glibc2.36,
ok,ILS_iRace,drop_order_operators,full,operator_group_ablation,group:order,input/real_world/B90_L6_D11.txt,real_world,56,irace_final,720.000000,600.000000,120.000000,2551,2567,3704,30.696544,0.627205,605.001957,output/operator_group_ablation/ILS_iRace/drop_order_operators/seed_056/input/real_world/B90_L6_D11.txt,,,da27c8e3402deb8a0832aaa211b98a39d670003f,true,3.11.2,Linux-6.1.0-44-cloud-amd64-x86_64-with-glibc2.36,
ok,ILS_iRace,drop_strategic_operators,full,operator_group_ablation,group:strategic,input/real_world/B90_L6_D11.txt,real_world,56,irace_final,720.000000,600.000000,120.000000,2551,2567,3704,30.696544,0.627205,605.003059,output/operator_group_ablation/ILS_iRace/drop_strategic_operators/seed_056/input/real_world/B90_L6_D11.txt,,,da27c8e3402deb8a0832aaa211b98a39d670003f,true,3.11.2,Linux-6.1.0-44-cloud-amd64-x86_64-with-glibc2.36,
ok,ILS_iRace,drop_insert_operators,full,operator_group_ablation,group:insert,input/real_world/B90_L6_D11.txt,real_world,67,irace_final,720.000000,600.000000,120.000000,2551,2567,3704,30.696544,0.627205,605.002960,output/operator_group_ablation/ILS_iRace/drop_insert_operators/seed_067/input/real_world/B90_L6_D11.txt,,,da27c8e3402deb8a0832aaa211b98a39d670003f,true,3.11.2,Linux-6.1.0-44-cloud-amd64-x86_64-with-glibc2.36,
ok,ILS_iRace,drop_order_operators,full,operator_group_ablation,group:order,input/real_world/B90_L6_D11.txt,real_world,67,irace_final,720.000000,600.000000,120.000000,2551,2567,3704,30.696544,0.627205,605.002993,output/operator_group_ablation/ILS_iRace/drop_order_operators/seed_067/input/real_world/B90_L6_D11.txt,,,da27c8e3402deb8a0832aaa211b98a39d670003f,true,3.11.2,Linux-6.1.0-44-cloud-amd64-x86_64-with-glibc2.36,
ok,ILS_iRace,drop_strategic_operators,full,operator_group_ablation,group:strategic,input/real_world/B90_L6_D11.txt,real_world,67,irace_final,720.000000,600.000000,120.000000,2551,2567,3704,30.696544,0.627205,605.002832,output/operator_group_ablation/ILS_iRace/drop_strategic_operators/seed_067/input/real_world/B90_L6_D11.txt,,,da27c8e3402deb8a0832aaa211b98a39d670003f,true,3.11.2,Linux-6.1.0-44-cloud-amd64-x86_64-with-glibc2.36,
ok,ILS_iRace,drop_insert_operators,full,operator_group_ablation,group:insert,input/real_world/B90_L6_D11.txt,real_world,78,irace_final,720.000000,600.000000,120.000000,2551,2567,3704,30.696544,0.627205,605.003094,output/operator_group_ablation/ILS_iRace/drop_insert_operators/seed_078/input/real_world/B90_L6_D11.txt,,,da27c8e3402deb8a0832aaa211b98a39d670003f,true,3.11.2,Linux-6.1.0-44-cloud-amd64-x86_64-with-glibc2.36,
ok,ILS_iRace,drop_order_operators,full,operator_group_ablation,group:order,input/real_world/B90_L6_D11.txt,real_world,78,irace_final,720.000000,600.000000,120.000000,2551,2567,3704,30.696544,0.627205,605.001984,output/operator_group_ablation/ILS_iRace/drop_order_operators/seed_078/input/real_world/B90_L6_D11.txt,,,da27c8e3402deb8a0832aaa211b98a39d670003f,true,3.11.2,Linux-6.1.0-44-cloud-amd64-x86_64-with-glibc2.36,
ok,ILS_iRace,drop_strategic_operators,full,operator_group_ablation,group:strategic,input/real_world/B90_L6_D11.txt,real_world,78,irace_final,720.000000,600.000000,120.000000,2551,2567,3704,30.696544,0.627205,605.001916,output/operator_group_ablation/ILS_iRace/drop_strategic_operators/seed_078/input/real_world/B90_L6_D11.txt,,,da27c8e3402deb8a0832aaa211b98a39d670003f,true,3.11.2,Linux-6.1.0-44-cloud-amd64-x86_64-with-glibc2.36,
ok,ILS_iRace,drop_insert_operators,full,operator_group_ablation,group:insert,input/real_world/B90_L6_D11.txt,real_world,89,irace_final,720.000000,600.000000,120.000000,2551,2567,3704,30.696544,0.627205,605.003058,output/operator_group_ablation/ILS_iRace/drop_insert_operators/seed_089/input/real_world/B90_L6_D11.txt,,,da27c8e3402deb8a0832aaa211b98a39d670003f,true,3.11.2,Linux-6.1.0-44-cloud-amd64-x86_64-with-glibc2.36,
ok,ILS_iRace,drop_order_operators,full,operator_group_ablation,group:order,input/real_world/B90_L6_D11.txt,real_world,89,irace_final,720.000000,600.000000,120.000000,2551,2567,3704,30.696544,0.627205,605.003009,output/operator_group_ablation/ILS_iRace/drop_order_operators/seed_089/input/real_world/B90_L6_D11.txt,,,da27c8e3402deb8a0832aaa211b98a39d670003f,true,3.11.2,Linux-6.1.0-44-cloud-amd64-x86_64-with-glibc2.36,
ok,ILS_iRace,drop_strategic_operators,full,operator_group_ablation,group:strategic,input/real_world/B90_L6_D11.txt,real_world,89,irace_final,720.000000,600.000000,120.000000,2551,2567,3704,30.696544,0.627205,605.003113,output/operator_group_ablation/ILS_iRace/drop_strategic_operators/seed_089/input/real_world/B90_L6_D11.txt,,,da27c8e3402deb8a0832aaa211b98a39d670003f,true,3.11.2,Linux-6.1.0-44-cloud-amd64-x86_64-with-glibc2.36,
ok,ILS_iRace,drop_insert_operators,full,operator_group_ablation,group:insert,input/real_world/B90_L6_D11.txt,real_world,100,irace_final,720.000000,600.000000,120.000000,2551,2567,3704,30.696544,0.627205,605.003062,output/operator_group_ablation/ILS_iRace/drop_insert_operators/seed_100/input/real_world/B90_L6_D11.txt,,,da27c8e3402deb8a0832aaa211b98a39d670003f,true,3.11.2,Linux-6.1.0-44-cloud-amd64-x86_64-with-glibc2.36,
ok,ILS_iRace,drop_order_operators,full,operator_group_ablation,group:order,input/real_world/B90_L6_D11.txt,real_world,100,irace_final,720.000000,600.000000,120.000000,2551,2567,3704,30.696544,0.627205,605.002074,output/operator_group_ablation/ILS_iRace/drop_order_operators/seed_100/input/real_world/B90_L6_D11.txt,,,da27c8e3402deb8a0832aaa211b98a39d670003f,true,3.11.2,Linux-6.1.0-44-cloud-amd64-x86_64-with-glibc2.36,
ok,ILS_iRace,drop_strategic_operators,full,operator_group_ablation,group:strategic,input/real_world/B90_L6_D11.txt,real_world,100,irace_final,720.000000,600.000000,120.000000,2551,2567,3704,30.696544,0.627205,605.001822,output/operator_group_ablation/ILS_iRace/drop_strategic_operators/seed_100/input/real_world/B90_L6_D11.txt,,,da27c8e3402deb8a0832aaa211b98a39d670003f,true,3.11.2,Linux-6.1.0-44-cloud-amd64-x86_64-with-glibc2.36,
ok,ILS_iRace,drop_insert_operators,full,operator_group_ablation,group:insert,input/real_world/B100_L9_D18.txt,real_world,1,irace_final,720.000000,600.000000,120.000000,4916,4916,6246,21.293628,0.000000,605.004795,output/operator_group_ablation/ILS_iRace/drop_insert_operators/seed_001/input/real_world/B100_L9_D18.txt,,,da27c8e3402deb8a0832aaa211b98a39d670003f,true,3.11.2,Linux-6.1.0-44-cloud-amd64-x86_64-with-glibc2.36,
ok,ILS_iRace,drop_order_operators,full,operator_group_ablation,group:order,input/real_world/B100_L9_D18.txt,real_world,1,irace_final,720.000000,600.000000,120.000000,4916,4916,6246,21.293628,0.000000,605.004862,output/operator_group_ablation/ILS_iRace/drop_order_operators/seed_001/input/real_world/B100_L9_D18.txt,,,da27c8e3402deb8a0832aaa211b98a39d670003f,true,3.11.2,Linux-6.1.0-44-cloud-amd64-x86_64-with-glibc2.36,
ok,ILS_iRace,drop_strategic_operators,full,operator_group_ablation,group:strategic,input/real_world/B100_L9_D18.txt,real_world,1,irace_final,720.000000,600.000000,120.000000,4916,4916,6246,21.293628,0.000000,605.004336,output/operator_group_ablation/ILS_iRace/drop_strategic_operators/seed_001/input/real_world/B100_L9_D18.txt,,,da27c8e3402deb8a0832aaa211b98a39d670003f,true,3.11.2,Linux-6.1.0-44-cloud-amd64-x86_64-with-glibc2.36,
ok,ILS_iRace,drop_insert_operators,full,operator_group_ablation,group:insert,input/real_world/B100_L9_D18.txt,real_world,12,irace_final,720.000000,600.000000,120.000000,4916,4916,6246,21.293628,0.000000,605.004622,output/operator_group_ablation/ILS_iRace/drop_insert_operators/seed_012/input/real_world/B100_L9_D18.txt,,,da27c8e3402deb8a0832aaa211b98a39d670003f,true,3.11.2,Linux-6.1.0-44-cloud-amd64-x86_64-with-glibc2.36,
ok,ILS_iRace,drop_order_operators,full,operator_group_ablation,group:order,input/real_world/B100_L9_D18.txt,real_world,12,irace_final,720.000000,600.000000,120.000000,4916,4916,6246,21.293628,0.000000,605.002767,output/operator_group_ablation/ILS_iRace/drop_order_operators/seed_012/input/real_world/B100_L9_D18.txt,,,da27c8e3402deb8a0832aaa211b98a39d670003f,true,3.11.2,Linux-6.1.0-44-cloud-amd64-x86_64-with-glibc2.36,
ok,ILS_iRace,drop_strategic_operators,full,operator_group_ablation,group:strategic,input/real_world/B100_L9_D18.txt,real_world,12,irace_final,720.000000,600.000000,120.000000,4916,4916,6246,21.293628,0.000000,605.002715,output/operator_group_ablation/ILS_iRace/drop_strategic_operators/seed_012/input/real_world/B100_L9_D18.txt,,,da27c8e3402deb8a0832aaa211b98a39d670003f,true,3.11.2,Linux-6.1.0-44-cloud-amd64-x86_64-with-glibc2.36,
ok,ILS_iRace,drop_insert_operators,full,operator_group_ablation,group:insert,input/real_world/B100_L9_D18.txt,real_world,23,irace_final,720.000000,600.000000,120.000000,4916,4916,6246,21.293628,0.000000,605.004749,output/operator_group_ablation/ILS_iRace/drop_insert_operators/seed_023/input/real_world/B100_L9_D18.txt,,,da27c8e3402deb8a0832aaa211b98a39d670003f,true,3.11.2,Linux-6.1.0-44-cloud-amd64-x86_64-with-glibc2.36,
ok,ILS_iRace,drop_order_operators,full,operator_group_ablation,group:order,input/real_world/B100_L9_D18.txt,real_world,23,irace_final,720.000000,600.000000,120.000000,4916,4916,6246,21.293628,0.000000,605.004277,output/operator_group_ablation/ILS_iRace/drop_order_operators/seed_023/input/real_world/B100_L9_D18.txt,,,da27c8e3402deb8a0832aaa211b98a39d670003f,true,3.11.2,Linux-6.1.0-44-cloud-amd64-x86_64-with-glibc2.36,
ok,ILS_iRace,drop_strategic_operators,full,operator_group_ablation,group:strategic,input/real_world/B100_L9_D18.txt,real_world,23,irace_final,720.000000,600.000000,120.000000,4916,4916,6246,21.293628,0.000000,605.004572,output/operator_group_ablation/ILS_iRace/drop_strategic_operators/seed_023/input/real_world/B100_L9_D18.txt,,,da27c8e3402deb8a0832aaa211b98a39d670003f,true,3.11.2,Linux-6.1.0-44-cloud-amd64-x86_64-with-glibc2.36,
ok,ILS_iRace,drop_insert_operators,full,operator_group_ablation,group:insert,input/real_world/B100_L9_D18.txt,real_world,34,irace_final,720.000000,600.000000,120.000000,4916,4916,6246,21.293628,0.000000,605.004840,output/operator_group_ablation/ILS_iRace/drop_insert_operators/seed_034/input/real_world/B100_L9_D18.txt,,,da27c8e3402deb8a0832aaa211b98a39d670003f,true,3.11.2,Linux-6.1.0-44-cloud-amd64-x86_64-with-glibc2.36,
ok,ILS_iRace,drop_order_operators,full,operator_group_ablation,group:order,input/real_world/B100_L9_D18.txt,real_world,34,irace_final,720.000000,600.000000,120.000000,4916,4916,6246,21.293628,0.000000,605.003319,output/operator_group_ablation/ILS_iRace/drop_order_operators/seed_034/input/real_world/B100_L9_D18.txt,,,da27c8e3402deb8a0832aaa211b98a39d670003f,true,3.11.2,Linux-6.1.0-44-cloud-amd64-x86_64-with-glibc2.36,
ok,ILS_iRace,drop_strategic_operators,full,operator_group_ablation,group:strategic,input/real_world/B100_L9_D18.txt,real_world,34,irace_final,720.000000,600.000000,120.000000,4916,4916,6246,21.293628,0.000000,605.002774,output/operator_group_ablation/ILS_iRace/drop_strategic_operators/seed_034/input/real_world/B100_L9_D18.txt,,,da27c8e3402deb8a0832aaa211b98a39d670003f,true,3.11.2,Linux-6.1.0-44-cloud-amd64-x86_64-with-glibc2.36,
ok,ILS_iRace,drop_insert_operators,full,operator_group_ablation,group:insert,input/real_world/B100_L9_D18.txt,real_world,45,irace_final,720.000000,600.000000,120.000000,4916,4916,6246,21.293628,0.000000,605.004610,output/operator_group_ablation/ILS_iRace/drop_insert_operators/seed_045/input/real_world/B100_L9_D18.txt,,,da27c8e3402deb8a0832aaa211b98a39d670003f,true,3.11.2,Linux-6.1.0-44-cloud-amd64-x86_64-with-glibc2.36,
ok,ILS_iRace,drop_order_operators,full,operator_group_ablation,group:order,input/real_world/B100_L9_D18.txt,real_world,45,irace_final,720.000000,600.000000,120.000000,4916,4916,6246,21.293628,0.000000,605.002895,output/operator_group_ablation/ILS_iRace/drop_order_operators/seed_045/input/real_world/B100_L9_D18.txt,,,da27c8e3402deb8a0832aaa211b98a39d670003f,true,3.11.2,Linux-6.1.0-44-cloud-amd64-x86_64-with-glibc2.36,
ok,ILS_iRace,drop_strategic_operators,full,operator_group_ablation,group:strategic,input/real_world/B100_L9_D18.txt,real_world,45,irace_final,720.000000,600.000000,120.000000,4916,4916,6246,21.293628,0.000000,605.004260,output/operator_group_ablation/ILS_iRace/drop_strategic_operators/seed_045/input/real_world/B100_L9_D18.txt,,,da27c8e3402deb8a0832aaa211b98a39d670003f,true,3.11.2,Linux-6.1.0-44-cloud-amd64-x86_64-with-glibc2.36,
ok,ILS_iRace,drop_insert_operators,full,operator_group_ablation,group:insert,input/real_world/B100_L9_D18.txt,real_world,56,irace_final,720.000000,600.000000,120.000000,4916,4916,6246,21.293628,0.000000,605.004831,output/operator_group_ablation/ILS_iRace/drop_insert_operators/seed_056/input/real_world/B100_L9_D18.txt,,,da27c8e3402deb8a0832aaa211b98a39d670003f,true,3.11.2,Linux-6.1.0-44-cloud-amd64-x86_64-with-glibc2.36,
ok,ILS_iRace,drop_order_operators,full,operator_group_ablation,group:order,input/real_world/B100_L9_D18.txt,real_world,56,irace_final,720.000000,600.000000,120.000000,4916,4916,6246,21.293628,0.000000,605.004366,output/operator_group_ablation/ILS_iRace/drop_order_operators/seed_056/input/real_world/B100_L9_D18.txt,,,da27c8e3402deb8a0832aaa211b98a39d670003f,true,3.11.2,Linux-6.1.0-44-cloud-amd64-x86_64-with-glibc2.36,
ok,ILS_iRace,drop_strategic_operators,full,operator_group_ablation,group:strategic,input/real_world/B100_L9_D18.txt,real_world,56,irace_final,720.000000,600.000000,120.000000,4916,4916,6246,21.293628,0.000000,605.002972,output/operator_group_ablation/ILS_iRace/drop_strategic_operators/seed_056/input/real_world/B100_L9_D18.txt,,,da27c8e3402deb8a0832aaa211b98a39d670003f,true,3.11.2,Linux-6.1.0-44-cloud-amd64-x86_64-with-glibc2.36,
ok,ILS_iRace,drop_insert_operators,full,operator_group_ablation,group:insert,input/real_world/B100_L9_D18.txt,real_world,67,irace_final,720.000000,600.000000,120.000000,4916,4916,6246,21.293628,0.000000,605.004453,output/operator_group_ablation/ILS_iRace/drop_insert_operators/seed_067/input/real_world/B100_L9_D18.txt,,,da27c8e3402deb8a0832aaa211b98a39d670003f,true,3.11.2,Linux-6.1.0-44-cloud-amd64-x86_64-with-glibc2.36,
ok,ILS_iRace,drop_order_operators,full,operator_group_ablation,group:order,input/real_world/B100_L9_D18.txt,real_world,67,irace_final,720.000000,600.000000,120.000000,4916,4916,6246,21.293628,0.000000,605.002866,output/operator_group_ablation/ILS_iRace/drop_order_operators/seed_067/input/real_world/B100_L9_D18.txt,,,da27c8e3402deb8a0832aaa211b98a39d670003f,true,3.11.2,Linux-6.1.0-44-cloud-amd64-x86_64-with-glibc2.36,
ok,ILS_iRace,drop_strategic_operators,full,operator_group_ablation,group:strategic,input/real_world/B100_L9_D18.txt,real_world,67,irace_final,720.000000,600.000000,120.000000,4916,4916,6246,21.293628,0.000000,605.004531,output/operator_group_ablation/ILS_iRace/drop_strategic_operators/seed_067/input/real_world/B100_L9_D18.txt,,,da27c8e3402deb8a0832aaa211b98a39d670003f,true,3.11.2,Linux-6.1.0-44-cloud-amd64-x86_64-with-glibc2.36,
ok,ILS_iRace,drop_insert_operators,full,operator_group_ablation,group:insert,input/real_world/B100_L9_D18.txt,real_world,78,irace_final,720.000000,600.000000,120.000000,4916,4916,6246,21.293628,0.000000,605.005281,output/operator_group_ablation/ILS_iRace/drop_insert_operators/seed_078/input/real_world/B100_L9_D18.txt,,,da27c8e3402deb8a0832aaa211b98a39d670003f,true,3.11.2,Linux-6.1.0-44-cloud-amd64-x86_64-with-glibc2.36,
ok,ILS_iRace,drop_order_operators,full,operator_group_ablation,group:order,input/real_world/B100_L9_D18.txt,real_world,78,irace_final,720.000000,600.000000,120.000000,4916,4916,6246,21.293628,0.000000,605.004315,output/operator_group_ablation/ILS_iRace/drop_order_operators/seed_078/input/real_world/B100_L9_D18.txt,,,da27c8e3402deb8a0832aaa211b98a39d670003f,true,3.11.2,Linux-6.1.0-44-cloud-amd64-x86_64-with-glibc2.36,
ok,ILS_iRace,drop_strategic_operators,full,operator_group_ablation,group:strategic,input/real_world/B100_L9_D18.txt,real_world,78,irace_final,720.000000,600.000000,120.000000,4916,4916,6246,21.293628,0.000000,605.002882,output/operator_group_ablation/ILS_iRace/drop_strategic_operators/seed_078/input/real_world/B100_L9_D18.txt,,,da27c8e3402deb8a0832aaa211b98a39d670003f,true,3.11.2,Linux-6.1.0-44-cloud-amd64-x86_64-with-glibc2.36,
ok,ILS_iRace,drop_insert_operators,full,operator_group_ablation,group:insert,input/real_world/B100_L9_D18.txt,real_world,89,irace_final,720.000000,600.000000,120.000000,4916,4916,6246,21.293628,0.000000,605.004825,output/operator_group_ablation/ILS_iRace/drop_insert_operators/seed_089/input/real_world/B100_L9_D18.txt,,,da27c8e3402deb8a0832aaa211b98a39d670003f,true,3.11.2,Linux-6.1.0-44-cloud-amd64-x86_64-with-glibc2.36,
ok,ILS_iRace,drop_order_operators,full,operator_group_ablation,group:order,input/real_world/B100_L9_D18.txt,real_world,89,irace_final,720.000000,600.000000,120.000000,4916,4916,6246,21.293628,0.000000,605.002725,output/operator_group_ablation/ILS_iRace/drop_order_operators/seed_089/input/real_world/B100_L9_D18.txt,,,da27c8e3402deb8a0832aaa211b98a39d670003f,true,3.11.2,Linux-6.1.0-44-cloud-amd64-x86_64-with-glibc2.36,
ok,ILS_iRace,drop_strategic_operators,full,operator_group_ablation,group:strategic,input/real_world/B100_L9_D18.txt,real_world,89,irace_final,720.000000,600.000000,120.000000,4916,4916,6246,21.293628,0.000000,605.004239,output/operator_group_ablation/ILS_iRace/drop_strategic_operators/seed_089/input/real_world/B100_L9_D18.txt,,,da27c8e3402deb8a0832aaa211b98a39d670003f,true,3.11.2,Linux-6.1.0-44-cloud-amd64-x86_64-with-glibc2.36,
ok,ILS_iRace,drop_insert_operators,full,operator_group_ablation,group:insert,input/real_world/B100_L9_D18.txt,real_world,100,irace_final,720.000000,600.000000,120.000000,4916,4916,6246,21.293628,0.000000,605.004807,output/operator_group_ablation/ILS_iRace/drop_insert_operators/seed_100/input/real_world/B100_L9_D18.txt,,,da27c8e3402deb8a0832aaa211b98a39d670003f,true,3.11.2,Linux-6.1.0-44-cloud-amd64-x86_64-with-glibc2.36,
ok,ILS_iRace,drop_order_operators,full,operator_group_ablation,group:order,input/real_world/B100_L9_D18.txt,real_world,100,irace_final,720.000000,600.000000,120.000000,4916,4916,6246,21.293628,0.000000,605.004351,output/operator_group_ablation/ILS_iRace/drop_order_operators/seed_100/input/real_world/B100_L9_D18.txt,,,da27c8e3402deb8a0832aaa211b98a39d670003f,true,3.11.2,Linux-6.1.0-44-cloud-amd64-x86_64-with-glibc2.36,
ok,ILS_iRace,drop_strategic_operators,full,operator_group_ablation,group:strategic,input/real_world/B100_L9_D18.txt,real_world,100,irace_final,720.000000,600.000000,120.000000,4916,4916,6246,21.293628,0.000000,605.003096,output/operator_group_ablation/ILS_iRace/drop_strategic_operators/seed_100/input/real_world/B100_L9_D18.txt,,,da27c8e3402deb8a0832aaa211b98a39d670003f,true,3.11.2,Linux-6.1.0-44-cloud-amd64-x86_64-with-glibc2.36,
ok,ILS_iRace,drop_insert_operators,full,operator_group_ablation,group:insert,input/real_world/B1k_L18_D17.txt,real_world,1,irace_final,720.000000,600.000000,120.000000,127579,127579,283465,54.993033,0.000000,605.017757,output/operator_group_ablation/ILS_iRace/drop_insert_operators/seed_001/input/real_world/B1k_L18_D17.txt,,,da27c8e3402deb8a0832aaa211b98a39d670003f,true,3.11.2,Linux-6.1.0-44-cloud-amd64-x86_64-with-glibc2.36,
ok,ILS_iRace,drop_order_operators,full,operator_group_ablation,group:order,input/real_world/B1k_L18_D17.txt,real_world,1,irace_final,720.000000,600.000000,120.000000,127579,127579,283465,54.993033,0.000000,605.012578,output/operator_group_ablation/ILS_iRace/drop_order_operators/seed_001/input/real_world/B1k_L18_D17.txt,,,da27c8e3402deb8a0832aaa211b98a39d670003f,true,3.11.2,Linux-6.1.0-44-cloud-amd64-x86_64-with-glibc2.36,
ok,ILS_iRace,drop_strategic_operators,full,operator_group_ablation,group:strategic,input/real_world/B1k_L18_D17.txt,real_world,1,irace_final,720.000000,600.000000,120.000000,127579,127579,283465,54.993033,0.000000,605.021716,output/operator_group_ablation/ILS_iRace/drop_strategic_operators/seed_001/input/real_world/B1k_L18_D17.txt,,,da27c8e3402deb8a0832aaa211b98a39d670003f,true,3.11.2,Linux-6.1.0-44-cloud-amd64-x86_64-with-glibc2.36,
ok,ILS_iRace,drop_insert_operators,full,operator_group_ablation,group:insert,input/real_world/B1k_L18_D17.txt,real_world,12,irace_final,720.000000,600.000000,120.000000,127579,127579,283465,54.993033,0.000000,605.020493,output/operator_group_ablation/ILS_iRace/drop_insert_operators/seed_012/input/real_world/B1k_L18_D17.txt,,,da27c8e3402deb8a0832aaa211b98a39d670003f,true,3.11.2,Linux-6.1.0-44-cloud-amd64-x86_64-with-glibc2.36,
ok,ILS_iRace,drop_order_operators,full,operator_group_ablation,group:order,input/real_world/B1k_L18_D17.txt,real_world,12,irace_final,720.000000,600.000000,120.000000,127579,127579,283465,54.993033,0.000000,605.020688,output/operator_group_ablation/ILS_iRace/drop_order_operators/seed_012/input/real_world/B1k_L18_D17.txt,,,da27c8e3402deb8a0832aaa211b98a39d670003f,true,3.11.2,Linux-6.1.0-44-cloud-amd64-x86_64-with-glibc2.36,
ok,ILS_iRace,drop_strategic_operators,full,operator_group_ablation,group:strategic,input/real_world/B1k_L18_D17.txt,real_world,12,irace_final,720.000000,600.000000,120.000000,127579,127579,283465,54.993033,0.000000,605.019531,output/operator_group_ablation/ILS_iRace/drop_strategic_operators/seed_012/input/real_world/B1k_L18_D17.txt,,,da27c8e3402deb8a0832aaa211b98a39d670003f,true,3.11.2,Linux-6.1.0-44-cloud-amd64-x86_64-with-glibc2.36,
ok,ILS_iRace,drop_insert_operators,full,operator_group_ablation,group:insert,input/real_world/B1k_L18_D17.txt,real_world,23,irace_final,720.000000,600.000000,120.000000,127579,127579,283465,54.993033,0.000000,605.011927,output/operator_group_ablation/ILS_iRace/drop_insert_operators/seed_023/input/real_world/B1k_L18_D17.txt,,,da27c8e3402deb8a0832aaa211b98a39d670003f,true,3.11.2,Linux-6.1.0-44-cloud-amd64-x86_64-with-glibc2.36,
ok,ILS_iRace,drop_order_operators,full,operator_group_ablation,group:order,input/real_world/B1k_L18_D17.txt,real_world,23,irace_final,720.000000,600.000000,120.000000,127579,127579,283465,54.993033,0.000000,605.011248,output/operator_group_ablation/ILS_iRace/drop_order_operators/seed_023/input/real_world/B1k_L18_D17.txt,,,da27c8e3402deb8a0832aaa211b98a39d670003f,true,3.11.2,Linux-6.1.0-44-cloud-amd64-x86_64-with-glibc2.36,
ok,ILS_iRace,drop_strategic_operators,full,operator_group_ablation,group:strategic,input/real_world/B1k_L18_D17.txt,real_world,23,irace_final,720.000000,600.000000,120.000000,127579,127579,283465,54.993033,0.000000,605.021414,output/operator_group_ablation/ILS_iRace/drop_strategic_operators/seed_023/input/real_world/B1k_L18_D17.txt,,,da27c8e3402deb8a0832aaa211b98a39d670003f,true,3.11.2,Linux-6.1.0-44-cloud-amd64-x86_64-with-glibc2.36,
ok,ILS_iRace,drop_insert_operators,full,operator_group_ablation,group:insert,input/real_world/B1k_L18_D17.txt,real_world,34,irace_final,720.000000,600.000000,120.000000,127579,127579,283465,54.993033,0.000000,605.020516,output/operator_group_ablation/ILS_iRace/drop_insert_operators/seed_034/input/real_world/B1k_L18_D17.txt,,,da27c8e3402deb8a0832aaa211b98a39d670003f,true,3.11.2,Linux-6.1.0-44-cloud-amd64-x86_64-with-glibc2.36,
ok,ILS_iRace,drop_order_operators,full,operator_group_ablation,group:order,input/real_world/B1k_L18_D17.txt,real_world,34,irace_final,720.000000,600.000000,120.000000,127579,127579,283465,54.993033,0.000000,605.021327,output/operator_group_ablation/ILS_iRace/drop_order_operators/seed_034/input/real_world/B1k_L18_D17.txt,,,da27c8e3402deb8a0832aaa211b98a39d670003f,true,3.11.2,Linux-6.1.0-44-cloud-amd64-x86_64-with-glibc2.36,
ok,ILS_iRace,drop_strategic_operators,full,operator_group_ablation,group:strategic,input/real_world/B1k_L18_D17.txt,real_world,34,irace_final,720.000000,600.000000,120.000000,127579,127579,283465,54.993033,0.000000,605.022261,output/operator_group_ablation/ILS_iRace/drop_strategic_operators/seed_034/input/real_world/B1k_L18_D17.txt,,,da27c8e3402deb8a0832aaa211b98a39d670003f,true,3.11.2,Linux-6.1.0-44-cloud-amd64-x86_64-with-glibc2.36,
ok,ILS_iRace,drop_insert_operators,full,operator_group_ablation,group:insert,input/real_world/B1k_L18_D17.txt,real_world,45,irace_final,720.000000,600.000000,120.000000,127579,127579,283465,54.993033,0.000000,605.011404,output/operator_group_ablation/ILS_iRace/drop_insert_operators/seed_045/input/real_world/B1k_L18_D17.txt,,,da27c8e3402deb8a0832aaa211b98a39d670003f,true,3.11.2,Linux-6.1.0-44-cloud-amd64-x86_64-with-glibc2.36,
ok,ILS_iRace,drop_order_operators,full,operator_group_ablation,group:order,input/real_world/B1k_L18_D17.txt,real_world,45,irace_final,720.000000,600.000000,120.000000,127579,127579,283465,54.993033,0.000000,605.013189,output/operator_group_ablation/ILS_iRace/drop_order_operators/seed_045/input/real_world/B1k_L18_D17.txt,,,da27c8e3402deb8a0832aaa211b98a39d670003f,true,3.11.2,Linux-6.1.0-44-cloud-amd64-x86_64-with-glibc2.36,
ok,ILS_iRace,drop_strategic_operators,full,operator_group_ablation,group:strategic,input/real_world/B1k_L18_D17.txt,real_world,45,irace_final,720.000000,600.000000,120.000000,127579,127579,283465,54.993033,0.000000,605.019310,output/operator_group_ablation/ILS_iRace/drop_strategic_operators/seed_045/input/real_world/B1k_L18_D17.txt,,,da27c8e3402deb8a0832aaa211b98a39d670003f,true,3.11.2,Linux-6.1.0-44-cloud-amd64-x86_64-with-glibc2.36,
ok,ILS_iRace,drop_insert_operators,full,operator_group_ablation,group:insert,input/real_world/B1k_L18_D17.txt,real_world,56,irace_final,720.000000,600.000000,120.000000,127579,127579,283465,54.993033,0.000000,605.020572,output/operator_group_ablation/ILS_iRace/drop_insert_operators/seed_056/input/real_world/B1k_L18_D17.txt,,,da27c8e3402deb8a0832aaa211b98a39d670003f,true,3.11.2,Linux-6.1.0-44-cloud-amd64-x86_64-with-glibc2.36,
ok,ILS_iRace,drop_order_operators,full,operator_group_ablation,group:order,input/real_world/B1k_L18_D17.txt,real_world,56,irace_final,720.000000,600.000000,120.000000,127579,127579,283465,54.993033,0.000000,605.018244,output/operator_group_ablation/ILS_iRace/drop_order_operators/seed_056/input/real_world/B1k_L18_D17.txt,,,da27c8e3402deb8a0832aaa211b98a39d670003f,true,3.11.2,Linux-6.1.0-44-cloud-amd64-x86_64-with-glibc2.36,
ok,ILS_iRace,drop_strategic_operators,full,operator_group_ablation,group:strategic,input/real_world/B1k_L18_D17.txt,real_world,56,irace_final,720.000000,600.000000,120.000000,127579,127579,283465,54.993033,0.000000,605.020411,output/operator_group_ablation/ILS_iRace/drop_strategic_operators/seed_056/input/real_world/B1k_L18_D17.txt,,,da27c8e3402deb8a0832aaa211b98a39d670003f,true,3.11.2,Linux-6.1.0-44-cloud-amd64-x86_64-with-glibc2.36,
ok,ILS_iRace,drop_insert_operators,full,operator_group_ablation,group:insert,input/real_world/B1k_L18_D17.txt,real_world,67,irace_final,720.000000,600.000000,120.000000,127579,127579,283465,54.993033,0.000000,605.011986,output/operator_group_ablation/ILS_iRace/drop_insert_operators/seed_067/input/real_world/B1k_L18_D17.txt,,,da27c8e3402deb8a0832aaa211b98a39d670003f,true,3.11.2,Linux-6.1.0-44-cloud-amd64-x86_64-with-glibc2.36,
ok,ILS_iRace,drop_order_operators,full,operator_group_ablation,group:order,input/real_world/B1k_L18_D17.txt,real_world,67,irace_final,720.000000,600.000000,120.000000,127579,127579,283465,54.993033,0.000000,605.020569,output/operator_group_ablation/ILS_iRace/drop_order_operators/seed_067/input/real_world/B1k_L18_D17.txt,,,da27c8e3402deb8a0832aaa211b98a39d670003f,true,3.11.2,Linux-6.1.0-44-cloud-amd64-x86_64-with-glibc2.36,
ok,ILS_iRace,drop_strategic_operators,full,operator_group_ablation,group:strategic,input/real_world/B1k_L18_D17.txt,real_world,67,irace_final,720.000000,600.000000,120.000000,127579,127579,283465,54.993033,0.000000,605.020569,output/operator_group_ablation/ILS_iRace/drop_strategic_operators/seed_067/input/real_world/B1k_L18_D17.txt,,,da27c8e3402deb8a0832aaa211b98a39d670003f,true,3.11.2,Linux-6.1.0-44-cloud-amd64-x86_64-with-glibc2.36,
ok,ILS_iRace,drop_insert_operators,full,operator_group_ablation,group:insert,input/real_world/B1k_L18_D17.txt,real_world,78,irace_final,720.000000,600.000000,120.000000,127579,127579,283465,54.993033,0.000000,605.018353,output/operator_group_ablation/ILS_iRace/drop_insert_operators/seed_078/input/real_world/B1k_L18_D17.txt,,,da27c8e3402deb8a0832aaa211b98a39d670003f,true,3.11.2,Linux-6.1.0-44-cloud-amd64-x86_64-with-glibc2.36,
ok,ILS_iRace,drop_order_operators,full,operator_group_ablation,group:order,input/real_world/B1k_L18_D17.txt,real_world,78,irace_final,720.000000,600.000000,120.000000,127579,127579,283465,54.993033,0.000000,605.011537,output/operator_group_ablation/ILS_iRace/drop_order_operators/seed_078/input/real_world/B1k_L18_D17.txt,,,da27c8e3402deb8a0832aaa211b98a39d670003f,true,3.11.2,Linux-6.1.0-44-cloud-amd64-x86_64-with-glibc2.36,
ok,ILS_iRace,drop_strategic_operators,full,operator_group_ablation,group:strategic,input/real_world/B1k_L18_D17.txt,real_world,78,irace_final,720.000000,600.000000,120.000000,127579,127579,283465,54.993033,0.000000,605.021059,output/operator_group_ablation/ILS_iRace/drop_strategic_operators/seed_078/input/real_world/B1k_L18_D17.txt,,,da27c8e3402deb8a0832aaa211b98a39d670003f,true,3.11.2,Linux-6.1.0-44-cloud-amd64-x86_64-with-glibc2.36,
ok,ILS_iRace,drop_insert_operators,full,operator_group_ablation,group:insert,input/real_world/B1k_L18_D17.txt,real_world,89,irace_final,720.000000,600.000000,120.000000,127579,127579,283465,54.993033,0.000000,605.013154,output/operator_group_ablation/ILS_iRace/drop_insert_operators/seed_089/input/real_world/B1k_L18_D17.txt,,,da27c8e3402deb8a0832aaa211b98a39d670003f,true,3.11.2,Linux-6.1.0-44-cloud-amd64-x86_64-with-glibc2.36,
ok,ILS_iRace,drop_order_operators,full,operator_group_ablation,group:order,input/real_world/B1k_L18_D17.txt,real_world,89,irace_final,720.000000,600.000000,120.000000,127579,127579,283465,54.993033,0.000000,605.019700,output/operator_group_ablation/ILS_iRace/drop_order_operators/seed_089/input/real_world/B1k_L18_D17.txt,,,da27c8e3402deb8a0832aaa211b98a39d670003f,true,3.11.2,Linux-6.1.0-44-cloud-amd64-x86_64-with-glibc2.36,
ok,ILS_iRace,drop_strategic_operators,full,operator_group_ablation,group:strategic,input/real_world/B1k_L18_D17.txt,real_world,89,irace_final,720.000000,600.000000,120.000000,127579,127579,283465,54.993033,0.000000,605.020227,output/operator_group_ablation/ILS_iRace/drop_strategic_operators/seed_089/input/real_world/B1k_L18_D17.txt,,,da27c8e3402deb8a0832aaa211b98a39d670003f,true,3.11.2,Linux-6.1.0-44-cloud-amd64-x86_64-with-glibc2.36,
ok,ILS_iRace,drop_insert_operators,full,operator_group_ablation,group:insert,input/real_world/B1k_L18_D17.txt,real_world,100,irace_final,720.000000,600.000000,120.000000,127579,127579,283465,54.993033,0.000000,605.011532,output/operator_group_ablation/ILS_iRace/drop_insert_operators/seed_100/input/real_world/B1k_L18_D17.txt,,,da27c8e3402deb8a0832aaa211b98a39d670003f,true,3.11.2,Linux-6.1.0-44-cloud-amd64-x86_64-with-glibc2.36,
ok,ILS_iRace,drop_order_operators,full,operator_group_ablation,group:order,input/real_world/B1k_L18_D17.txt,real_world,100,irace_final,720.000000,600.000000,120.000000,127579,127579,283465,54.993033,0.000000,605.013859,output/operator_group_ablation/ILS_iRace/drop_order_operators/seed_100/input/real_world/B1k_L18_D17.txt,,,da27c8e3402deb8a0832aaa211b98a39d670003f,true,3.11.2,Linux-6.1.0-44-cloud-amd64-x86_64-with-glibc2.36,
ok,ILS_iRace,drop_strategic_operators,full,operator_group_ablation,group:strategic,input/real_world/B1k_L18_D17.txt,real_world,100,irace_final,720.000000,600.000000,120.000000,127579,127579,283465,54.993033,0.000000,605.017947,output/operator_group_ablation/ILS_iRace/drop_strategic_operators/seed_100/input/real_world/B1k_L18_D17.txt,,,da27c8e3402deb8a0832aaa211b98a39d670003f,true,3.11.2,Linux-6.1.0-44-cloud-amd64-x86_64-with-glibc2.36,
ok,ILS_iRace,drop_insert_operators,full,operator_group_ablation,group:insert,input/real_world/B6k_L35_D70.txt,real_world,1,irace_final,720.000000,600.000000,120.000000,2307803,2307803,2936308,21.404601,0.000000,605.303730,output/operator_group_ablation/ILS_iRace/drop_insert_operators/seed_001/input/real_world/B6k_L35_D70.txt,,,da27c8e3402deb8a0832aaa211b98a39d670003f,true,3.11.2,Linux-6.1.0-44-cloud-amd64-x86_64-with-glibc2.36,
ok,ILS_iRace,drop_order_operators,full,operator_group_ablation,group:order,input/real_world/B6k_L35_D70.txt,real_world,1,irace_final,720.000000,600.000000,120.000000,2307803,2307803,2936308,21.404601,0.000000,605.279069,output/operator_group_ablation/ILS_iRace/drop_order_operators/seed_001/input/real_world/B6k_L35_D70.txt,,,da27c8e3402deb8a0832aaa211b98a39d670003f,true,3.11.2,Linux-6.1.0-44-cloud-amd64-x86_64-with-glibc2.36,
ok,ILS_iRace,drop_strategic_operators,full,operator_group_ablation,group:strategic,input/real_world/B6k_L35_D70.txt,real_world,1,irace_final,720.000000,600.000000,120.000000,2307803,2307803,2936308,21.404601,0.000000,605.300698,output/operator_group_ablation/ILS_iRace/drop_strategic_operators/seed_001/input/real_world/B6k_L35_D70.txt,,,da27c8e3402deb8a0832aaa211b98a39d670003f,true,3.11.2,Linux-6.1.0-44-cloud-amd64-x86_64-with-glibc2.36,
ok,ILS_iRace,drop_insert_operators,full,operator_group_ablation,group:insert,input/real_world/B6k_L35_D70.txt,real_world,12,irace_final,720.000000,600.000000,120.000000,2307803,2307803,2936308,21.404601,0.000000,605.154710,output/operator_group_ablation/ILS_iRace/drop_insert_operators/seed_012/input/real_world/B6k_L35_D70.txt,,,da27c8e3402deb8a0832aaa211b98a39d670003f,true,3.11.2,Linux-6.1.0-44-cloud-amd64-x86_64-with-glibc2.36,
ok,ILS_iRace,drop_order_operators,full,operator_group_ablation,group:order,input/real_world/B6k_L35_D70.txt,real_world,12,irace_final,720.000000,600.000000,120.000000,2307803,2307803,2936308,21.404601,0.000000,605.288611,output/operator_group_ablation/ILS_iRace/drop_order_operators/seed_012/input/real_world/B6k_L35_D70.txt,,,da27c8e3402deb8a0832aaa211b98a39d670003f,true,3.11.2,Linux-6.1.0-44-cloud-amd64-x86_64-with-glibc2.36,
ok,ILS_iRace,drop_strategic_operators,full,operator_group_ablation,group:strategic,input/real_world/B6k_L35_D70.txt,real_world,12,irace_final,720.000000,600.000000,120.000000,2307803,2307803,2936308,21.404601,0.000000,605.157771,output/operator_group_ablation/ILS_iRace/drop_strategic_operators/seed_012/input/real_world/B6k_L35_D70.txt,,,da27c8e3402deb8a0832aaa211b98a39d670003f,true,3.11.2,Linux-6.1.0-44-cloud-amd64-x86_64-with-glibc2.36,
ok,ILS_iRace,drop_insert_operators,full,operator_group_ablation,group:insert,input/real_world/B6k_L35_D70.txt,real_world,23,irace_final,720.000000,600.000000,120.000000,2307803,2307803,2936308,21.404601,0.000000,605.334575,output/operator_group_ablation/ILS_iRace/drop_insert_operators/seed_023/input/real_world/B6k_L35_D70.txt,,,da27c8e3402deb8a0832aaa211b98a39d670003f,true,3.11.2,Linux-6.1.0-44-cloud-amd64-x86_64-with-glibc2.36,
ok,ILS_iRace,drop_order_operators,full,operator_group_ablation,group:order,input/real_world/B6k_L35_D70.txt,real_world,23,irace_final,720.000000,600.000000,120.000000,2307803,2307803,2936308,21.404601,0.000000,605.266957,output/operator_group_ablation/ILS_iRace/drop_order_operators/seed_023/input/real_world/B6k_L35_D70.txt,,,da27c8e3402deb8a0832aaa211b98a39d670003f,true,3.11.2,Linux-6.1.0-44-cloud-amd64-x86_64-with-glibc2.36,
ok,ILS_iRace,drop_strategic_operators,full,operator_group_ablation,group:strategic,input/real_world/B6k_L35_D70.txt,real_world,23,irace_final,720.000000,600.000000,120.000000,2307803,2307803,2936308,21.404601,0.000000,605.283936,output/operator_group_ablation/ILS_iRace/drop_strategic_operators/seed_023/input/real_world/B6k_L35_D70.txt,,,da27c8e3402deb8a0832aaa211b98a39d670003f,true,3.11.2,Linux-6.1.0-44-cloud-amd64-x86_64-with-glibc2.36,
ok,ILS_iRace,drop_insert_operators,full,operator_group_ablation,group:insert,input/real_world/B6k_L35_D70.txt,real_world,34,irace_final,720.000000,600.000000,120.000000,2307803,2307803,2936308,21.404601,0.000000,605.178498,output/operator_group_ablation/ILS_iRace/drop_insert_operators/seed_034/input/real_world/B6k_L35_D70.txt,,,da27c8e3402deb8a0832aaa211b98a39d670003f,true,3.11.2,Linux-6.1.0-44-cloud-amd64-x86_64-with-glibc2.36,
ok,ILS_iRace,drop_order_operators,full,operator_group_ablation,group:order,input/real_world/B6k_L35_D70.txt,real_world,34,irace_final,720.000000,600.000000,120.000000,2307803,2307803,2936308,21.404601,0.000000,605.277243,output/operator_group_ablation/ILS_iRace/drop_order_operators/seed_034/input/real_world/B6k_L35_D70.txt,,,da27c8e3402deb8a0832aaa211b98a39d670003f,true,3.11.2,Linux-6.1.0-44-cloud-amd64-x86_64-with-glibc2.36,
ok,ILS_iRace,drop_strategic_operators,full,operator_group_ablation,group:strategic,input/real_world/B6k_L35_D70.txt,real_world,34,irace_final,720.000000,600.000000,120.000000,2307803,2307803,2936308,21.404601,0.000000,605.196790,output/operator_group_ablation/ILS_iRace/drop_strategic_operators/seed_034/input/real_world/B6k_L35_D70.txt,,,da27c8e3402deb8a0832aaa211b98a39d670003f,true,3.11.2,Linux-6.1.0-44-cloud-amd64-x86_64-with-glibc2.36,
ok,ILS_iRace,drop_insert_operators,full,operator_group_ablation,group:insert,input/real_world/B6k_L35_D70.txt,real_world,45,irace_final,720.000000,600.000000,120.000000,2307803,2307803,2936308,21.404601,0.000000,605.281780,output/operator_group_ablation/ILS_iRace/drop_insert_operators/seed_045/input/real_world/B6k_L35_D70.txt,,,da27c8e3402deb8a0832aaa211b98a39d670003f,true,3.11.2,Linux-6.1.0-44-cloud-amd64-x86_64-with-glibc2.36,
ok,ILS_iRace,drop_order_operators,full,operator_group_ablation,group:order,input/real_world/B6k_L35_D70.txt,real_world,45,irace_final,720.000000,600.000000,120.000000,2307803,2307803,2936308,21.404601,0.000000,605.335882,output/operator_group_ablation/ILS_iRace/drop_order_operators/seed_045/input/real_world/B6k_L35_D70.txt,,,da27c8e3402deb8a0832aaa211b98a39d670003f,true,3.11.2,Linux-6.1.0-44-cloud-amd64-x86_64-with-glibc2.36,
ok,ILS_iRace,drop_strategic_operators,full,operator_group_ablation,group:strategic,input/real_world/B6k_L35_D70.txt,real_world,45,irace_final,720.000000,600.000000,120.000000,2307803,2307803,2936308,21.404601,0.000000,605.335664,output/operator_group_ablation/ILS_iRace/drop_strategic_operators/seed_045/input/real_world/B6k_L35_D70.txt,,,da27c8e3402deb8a0832aaa211b98a39d670003f,true,3.11.2,Linux-6.1.0-44-cloud-amd64-x86_64-with-glibc2.36,
ok,ILS_iRace,drop_insert_operators,full,operator_group_ablation,group:insert,input/real_world/B6k_L35_D70.txt,real_world,56,irace_final,720.000000,600.000000,120.000000,2307803,2307803,2936308,21.404601,0.000000,605.158489,output/operator_group_ablation/ILS_iRace/drop_insert_operators/seed_056/input/real_world/B6k_L35_D70.txt,,,da27c8e3402deb8a0832aaa211b98a39d670003f,true,3.11.2,Linux-6.1.0-44-cloud-amd64-x86_64-with-glibc2.36,
ok,ILS_iRace,drop_order_operators,full,operator_group_ablation,group:order,input/real_world/B6k_L35_D70.txt,real_world,56,irace_final,720.000000,600.000000,120.000000,2307803,2307803,2936308,21.404601,0.000000,605.336903,output/operator_group_ablation/ILS_iRace/drop_order_operators/seed_056/input/real_world/B6k_L35_D70.txt,,,da27c8e3402deb8a0832aaa211b98a39d670003f,true,3.11.2,Linux-6.1.0-44-cloud-amd64-x86_64-with-glibc2.36,
ok,ILS_iRace,drop_strategic_operators,full,operator_group_ablation,group:strategic,input/real_world/B6k_L35_D70.txt,real_world,56,irace_final,720.000000,600.000000,120.000000,2307803,2307803,2936308,21.404601,0.000000,605.160065,output/operator_group_ablation/ILS_iRace/drop_strategic_operators/seed_056/input/real_world/B6k_L35_D70.txt,,,da27c8e3402deb8a0832aaa211b98a39d670003f,true,3.11.2,Linux-6.1.0-44-cloud-amd64-x86_64-with-glibc2.36,
ok,ILS_iRace,drop_insert_operators,full,operator_group_ablation,group:insert,input/real_world/B6k_L35_D70.txt,real_world,67,irace_final,720.000000,600.000000,120.000000,2307803,2307803,2936308,21.404601,0.000000,605.340061,output/operator_group_ablation/ILS_iRace/drop_insert_operators/seed_067/input/real_world/B6k_L35_D70.txt,,,da27c8e3402deb8a0832aaa211b98a39d670003f,true,3.11.2,Linux-6.1.0-44-cloud-amd64-x86_64-with-glibc2.36,
ok,ILS_iRace,drop_order_operators,full,operator_group_ablation,group:order,input/real_world/B6k_L35_D70.txt,real_world,67,irace_final,720.000000,600.000000,120.000000,2307803,2307803,2936308,21.404601,0.000000,605.277517,output/operator_group_ablation/ILS_iRace/drop_order_operators/seed_067/input/real_world/B6k_L35_D70.txt,,,da27c8e3402deb8a0832aaa211b98a39d670003f,true,3.11.2,Linux-6.1.0-44-cloud-amd64-x86_64-with-glibc2.36,
ok,ILS_iRace,drop_strategic_operators,full,operator_group_ablation,group:strategic,input/real_world/B6k_L35_D70.txt,real_world,67,irace_final,720.000000,600.000000,120.000000,2307803,2307803,2936308,21.404601,0.000000,605.288401,output/operator_group_ablation/ILS_iRace/drop_strategic_operators/seed_067/input/real_world/B6k_L35_D70.txt,,,da27c8e3402deb8a0832aaa211b98a39d670003f,true,3.11.2,Linux-6.1.0-44-cloud-amd64-x86_64-with-glibc2.36,
ok,ILS_iRace,drop_insert_operators,full,operator_group_ablation,group:insert,input/real_world/B6k_L35_D70.txt,real_world,78,irace_final,720.000000,600.000000,120.000000,2307803,2307803,2936308,21.404601,0.000000,605.178340,output/operator_group_ablation/ILS_iRace/drop_insert_operators/seed_078/input/real_world/B6k_L35_D70.txt,,,da27c8e3402deb8a0832aaa211b98a39d670003f,true,3.11.2,Linux-6.1.0-44-cloud-amd64-x86_64-with-glibc2.36,
ok,ILS_iRace,drop_order_operators,full,operator_group_ablation,group:order,input/real_world/B6k_L35_D70.txt,real_world,78,irace_final,720.000000,600.000000,120.000000,2307803,2307803,2936308,21.404601,0.000000,605.261897,output/operator_group_ablation/ILS_iRace/drop_order_operators/seed_078/input/real_world/B6k_L35_D70.txt,,,da27c8e3402deb8a0832aaa211b98a39d670003f,true,3.11.2,Linux-6.1.0-44-cloud-amd64-x86_64-with-glibc2.36,
ok,ILS_iRace,drop_strategic_operators,full,operator_group_ablation,group:strategic,input/real_world/B6k_L35_D70.txt,real_world,78,irace_final,720.000000,600.000000,120.000000,2307803,2307803,2936308,21.404601,0.000000,605.204441,output/operator_group_ablation/ILS_iRace/drop_strategic_operators/seed_078/input/real_world/B6k_L35_D70.txt,,,da27c8e3402deb8a0832aaa211b98a39d670003f,true,3.11.2,Linux-6.1.0-44-cloud-amd64-x86_64-with-glibc2.36,
ok,ILS_iRace,drop_insert_operators,full,operator_group_ablation,group:insert,input/real_world/B6k_L35_D70.txt,real_world,89,irace_final,720.000000,600.000000,120.000000,2307803,2307803,2936308,21.404601,0.000000,605.279598,output/operator_group_ablation/ILS_iRace/drop_insert_operators/seed_089/input/real_world/B6k_L35_D70.txt,,,da27c8e3402deb8a0832aaa211b98a39d670003f,true,3.11.2,Linux-6.1.0-44-cloud-amd64-x86_64-with-glibc2.36,
ok,ILS_iRace,drop_order_operators,full,operator_group_ablation,group:order,input/real_world/B6k_L35_D70.txt,real_world,89,irace_final,720.000000,600.000000,120.000000,2307803,2307803,2936308,21.404601,0.000000,605.331465,output/operator_group_ablation/ILS_iRace/drop_order_operators/seed_089/input/real_world/B6k_L35_D70.txt,,,da27c8e3402deb8a0832aaa211b98a39d670003f,true,3.11.2,Linux-6.1.0-44-cloud-amd64-x86_64-with-glibc2.36,
ok,ILS_iRace,drop_strategic_operators,full,operator_group_ablation,group:strategic,input/real_world/B6k_L35_D70.txt,real_world,89,irace_final,720.000000,600.000000,120.000000,2307803,2307803,2936308,21.404601,0.000000,605.315306,output/operator_group_ablation/ILS_iRace/drop_strategic_operators/seed_089/input/real_world/B6k_L35_D70.txt,,,da27c8e3402deb8a0832aaa211b98a39d670003f,true,3.11.2,Linux-6.1.0-44-cloud-amd64-x86_64-with-glibc2.36,
ok,ILS_iRace,drop_insert_operators,full,operator_group_ablation,group:insert,input/real_world/B6k_L35_D70.txt,real_world,100,irace_final,720.000000,600.000000,120.000000,2307803,2307803,2936308,21.404601,0.000000,605.162708,output/operator_group_ablation/ILS_iRace/drop_insert_operators/seed_100/input/real_world/B6k_L35_D70.txt,,,da27c8e3402deb8a0832aaa211b98a39d670003f,true,3.11.2,Linux-6.1.0-44-cloud-amd64-x86_64-with-glibc2.36,
ok,ILS_iRace,drop_order_operators,full,operator_group_ablation,group:order,input/real_world/B6k_L35_D70.txt,real_world,100,irace_final,720.000000,600.000000,120.000000,2307803,2307803,2936308,21.404601,0.000000,605.326456,output/operator_group_ablation/ILS_iRace/drop_order_operators/seed_100/input/real_world/B6k_L35_D70.txt,,,da27c8e3402deb8a0832aaa211b98a39d670003f,true,3.11.2,Linux-6.1.0-44-cloud-amd64-x86_64-with-glibc2.36,
ok,ILS_iRace,drop_strategic_operators,full,operator_group_ablation,group:strategic,input/real_world/B6k_L35_D70.txt,real_world,100,irace_final,720.000000,600.000000,120.000000,2307803,2307803,2936308,21.404601,0.000000,605.303601,output/operator_group_ablation/ILS_iRace/drop_strategic_operators/seed_100/input/real_world/B6k_L35_D70.txt,,,da27c8e3402deb8a0832aaa211b98a39d670003f,true,3.11.2,Linux-6.1.0-44-cloud-amd64-x86_64-with-glibc2.36,
ok,ILS_iRace,drop_insert_operators,full,operator_group_ablation,group:insert,input/real_world/B35k_L60_D120.txt,real_world,1,irace_final,720.000000,600.000000,120.000000,12544648,12864753,20578732,37.485201,2.551726,607.058559,output/operator_group_ablation/ILS_iRace/drop_insert_operators/seed_001/input/real_world/B35k_L60_D120.txt,,,da27c8e3402deb8a0832aaa211b98a39d670003f,true,3.11.2,Linux-6.1.0-44-cloud-amd64-x86_64-with-glibc2.36,
ok,ILS_iRace,drop_order_operators,full,operator_group_ablation,group:order,input/real_world/B35k_L60_D120.txt,real_world,1,irace_final,720.000000,600.000000,120.000000,12544648,12864753,20578732,37.485201,2.551726,607.076154,output/operator_group_ablation/ILS_iRace/drop_order_operators/seed_001/input/real_world/B35k_L60_D120.txt,,,da27c8e3402deb8a0832aaa211b98a39d670003f,true,3.11.2,Linux-6.1.0-44-cloud-amd64-x86_64-with-glibc2.36,
ok,ILS_iRace,drop_strategic_operators,full,operator_group_ablation,group:strategic,input/real_world/B35k_L60_D120.txt,real_world,1,irace_final,720.000000,600.000000,120.000000,12544648,12864753,20578732,37.485201,2.551726,606.296129,output/operator_group_ablation/ILS_iRace/drop_strategic_operators/seed_001/input/real_world/B35k_L60_D120.txt,,,da27c8e3402deb8a0832aaa211b98a39d670003f,true,3.11.2,Linux-6.1.0-44-cloud-amd64-x86_64-with-glibc2.36,
ok,ILS_iRace,drop_insert_operators,full,operator_group_ablation,group:insert,input/real_world/B35k_L60_D120.txt,real_world,12,irace_final,720.000000,600.000000,120.000000,12544648,12864753,20578732,37.485201,2.551726,606.276081,output/operator_group_ablation/ILS_iRace/drop_insert_operators/seed_012/input/real_world/B35k_L60_D120.txt,,,da27c8e3402deb8a0832aaa211b98a39d670003f,true,3.11.2,Linux-6.1.0-44-cloud-amd64-x86_64-with-glibc2.36,
ok,ILS_iRace,drop_order_operators,full,operator_group_ablation,group:order,input/real_world/B35k_L60_D120.txt,real_world,12,irace_final,720.000000,600.000000,120.000000,12544648,12864753,20578732,37.485201,2.551726,607.098384,output/operator_group_ablation/ILS_iRace/drop_order_operators/seed_012/input/real_world/B35k_L60_D120.txt,,,da27c8e3402deb8a0832aaa211b98a39d670003f,true,3.11.2,Linux-6.1.0-44-cloud-amd64-x86_64-with-glibc2.36,
ok,ILS_iRace,drop_strategic_operators,full,operator_group_ablation,group:strategic,input/real_world/B35k_L60_D120.txt,real_world,12,irace_final,720.000000,600.000000,120.000000,12544648,12864753,20578732,37.485201,2.551726,606.993849,output/operator_group_ablation/ILS_iRace/drop_strategic_operators/seed_012/input/real_world/B35k_L60_D120.txt,,,da27c8e3402deb8a0832aaa211b98a39d670003f,true,3.11.2,Linux-6.1.0-44-cloud-amd64-x86_64-with-glibc2.36,
ok,ILS_iRace,drop_insert_operators,full,operator_group_ablation,group:insert,input/real_world/B35k_L60_D120.txt,real_world,23,irace_final,720.000000,600.000000,120.000000,12544648,12864753,20578732,37.485201,2.551726,607.068024,output/operator_group_ablation/ILS_iRace/drop_insert_operators/seed_023/input/real_world/B35k_L60_D120.txt,,,da27c8e3402deb8a0832aaa211b98a39d670003f,true,3.11.2,Linux-6.1.0-44-cloud-amd64-x86_64-with-glibc2.36,
ok,ILS_iRace,drop_order_operators,full,operator_group_ablation,group:order,input/real_world/B35k_L60_D120.txt,real_world,23,irace_final,720.000000,600.000000,120.000000,12544648,12864753,20578732,37.485201,2.551726,607.034077,output/operator_group_ablation/ILS_iRace/drop_order_operators/seed_023/input/real_world/B35k_L60_D120.txt,,,da27c8e3402deb8a0832aaa211b98a39d670003f,true,3.11.2,Linux-6.1.0-44-cloud-amd64-x86_64-with-glibc2.36,
ok,ILS_iRace,drop_strategic_operators,full,operator_group_ablation,group:strategic,input/real_world/B35k_L60_D120.txt,real_world,23,irace_final,720.000000,600.000000,120.000000,12544648,12864753,20578732,37.485201,2.551726,607.112092,output/operator_group_ablation/ILS_iRace/drop_strategic_operators/seed_023/input/real_world/B35k_L60_D120.txt,,,da27c8e3402deb8a0832aaa211b98a39d670003f,true,3.11.2,Linux-6.1.0-44-cloud-amd64-x86_64-with-glibc2.36,
ok,ILS_iRace,drop_insert_operators,full,operator_group_ablation,group:insert,input/real_world/B35k_L60_D120.txt,real_world,34,irace_final,720.000000,600.000000,120.000000,12544648,12864753,20578732,37.485201,2.551726,606.176418,output/operator_group_ablation/ILS_iRace/drop_insert_operators/seed_034/input/real_world/B35k_L60_D120.txt,,,da27c8e3402deb8a0832aaa211b98a39d670003f,true,3.11.2,Linux-6.1.0-44-cloud-amd64-x86_64-with-glibc2.36,
ok,ILS_iRace,drop_order_operators,full,operator_group_ablation,group:order,input/real_world/B35k_L60_D120.txt,real_world,34,irace_final,720.000000,600.000000,120.000000,12544648,12864753,20578732,37.485201,2.551726,607.048450,output/operator_group_ablation/ILS_iRace/drop_order_operators/seed_034/input/real_world/B35k_L60_D120.txt,,,da27c8e3402deb8a0832aaa211b98a39d670003f,true,3.11.2,Linux-6.1.0-44-cloud-amd64-x86_64-with-glibc2.36,
ok,ILS_iRace,drop_strategic_operators,full,operator_group_ablation,group:strategic,input/real_world/B35k_L60_D120.txt,real_world,34,irace_final,720.000000,600.000000,120.000000,12544648,12864753,20578732,37.485201,2.551726,606.117071,output/operator_group_ablation/ILS_iRace/drop_strategic_operators/seed_034/input/real_world/B35k_L60_D120.txt,,,da27c8e3402deb8a0832aaa211b98a39d670003f,true,3.11.2,Linux-6.1.0-44-cloud-amd64-x86_64-with-glibc2.36,
ok,ILS_iRace,drop_insert_operators,full,operator_group_ablation,group:insert,input/real_world/B35k_L60_D120.txt,real_world,45,irace_final,720.000000,600.000000,120.000000,12544648,12864753,20578732,37.485201,2.551726,607.038830,output/operator_group_ablation/ILS_iRace/drop_insert_operators/seed_045/input/real_world/B35k_L60_D120.txt,,,da27c8e3402deb8a0832aaa211b98a39d670003f,true,3.11.2,Linux-6.1.0-44-cloud-amd64-x86_64-with-glibc2.36,
ok,ILS_iRace,drop_order_operators,full,operator_group_ablation,group:order,input/real_world/B35k_L60_D120.txt,real_world,45,irace_final,720.000000,600.000000,120.000000,12544648,12864753,20578732,37.485201,2.551726,607.210995,output/operator_group_ablation/ILS_iRace/drop_order_operators/seed_045/input/real_world/B35k_L60_D120.txt,,,da27c8e3402deb8a0832aaa211b98a39d670003f,true,3.11.2,Linux-6.1.0-44-cloud-amd64-x86_64-with-glibc2.36,
ok,ILS_iRace,drop_strategic_operators,full,operator_group_ablation,group:strategic,input/real_world/B35k_L60_D120.txt,real_world,45,irace_final,720.000000,600.000000,120.000000,12544648,12864753,20578732,37.485201,2.551726,607.169818,output/operator_group_ablation/ILS_iRace/drop_strategic_operators/seed_045/input/real_world/B35k_L60_D120.txt,,,da27c8e3402deb8a0832aaa211b98a39d670003f,true,3.11.2,Linux-6.1.0-44-cloud-amd64-x86_64-with-glibc2.36,
ok,ILS_iRace,drop_insert_operators,full,operator_group_ablation,group:insert,input/real_world/B35k_L60_D120.txt,real_world,56,irace_final,720.000000,600.000000,120.000000,12544648,12864753,20578732,37.485201,2.551726,606.232181,output/operator_group_ablation/ILS_iRace/drop_insert_operators/seed_056/input/real_world/B35k_L60_D120.txt,,,da27c8e3402deb8a0832aaa211b98a39d670003f,true,3.11.2,Linux-6.1.0-44-cloud-amd64-x86_64-with-glibc2.36,
ok,ILS_iRace,drop_order_operators,full,operator_group_ablation,group:order,input/real_world/B35k_L60_D120.txt,real_world,56,irace_final,720.000000,600.000000,120.000000,12544648,12864753,20578732,37.485201,2.551726,607.003466,output/operator_group_ablation/ILS_iRace/drop_order_operators/seed_056/input/real_world/B35k_L60_D120.txt,,,da27c8e3402deb8a0832aaa211b98a39d670003f,true,3.11.2,Linux-6.1.0-44-cloud-amd64-x86_64-with-glibc2.36,
ok,ILS_iRace,drop_strategic_operators,full,operator_group_ablation,group:strategic,input/real_world/B35k_L60_D120.txt,real_world,56,irace_final,720.000000,600.000000,120.000000,12544648,12864753,20578732,37.485201,2.551726,606.294292,output/operator_group_ablation/ILS_iRace/drop_strategic_operators/seed_056/input/real_world/B35k_L60_D120.txt,,,da27c8e3402deb8a0832aaa211b98a39d670003f,true,3.11.2,Linux-6.1.0-44-cloud-amd64-x86_64-with-glibc2.36,
ok,ILS_iRace,drop_insert_operators,full,operator_group_ablation,group:insert,input/real_world/B35k_L60_D120.txt,real_world,67,irace_final,720.000000,600.000000,120.000000,12544648,12864753,20578732,37.485201,2.551726,607.237701,output/operator_group_ablation/ILS_iRace/drop_insert_operators/seed_067/input/real_world/B35k_L60_D120.txt,,,da27c8e3402deb8a0832aaa211b98a39d670003f,true,3.11.2,Linux-6.1.0-44-cloud-amd64-x86_64-with-glibc2.36,
ok,ILS_iRace,drop_order_operators,full,operator_group_ablation,group:order,input/real_world/B35k_L60_D120.txt,real_world,67,irace_final,720.000000,600.000000,120.000000,12544648,12864753,20578732,37.485201,2.551726,606.992888,output/operator_group_ablation/ILS_iRace/drop_order_operators/seed_067/input/real_world/B35k_L60_D120.txt,,,da27c8e3402deb8a0832aaa211b98a39d670003f,true,3.11.2,Linux-6.1.0-44-cloud-amd64-x86_64-with-glibc2.36,
ok,ILS_iRace,drop_strategic_operators,full,operator_group_ablation,group:strategic,input/real_world/B35k_L60_D120.txt,real_world,67,irace_final,720.000000,600.000000,120.000000,12544648,12864753,20578732,37.485201,2.551726,606.169410,output/operator_group_ablation/ILS_iRace/drop_strategic_operators/seed_067/input/real_world/B35k_L60_D120.txt,,,da27c8e3402deb8a0832aaa211b98a39d670003f,true,3.11.2,Linux-6.1.0-44-cloud-amd64-x86_64-with-glibc2.36,
ok,ILS_iRace,drop_insert_operators,full,operator_group_ablation,group:insert,input/real_world/B35k_L60_D120.txt,real_world,78,irace_final,720.000000,600.000000,120.000000,12544648,12864753,20578732,37.485201,2.551726,606.302015,output/operator_group_ablation/ILS_iRace/drop_insert_operators/seed_078/input/real_world/B35k_L60_D120.txt,,,da27c8e3402deb8a0832aaa211b98a39d670003f,true,3.11.2,Linux-6.1.0-44-cloud-amd64-x86_64-with-glibc2.36,
ok,ILS_iRace,drop_order_operators,full,operator_group_ablation,group:order,input/real_world/B35k_L60_D120.txt,real_world,78,irace_final,720.000000,600.000000,120.000000,12544648,12864753,20578732,37.485201,2.551726,607.101959,output/operator_group_ablation/ILS_iRace/drop_order_operators/seed_078/input/real_world/B35k_L60_D120.txt,,,da27c8e3402deb8a0832aaa211b98a39d670003f,true,3.11.2,Linux-6.1.0-44-cloud-amd64-x86_64-with-glibc2.36,
ok,ILS_iRace,drop_strategic_operators,full,operator_group_ablation,group:strategic,input/real_world/B35k_L60_D120.txt,real_world,78,irace_final,720.000000,600.000000,120.000000,12544648,12864753,20578732,37.485201,2.551726,606.995286,output/operator_group_ablation/ILS_iRace/drop_strategic_operators/seed_078/input/real_world/B35k_L60_D120.txt,,,da27c8e3402deb8a0832aaa211b98a39d670003f,true,3.11.2,Linux-6.1.0-44-cloud-amd64-x86_64-with-glibc2.36,
ok,ILS_iRace,drop_insert_operators,full,operator_group_ablation,group:insert,input/real_world/B35k_L60_D120.txt,real_world,89,irace_final,720.000000,600.000000,120.000000,12544648,12864753,20578732,37.485201,2.551726,607.116265,output/operator_group_ablation/ILS_iRace/drop_insert_operators/seed_089/input/real_world/B35k_L60_D120.txt,,,da27c8e3402deb8a0832aaa211b98a39d670003f,true,3.11.2,Linux-6.1.0-44-cloud-amd64-x86_64-with-glibc2.36,
ok,ILS_iRace,drop_order_operators,full,operator_group_ablation,group:order,input/real_world/B35k_L60_D120.txt,real_world,89,irace_final,720.000000,600.000000,120.000000,12544648,12864753,20578732,37.485201,2.551726,607.039521,output/operator_group_ablation/ILS_iRace/drop_order_operators/seed_089/input/real_world/B35k_L60_D120.txt,,,da27c8e3402deb8a0832aaa211b98a39d670003f,true,3.11.2,Linux-6.1.0-44-cloud-amd64-x86_64-with-glibc2.36,
ok,ILS_iRace,drop_strategic_operators,full,operator_group_ablation,group:strategic,input/real_world/B35k_L60_D120.txt,real_world,89,irace_final,720.000000,600.000000,120.000000,12544648,12864753,20578732,37.485201,2.551726,606.282308,output/operator_group_ablation/ILS_iRace/drop_strategic_operators/seed_089/input/real_world/B35k_L60_D120.txt,,,da27c8e3402deb8a0832aaa211b98a39d670003f,true,3.11.2,Linux-6.1.0-44-cloud-amd64-x86_64-with-glibc2.36,
ok,ILS_iRace,drop_insert_operators,full,operator_group_ablation,group:insert,input/real_world/B35k_L60_D120.txt,real_world,100,irace_final,720.000000,600.000000,120.000000,12544648,12864753,20578732,37.485201,2.551726,606.183530,output/operator_group_ablation/ILS_iRace/drop_insert_operators/seed_100/input/real_world/B35k_L60_D120.txt,,,da27c8e3402deb8a0832aaa211b98a39d670003f,true,3.11.2,Linux-6.1.0-44-cloud-amd64-x86_64-with-glibc2.36,
ok,ILS_iRace,drop_order_operators,full,operator_group_ablation,group:order,input/real_world/B35k_L60_D120.txt,real_world,100,irace_final,720.000000,600.000000,120.000000,12544648,12864753,20578732,37.485201,2.551726,607.101138,output/operator_group_ablation/ILS_iRace/drop_order_operators/seed_100/input/real_world/B35k_L60_D120.txt,,,da27c8e3402deb8a0832aaa211b98a39d670003f,true,3.11.2,Linux-6.1.0-44-cloud-amd64-x86_64-with-glibc2.36,
ok,ILS_iRace,drop_strategic_operators,full,operator_group_ablation,group:strategic,input/real_world/B35k_L60_D120.txt,real_world,100,irace_final,720.000000,600.000000,120.000000,12544648,12864753,20578732,37.485201,2.551726,607.122898,output/operator_group_ablation/ILS_iRace/drop_strategic_operators/seed_100/input/real_world/B35k_L60_D120.txt,,,da27c8e3402deb8a0832aaa211b98a39d670003f,true,3.11.2,Linux-6.1.0-44-cloud-amd64-x86_64-with-glibc2.36,
ok,ILS_iRace,drop_insert_operators,full,operator_group_ablation,group:insert,input/real_world/B90k_L850_D21.txt,real_world,1,irace_final,720.000000,600.000000,120.000000,828,869,418275,99.792242,4.951691,605.255083,output/operator_group_ablation/ILS_iRace/drop_insert_operators/seed_001/input/real_world/B90k_L850_D21.txt,,,da27c8e3402deb8a0832aaa211b98a39d670003f,true,3.11.2,Linux-6.1.0-44-cloud-amd64-x86_64-with-glibc2.36,
ok,ILS_iRace,drop_order_operators,full,operator_group_ablation,group:order,input/real_world/B90k_L850_D21.txt,real_world,1,irace_final,720.000000,600.000000,120.000000,828,869,418275,99.792242,4.951691,605.383295,output/operator_group_ablation/ILS_iRace/drop_order_operators/seed_001/input/real_world/B90k_L850_D21.txt,,,da27c8e3402deb8a0832aaa211b98a39d670003f,true,3.11.2,Linux-6.1.0-44-cloud-amd64-x86_64-with-glibc2.36,
ok,ILS_iRace,drop_strategic_operators,full,operator_group_ablation,group:strategic,input/real_world/B90k_L850_D21.txt,real_world,1,irace_final,720.000000,600.000000,120.000000,828,869,418275,99.792242,4.951691,605.369756,output/operator_group_ablation/ILS_iRace/drop_strategic_operators/seed_001/input/real_world/B90k_L850_D21.txt,,,da27c8e3402deb8a0832aaa211b98a39d670003f,true,3.11.2,Linux-6.1.0-44-cloud-amd64-x86_64-with-glibc2.36,
ok,ILS_iRace,drop_insert_operators,full,operator_group_ablation,group:insert,input/real_world/B90k_L850_D21.txt,real_world,12,irace_final,720.000000,600.000000,120.000000,828,869,418275,99.792242,4.951691,605.231354,output/operator_group_ablation/ILS_iRace/drop_insert_operators/seed_012/input/real_world/B90k_L850_D21.txt,,,da27c8e3402deb8a0832aaa211b98a39d670003f,true,3.11.2,Linux-6.1.0-44-cloud-amd64-x86_64-with-glibc2.36,
ok,ILS_iRace,drop_order_operators,full,operator_group_ablation,group:order,input/real_world/B90k_L850_D21.txt,real_world,12,irace_final,720.000000,600.000000,120.000000,828,869,418275,99.792242,4.951691,605.456523,output/operator_group_ablation/ILS_iRace/drop_order_operators/seed_012/input/real_world/B90k_L850_D21.txt,,,da27c8e3402deb8a0832aaa211b98a39d670003f,true,3.11.2,Linux-6.1.0-44-cloud-amd64-x86_64-with-glibc2.36,
ok,ILS_iRace,drop_strategic_operators,full,operator_group_ablation,group:strategic,input/real_world/B90k_L850_D21.txt,real_world,12,irace_final,720.000000,600.000000,120.000000,828,869,418275,99.792242,4.951691,605.236670,output/operator_group_ablation/ILS_iRace/drop_strategic_operators/seed_012/input/real_world/B90k_L850_D21.txt,,,da27c8e3402deb8a0832aaa211b98a39d670003f,true,3.11.2,Linux-6.1.0-44-cloud-amd64-x86_64-with-glibc2.36,
ok,ILS_iRace,drop_insert_operators,full,operator_group_ablation,group:insert,input/real_world/B90k_L850_D21.txt,real_world,23,irace_final,720.000000,600.000000,120.000000,828,869,418275,99.792242,4.951691,605.425511,output/operator_group_ablation/ILS_iRace/drop_insert_operators/seed_023/input/real_world/B90k_L850_D21.txt,,,da27c8e3402deb8a0832aaa211b98a39d670003f,true,3.11.2,Linux-6.1.0-44-cloud-amd64-x86_64-with-glibc2.36,
ok,ILS_iRace,drop_order_operators,full,operator_group_ablation,group:order,input/real_world/B90k_L850_D21.txt,real_world,23,irace_final,720.000000,600.000000,120.000000,828,869,418275,99.792242,4.951691,605.395593,output/operator_group_ablation/ILS_iRace/drop_order_operators/seed_023/input/real_world/B90k_L850_D21.txt,,,da27c8e3402deb8a0832aaa211b98a39d670003f,true,3.11.2,Linux-6.1.0-44-cloud-amd64-x86_64-with-glibc2.36,
ok,ILS_iRace,drop_strategic_operators,full,operator_group_ablation,group:strategic,input/real_world/B90k_L850_D21.txt,real_world,23,irace_final,720.000000,600.000000,120.000000,828,869,418275,99.792242,4.951691,605.392222,output/operator_group_ablation/ILS_iRace/drop_strategic_operators/seed_023/input/real_world/B90k_L850_D21.txt,,,da27c8e3402deb8a0832aaa211b98a39d670003f,true,3.11.2,Linux-6.1.0-44-cloud-amd64-x86_64-with-glibc2.36,
ok,ILS_iRace,drop_insert_operators,full,operator_group_ablation,group:insert,input/real_world/B90k_L850_D21.txt,real_world,34,irace_final,720.000000,600.000000,120.000000,828,869,418275,99.792242,4.951691,605.271585,output/operator_group_ablation/ILS_iRace/drop_insert_operators/seed_034/input/real_world/B90k_L850_D21.txt,,,da27c8e3402deb8a0832aaa211b98a39d670003f,true,3.11.2,Linux-6.1.0-44-cloud-amd64-x86_64-with-glibc2.36,
ok,ILS_iRace,drop_order_operators,full,operator_group_ablation,group:order,input/real_world/B90k_L850_D21.txt,real_world,34,irace_final,720.000000,600.000000,120.000000,828,869,418275,99.792242,4.951691,605.390999,output/operator_group_ablation/ILS_iRace/drop_order_operators/seed_034/input/real_world/B90k_L850_D21.txt,,,da27c8e3402deb8a0832aaa211b98a39d670003f,true,3.11.2,Linux-6.1.0-44-cloud-amd64-x86_64-with-glibc2.36,
ok,ILS_iRace,drop_strategic_operators,full,operator_group_ablation,group:strategic,input/real_world/B90k_L850_D21.txt,real_world,34,irace_final,720.000000,600.000000,120.000000,828,869,418275,99.792242,4.951691,605.231494,output/operator_group_ablation/ILS_iRace/drop_strategic_operators/seed_034/input/real_world/B90k_L850_D21.txt,,,da27c8e3402deb8a0832aaa211b98a39d670003f,true,3.11.2,Linux-6.1.0-44-cloud-amd64-x86_64-with-glibc2.36,
ok,ILS_iRace,drop_insert_operators,full,operator_group_ablation,group:insert,input/real_world/B90k_L850_D21.txt,real_world,45,irace_final,720.000000,600.000000,120.000000,828,869,418275,99.792242,4.951691,605.390125,output/operator_group_ablation/ILS_iRace/drop_insert_operators/seed_045/input/real_world/B90k_L850_D21.txt,,,da27c8e3402deb8a0832aaa211b98a39d670003f,true,3.11.2,Linux-6.1.0-44-cloud-amd64-x86_64-with-glibc2.36,
ok,ILS_iRace,drop_order_operators,full,operator_group_ablation,group:order,input/real_world/B90k_L850_D21.txt,real_world,45,irace_final,720.000000,600.000000,120.000000,828,869,418275,99.792242,4.951691,605.370135,output/operator_group_ablation/ILS_iRace/drop_order_operators/seed_045/input/real_world/B90k_L850_D21.txt,,,da27c8e3402deb8a0832aaa211b98a39d670003f,true,3.11.2,Linux-6.1.0-44-cloud-amd64-x86_64-with-glibc2.36,
ok,ILS_iRace,drop_strategic_operators,full,operator_group_ablation,group:strategic,input/real_world/B90k_L850_D21.txt,real_world,45,irace_final,720.000000,600.000000,120.000000,828,869,418275,99.792242,4.951691,605.384246,output/operator_group_ablation/ILS_iRace/drop_strategic_operators/seed_045/input/real_world/B90k_L850_D21.txt,,,da27c8e3402deb8a0832aaa211b98a39d670003f,true,3.11.2,Linux-6.1.0-44-cloud-amd64-x86_64-with-glibc2.36,
ok,ILS_iRace,drop_insert_operators,full,operator_group_ablation,group:insert,input/real_world/B90k_L850_D21.txt,real_world,56,irace_final,720.000000,600.000000,120.000000,828,869,418275,99.792242,4.951691,605.275646,output/operator_group_ablation/ILS_iRace/drop_insert_operators/seed_056/input/real_world/B90k_L850_D21.txt,,,da27c8e3402deb8a0832aaa211b98a39d670003f,true,3.11.2,Linux-6.1.0-44-cloud-amd64-x86_64-with-glibc2.36,
ok,ILS_iRace,drop_order_operators,full,operator_group_ablation,group:order,input/real_world/B90k_L850_D21.txt,real_world,56,irace_final,720.000000,600.000000,120.000000,828,869,418275,99.792242,4.951691,605.358963,output/operator_group_ablation/ILS_iRace/drop_order_operators/seed_056/input/real_world/B90k_L850_D21.txt,,,da27c8e3402deb8a0832aaa211b98a39d670003f,true,3.11.2,Linux-6.1.0-44-cloud-amd64-x86_64-with-glibc2.36,
ok,ILS_iRace,drop_strategic_operators,full,operator_group_ablation,group:strategic,input/real_world/B90k_L850_D21.txt,real_world,56,irace_final,720.000000,600.000000,120.000000,828,869,418275,99.792242,4.951691,605.301951,output/operator_group_ablation/ILS_iRace/drop_strategic_operators/seed_056/input/real_world/B90k_L850_D21.txt,,,da27c8e3402deb8a0832aaa211b98a39d670003f,true,3.11.2,Linux-6.1.0-44-cloud-amd64-x86_64-with-glibc2.36,
ok,ILS_iRace,drop_insert_operators,full,operator_group_ablation,group:insert,input/real_world/B90k_L850_D21.txt,real_world,67,irace_final,720.000000,600.000000,120.000000,828,869,418275,99.792242,4.951691,605.392971,output/operator_group_ablation/ILS_iRace/drop_insert_operators/seed_067/input/real_world/B90k_L850_D21.txt,,,da27c8e3402deb8a0832aaa211b98a39d670003f,true,3.11.2,Linux-6.1.0-44-cloud-amd64-x86_64-with-glibc2.36,
ok,ILS_iRace,drop_order_operators,full,operator_group_ablation,group:order,input/real_world/B90k_L850_D21.txt,real_world,67,irace_final,720.000000,600.000000,120.000000,828,869,418275,99.792242,4.951691,605.267446,output/operator_group_ablation/ILS_iRace/drop_order_operators/seed_067/input/real_world/B90k_L850_D21.txt,,,da27c8e3402deb8a0832aaa211b98a39d670003f,true,3.11.2,Linux-6.1.0-44-cloud-amd64-x86_64-with-glibc2.36,
ok,ILS_iRace,drop_strategic_operators,full,operator_group_ablation,group:strategic,input/real_world/B90k_L850_D21.txt,real_world,67,irace_final,720.000000,600.000000,120.000000,828,869,418275,99.792242,4.951691,605.431139,output/operator_group_ablation/ILS_iRace/drop_strategic_operators/seed_067/input/real_world/B90k_L850_D21.txt,,,da27c8e3402deb8a0832aaa211b98a39d670003f,true,3.11.2,Linux-6.1.0-44-cloud-amd64-x86_64-with-glibc2.36,
ok,ILS_iRace,drop_insert_operators,full,operator_group_ablation,group:insert,input/real_world/B90k_L850_D21.txt,real_world,78,irace_final,720.000000,600.000000,120.000000,828,869,418275,99.792242,4.951691,605.387575,output/operator_group_ablation/ILS_iRace/drop_insert_operators/seed_078/input/real_world/B90k_L850_D21.txt,,,da27c8e3402deb8a0832aaa211b98a39d670003f,true,3.11.2,Linux-6.1.0-44-cloud-amd64-x86_64-with-glibc2.36,
ok,ILS_iRace,drop_order_operators,full,operator_group_ablation,group:order,input/real_world/B90k_L850_D21.txt,real_world,78,irace_final,720.000000,600.000000,120.000000,828,869,418275,99.792242,4.951691,605.281737,output/operator_group_ablation/ILS_iRace/drop_order_operators/seed_078/input/real_world/B90k_L850_D21.txt,,,da27c8e3402deb8a0832aaa211b98a39d670003f,true,3.11.2,Linux-6.1.0-44-cloud-amd64-x86_64-with-glibc2.36,
ok,ILS_iRace,drop_strategic_operators,full,operator_group_ablation,group:strategic,input/real_world/B90k_L850_D21.txt,real_world,78,irace_final,720.000000,600.000000,120.000000,828,869,418275,99.792242,4.951691,605.388305,output/operator_group_ablation/ILS_iRace/drop_strategic_operators/seed_078/input/real_world/B90k_L850_D21.txt,,,da27c8e3402deb8a0832aaa211b98a39d670003f,true,3.11.2,Linux-6.1.0-44-cloud-amd64-x86_64-with-glibc2.36,
ok,ILS_iRace,drop_insert_operators,full,operator_group_ablation,group:insert,input/real_world/B90k_L850_D21.txt,real_world,89,irace_final,720.000000,600.000000,120.000000,828,869,418275,99.792242,4.951691,605.433940,output/operator_group_ablation/ILS_iRace/drop_insert_operators/seed_089/input/real_world/B90k_L850_D21.txt,,,da27c8e3402deb8a0832aaa211b98a39d670003f,true,3.11.2,Linux-6.1.0-44-cloud-amd64-x86_64-with-glibc2.36,
ok,ILS_iRace,drop_order_operators,full,operator_group_ablation,group:order,input/real_world/B90k_L850_D21.txt,real_world,89,irace_final,720.000000,600.000000,120.000000,828,869,418275,99.792242,4.951691,605.246373,output/operator_group_ablation/ILS_iRace/drop_order_operators/seed_089/input/real_world/B90k_L850_D21.txt,,,da27c8e3402deb8a0832aaa211b98a39d670003f,true,3.11.2,Linux-6.1.0-44-cloud-amd64-x86_64-with-glibc2.36,
ok,ILS_iRace,drop_strategic_operators,full,operator_group_ablation,group:strategic,input/real_world/B90k_L850_D21.txt,real_world,89,irace_final,720.000000,600.000000,120.000000,828,869,418275,99.792242,4.951691,605.379417,output/operator_group_ablation/ILS_iRace/drop_strategic_operators/seed_089/input/real_world/B90k_L850_D21.txt,,,da27c8e3402deb8a0832aaa211b98a39d670003f,true,3.11.2,Linux-6.1.0-44-cloud-amd64-x86_64-with-glibc2.36,
ok,ILS_iRace,drop_insert_operators,full,operator_group_ablation,group:insert,input/real_world/B90k_L850_D21.txt,real_world,100,irace_final,720.000000,600.000000,120.000000,828,869,418275,99.792242,4.951691,605.427224,output/operator_group_ablation/ILS_iRace/drop_insert_operators/seed_100/input/real_world/B90k_L850_D21.txt,,,da27c8e3402deb8a0832aaa211b98a39d670003f,true,3.11.2,Linux-6.1.0-44-cloud-amd64-x86_64-with-glibc2.36,
ok,ILS_iRace,drop_order_operators,full,operator_group_ablation,group:order,input/real_world/B90k_L850_D21.txt,real_world,100,irace_final,720.000000,600.000000,120.000000,828,869,418275,99.792242,4.951691,605.272127,output/operator_group_ablation/ILS_iRace/drop_order_operators/seed_100/input/real_world/B90k_L850_D21.txt,,,da27c8e3402deb8a0832aaa211b98a39d670003f,true,3.11.2,Linux-6.1.0-44-cloud-amd64-x86_64-with-glibc2.36,
ok,ILS_iRace,drop_strategic_operators,full,operator_group_ablation,group:strategic,input/real_world/B90k_L850_D21.txt,real_world,100,irace_final,720.000000,600.000000,120.000000,828,869,418275,99.792242,4.951691,605.370208,output/operator_group_ablation/ILS_iRace/drop_strategic_operators/seed_100/input/real_world/B90k_L850_D21.txt,,,da27c8e3402deb8a0832aaa211b98a39d670003f,true,3.11.2,Linux-6.1.0-44-cloud-amd64-x86_64-with-glibc2.36,
ok,ILS_iRace,drop_insert_operators,full,operator_group_ablation,group:insert,input/real_world/B240k_L90_D180.txt,real_world,1,irace_final,720.000000,600.000000,120.000000,42359386,43085291,138925961,68.986868,1.713682,612.448138,output/operator_group_ablation/ILS_iRace/drop_insert_operators/seed_001/input/real_world/B240k_L90_D180.txt,,,da27c8e3402deb8a0832aaa211b98a39d670003f,true,3.11.2,Linux-6.1.0-44-cloud-amd64-x86_64-with-glibc2.36,
ok,ILS_iRace,drop_order_operators,full,operator_group_ablation,group:order,input/real_world/B240k_L90_D180.txt,real_world,1,irace_final,720.000000,600.000000,120.000000,42359386,43085291,138925961,68.986868,1.713682,609.850571,output/operator_group_ablation/ILS_iRace/drop_order_operators/seed_001/input/real_world/B240k_L90_D180.txt,,,da27c8e3402deb8a0832aaa211b98a39d670003f,true,3.11.2,Linux-6.1.0-44-cloud-amd64-x86_64-with-glibc2.36,
ok,ILS_iRace,drop_strategic_operators,full,operator_group_ablation,group:strategic,input/real_world/B240k_L90_D180.txt,real_world,1,irace_final,720.000000,600.000000,120.000000,42359386,43085291,138925961,68.986868,1.713682,613.094662,output/operator_group_ablation/ILS_iRace/drop_strategic_operators/seed_001/input/real_world/B240k_L90_D180.txt,,,da27c8e3402deb8a0832aaa211b98a39d670003f,true,3.11.2,Linux-6.1.0-44-cloud-amd64-x86_64-with-glibc2.36,
ok,ILS_iRace,drop_insert_operators,full,operator_group_ablation,group:insert,input/real_world/B240k_L90_D180.txt,real_world,12,irace_final,720.000000,600.000000,120.000000,42359386,43085291,138925961,68.986868,1.713682,612.850488,output/operator_group_ablation/ILS_iRace/drop_insert_operators/seed_012/input/real_world/B240k_L90_D180.txt,,,da27c8e3402deb8a0832aaa211b98a39d670003f,true,3.11.2,Linux-6.1.0-44-cloud-amd64-x86_64-with-glibc2.36,
ok,ILS_iRace,drop_order_operators,full,operator_group_ablation,group:order,input/real_world/B240k_L90_D180.txt,real_world,12,irace_final,720.000000,600.000000,120.000000,42359386,43085291,138925961,68.986868,1.713682,612.938074,output/operator_group_ablation/ILS_iRace/drop_order_operators/seed_012/input/real_world/B240k_L90_D180.txt,,,da27c8e3402deb8a0832aaa211b98a39d670003f,true,3.11.2,Linux-6.1.0-44-cloud-amd64-x86_64-with-glibc2.36,
ok,ILS_iRace,drop_strategic_operators,full,operator_group_ablation,group:strategic,input/real_world/B240k_L90_D180.txt,real_world,12,irace_final,720.000000,600.000000,120.000000,42359386,43085291,138925961,68.986868,1.713682,613.299147,output/operator_group_ablation/ILS_iRace/drop_strategic_operators/seed_012/input/real_world/B240k_L90_D180.txt,,,da27c8e3402deb8a0832aaa211b98a39d670003f,true,3.11.2,Linux-6.1.0-44-cloud-amd64-x86_64-with-glibc2.36,
ok,ILS_iRace,drop_insert_operators,full,operator_group_ablation,group:insert,input/real_world/B240k_L90_D180.txt,real_world,23,irace_final,720.000000,600.000000,120.000000,42359386,43085291,138925961,68.986868,1.713682,609.957739,output/operator_group_ablation/ILS_iRace/drop_insert_operators/seed_023/input/real_world/B240k_L90_D180.txt,,,da27c8e3402deb8a0832aaa211b98a39d670003f,true,3.11.2,Linux-6.1.0-44-cloud-amd64-x86_64-with-glibc2.36,
ok,ILS_iRace,drop_order_operators,full,operator_group_ablation,group:order,input/real_world/B240k_L90_D180.txt,real_world,23,irace_final,720.000000,600.000000,120.000000,42359386,43085291,138925961,68.986868,1.713682,610.292063,output/operator_group_ablation/ILS_iRace/drop_order_operators/seed_023/input/real_world/B240k_L90_D180.txt,,,da27c8e3402deb8a0832aaa211b98a39d670003f,true,3.11.2,Linux-6.1.0-44-cloud-amd64-x86_64-with-glibc2.36,
ok,ILS_iRace,drop_strategic_operators,full,operator_group_ablation,group:strategic,input/real_world/B240k_L90_D180.txt,real_world,23,irace_final,720.000000,600.000000,120.000000,42359386,43085291,138925961,68.986868,1.713682,613.088827,output/operator_group_ablation/ILS_iRace/drop_strategic_operators/seed_023/input/real_world/B240k_L90_D180.txt,,,da27c8e3402deb8a0832aaa211b98a39d670003f,true,3.11.2,Linux-6.1.0-44-cloud-amd64-x86_64-with-glibc2.36,
ok,ILS_iRace,drop_insert_operators,full,operator_group_ablation,group:insert,input/real_world/B240k_L90_D180.txt,real_world,34,irace_final,720.000000,600.000000,120.000000,42359386,43085291,138925961,68.986868,1.713682,613.783157,output/operator_group_ablation/ILS_iRace/drop_insert_operators/seed_034/input/real_world/B240k_L90_D180.txt,,,da27c8e3402deb8a0832aaa211b98a39d670003f,true,3.11.2,Linux-6.1.0-44-cloud-amd64-x86_64-with-glibc2.36,
ok,ILS_iRace,drop_order_operators,full,operator_group_ablation,group:order,input/real_world/B240k_L90_D180.txt,real_world,34,irace_final,720.000000,600.000000,120.000000,42359386,43085291,138925961,68.986868,1.713682,614.049257,output/operator_group_ablation/ILS_iRace/drop_order_operators/seed_034/input/real_world/B240k_L90_D180.txt,,,da27c8e3402deb8a0832aaa211b98a39d670003f,true,3.11.2,Linux-6.1.0-44-cloud-amd64-x86_64-with-glibc2.36,
ok,ILS_iRace,drop_strategic_operators,full,operator_group_ablation,group:strategic,input/real_world/B240k_L90_D180.txt,real_world,34,irace_final,720.000000,600.000000,120.000000,42359386,43085291,138925961,68.986868,1.713682,613.196208,output/operator_group_ablation/ILS_iRace/drop_strategic_operators/seed_034/input/real_world/B240k_L90_D180.txt,,,da27c8e3402deb8a0832aaa211b98a39d670003f,true,3.11.2,Linux-6.1.0-44-cloud-amd64-x86_64-with-glibc2.36,
ok,ILS_iRace,drop_insert_operators,full,operator_group_ablation,group:insert,input/real_world/B240k_L90_D180.txt,real_world,45,irace_final,720.000000,600.000000,120.000000,42359386,43085291,138925961,68.986868,1.713682,610.468326,output/operator_group_ablation/ILS_iRace/drop_insert_operators/seed_045/input/real_world/B240k_L90_D180.txt,,,da27c8e3402deb8a0832aaa211b98a39d670003f,true,3.11.2,Linux-6.1.0-44-cloud-amd64-x86_64-with-glibc2.36,
ok,ILS_iRace,drop_order_operators,full,operator_group_ablation,group:order,input/real_world/B240k_L90_D180.txt,real_world,45,irace_final,720.000000,600.000000,120.000000,42359386,43085291,138925961,68.986868,1.713682,613.775621,output/operator_group_ablation/ILS_iRace/drop_order_operators/seed_045/input/real_world/B240k_L90_D180.txt,,,da27c8e3402deb8a0832aaa211b98a39d670003f,true,3.11.2,Linux-6.1.0-44-cloud-amd64-x86_64-with-glibc2.36,
ok,ILS_iRace,drop_strategic_operators,full,operator_group_ablation,group:strategic,input/real_world/B240k_L90_D180.txt,real_world,45,irace_final,720.000000,600.000000,120.000000,42359386,43085291,138925961,68.986868,1.713682,612.994236,output/operator_group_ablation/ILS_iRace/drop_strategic_operators/seed_045/input/real_world/B240k_L90_D180.txt,,,da27c8e3402deb8a0832aaa211b98a39d670003f,true,3.11.2,Linux-6.1.0-44-cloud-amd64-x86_64-with-glibc2.36,
ok,ILS_iRace,drop_insert_operators,full,operator_group_ablation,group:insert,input/real_world/B240k_L90_D180.txt,real_world,56,irace_final,720.000000,600.000000,120.000000,42359386,43085291,138925961,68.986868,1.713682,610.098067,output/operator_group_ablation/ILS_iRace/drop_insert_operators/seed_056/input/real_world/B240k_L90_D180.txt,,,da27c8e3402deb8a0832aaa211b98a39d670003f,true,3.11.2,Linux-6.1.0-44-cloud-amd64-x86_64-with-glibc2.36,
ok,ILS_iRace,drop_order_operators,full,operator_group_ablation,group:order,input/real_world/B240k_L90_D180.txt,real_world,56,irace_final,720.000000,600.000000,120.000000,42359386,43085291,138925961,68.986868,1.713682,613.702928,output/operator_group_ablation/ILS_iRace/drop_order_operators/seed_056/input/real_world/B240k_L90_D180.txt,,,da27c8e3402deb8a0832aaa211b98a39d670003f,true,3.11.2,Linux-6.1.0-44-cloud-amd64-x86_64-with-glibc2.36,
ok,ILS_iRace,drop_strategic_operators,full,operator_group_ablation,group:strategic,input/real_world/B240k_L90_D180.txt,real_world,56,irace_final,720.000000,600.000000,120.000000,42359386,43085291,138925961,68.986868,1.713682,613.053917,output/operator_group_ablation/ILS_iRace/drop_strategic_operators/seed_056/input/real_world/B240k_L90_D180.txt,,,da27c8e3402deb8a0832aaa211b98a39d670003f,true,3.11.2,Linux-6.1.0-44-cloud-amd64-x86_64-with-glibc2.36,
ok,ILS_iRace,drop_insert_operators,full,operator_group_ablation,group:insert,input/real_world/B240k_L90_D180.txt,real_world,67,irace_final,720.000000,600.000000,120.000000,42359386,43085291,138925961,68.986868,1.713682,613.209042,output/operator_group_ablation/ILS_iRace/drop_insert_operators/seed_067/input/real_world/B240k_L90_D180.txt,,,da27c8e3402deb8a0832aaa211b98a39d670003f,true,3.11.2,Linux-6.1.0-44-cloud-amd64-x86_64-with-glibc2.36,
ok,ILS_iRace,drop_order_operators,full,operator_group_ablation,group:order,input/real_world/B240k_L90_D180.txt,real_world,67,irace_final,720.000000,600.000000,120.000000,42359386,43085291,138925961,68.986868,1.713682,613.436703,output/operator_group_ablation/ILS_iRace/drop_order_operators/seed_067/input/real_world/B240k_L90_D180.txt,,,da27c8e3402deb8a0832aaa211b98a39d670003f,true,3.11.2,Linux-6.1.0-44-cloud-amd64-x86_64-with-glibc2.36,
ok,ILS_iRace,drop_strategic_operators,full,operator_group_ablation,group:strategic,input/real_world/B240k_L90_D180.txt,real_world,67,irace_final,720.000000,600.000000,120.000000,42359386,43085291,138925961,68.986868,1.713682,610.187317,output/operator_group_ablation/ILS_iRace/drop_strategic_operators/seed_067/input/real_world/B240k_L90_D180.txt,,,da27c8e3402deb8a0832aaa211b98a39d670003f,true,3.11.2,Linux-6.1.0-44-cloud-amd64-x86_64-with-glibc2.36,
ok,ILS_iRace,drop_insert_operators,full,operator_group_ablation,group:insert,input/real_world/B240k_L90_D180.txt,real_world,78,irace_final,720.000000,600.000000,120.000000,42359386,43085291,138925961,68.986868,1.713682,609.730876,output/operator_group_ablation/ILS_iRace/drop_insert_operators/seed_078/input/real_world/B240k_L90_D180.txt,,,da27c8e3402deb8a0832aaa211b98a39d670003f,true,3.11.2,Linux-6.1.0-44-cloud-amd64-x86_64-with-glibc2.36,
ok,ILS_iRace,drop_order_operators,full,operator_group_ablation,group:order,input/real_world/B240k_L90_D180.txt,real_world,78,irace_final,720.000000,600.000000,120.000000,42359386,43085291,138925961,68.986868,1.713682,613.801326,output/operator_group_ablation/ILS_iRace/drop_order_operators/seed_078/input/real_world/B240k_L90_D180.txt,,,da27c8e3402deb8a0832aaa211b98a39d670003f,true,3.11.2,Linux-6.1.0-44-cloud-amd64-x86_64-with-glibc2.36,
ok,ILS_iRace,drop_strategic_operators,full,operator_group_ablation,group:strategic,input/real_world/B240k_L90_D180.txt,real_world,78,irace_final,720.000000,600.000000,120.000000,42359386,43085291,138925961,68.986868,1.713682,613.402900,output/operator_group_ablation/ILS_iRace/drop_strategic_operators/seed_078/input/real_world/B240k_L90_D180.txt,,,da27c8e3402deb8a0832aaa211b98a39d670003f,true,3.11.2,Linux-6.1.0-44-cloud-amd64-x86_64-with-glibc2.36,
ok,ILS_iRace,drop_insert_operators,full,operator_group_ablation,group:insert,input/real_world/B240k_L90_D180.txt,real_world,89,irace_final,720.000000,600.000000,120.000000,42359386,43085291,138925961,68.986868,1.713682,613.019561,output/operator_group_ablation/ILS_iRace/drop_insert_operators/seed_089/input/real_world/B240k_L90_D180.txt,,,da27c8e3402deb8a0832aaa211b98a39d670003f,true,3.11.2,Linux-6.1.0-44-cloud-amd64-x86_64-with-glibc2.36,
ok,ILS_iRace,drop_strategic_operators,full,operator_group_ablation,group:strategic,input/real_world/B240k_L90_D180.txt,real_world,89,irace_final,720.000000,600.000000,120.000000,42359386,43085291,138925961,68.986868,1.713682,609.970364,output/operator_group_ablation/ILS_iRace/drop_strategic_operators/seed_089/input/real_world/B240k_L90_D180.txt,,,da27c8e3402deb8a0832aaa211b98a39d670003f,true,3.11.2,Linux-6.1.0-44-cloud-amd64-x86_64-with-glibc2.36,
ok,ILS_iRace,drop_order_operators,full,operator_group_ablation,group:order,input/real_world/B240k_L90_D180.txt,real_world,89,irace_final,720.000000,600.000000,120.000000,42359386,43085291,138925961,68.986868,1.713682,613.011323,output/operator_group_ablation/ILS_iRace/drop_order_operators/seed_089/input/real_world/B240k_L90_D180.txt,,,da27c8e3402deb8a0832aaa211b98a39d670003f,true,3.11.2,Linux-6.1.0-44-cloud-amd64-x86_64-with-glibc2.36,
ok,ILS_iRace,drop_insert_operators,full,operator_group_ablation,group:insert,input/real_world/B240k_L90_D180.txt,real_world,100,irace_final,720.000000,600.000000,120.000000,42359386,43085291,138925961,68.986868,1.713682,610.380586,output/operator_group_ablation/ILS_iRace/drop_insert_operators/seed_100/input/real_world/B240k_L90_D180.txt,,,da27c8e3402deb8a0832aaa211b98a39d670003f,true,3.11.2,Linux-6.1.0-44-cloud-amd64-x86_64-with-glibc2.36,
ok,ILS_iRace,drop_order_operators,full,operator_group_ablation,group:order,input/real_world/B240k_L90_D180.txt,real_world,100,irace_final,720.000000,600.000000,120.000000,42359386,43085291,138925961,68.986868,1.713682,613.649980,output/operator_group_ablation/ILS_iRace/drop_order_operators/seed_100/input/real_world/B240k_L90_D180.txt,,,da27c8e3402deb8a0832aaa211b98a39d670003f,true,3.11.2,Linux-6.1.0-44-cloud-amd64-x86_64-with-glibc2.36,
ok,ILS_iRace,drop_strategic_operators,full,operator_group_ablation,group:strategic,input/real_world/B240k_L90_D180.txt,real_world,100,irace_final,720.000000,600.000000,120.000000,42359386,43085291,138925961,68.986868,1.713682,613.042517,output/operator_group_ablation/ILS_iRace/drop_strategic_operators/seed_100/input/real_world/B240k_L90_D180.txt,,,da27c8e3402deb8a0832aaa211b98a39d670003f,true,3.11.2,Linux-6.1.0-44-cloud-amd64-x86_64-with-glibc2.36,
ok,ILS_iRace,drop_insert_operators,full,operator_group_ablation,group:insert,input/real_world/B1000k_L115_D230.txt,real_world,1,irace_final,720.000000,600.000000,120.000000,56328452,57027193,360585201,84.184822,1.240476,619.586612,output/operator_group_ablation/ILS_iRace/drop_insert_operators/seed_001/input/real_world/B1000k_L115_D230.txt,,,da27c8e3402deb8a0832aaa211b98a39d670003f,true,3.11.2,Linux-6.1.0-44-cloud-amd64-x86_64-with-glibc2.36,
ok,ILS_iRace,drop_order_operators,full,operator_group_ablation,group:order,input/real_world/B1000k_L115_D230.txt,real_world,1,irace_final,720.000000,600.000000,120.000000,56328452,57027193,360585201,84.184822,1.240476,614.864206,output/operator_group_ablation/ILS_iRace/drop_order_operators/seed_001/input/real_world/B1000k_L115_D230.txt,,,da27c8e3402deb8a0832aaa211b98a39d670003f,true,3.11.2,Linux-6.1.0-44-cloud-amd64-x86_64-with-glibc2.36,
ok,ILS_iRace,drop_strategic_operators,full,operator_group_ablation,group:strategic,input/real_world/B1000k_L115_D230.txt,real_world,1,irace_final,720.000000,600.000000,120.000000,56328452,57027193,360585201,84.184822,1.240476,619.550521,output/operator_group_ablation/ILS_iRace/drop_strategic_operators/seed_001/input/real_world/B1000k_L115_D230.txt,,,da27c8e3402deb8a0832aaa211b98a39d670003f,true,3.11.2,Linux-6.1.0-44-cloud-amd64-x86_64-with-glibc2.36,
ok,ILS_iRace,drop_insert_operators,full,operator_group_ablation,group:insert,input/real_world/B1000k_L115_D230.txt,real_world,12,irace_final,720.000000,600.000000,120.000000,56328452,57027193,360585201,84.184822,1.240476,614.636386,output/operator_group_ablation/ILS_iRace/drop_insert_operators/seed_012/input/real_world/B1000k_L115_D230.txt,,,da27c8e3402deb8a0832aaa211b98a39d670003f,true,3.11.2,Linux-6.1.0-44-cloud-amd64-x86_64-with-glibc2.36,
ok,ILS_iRace,drop_order_operators,full,operator_group_ablation,group:order,input/real_world/B1000k_L115_D230.txt,real_world,12,irace_final,720.000000,600.000000,120.000000,56328452,57027193,360585201,84.184822,1.240476,620.492964,output/operator_group_ablation/ILS_iRace/drop_order_operators/seed_012/input/real_world/B1000k_L115_D230.txt,,,da27c8e3402deb8a0832aaa211b98a39d670003f,true,3.11.2,Linux-6.1.0-44-cloud-amd64-x86_64-with-glibc2.36,
ok,ILS_iRace,drop_strategic_operators,full,operator_group_ablation,group:strategic,input/real_world/B1000k_L115_D230.txt,real_world,12,irace_final,720.000000,600.000000,120.000000,56328452,57027193,360585201,84.184822,1.240476,619.461816,output/operator_group_ablation/ILS_iRace/drop_strategic_operators/seed_012/input/real_world/B1000k_L115_D230.txt,,,da27c8e3402deb8a0832aaa211b98a39d670003f,true,3.11.2,Linux-6.1.0-44-cloud-amd64-x86_64-with-glibc2.36,
ok,ILS_iRace,drop_insert_operators,full,operator_group_ablation,group:insert,input/real_world/B1000k_L115_D230.txt,real_world,23,irace_final,720.000000,600.000000,120.000000,56328452,57027193,360585201,84.184822,1.240476,619.989507,output/operator_group_ablation/ILS_iRace/drop_insert_operators/seed_023/input/real_world/B1000k_L115_D230.txt,,,da27c8e3402deb8a0832aaa211b98a39d670003f,true,3.11.2,Linux-6.1.0-44-cloud-amd64-x86_64-with-glibc2.36,
ok,ILS_iRace,drop_order_operators,full,operator_group_ablation,group:order,input/real_world/B1000k_L115_D230.txt,real_world,23,irace_final,720.000000,600.000000,120.000000,56328452,57027193,360585201,84.184822,1.240476,615.105944,output/operator_group_ablation/ILS_iRace/drop_order_operators/seed_023/input/real_world/B1000k_L115_D230.txt,,,da27c8e3402deb8a0832aaa211b98a39d670003f,true,3.11.2,Linux-6.1.0-44-cloud-amd64-x86_64-with-glibc2.36,
ok,ILS_iRace,drop_strategic_operators,full,operator_group_ablation,group:strategic,input/real_world/B1000k_L115_D230.txt,real_world,23,irace_final,720.000000,600.000000,120.000000,56328452,57027193,360585201,84.184822,1.240476,619.700700,output/operator_group_ablation/ILS_iRace/drop_strategic_operators/seed_023/input/real_world/B1000k_L115_D230.txt,,,da27c8e3402deb8a0832aaa211b98a39d670003f,true,3.11.2,Linux-6.1.0-44-cloud-amd64-x86_64-with-glibc2.36,
ok,ILS_iRace,drop_insert_operators,full,operator_group_ablation,group:insert,input/real_world/B1000k_L115_D230.txt,real_world,34,irace_final,720.000000,600.000000,120.000000,56328452,57027193,360585201,84.184822,1.240476,615.350008,output/operator_group_ablation/ILS_iRace/drop_insert_operators/seed_034/input/real_world/B1000k_L115_D230.txt,,,da27c8e3402deb8a0832aaa211b98a39d670003f,true,3.11.2,Linux-6.1.0-44-cloud-amd64-x86_64-with-glibc2.36,
ok,ILS_iRace,drop_order_operators,full,operator_group_ablation,group:order,input/real_world/B1000k_L115_D230.txt,real_world,34,irace_final,720.000000,600.000000,120.000000,56328452,57027193,360585201,84.184822,1.240476,619.867174,output/operator_group_ablation/ILS_iRace/drop_order_operators/seed_034/input/real_world/B1000k_L115_D230.txt,,,da27c8e3402deb8a0832aaa211b98a39d670003f,true,3.11.2,Linux-6.1.0-44-cloud-amd64-x86_64-with-glibc2.36,
ok,ILS_iRace,drop_strategic_operators,full,operator_group_ablation,group:strategic,input/real_world/B1000k_L115_D230.txt,real_world,34,irace_final,720.000000,600.000000,120.000000,56328452,57027193,360585201,84.184822,1.240476,619.376829,output/operator_group_ablation/ILS_iRace/drop_strategic_operators/seed_034/input/real_world/B1000k_L115_D230.txt,,,da27c8e3402deb8a0832aaa211b98a39d670003f,true,3.11.2,Linux-6.1.0-44-cloud-amd64-x86_64-with-glibc2.36,
ok,ILS_iRace,drop_insert_operators,full,operator_group_ablation,group:insert,input/real_world/B1000k_L115_D230.txt,real_world,45,irace_final,720.000000,600.000000,120.000000,56328452,56328452,360585201,84.378601,0.000000,618.437222,output/operator_group_ablation/ILS_iRace/drop_insert_operators/seed_045/input/real_world/B1000k_L115_D230.txt,,,da27c8e3402deb8a0832aaa211b98a39d670003f,true,3.11.2,Linux-6.1.0-44-cloud-amd64-x86_64-with-glibc2.36,
ok,ILS_iRace,drop_order_operators,full,operator_group_ablation,group:order,input/real_world/B1000k_L115_D230.txt,real_world,45,irace_final,720.000000,600.000000,120.000000,56328452,57027193,360585201,84.184822,1.240476,614.874020,output/operator_group_ablation/ILS_iRace/drop_order_operators/seed_045/input/real_world/B1000k_L115_D230.txt,,,da27c8e3402deb8a0832aaa211b98a39d670003f,true,3.11.2,Linux-6.1.0-44-cloud-amd64-x86_64-with-glibc2.36,
ok,ILS_iRace,drop_strategic_operators,full,operator_group_ablation,group:strategic,input/real_world/B1000k_L115_D230.txt,real_world,45,irace_final,720.000000,600.000000,120.000000,56328452,56328452,360585201,84.378601,0.000000,619.927705,output/operator_group_ablation/ILS_iRace/drop_strategic_operators/seed_045/input/real_world/B1000k_L115_D230.txt,,,da27c8e3402deb8a0832aaa211b98a39d670003f,true,3.11.2,Linux-6.1.0-44-cloud-amd64-x86_64-with-glibc2.36,
ok,ILS_iRace,drop_insert_operators,full,operator_group_ablation,group:insert,input/real_world/B1000k_L115_D230.txt,real_world,56,irace_final,720.000000,600.000000,120.000000,56328452,57027193,360585201,84.184822,1.240476,614.449195,output/operator_group_ablation/ILS_iRace/drop_insert_operators/seed_056/input/real_world/B1000k_L115_D230.txt,,,da27c8e3402deb8a0832aaa211b98a39d670003f,true,3.11.2,Linux-6.1.0-44-cloud-amd64-x86_64-with-glibc2.36,
ok,ILS_iRace,drop_order_operators,full,operator_group_ablation,group:order,input/real_world/B1000k_L115_D230.txt,real_world,56,irace_final,720.000000,600.000000,120.000000,56328452,57027193,360585201,84.184822,1.240476,619.641326,output/operator_group_ablation/ILS_iRace/drop_order_operators/seed_056/input/real_world/B1000k_L115_D230.txt,,,da27c8e3402deb8a0832aaa211b98a39d670003f,true,3.11.2,Linux-6.1.0-44-cloud-amd64-x86_64-with-glibc2.36,
ok,ILS_iRace,drop_strategic_operators,full,operator_group_ablation,group:strategic,input/real_world/B1000k_L115_D230.txt,real_world,56,irace_final,720.000000,600.000000,120.000000,56328452,57027193,360585201,84.184822,1.240476,619.142590,output/operator_group_ablation/ILS_iRace/drop_strategic_operators/seed_056/input/real_world/B1000k_L115_D230.txt,,,da27c8e3402deb8a0832aaa211b98a39d670003f,true,3.11.2,Linux-6.1.0-44-cloud-amd64-x86_64-with-glibc2.36,
ok,ILS_iRace,drop_insert_operators,full,operator_group_ablation,group:insert,input/real_world/B1000k_L115_D230.txt,real_world,67,irace_final,720.000000,600.000000,120.000000,56328452,57027193,360585201,84.184822,1.240476,614.917016,output/operator_group_ablation/ILS_iRace/drop_insert_operators/seed_067/input/real_world/B1000k_L115_D230.txt,,,da27c8e3402deb8a0832aaa211b98a39d670003f,true,3.11.2,Linux-6.1.0-44-cloud-amd64-x86_64-with-glibc2.36,
ok,ILS_iRace,drop_order_operators,full,operator_group_ablation,group:order,input/real_world/B1000k_L115_D230.txt,real_world,67,irace_final,720.000000,600.000000,120.000000,56328452,57027193,360585201,84.184822,1.240476,620.880876,output/operator_group_ablation/ILS_iRace/drop_order_operators/seed_067/input/real_world/B1000k_L115_D230.txt,,,da27c8e3402deb8a0832aaa211b98a39d670003f,true,3.11.2,Linux-6.1.0-44-cloud-amd64-x86_64-with-glibc2.36,
ok,ILS_iRace,drop_strategic_operators,full,operator_group_ablation,group:strategic,input/real_world/B1000k_L115_D230.txt,real_world,67,irace_final,720.000000,600.000000,120.000000,56328452,57027193,360585201,84.184822,1.240476,619.490587,output/operator_group_ablation/ILS_iRace/drop_strategic_operators/seed_067/input/real_world/B1000k_L115_D230.txt,,,da27c8e3402deb8a0832aaa211b98a39d670003f,true,3.11.2,Linux-6.1.0-44-cloud-amd64-x86_64-with-glibc2.36,
ok,ILS_iRace,drop_insert_operators,full,operator_group_ablation,group:insert,input/real_world/B1000k_L115_D230.txt,real_world,78,irace_final,720.000000,600.000000,120.000000,56328452,57027193,360585201,84.184822,1.240476,615.405522,output/operator_group_ablation/ILS_iRace/drop_insert_operators/seed_078/input/real_world/B1000k_L115_D230.txt,,,da27c8e3402deb8a0832aaa211b98a39d670003f,true,3.11.2,Linux-6.1.0-44-cloud-amd64-x86_64-with-glibc2.36,
ok,ILS_iRace,drop_order_operators,full,operator_group_ablation,group:order,input/real_world/B1000k_L115_D230.txt,real_world,78,irace_final,720.000000,600.000000,120.000000,56328452,57027193,360585201,84.184822,1.240476,620.115510,output/operator_group_ablation/ILS_iRace/drop_order_operators/seed_078/input/real_world/B1000k_L115_D230.txt,,,da27c8e3402deb8a0832aaa211b98a39d670003f,true,3.11.2,Linux-6.1.0-44-cloud-amd64-x86_64-with-glibc2.36,
ok,ILS_iRace,drop_strategic_operators,full,operator_group_ablation,group:strategic,input/real_world/B1000k_L115_D230.txt,real_world,78,irace_final,720.000000,600.000000,120.000000,56328452,57027193,360585201,84.184822,1.240476,619.338475,output/operator_group_ablation/ILS_iRace/drop_strategic_operators/seed_078/input/real_world/B1000k_L115_D230.txt,,,da27c8e3402deb8a0832aaa211b98a39d670003f,true,3.11.2,Linux-6.1.0-44-cloud-amd64-x86_64-with-glibc2.36,
ok,ILS_iRace,drop_insert_operators,full,operator_group_ablation,group:insert,input/real_world/B1000k_L115_D230.txt,real_world,89,irace_final,720.000000,600.000000,120.000000,56328452,57027193,360585201,84.184822,1.240476,615.771292,output/operator_group_ablation/ILS_iRace/drop_insert_operators/seed_089/input/real_world/B1000k_L115_D230.txt,,,da27c8e3402deb8a0832aaa211b98a39d670003f,true,3.11.2,Linux-6.1.0-44-cloud-amd64-x86_64-with-glibc2.36,
ok,ILS_iRace,drop_order_operators,full,operator_group_ablation,group:order,input/real_world/B1000k_L115_D230.txt,real_world,89,irace_final,720.000000,600.000000,120.000000,56328452,57027193,360585201,84.184822,1.240476,619.980834,output/operator_group_ablation/ILS_iRace/drop_order_operators/seed_089/input/real_world/B1000k_L115_D230.txt,,,da27c8e3402deb8a0832aaa211b98a39d670003f,true,3.11.2,Linux-6.1.0-44-cloud-amd64-x86_64-with-glibc2.36,
ok,ILS_iRace,drop_strategic_operators,full,operator_group_ablation,group:strategic,input/real_world/B1000k_L115_D230.txt,real_world,89,irace_final,720.000000,600.000000,120.000000,56328452,57027193,360585201,84.184822,1.240476,619.727503,output/operator_group_ablation/ILS_iRace/drop_strategic_operators/seed_089/input/real_world/B1000k_L115_D230.txt,,,da27c8e3402deb8a0832aaa211b98a39d670003f,true,3.11.2,Linux-6.1.0-44-cloud-amd64-x86_64-with-glibc2.36,
ok,ILS_iRace,drop_insert_operators,full,operator_group_ablation,group:insert,input/real_world/B1000k_L115_D230.txt,real_world,100,irace_final,720.000000,600.000000,120.000000,56328452,57027193,360585201,84.184822,1.240476,615.567831,output/operator_group_ablation/ILS_iRace/drop_insert_operators/seed_100/input/real_world/B1000k_L115_D230.txt,,,da27c8e3402deb8a0832aaa211b98a39d670003f,true,3.11.2,Linux-6.1.0-44-cloud-amd64-x86_64-with-glibc2.36,
ok,ILS_iRace,drop_order_operators,full,operator_group_ablation,group:order,input/real_world/B1000k_L115_D230.txt,real_world,100,irace_final,720.000000,600.000000,120.000000,56328452,57027193,360585201,84.184822,1.240476,619.323855,output/operator_group_ablation/ILS_iRace/drop_order_operators/seed_100/input/real_world/B1000k_L115_D230.txt,,,da27c8e3402deb8a0832aaa211b98a39d670003f,true,3.11.2,Linux-6.1.0-44-cloud-amd64-x86_64-with-glibc2.36,
ok,ILS_iRace,drop_strategic_operators,full,operator_group_ablation,group:strategic,input/real_world/B1000k_L115_D230.txt,real_world,100,irace_final,720.000000,600.000000,120.000000,56328452,57027193,360585201,84.184822,1.240476,619.647231,output/operator_group_ablation/ILS_iRace/drop_strategic_operators/seed_100/input/real_world/B1000k_L115_D230.txt,,,da27c8e3402deb8a0832aaa211b98a39d670003f,true,3.11.2,Linux-6.1.0-44-cloud-amd64-x86_64-with-glibc2.36,
ok,ILS_iRace,drop_insert_operators,full,operator_group_ablation,group:insert,input/real_world/B2000k_L140_D280.txt,real_world,1,irace_final,720.000000,600.000000,120.000000,60713936,60961958,578379827,89.459875,0.408509,627.302819,output/operator_group_ablation/ILS_iRace/drop_insert_operators/seed_001/input/real_world/B2000k_L140_D280.txt,,,da27c8e3402deb8a0832aaa211b98a39d670003f,true,3.11.2,Linux-6.1.0-44-cloud-amd64-x86_64-with-glibc2.36,
ok,ILS_iRace,drop_order_operators,full,operator_group_ablation,group:order,input/real_world/B2000k_L140_D280.txt,real_world,1,irace_final,720.000000,600.000000,120.000000,60713936,60961958,578379827,89.459875,0.408509,628.737482,output/operator_group_ablation/ILS_iRace/drop_order_operators/seed_001/input/real_world/B2000k_L140_D280.txt,,,da27c8e3402deb8a0832aaa211b98a39d670003f,true,3.11.2,Linux-6.1.0-44-cloud-amd64-x86_64-with-glibc2.36,
ok,ILS_iRace,drop_strategic_operators,full,operator_group_ablation,group:strategic,input/real_world/B2000k_L140_D280.txt,real_world,1,irace_final,720.000000,600.000000,120.000000,60713936,60961958,578379827,89.459875,0.408509,629.474812,output/operator_group_ablation/ILS_iRace/drop_strategic_operators/seed_001/input/real_world/B2000k_L140_D280.txt,,,da27c8e3402deb8a0832aaa211b98a39d670003f,true,3.11.2,Linux-6.1.0-44-cloud-amd64-x86_64-with-glibc2.36,
ok,ILS_iRace,drop_insert_operators,full,operator_group_ablation,group:insert,input/real_world/B2000k_L140_D280.txt,real_world,12,irace_final,720.000000,600.000000,120.000000,60713936,61011720,578379827,89.451271,0.490471,627.486233,output/operator_group_ablation/ILS_iRace/drop_insert_operators/seed_012/input/real_world/B2000k_L140_D280.txt,,,da27c8e3402deb8a0832aaa211b98a39d670003f,true,3.11.2,Linux-6.1.0-44-cloud-amd64-x86_64-with-glibc2.36,
ok,ILS_iRace,drop_order_operators,full,operator_group_ablation,group:order,input/real_world/B2000k_L140_D280.txt,real_world,12,irace_final,720.000000,600.000000,120.000000,60713936,60961958,578379827,89.459875,0.408509,621.677769,output/operator_group_ablation/ILS_iRace/drop_order_operators/seed_012/input/real_world/B2000k_L140_D280.txt,,,da27c8e3402deb8a0832aaa211b98a39d670003f,true,3.11.2,Linux-6.1.0-44-cloud-amd64-x86_64-with-glibc2.36,
ok,ILS_iRace,drop_strategic_operators,full,operator_group_ablation,group:strategic,input/real_world/B2000k_L140_D280.txt,real_world,12,irace_final,720.000000,600.000000,120.000000,60713936,60961958,578379827,89.459875,0.408509,628.757163,output/operator_group_ablation/ILS_iRace/drop_strategic_operators/seed_012/input/real_world/B2000k_L140_D280.txt,,,da27c8e3402deb8a0832aaa211b98a39d670003f,true,3.11.2,Linux-6.1.0-44-cloud-amd64-x86_64-with-glibc2.36,
ok,ILS_iRace,drop_insert_operators,full,operator_group_ablation,group:insert,input/real_world/B2000k_L140_D280.txt,real_world,23,irace_final,720.000000,600.000000,120.000000,60713936,60961958,578379827,89.459875,0.408509,620.695910,output/operator_group_ablation/ILS_iRace/drop_insert_operators/seed_023/input/real_world/B2000k_L140_D280.txt,,,da27c8e3402deb8a0832aaa211b98a39d670003f,true,3.11.2,Linux-6.1.0-44-cloud-amd64-x86_64-with-glibc2.36,
ok,ILS_iRace,drop_order_operators,full,operator_group_ablation,group:order,input/real_world/B2000k_L140_D280.txt,real_world,23,irace_final,720.000000,600.000000,120.000000,60713936,60961958,578379827,89.459875,0.408509,627.715814,output/operator_group_ablation/ILS_iRace/drop_order_operators/seed_023/input/real_world/B2000k_L140_D280.txt,,,da27c8e3402deb8a0832aaa211b98a39d670003f,true,3.11.2,Linux-6.1.0-44-cloud-amd64-x86_64-with-glibc2.36,
ok,ILS_iRace,drop_strategic_operators,full,operator_group_ablation,group:strategic,input/real_world/B2000k_L140_D280.txt,real_world,23,irace_final,720.000000,600.000000,120.000000,60713936,60961958,578379827,89.459875,0.408509,628.257554,output/operator_group_ablation/ILS_iRace/drop_strategic_operators/seed_023/input/real_world/B2000k_L140_D280.txt,,,da27c8e3402deb8a0832aaa211b98a39d670003f,true,3.11.2,Linux-6.1.0-44-cloud-amd64-x86_64-with-glibc2.36,
ok,ILS_iRace,drop_insert_operators,full,operator_group_ablation,group:insert,input/real_world/B2000k_L140_D280.txt,real_world,34,irace_final,720.000000,600.000000,120.000000,60713936,60961958,578379827,89.459875,0.408509,629.388962,output/operator_group_ablation/ILS_iRace/drop_insert_operators/seed_034/input/real_world/B2000k_L140_D280.txt,,,da27c8e3402deb8a0832aaa211b98a39d670003f,true,3.11.2,Linux-6.1.0-44-cloud-amd64-x86_64-with-glibc2.36,
ok,ILS_iRace,drop_order_operators,full,operator_group_ablation,group:order,input/real_world/B2000k_L140_D280.txt,real_world,34,irace_final,720.000000,600.000000,120.000000,60713936,60961958,578379827,89.459875,0.408509,620.362642,output/operator_group_ablation/ILS_iRace/drop_order_operators/seed_034/input/real_world/B2000k_L140_D280.txt,,,da27c8e3402deb8a0832aaa211b98a39d670003f,true,3.11.2,Linux-6.1.0-44-cloud-amd64-x86_64-with-glibc2.36,
ok,ILS_iRace,drop_strategic_operators,full,operator_group_ablation,group:strategic,input/real_world/B2000k_L140_D280.txt,real_world,34,irace_final,720.000000,600.000000,120.000000,60713936,61011720,578379827,89.451271,0.490471,629.147008,output/operator_group_ablation/ILS_iRace/drop_strategic_operators/seed_034/input/real_world/B2000k_L140_D280.txt,,,da27c8e3402deb8a0832aaa211b98a39d670003f,true,3.11.2,Linux-6.1.0-44-cloud-amd64-x86_64-with-glibc2.36,
ok,ILS_iRace,drop_insert_operators,full,operator_group_ablation,group:insert,input/real_world/B2000k_L140_D280.txt,real_world,45,irace_final,720.000000,600.000000,120.000000,60713936,60961958,578379827,89.459875,0.408509,620.704516,output/operator_group_ablation/ILS_iRace/drop_insert_operators/seed_045/input/real_world/B2000k_L140_D280.txt,,,da27c8e3402deb8a0832aaa211b98a39d670003f,true,3.11.2,Linux-6.1.0-44-cloud-amd64-x86_64-with-glibc2.36,
ok,ILS_iRace,drop_order_operators,full,operator_group_ablation,group:order,input/real_world/B2000k_L140_D280.txt,real_world,45,irace_final,720.000000,600.000000,120.000000,60713936,60961958,578379827,89.459875,0.408509,627.039230,output/operator_group_ablation/ILS_iRace/drop_order_operators/seed_045/input/real_world/B2000k_L140_D280.txt,,,da27c8e3402deb8a0832aaa211b98a39d670003f,true,3.11.2,Linux-6.1.0-44-cloud-amd64-x86_64-with-glibc2.36,
ok,ILS_iRace,drop_strategic_operators,full,operator_group_ablation,group:strategic,input/real_world/B2000k_L140_D280.txt,real_world,45,irace_final,720.000000,600.000000,120.000000,60713936,60961958,578379827,89.459875,0.408509,628.782772,output/operator_group_ablation/ILS_iRace/drop_strategic_operators/seed_045/input/real_world/B2000k_L140_D280.txt,,,da27c8e3402deb8a0832aaa211b98a39d670003f,true,3.11.2,Linux-6.1.0-44-cloud-amd64-x86_64-with-glibc2.36,
ok,ILS_iRace,drop_insert_operators,full,operator_group_ablation,group:insert,input/real_world/B2000k_L140_D280.txt,real_world,56,irace_final,720.000000,600.000000,120.000000,60713936,60961958,578379827,89.459875,0.408509,628.614803,output/operator_group_ablation/ILS_iRace/drop_insert_operators/seed_056/input/real_world/B2000k_L140_D280.txt,,,da27c8e3402deb8a0832aaa211b98a39d670003f,true,3.11.2,Linux-6.1.0-44-cloud-amd64-x86_64-with-glibc2.36,
ok,ILS_iRace,drop_order_operators,full,operator_group_ablation,group:order,input/real_world/B2000k_L140_D280.txt,real_world,56,irace_final,720.000000,600.000000,120.000000,60713936,60961958,578379827,89.459875,0.408509,620.963169,output/operator_group_ablation/ILS_iRace/drop_order_operators/seed_056/input/real_world/B2000k_L140_D280.txt,,,da27c8e3402deb8a0832aaa211b98a39d670003f,true,3.11.2,Linux-6.1.0-44-cloud-amd64-x86_64-with-glibc2.36,
ok,ILS_iRace,drop_strategic_operators,full,operator_group_ablation,group:strategic,input/real_world/B2000k_L140_D280.txt,real_world,56,irace_final,720.000000,600.000000,120.000000,60713936,60961958,578379827,89.459875,0.408509,627.813165,output/operator_group_ablation/ILS_iRace/drop_strategic_operators/seed_056/input/real_world/B2000k_L140_D280.txt,,,da27c8e3402deb8a0832aaa211b98a39d670003f,true,3.11.2,Linux-6.1.0-44-cloud-amd64-x86_64-with-glibc2.36,
ok,ILS_iRace,drop_insert_operators,full,operator_group_ablation,group:insert,input/real_world/B2000k_L140_D280.txt,real_world,67,irace_final,720.000000,600.000000,120.000000,60713936,60961958,578379827,89.459875,0.408509,622.021538,output/operator_group_ablation/ILS_iRace/drop_insert_operators/seed_067/input/real_world/B2000k_L140_D280.txt,,,da27c8e3402deb8a0832aaa211b98a39d670003f,true,3.11.2,Linux-6.1.0-44-cloud-amd64-x86_64-with-glibc2.36,
ok,ILS_iRace,drop_order_operators,full,operator_group_ablation,group:order,input/real_world/B2000k_L140_D280.txt,real_world,67,irace_final,720.000000,600.000000,120.000000,60713936,60961958,578379827,89.459875,0.408509,621.474988,output/operator_group_ablation/ILS_iRace/drop_order_operators/seed_067/input/real_world/B2000k_L140_D280.txt,,,da27c8e3402deb8a0832aaa211b98a39d670003f,true,3.11.2,Linux-6.1.0-44-cloud-amd64-x86_64-with-glibc2.36,
ok,ILS_iRace,drop_strategic_operators,full,operator_group_ablation,group:strategic,input/real_world/B2000k_L140_D280.txt,real_world,67,irace_final,720.000000,600.000000,120.000000,60713936,60961958,578379827,89.459875,0.408509,629.606999,output/operator_group_ablation/ILS_iRace/drop_strategic_operators/seed_067/input/real_world/B2000k_L140_D280.txt,,,da27c8e3402deb8a0832aaa211b98a39d670003f,true,3.11.2,Linux-6.1.0-44-cloud-amd64-x86_64-with-glibc2.36,
ok,ILS_iRace,drop_insert_operators,full,operator_group_ablation,group:insert,input/real_world/B2000k_L140_D280.txt,real_world,78,irace_final,720.000000,600.000000,120.000000,60713936,60961958,578379827,89.459875,0.408509,628.742919,output/operator_group_ablation/ILS_iRace/drop_insert_operators/seed_078/input/real_world/B2000k_L140_D280.txt,,,da27c8e3402deb8a0832aaa211b98a39d670003f,true,3.11.2,Linux-6.1.0-44-cloud-amd64-x86_64-with-glibc2.36,
ok,ILS_iRace,drop_order_operators,full,operator_group_ablation,group:order,input/real_world/B2000k_L140_D280.txt,real_world,78,irace_final,720.000000,600.000000,120.000000,60713936,60961958,578379827,89.459875,0.408509,620.405012,output/operator_group_ablation/ILS_iRace/drop_order_operators/seed_078/input/real_world/B2000k_L140_D280.txt,,,da27c8e3402deb8a0832aaa211b98a39d670003f,true,3.11.2,Linux-6.1.0-44-cloud-amd64-x86_64-with-glibc2.36,
ok,ILS_iRace,drop_strategic_operators,full,operator_group_ablation,group:strategic,input/real_world/B2000k_L140_D280.txt,real_world,78,irace_final,720.000000,600.000000,120.000000,60713936,60961958,578379827,89.459875,0.408509,619.789982,output/operator_group_ablation/ILS_iRace/drop_strategic_operators/seed_078/input/real_world/B2000k_L140_D280.txt,,,da27c8e3402deb8a0832aaa211b98a39d670003f,true,3.11.2,Linux-6.1.0-44-cloud-amd64-x86_64-with-glibc2.36,
ok,ILS_iRace,drop_insert_operators,full,operator_group_ablation,group:insert,input/real_world/B2000k_L140_D280.txt,real_world,89,irace_final,720.000000,600.000000,120.000000,60713936,60961958,578379827,89.459875,0.408509,628.667989,output/operator_group_ablation/ILS_iRace/drop_insert_operators/seed_089/input/real_world/B2000k_L140_D280.txt,,,da27c8e3402deb8a0832aaa211b98a39d670003f,true,3.11.2,Linux-6.1.0-44-cloud-amd64-x86_64-with-glibc2.36,
ok,ILS_iRace,drop_order_operators,full,operator_group_ablation,group:order,input/real_world/B2000k_L140_D280.txt,real_world,89,irace_final,720.000000,600.000000,120.000000,60713936,60961958,578379827,89.459875,0.408509,627.280159,output/operator_group_ablation/ILS_iRace/drop_order_operators/seed_089/input/real_world/B2000k_L140_D280.txt,,,da27c8e3402deb8a0832aaa211b98a39d670003f,true,3.11.2,Linux-6.1.0-44-cloud-amd64-x86_64-with-glibc2.36,
ok,ILS_iRace,drop_strategic_operators,full,operator_group_ablation,group:strategic,input/real_world/B2000k_L140_D280.txt,real_world,89,irace_final,720.000000,600.000000,120.000000,60713936,60961958,578379827,89.459875,0.408509,629.193126,output/operator_group_ablation/ILS_iRace/drop_strategic_operators/seed_089/input/real_world/B2000k_L140_D280.txt,,,da27c8e3402deb8a0832aaa211b98a39d670003f,true,3.11.2,Linux-6.1.0-44-cloud-amd64-x86_64-with-glibc2.36,
ok,ILS_iRace,drop_insert_operators,full,operator_group_ablation,group:insert,input/real_world/B2000k_L140_D280.txt,real_world,100,irace_final,720.000000,600.000000,120.000000,60713936,60961958,578379827,89.459875,0.408509,629.505011,output/operator_group_ablation/ILS_iRace/drop_insert_operators/seed_100/input/real_world/B2000k_L140_D280.txt,,,da27c8e3402deb8a0832aaa211b98a39d670003f,true,3.11.2,Linux-6.1.0-44-cloud-amd64-x86_64-with-glibc2.36,
ok,ILS_iRace,drop_order_operators,full,operator_group_ablation,group:order,input/real_world/B2000k_L140_D280.txt,real_world,100,irace_final,720.000000,600.000000,120.000000,60713936,60961958,578379827,89.459875,0.408509,620.724851,output/operator_group_ablation/ILS_iRace/drop_order_operators/seed_100/input/real_world/B2000k_L140_D280.txt,,,da27c8e3402deb8a0832aaa211b98a39d670003f,true,3.11.2,Linux-6.1.0-44-cloud-amd64-x86_64-with-glibc2.36,
ok,ILS_iRace,drop_strategic_operators,full,operator_group_ablation,group:strategic,input/real_world/B2000k_L140_D280.txt,real_world,100,irace_final,720.000000,600.000000,120.000000,60713936,60961958,578379827,89.459875,0.408509,620.850024,output/operator_group_ablation/ILS_iRace/drop_strategic_operators/seed_100/input/real_world/B2000k_L140_D280.txt,,,da27c8e3402deb8a0832aaa211b98a39d670003f,true,3.11.2,Linux-6.1.0-44-cloud-amd64-x86_64-with-glibc2.36,
ok,ILS_iRace,drop_insert_operators,full,operator_group_ablation,group:insert,input/google_hashcode/b_read_on.txt,google_hashcode,1,irace_final,720.000000,600.000000,120.000000,5822900,5822900,10000000,41.771000,0.000000,607.144302,output/operator_group_ablation/ILS_iRace/drop_insert_operators/seed_001/input/google_hashcode/b_read_on.txt,,,da27c8e3402deb8a0832aaa211b98a39d670003f,true,3.11.2,Linux-6.1.0-44-cloud-amd64-x86_64-with-glibc2.36,
ok,ILS_iRace,drop_order_operators,full,operator_group_ablation,group:order,input/google_hashcode/b_read_on.txt,google_hashcode,1,irace_final,720.000000,600.000000,120.000000,5822900,5822900,10000000,41.771000,0.000000,606.721008,output/operator_group_ablation/ILS_iRace/drop_order_operators/seed_001/input/google_hashcode/b_read_on.txt,,,da27c8e3402deb8a0832aaa211b98a39d670003f,true,3.11.2,Linux-6.1.0-44-cloud-amd64-x86_64-with-glibc2.36,
ok,ILS_iRace,drop_strategic_operators,full,operator_group_ablation,group:strategic,input/google_hashcode/b_read_on.txt,google_hashcode,1,irace_final,720.000000,600.000000,120.000000,5822900,5822900,10000000,41.771000,0.000000,607.194362,output/operator_group_ablation/ILS_iRace/drop_strategic_operators/seed_001/input/google_hashcode/b_read_on.txt,,,da27c8e3402deb8a0832aaa211b98a39d670003f,true,3.11.2,Linux-6.1.0-44-cloud-amd64-x86_64-with-glibc2.36,
ok,ILS_iRace,drop_insert_operators,full,operator_group_ablation,group:insert,input/google_hashcode/b_read_on.txt,google_hashcode,12,irace_final,720.000000,600.000000,120.000000,5822900,5822900,10000000,41.771000,0.000000,607.536707,output/operator_group_ablation/ILS_iRace/drop_insert_operators/seed_012/input/google_hashcode/b_read_on.txt,,,da27c8e3402deb8a0832aaa211b98a39d670003f,true,3.11.2,Linux-6.1.0-44-cloud-amd64-x86_64-with-glibc2.36,
ok,ILS_iRace,drop_order_operators,full,operator_group_ablation,group:order,input/google_hashcode/b_read_on.txt,google_hashcode,12,irace_final,720.000000,600.000000,120.000000,5822900,5822900,10000000,41.771000,0.000000,606.169853,output/operator_group_ablation/ILS_iRace/drop_order_operators/seed_012/input/google_hashcode/b_read_on.txt,,,da27c8e3402deb8a0832aaa211b98a39d670003f,true,3.11.2,Linux-6.1.0-44-cloud-amd64-x86_64-with-glibc2.36,
ok,ILS_iRace,drop_strategic_operators,full,operator_group_ablation,group:strategic,input/google_hashcode/b_read_on.txt,google_hashcode,12,irace_final,720.000000,600.000000,120.000000,5822900,5822900,10000000,41.771000,0.000000,606.086601,output/operator_group_ablation/ILS_iRace/drop_strategic_operators/seed_012/input/google_hashcode/b_read_on.txt,,,da27c8e3402deb8a0832aaa211b98a39d670003f,true,3.11.2,Linux-6.1.0-44-cloud-amd64-x86_64-with-glibc2.36,
ok,ILS_iRace,drop_insert_operators,full,operator_group_ablation,group:insert,input/google_hashcode/b_read_on.txt,google_hashcode,23,irace_final,720.000000,600.000000,120.000000,5822900,5822900,10000000,41.771000,0.000000,607.436617,output/operator_group_ablation/ILS_iRace/drop_insert_operators/seed_023/input/google_hashcode/b_read_on.txt,,,da27c8e3402deb8a0832aaa211b98a39d670003f,true,3.11.2,Linux-6.1.0-44-cloud-amd64-x86_64-with-glibc2.36,
ok,ILS_iRace,drop_order_operators,full,operator_group_ablation,group:order,input/google_hashcode/b_read_on.txt,google_hashcode,23,irace_final,720.000000,600.000000,120.000000,5822900,5822900,10000000,41.771000,0.000000,607.500440,output/operator_group_ablation/ILS_iRace/drop_order_operators/seed_023/input/google_hashcode/b_read_on.txt,,,da27c8e3402deb8a0832aaa211b98a39d670003f,true,3.11.2,Linux-6.1.0-44-cloud-amd64-x86_64-with-glibc2.36,
ok,ILS_iRace,drop_strategic_operators,full,operator_group_ablation,group:strategic,input/google_hashcode/b_read_on.txt,google_hashcode,23,irace_final,720.000000,600.000000,120.000000,5822900,5822900,10000000,41.771000,0.000000,607.665825,output/operator_group_ablation/ILS_iRace/drop_strategic_operators/seed_023/input/google_hashcode/b_read_on.txt,,,da27c8e3402deb8a0832aaa211b98a39d670003f,true,3.11.2,Linux-6.1.0-44-cloud-amd64-x86_64-with-glibc2.36,
ok,ILS_iRace,drop_insert_operators,full,operator_group_ablation,group:insert,input/google_hashcode/b_read_on.txt,google_hashcode,34,irace_final,720.000000,600.000000,120.000000,5822900,5822900,10000000,41.771000,0.000000,607.587438,output/operator_group_ablation/ILS_iRace/drop_insert_operators/seed_034/input/google_hashcode/b_read_on.txt,,,da27c8e3402deb8a0832aaa211b98a39d670003f,true,3.11.2,Linux-6.1.0-44-cloud-amd64-x86_64-with-glibc2.36,
ok,ILS_iRace,drop_order_operators,full,operator_group_ablation,group:order,input/google_hashcode/b_read_on.txt,google_hashcode,34,irace_final,720.000000,600.000000,120.000000,5822900,5822900,10000000,41.771000,0.000000,606.205922,output/operator_group_ablation/ILS_iRace/drop_order_operators/seed_034/input/google_hashcode/b_read_on.txt,,,da27c8e3402deb8a0832aaa211b98a39d670003f,true,3.11.2,Linux-6.1.0-44-cloud-amd64-x86_64-with-glibc2.36,
ok,ILS_iRace,drop_strategic_operators,full,operator_group_ablation,group:strategic,input/google_hashcode/b_read_on.txt,google_hashcode,34,irace_final,720.000000,600.000000,120.000000,5822900,5822900,10000000,41.771000,0.000000,606.279975,output/operator_group_ablation/ILS_iRace/drop_strategic_operators/seed_034/input/google_hashcode/b_read_on.txt,,,da27c8e3402deb8a0832aaa211b98a39d670003f,true,3.11.2,Linux-6.1.0-44-cloud-amd64-x86_64-with-glibc2.36,
ok,ILS_iRace,drop_insert_operators,full,operator_group_ablation,group:insert,input/google_hashcode/b_read_on.txt,google_hashcode,45,irace_final,720.000000,600.000000,120.000000,5822900,5822900,10000000,41.771000,0.000000,607.536520,output/operator_group_ablation/ILS_iRace/drop_insert_operators/seed_045/input/google_hashcode/b_read_on.txt,,,da27c8e3402deb8a0832aaa211b98a39d670003f,true,3.11.2,Linux-6.1.0-44-cloud-amd64-x86_64-with-glibc2.36,
ok,ILS_iRace,drop_order_operators,full,operator_group_ablation,group:order,input/google_hashcode/b_read_on.txt,google_hashcode,45,irace_final,720.000000,600.000000,120.000000,5822900,5822900,10000000,41.771000,0.000000,607.669259,output/operator_group_ablation/ILS_iRace/drop_order_operators/seed_045/input/google_hashcode/b_read_on.txt,,,da27c8e3402deb8a0832aaa211b98a39d670003f,true,3.11.2,Linux-6.1.0-44-cloud-amd64-x86_64-with-glibc2.36,
ok,ILS_iRace,drop_strategic_operators,full,operator_group_ablation,group:strategic,input/google_hashcode/b_read_on.txt,google_hashcode,45,irace_final,720.000000,600.000000,120.000000,5822900,5822900,10000000,41.771000,0.000000,607.610832,output/operator_group_ablation/ILS_iRace/drop_strategic_operators/seed_045/input/google_hashcode/b_read_on.txt,,,da27c8e3402deb8a0832aaa211b98a39d670003f,true,3.11.2,Linux-6.1.0-44-cloud-amd64-x86_64-with-glibc2.36,
ok,ILS_iRace,drop_insert_operators,full,operator_group_ablation,group:insert,input/google_hashcode/b_read_on.txt,google_hashcode,56,irace_final,720.000000,600.000000,120.000000,5822900,5822900,10000000,41.771000,0.000000,607.519410,output/operator_group_ablation/ILS_iRace/drop_insert_operators/seed_056/input/google_hashcode/b_read_on.txt,,,da27c8e3402deb8a0832aaa211b98a39d670003f,true,3.11.2,Linux-6.1.0-44-cloud-amd64-x86_64-with-glibc2.36,
ok,ILS_iRace,drop_order_operators,full,operator_group_ablation,group:order,input/google_hashcode/b_read_on.txt,google_hashcode,56,irace_final,720.000000,600.000000,120.000000,5822900,5822900,10000000,41.771000,0.000000,606.246395,output/operator_group_ablation/ILS_iRace/drop_order_operators/seed_056/input/google_hashcode/b_read_on.txt,,,da27c8e3402deb8a0832aaa211b98a39d670003f,true,3.11.2,Linux-6.1.0-44-cloud-amd64-x86_64-with-glibc2.36,
ok,ILS_iRace,drop_strategic_operators,full,operator_group_ablation,group:strategic,input/google_hashcode/b_read_on.txt,google_hashcode,56,irace_final,720.000000,600.000000,120.000000,5822900,5822900,10000000,41.771000,0.000000,606.203109,output/operator_group_ablation/ILS_iRace/drop_strategic_operators/seed_056/input/google_hashcode/b_read_on.txt,,,da27c8e3402deb8a0832aaa211b98a39d670003f,true,3.11.2,Linux-6.1.0-44-cloud-amd64-x86_64-with-glibc2.36,
ok,ILS_iRace,drop_insert_operators,full,operator_group_ablation,group:insert,input/google_hashcode/b_read_on.txt,google_hashcode,67,irace_final,720.000000,600.000000,120.000000,5822900,5822900,10000000,41.771000,0.000000,607.540624,output/operator_group_ablation/ILS_iRace/drop_insert_operators/seed_067/input/google_hashcode/b_read_on.txt,,,da27c8e3402deb8a0832aaa211b98a39d670003f,true,3.11.2,Linux-6.1.0-44-cloud-amd64-x86_64-with-glibc2.36,
ok,ILS_iRace,drop_order_operators,full,operator_group_ablation,group:order,input/google_hashcode/b_read_on.txt,google_hashcode,67,irace_final,720.000000,600.000000,120.000000,5822900,5822900,10000000,41.771000,0.000000,607.094360,output/operator_group_ablation/ILS_iRace/drop_order_operators/seed_067/input/google_hashcode/b_read_on.txt,,,da27c8e3402deb8a0832aaa211b98a39d670003f,true,3.11.2,Linux-6.1.0-44-cloud-amd64-x86_64-with-glibc2.36,
ok,ILS_iRace,drop_strategic_operators,full,operator_group_ablation,group:strategic,input/google_hashcode/b_read_on.txt,google_hashcode,67,irace_final,720.000000,600.000000,120.000000,5822900,5822900,10000000,41.771000,0.000000,607.601641,output/operator_group_ablation/ILS_iRace/drop_strategic_operators/seed_067/input/google_hashcode/b_read_on.txt,,,da27c8e3402deb8a0832aaa211b98a39d670003f,true,3.11.2,Linux-6.1.0-44-cloud-amd64-x86_64-with-glibc2.36,
ok,ILS_iRace,drop_insert_operators,full,operator_group_ablation,group:insert,input/google_hashcode/b_read_on.txt,google_hashcode,78,irace_final,720.000000,600.000000,120.000000,5822900,5822900,10000000,41.771000,0.000000,607.566074,output/operator_group_ablation/ILS_iRace/drop_insert_operators/seed_078/input/google_hashcode/b_read_on.txt,,,da27c8e3402deb8a0832aaa211b98a39d670003f,true,3.11.2,Linux-6.1.0-44-cloud-amd64-x86_64-with-glibc2.36,
ok,ILS_iRace,drop_order_operators,full,operator_group_ablation,group:order,input/google_hashcode/b_read_on.txt,google_hashcode,78,irace_final,720.000000,600.000000,120.000000,5822900,5822900,10000000,41.771000,0.000000,606.201718,output/operator_group_ablation/ILS_iRace/drop_order_operators/seed_078/input/google_hashcode/b_read_on.txt,,,da27c8e3402deb8a0832aaa211b98a39d670003f,true,3.11.2,Linux-6.1.0-44-cloud-amd64-x86_64-with-glibc2.36,
ok,ILS_iRace,drop_strategic_operators,full,operator_group_ablation,group:strategic,input/google_hashcode/b_read_on.txt,google_hashcode,78,irace_final,720.000000,600.000000,120.000000,5822900,5822900,10000000,41.771000,0.000000,606.206316,output/operator_group_ablation/ILS_iRace/drop_strategic_operators/seed_078/input/google_hashcode/b_read_on.txt,,,da27c8e3402deb8a0832aaa211b98a39d670003f,true,3.11.2,Linux-6.1.0-44-cloud-amd64-x86_64-with-glibc2.36,
ok,ILS_iRace,drop_insert_operators,full,operator_group_ablation,group:insert,input/google_hashcode/b_read_on.txt,google_hashcode,89,irace_final,720.000000,600.000000,120.000000,5822900,5822900,10000000,41.771000,0.000000,607.524624,output/operator_group_ablation/ILS_iRace/drop_insert_operators/seed_089/input/google_hashcode/b_read_on.txt,,,da27c8e3402deb8a0832aaa211b98a39d670003f,true,3.11.2,Linux-6.1.0-44-cloud-amd64-x86_64-with-glibc2.36,
ok,ILS_iRace,drop_order_operators,full,operator_group_ablation,group:order,input/google_hashcode/b_read_on.txt,google_hashcode,89,irace_final,720.000000,600.000000,120.000000,5822900,5822900,10000000,41.771000,0.000000,607.638192,output/operator_group_ablation/ILS_iRace/drop_order_operators/seed_089/input/google_hashcode/b_read_on.txt,,,da27c8e3402deb8a0832aaa211b98a39d670003f,true,3.11.2,Linux-6.1.0-44-cloud-amd64-x86_64-with-glibc2.36,
ok,ILS_iRace,drop_strategic_operators,full,operator_group_ablation,group:strategic,input/google_hashcode/b_read_on.txt,google_hashcode,89,irace_final,720.000000,600.000000,120.000000,5822900,5822900,10000000,41.771000,0.000000,607.584527,output/operator_group_ablation/ILS_iRace/drop_strategic_operators/seed_089/input/google_hashcode/b_read_on.txt,,,da27c8e3402deb8a0832aaa211b98a39d670003f,true,3.11.2,Linux-6.1.0-44-cloud-amd64-x86_64-with-glibc2.36,
ok,ILS_iRace,drop_insert_operators,full,operator_group_ablation,group:insert,input/google_hashcode/b_read_on.txt,google_hashcode,100,irace_final,720.000000,600.000000,120.000000,5822900,5822900,10000000,41.771000,0.000000,607.504719,output/operator_group_ablation/ILS_iRace/drop_insert_operators/seed_100/input/google_hashcode/b_read_on.txt,,,da27c8e3402deb8a0832aaa211b98a39d670003f,true,3.11.2,Linux-6.1.0-44-cloud-amd64-x86_64-with-glibc2.36,
ok,ILS_iRace,drop_order_operators,full,operator_group_ablation,group:order,input/google_hashcode/b_read_on.txt,google_hashcode,100,irace_final,720.000000,600.000000,120.000000,5822900,5822900,10000000,41.771000,0.000000,606.083638,output/operator_group_ablation/ILS_iRace/drop_order_operators/seed_100/input/google_hashcode/b_read_on.txt,,,da27c8e3402deb8a0832aaa211b98a39d670003f,true,3.11.2,Linux-6.1.0-44-cloud-amd64-x86_64-with-glibc2.36,
ok,ILS_iRace,drop_strategic_operators,full,operator_group_ablation,group:strategic,input/google_hashcode/b_read_on.txt,google_hashcode,100,irace_final,720.000000,600.000000,120.000000,5822900,5822900,10000000,41.771000,0.000000,606.200798,output/operator_group_ablation/ILS_iRace/drop_strategic_operators/seed_100/input/google_hashcode/b_read_on.txt,,,da27c8e3402deb8a0832aaa211b98a39d670003f,true,3.11.2,Linux-6.1.0-44-cloud-amd64-x86_64-with-glibc2.36,
ok,ILS_iRace,drop_insert_operators,full,operator_group_ablation,group:insert,input/google_hashcode/c_incunabula.txt,google_hashcode,1,irace_final,720.000000,600.000000,120.000000,5690052,5690468,23372244,75.652881,0.007311,607.521702,output/operator_group_ablation/ILS_iRace/drop_insert_operators/seed_001/input/google_hashcode/c_incunabula.txt,,,da27c8e3402deb8a0832aaa211b98a39d670003f,true,3.11.2,Linux-6.1.0-44-cloud-amd64-x86_64-with-glibc2.36,
ok,ILS_iRace,drop_order_operators,full,operator_group_ablation,group:order,input/google_hashcode/c_incunabula.txt,google_hashcode,1,irace_final,720.000000,600.000000,120.000000,5690052,5690419,23372244,75.653091,0.006450,607.599151,output/operator_group_ablation/ILS_iRace/drop_order_operators/seed_001/input/google_hashcode/c_incunabula.txt,,,da27c8e3402deb8a0832aaa211b98a39d670003f,true,3.11.2,Linux-6.1.0-44-cloud-amd64-x86_64-with-glibc2.36,
ok,ILS_iRace,drop_strategic_operators,full,operator_group_ablation,group:strategic,input/google_hashcode/c_incunabula.txt,google_hashcode,1,irace_final,720.000000,600.000000,120.000000,5690052,5690419,23372244,75.653091,0.006450,607.511422,output/operator_group_ablation/ILS_iRace/drop_strategic_operators/seed_001/input/google_hashcode/c_incunabula.txt,,,da27c8e3402deb8a0832aaa211b98a39d670003f,true,3.11.2,Linux-6.1.0-44-cloud-amd64-x86_64-with-glibc2.36,
ok,ILS_iRace,drop_insert_operators,full,operator_group_ablation,group:insert,input/google_hashcode/c_incunabula.txt,google_hashcode,12,irace_final,720.000000,600.000000,120.000000,5690052,5690403,23372244,75.653159,0.006169,607.308019,output/operator_group_ablation/ILS_iRace/drop_insert_operators/seed_012/input/google_hashcode/c_incunabula.txt,,,da27c8e3402deb8a0832aaa211b98a39d670003f,true,3.11.2,Linux-6.1.0-44-cloud-amd64-x86_64-with-glibc2.36,
ok,ILS_iRace,drop_order_operators,full,operator_group_ablation,group:order,input/google_hashcode/c_incunabula.txt,google_hashcode,12,irace_final,720.000000,600.000000,120.000000,5690052,5690562,23372244,75.652479,0.008963,606.584699,output/operator_group_ablation/ILS_iRace/drop_order_operators/seed_012/input/google_hashcode/c_incunabula.txt,,,da27c8e3402deb8a0832aaa211b98a39d670003f,true,3.11.2,Linux-6.1.0-44-cloud-amd64-x86_64-with-glibc2.36,
ok,ILS_iRace,drop_strategic_operators,full,operator_group_ablation,group:strategic,input/google_hashcode/c_incunabula.txt,google_hashcode,12,irace_final,720.000000,600.000000,120.000000,5690052,5690403,23372244,75.653159,0.006169,606.478717,output/operator_group_ablation/ILS_iRace/drop_strategic_operators/seed_012/input/google_hashcode/c_incunabula.txt,,,da27c8e3402deb8a0832aaa211b98a39d670003f,true,3.11.2,Linux-6.1.0-44-cloud-amd64-x86_64-with-glibc2.36,
ok,ILS_iRace,drop_insert_operators,full,operator_group_ablation,group:insert,input/google_hashcode/c_incunabula.txt,google_hashcode,23,irace_final,720.000000,600.000000,120.000000,5689822,5690468,23372244,75.652881,0.011354,607.446679,output/operator_group_ablation/ILS_iRace/drop_insert_operators/seed_023/input/google_hashcode/c_incunabula.txt,,,da27c8e3402deb8a0832aaa211b98a39d670003f,true,3.11.2,Linux-6.1.0-44-cloud-amd64-x86_64-with-glibc2.36,
ok,ILS_iRace,drop_order_operators,full,operator_group_ablation,group:order,input/google_hashcode/c_incunabula.txt,google_hashcode,23,irace_final,720.000000,600.000000,120.000000,5689822,5690468,23372244,75.652881,0.011354,607.435777,output/operator_group_ablation/ILS_iRace/drop_order_operators/seed_023/input/google_hashcode/c_incunabula.txt,,,da27c8e3402deb8a0832aaa211b98a39d670003f,true,3.11.2,Linux-6.1.0-44-cloud-amd64-x86_64-with-glibc2.36,
ok,ILS_iRace,drop_strategic_operators,full,operator_group_ablation,group:strategic,input/google_hashcode/c_incunabula.txt,google_hashcode,23,irace_final,720.000000,600.000000,120.000000,5689822,5690419,23372244,75.653091,0.010492,607.520496,output/operator_group_ablation/ILS_iRace/drop_strategic_operators/seed_023/input/google_hashcode/c_incunabula.txt,,,da27c8e3402deb8a0832aaa211b98a39d670003f,true,3.11.2,Linux-6.1.0-44-cloud-amd64-x86_64-with-glibc2.36,
ok,ILS_iRace,drop_insert_operators,full,operator_group_ablation,group:insert,input/google_hashcode/c_incunabula.txt,google_hashcode,34,irace_final,720.000000,600.000000,120.000000,5689822,5690419,23372244,75.653091,0.010492,607.492065,output/operator_group_ablation/ILS_iRace/drop_insert_operators/seed_034/input/google_hashcode/c_incunabula.txt,,,da27c8e3402deb8a0832aaa211b98a39d670003f,true,3.11.2,Linux-6.1.0-44-cloud-amd64-x86_64-with-glibc2.36,
ok,ILS_iRace,drop_order_operators,full,operator_group_ablation,group:order,input/google_hashcode/c_incunabula.txt,google_hashcode,34,irace_final,720.000000,600.000000,120.000000,5689822,5690429,23372244,75.653048,0.010668,606.611952,output/operator_group_ablation/ILS_iRace/drop_order_operators/seed_034/input/google_hashcode/c_incunabula.txt,,,da27c8e3402deb8a0832aaa211b98a39d670003f,true,3.11.2,Linux-6.1.0-44-cloud-amd64-x86_64-with-glibc2.36,
ok,ILS_iRace,drop_strategic_operators,full,operator_group_ablation,group:strategic,input/google_hashcode/c_incunabula.txt,google_hashcode,34,irace_final,720.000000,600.000000,120.000000,5689822,5690419,23372244,75.653091,0.010492,606.432212,output/operator_group_ablation/ILS_iRace/drop_strategic_operators/seed_034/input/google_hashcode/c_incunabula.txt,,,da27c8e3402deb8a0832aaa211b98a39d670003f,true,3.11.2,Linux-6.1.0-44-cloud-amd64-x86_64-with-glibc2.36,
ok,ILS_iRace,drop_insert_operators,full,operator_group_ablation,group:insert,input/google_hashcode/c_incunabula.txt,google_hashcode,45,irace_final,720.000000,600.000000,120.000000,5690052,5690429,23372244,75.653048,0.006626,607.455475,output/operator_group_ablation/ILS_iRace/drop_insert_operators/seed_045/input/google_hashcode/c_incunabula.txt,,,da27c8e3402deb8a0832aaa211b98a39d670003f,true,3.11.2,Linux-6.1.0-44-cloud-amd64-x86_64-with-glibc2.36,
ok,ILS_iRace,drop_order_operators,full,operator_group_ablation,group:order,input/google_hashcode/c_incunabula.txt,google_hashcode,45,irace_final,720.000000,600.000000,120.000000,5690052,5690419,23372244,75.653091,0.006450,607.692410,output/operator_group_ablation/ILS_iRace/drop_order_operators/seed_045/input/google_hashcode/c_incunabula.txt,,,da27c8e3402deb8a0832aaa211b98a39d670003f,true,3.11.2,Linux-6.1.0-44-cloud-amd64-x86_64-with-glibc2.36,
ok,ILS_iRace,drop_strategic_operators,full,operator_group_ablation,group:strategic,input/google_hashcode/c_incunabula.txt,google_hashcode,45,irace_final,720.000000,600.000000,120.000000,5690052,5690419,23372244,75.653091,0.006450,607.312908,output/operator_group_ablation/ILS_iRace/drop_strategic_operators/seed_045/input/google_hashcode/c_incunabula.txt,,,da27c8e3402deb8a0832aaa211b98a39d670003f,true,3.11.2,Linux-6.1.0-44-cloud-amd64-x86_64-with-glibc2.36,
ok,ILS_iRace,drop_insert_operators,full,operator_group_ablation,group:insert,input/google_hashcode/c_incunabula.txt,google_hashcode,56,irace_final,720.000000,600.000000,120.000000,5689822,5690468,23372244,75.652881,0.011354,607.544662,output/operator_group_ablation/ILS_iRace/drop_insert_operators/seed_056/input/google_hashcode/c_incunabula.txt,,,da27c8e3402deb8a0832aaa211b98a39d670003f,true,3.11.2,Linux-6.1.0-44-cloud-amd64-x86_64-with-glibc2.36,
ok,ILS_iRace,drop_order_operators,full,operator_group_ablation,group:order,input/google_hashcode/c_incunabula.txt,google_hashcode,56,irace_final,720.000000,600.000000,120.000000,5689822,5690468,23372244,75.652881,0.011354,606.534907,output/operator_group_ablation/ILS_iRace/drop_order_operators/seed_056/input/google_hashcode/c_incunabula.txt,,,da27c8e3402deb8a0832aaa211b98a39d670003f,true,3.11.2,Linux-6.1.0-44-cloud-amd64-x86_64-with-glibc2.36,
ok,ILS_iRace,drop_strategic_operators,full,operator_group_ablation,group:strategic,input/google_hashcode/c_incunabula.txt,google_hashcode,56,irace_final,720.000000,600.000000,120.000000,5689822,5690419,23372244,75.653091,0.010492,606.478516,output/operator_group_ablation/ILS_iRace/drop_strategic_operators/seed_056/input/google_hashcode/c_incunabula.txt,,,da27c8e3402deb8a0832aaa211b98a39d670003f,true,3.11.2,Linux-6.1.0-44-cloud-amd64-x86_64-with-glibc2.36,
ok,ILS_iRace,drop_insert_operators,full,operator_group_ablation,group:insert,input/google_hashcode/c_incunabula.txt,google_hashcode,67,irace_final,720.000000,600.000000,120.000000,5690162,5690419,23372244,75.653091,0.004517,607.317863,output/operator_group_ablation/ILS_iRace/drop_insert_operators/seed_067/input/google_hashcode/c_incunabula.txt,,,da27c8e3402deb8a0832aaa211b98a39d670003f,true,3.11.2,Linux-6.1.0-44-cloud-amd64-x86_64-with-glibc2.36,
ok,ILS_iRace,drop_order_operators,full,operator_group_ablation,group:order,input/google_hashcode/c_incunabula.txt,google_hashcode,67,irace_final,720.000000,600.000000,120.000000,5690162,5690419,23372244,75.653091,0.004517,607.316201,output/operator_group_ablation/ILS_iRace/drop_order_operators/seed_067/input/google_hashcode/c_incunabula.txt,,,da27c8e3402deb8a0832aaa211b98a39d670003f,true,3.11.2,Linux-6.1.0-44-cloud-amd64-x86_64-with-glibc2.36,
ok,ILS_iRace,drop_strategic_operators,full,operator_group_ablation,group:strategic,input/google_hashcode/c_incunabula.txt,google_hashcode,67,irace_final,720.000000,600.000000,120.000000,5690162,5690419,23372244,75.653091,0.004517,607.452645,output/operator_group_ablation/ILS_iRace/drop_strategic_operators/seed_067/input/google_hashcode/c_incunabula.txt,,,da27c8e3402deb8a0832aaa211b98a39d670003f,true,3.11.2,Linux-6.1.0-44-cloud-amd64-x86_64-with-glibc2.36,
ok,ILS_iRace,drop_insert_operators,full,operator_group_ablation,group:insert,input/google_hashcode/c_incunabula.txt,google_hashcode,78,irace_final,720.000000,600.000000,120.000000,5690162,5690468,23372244,75.652881,0.005378,607.502814,output/operator_group_ablation/ILS_iRace/drop_insert_operators/seed_078/input/google_hashcode/c_incunabula.txt,,,da27c8e3402deb8a0832aaa211b98a39d670003f,true,3.11.2,Linux-6.1.0-44-cloud-amd64-x86_64-with-glibc2.36,
ok,ILS_iRace,drop_order_operators,full,operator_group_ablation,group:order,input/google_hashcode/c_incunabula.txt,google_hashcode,78,irace_final,720.000000,600.000000,120.000000,5690162,5690419,23372244,75.653091,0.004517,606.428903,output/operator_group_ablation/ILS_iRace/drop_order_operators/seed_078/input/google_hashcode/c_incunabula.txt,,,da27c8e3402deb8a0832aaa211b98a39d670003f,true,3.11.2,Linux-6.1.0-44-cloud-amd64-x86_64-with-glibc2.36,
ok,ILS_iRace,drop_strategic_operators,full,operator_group_ablation,group:strategic,input/google_hashcode/c_incunabula.txt,google_hashcode,78,irace_final,720.000000,600.000000,120.000000,5690162,5690419,23372244,75.653091,0.004517,606.421641,output/operator_group_ablation/ILS_iRace/drop_strategic_operators/seed_078/input/google_hashcode/c_incunabula.txt,,,da27c8e3402deb8a0832aaa211b98a39d670003f,true,3.11.2,Linux-6.1.0-44-cloud-amd64-x86_64-with-glibc2.36,
ok,ILS_iRace,drop_insert_operators,full,operator_group_ablation,group:insert,input/google_hashcode/c_incunabula.txt,google_hashcode,89,irace_final,720.000000,600.000000,120.000000,5689955,5690468,23372244,75.652881,0.009016,607.454996,output/operator_group_ablation/ILS_iRace/drop_insert_operators/seed_089/input/google_hashcode/c_incunabula.txt,,,da27c8e3402deb8a0832aaa211b98a39d670003f,true,3.11.2,Linux-6.1.0-44-cloud-amd64-x86_64-with-glibc2.36,
ok,ILS_iRace,drop_order_operators,full,operator_group_ablation,group:order,input/google_hashcode/c_incunabula.txt,google_hashcode,89,irace_final,720.000000,600.000000,120.000000,5689955,5690468,23372244,75.652881,0.009016,607.690533,output/operator_group_ablation/ILS_iRace/drop_order_operators/seed_089/input/google_hashcode/c_incunabula.txt,,,da27c8e3402deb8a0832aaa211b98a39d670003f,true,3.11.2,Linux-6.1.0-44-cloud-amd64-x86_64-with-glibc2.36,
ok,ILS_iRace,drop_strategic_operators,full,operator_group_ablation,group:strategic,input/google_hashcode/c_incunabula.txt,google_hashcode,89,irace_final,720.000000,600.000000,120.000000,5689955,5690403,23372244,75.653159,0.007874,607.381522,output/operator_group_ablation/ILS_iRace/drop_strategic_operators/seed_089/input/google_hashcode/c_incunabula.txt,,,da27c8e3402deb8a0832aaa211b98a39d670003f,true,3.11.2,Linux-6.1.0-44-cloud-amd64-x86_64-with-glibc2.36,
ok,ILS_iRace,drop_insert_operators,full,operator_group_ablation,group:insert,input/google_hashcode/c_incunabula.txt,google_hashcode,100,irace_final,720.000000,600.000000,120.000000,5689822,5690468,23372244,75.652881,0.011354,607.509300,output/operator_group_ablation/ILS_iRace/drop_insert_operators/seed_100/input/google_hashcode/c_incunabula.txt,,,da27c8e3402deb8a0832aaa211b98a39d670003f,true,3.11.2,Linux-6.1.0-44-cloud-amd64-x86_64-with-glibc2.36,
ok,ILS_iRace,drop_order_operators,full,operator_group_ablation,group:order,input/google_hashcode/c_incunabula.txt,google_hashcode,100,irace_final,720.000000,600.000000,120.000000,5689822,5690468,23372244,75.652881,0.011354,606.498356,output/operator_group_ablation/ILS_iRace/drop_order_operators/seed_100/input/google_hashcode/c_incunabula.txt,,,da27c8e3402deb8a0832aaa211b98a39d670003f,true,3.11.2,Linux-6.1.0-44-cloud-amd64-x86_64-with-glibc2.36,
ok,ILS_iRace,drop_strategic_operators,full,operator_group_ablation,group:strategic,input/google_hashcode/c_incunabula.txt,google_hashcode,100,irace_final,720.000000,600.000000,120.000000,5689822,5690419,23372244,75.653091,0.010492,606.423307,output/operator_group_ablation/ILS_iRace/drop_strategic_operators/seed_100/input/google_hashcode/c_incunabula.txt,,,da27c8e3402deb8a0832aaa211b98a39d670003f,true,3.11.2,Linux-6.1.0-44-cloud-amd64-x86_64-with-glibc2.36,
ok,ILS_iRace,drop_insert_operators,full,operator_group_ablation,group:insert,input/google_hashcode/d_tough_choices.txt,google_hashcode,1,irace_final,720.000000,600.000000,120.000000,5041660,5092165,5109000,0.329517,1.001753,618.782549,output/operator_group_ablation/ILS_iRace/drop_insert_operators/seed_001/input/google_hashcode/d_tough_choices.txt,,,da27c8e3402deb8a0832aaa211b98a39d670003f,true,3.11.2,Linux-6.1.0-44-cloud-amd64-x86_64-with-glibc2.36,
ok,ILS_iRace,drop_order_operators,full,operator_group_ablation,group:order,input/google_hashcode/d_tough_choices.txt,google_hashcode,1,irace_final,720.000000,600.000000,120.000000,5041660,5093790,5109000,0.297710,1.033985,618.865842,output/operator_group_ablation/ILS_iRace/drop_order_operators/seed_001/input/google_hashcode/d_tough_choices.txt,,,da27c8e3402deb8a0832aaa211b98a39d670003f,true,3.11.2,Linux-6.1.0-44-cloud-amd64-x86_64-with-glibc2.36,
ok,ILS_iRace,drop_strategic_operators,full,operator_group_ablation,group:strategic,input/google_hashcode/d_tough_choices.txt,google_hashcode,1,irace_final,720.000000,600.000000,120.000000,5041660,5041855,5109000,1.314249,0.003868,616.438632,output/operator_group_ablation/ILS_iRace/drop_strategic_operators/seed_001/input/google_hashcode/d_tough_choices.txt,,,da27c8e3402deb8a0832aaa211b98a39d670003f,true,3.11.2,Linux-6.1.0-44-cloud-amd64-x86_64-with-glibc2.36,
ok,ILS_iRace,drop_order_operators,full,operator_group_ablation,group:order,input/google_hashcode/d_tough_choices.txt,google_hashcode,12,irace_final,720.000000,600.000000,120.000000,5040295,5093855,5109000,0.296438,1.062636,612.514656,output/operator_group_ablation/ILS_iRace/drop_order_operators/seed_012/input/google_hashcode/d_tough_choices.txt,,,da27c8e3402deb8a0832aaa211b98a39d670003f,true,3.11.2,Linux-6.1.0-44-cloud-amd64-x86_64-with-glibc2.36,
ok,ILS_iRace,drop_insert_operators,full,operator_group_ablation,group:insert,input/google_hashcode/d_tough_choices.txt,google_hashcode,12,irace_final,720.000000,600.000000,120.000000,5040295,5091840,5109000,0.335878,1.022658,620.711301,output/operator_group_ablation/ILS_iRace/drop_insert_operators/seed_012/input/google_hashcode/d_tough_choices.txt,,,da27c8e3402deb8a0832aaa211b98a39d670003f,true,3.11.2,Linux-6.1.0-44-cloud-amd64-x86_64-with-glibc2.36,
ok,ILS_iRace,drop_strategic_operators,full,operator_group_ablation,group:strategic,input/google_hashcode/d_tough_choices.txt,google_hashcode,12,irace_final,720.000000,600.000000,120.000000,5040295,5041855,5109000,1.314249,0.030951,611.909755,output/operator_group_ablation/ILS_iRace/drop_strategic_operators/seed_012/input/google_hashcode/d_tough_choices.txt,,,da27c8e3402deb8a0832aaa211b98a39d670003f,true,3.11.2,Linux-6.1.0-44-cloud-amd64-x86_64-with-glibc2.36,
ok,ILS_iRace,drop_insert_operators,full,operator_group_ablation,group:insert,input/google_hashcode/d_tough_choices.txt,google_hashcode,23,irace_final,720.000000,600.000000,120.000000,5039450,5092165,5109000,0.329517,1.046047,616.581278,output/operator_group_ablation/ILS_iRace/drop_insert_operators/seed_023/input/google_hashcode/d_tough_choices.txt,,,da27c8e3402deb8a0832aaa211b98a39d670003f,true,3.11.2,Linux-6.1.0-44-cloud-amd64-x86_64-with-glibc2.36,
ok,ILS_iRace,drop_order_operators,full,operator_group_ablation,group:order,input/google_hashcode/d_tough_choices.txt,google_hashcode,23,irace_final,720.000000,600.000000,120.000000,5039450,5092685,5109000,0.319338,1.056365,616.725147,output/operator_group_ablation/ILS_iRace/drop_order_operators/seed_023/input/google_hashcode/d_tough_choices.txt,,,da27c8e3402deb8a0832aaa211b98a39d670003f,true,3.11.2,Linux-6.1.0-44-cloud-amd64-x86_64-with-glibc2.36,
ok,ILS_iRace,drop_strategic_operators,full,operator_group_ablation,group:strategic,input/google_hashcode/d_tough_choices.txt,google_hashcode,23,irace_final,720.000000,600.000000,120.000000,5039450,5041270,5109000,1.325700,0.036115,615.667405,output/operator_group_ablation/ILS_iRace/drop_strategic_operators/seed_023/input/google_hashcode/d_tough_choices.txt,,,da27c8e3402deb8a0832aaa211b98a39d670003f,true,3.11.2,Linux-6.1.0-44-cloud-amd64-x86_64-with-glibc2.36,
ok,ILS_iRace,drop_insert_operators,full,operator_group_ablation,group:insert,input/google_hashcode/d_tough_choices.txt,google_hashcode,34,irace_final,720.000000,600.000000,120.000000,5039450,5093790,5109000,0.297710,1.078292,612.967393,output/operator_group_ablation/ILS_iRace/drop_insert_operators/seed_034/input/google_hashcode/d_tough_choices.txt,,,da27c8e3402deb8a0832aaa211b98a39d670003f,true,3.11.2,Linux-6.1.0-44-cloud-amd64-x86_64-with-glibc2.36,
ok,ILS_iRace,drop_order_operators,full,operator_group_ablation,group:order,input/google_hashcode/d_tough_choices.txt,google_hashcode,34,irace_final,720.000000,600.000000,120.000000,5039450,5091645,5109000,0.339695,1.035728,616.228916,output/operator_group_ablation/ILS_iRace/drop_order_operators/seed_034/input/google_hashcode/d_tough_choices.txt,,,da27c8e3402deb8a0832aaa211b98a39d670003f,true,3.11.2,Linux-6.1.0-44-cloud-amd64-x86_64-with-glibc2.36,
ok,ILS_iRace,drop_strategic_operators,full,operator_group_ablation,group:strategic,input/google_hashcode/d_tough_choices.txt,google_hashcode,34,irace_final,720.000000,600.000000,120.000000,5039450,5040685,5109000,1.337150,0.024507,611.819620,output/operator_group_ablation/ILS_iRace/drop_strategic_operators/seed_034/input/google_hashcode/d_tough_choices.txt,,,da27c8e3402deb8a0832aaa211b98a39d670003f,true,3.11.2,Linux-6.1.0-44-cloud-amd64-x86_64-with-glibc2.36,
ok,ILS_iRace,drop_insert_operators,full,operator_group_ablation,group:insert,input/google_hashcode/d_tough_choices.txt,google_hashcode,45,irace_final,720.000000,600.000000,120.000000,5039450,5093335,5109000,0.306616,1.069264,617.444086,output/operator_group_ablation/ILS_iRace/drop_insert_operators/seed_045/input/google_hashcode/d_tough_choices.txt,,,da27c8e3402deb8a0832aaa211b98a39d670003f,true,3.11.2,Linux-6.1.0-44-cloud-amd64-x86_64-with-glibc2.36,
ok,ILS_iRace,drop_order_operators,full,operator_group_ablation,group:order,input/google_hashcode/d_tough_choices.txt,google_hashcode,45,irace_final,720.000000,600.000000,120.000000,5039450,5092620,5109000,0.320611,1.055075,617.155894,output/operator_group_ablation/ILS_iRace/drop_order_operators/seed_045/input/google_hashcode/d_tough_choices.txt,,,da27c8e3402deb8a0832aaa211b98a39d670003f,true,3.11.2,Linux-6.1.0-44-cloud-amd64-x86_64-with-glibc2.36,
ok,ILS_iRace,drop_strategic_operators,full,operator_group_ablation,group:strategic,input/google_hashcode/d_tough_choices.txt,google_hashcode,45,irace_final,720.000000,600.000000,120.000000,5039450,5040620,5109000,1.338422,0.023217,615.672213,output/operator_group_ablation/ILS_iRace/drop_strategic_operators/seed_045/input/google_hashcode/d_tough_choices.txt,,,da27c8e3402deb8a0832aaa211b98a39d670003f,true,3.11.2,Linux-6.1.0-44-cloud-amd64-x86_64-with-glibc2.36,
ok,ILS_iRace,drop_insert_operators,full,operator_group_ablation,group:insert,input/google_hashcode/d_tough_choices.txt,google_hashcode,56,irace_final,720.000000,600.000000,120.000000,5039450,5093725,5109000,0.298982,1.077002,611.804922,output/operator_group_ablation/ILS_iRace/drop_insert_operators/seed_056/input/google_hashcode/d_tough_choices.txt,,,da27c8e3402deb8a0832aaa211b98a39d670003f,true,3.11.2,Linux-6.1.0-44-cloud-amd64-x86_64-with-glibc2.36,
ok,ILS_iRace,drop_order_operators,full,operator_group_ablation,group:order,input/google_hashcode/d_tough_choices.txt,google_hashcode,56,irace_final,720.000000,600.000000,120.000000,5039450,5091125,5109000,0.349873,1.025410,620.434575,output/operator_group_ablation/ILS_iRace/drop_order_operators/seed_056/input/google_hashcode/d_tough_choices.txt,,,da27c8e3402deb8a0832aaa211b98a39d670003f,true,3.11.2,Linux-6.1.0-44-cloud-amd64-x86_64-with-glibc2.36,
ok,ILS_iRace,drop_strategic_operators,full,operator_group_ablation,group:strategic,input/google_hashcode/d_tough_choices.txt,google_hashcode,56,irace_final,720.000000,600.000000,120.000000,5039450,5041660,5109000,1.318066,0.043854,612.120691,output/operator_group_ablation/ILS_iRace/drop_strategic_operators/seed_056/input/google_hashcode/d_tough_choices.txt,,,da27c8e3402deb8a0832aaa211b98a39d670003f,true,3.11.2,Linux-6.1.0-44-cloud-amd64-x86_64-with-glibc2.36,
ok,ILS_iRace,drop_insert_operators,full,operator_group_ablation,group:insert,input/google_hashcode/d_tough_choices.txt,google_hashcode,67,irace_final,720.000000,600.000000,120.000000,5039450,5092685,5109000,0.319338,1.056365,616.329919,output/operator_group_ablation/ILS_iRace/drop_insert_operators/seed_067/input/google_hashcode/d_tough_choices.txt,,,da27c8e3402deb8a0832aaa211b98a39d670003f,true,3.11.2,Linux-6.1.0-44-cloud-amd64-x86_64-with-glibc2.36,
ok,ILS_iRace,drop_order_operators,full,operator_group_ablation,group:order,input/google_hashcode/d_tough_choices.txt,google_hashcode,67,irace_final,720.000000,600.000000,120.000000,5039450,5092425,5109000,0.324427,1.051206,619.195859,output/operator_group_ablation/ILS_iRace/drop_order_operators/seed_067/input/google_hashcode/d_tough_choices.txt,,,da27c8e3402deb8a0832aaa211b98a39d670003f,true,3.11.2,Linux-6.1.0-44-cloud-amd64-x86_64-with-glibc2.36,
ok,ILS_iRace,drop_strategic_operators,full,operator_group_ablation,group:strategic,input/google_hashcode/d_tough_choices.txt,google_hashcode,67,irace_final,720.000000,600.000000,120.000000,5039450,5041855,5109000,1.314249,0.047723,616.828968,output/operator_group_ablation/ILS_iRace/drop_strategic_operators/seed_067/input/google_hashcode/d_tough_choices.txt,,,da27c8e3402deb8a0832aaa211b98a39d670003f,true,3.11.2,Linux-6.1.0-44-cloud-amd64-x86_64-with-glibc2.36,
ok,ILS_iRace,drop_insert_operators,full,operator_group_ablation,group:insert,input/google_hashcode/d_tough_choices.txt,google_hashcode,78,irace_final,720.000000,600.000000,120.000000,5040425,5093075,5109000,0.311705,1.044555,611.940891,output/operator_group_ablation/ILS_iRace/drop_insert_operators/seed_078/input/google_hashcode/d_tough_choices.txt,,,da27c8e3402deb8a0832aaa211b98a39d670003f,true,3.11.2,Linux-6.1.0-44-cloud-amd64-x86_64-with-glibc2.36,
ok,ILS_iRace,drop_order_operators,full,operator_group_ablation,group:order,input/google_hashcode/d_tough_choices.txt,google_hashcode,78,irace_final,720.000000,600.000000,120.000000,5040425,5092945,5109000,0.314249,1.041976,617.465101,output/operator_group_ablation/ILS_iRace/drop_order_operators/seed_078/input/google_hashcode/d_tough_choices.txt,,,da27c8e3402deb8a0832aaa211b98a39d670003f,true,3.11.2,Linux-6.1.0-44-cloud-amd64-x86_64-with-glibc2.36,
ok,ILS_iRace,drop_strategic_operators,full,operator_group_ablation,group:strategic,input/google_hashcode/d_tough_choices.txt,google_hashcode,78,irace_final,720.000000,600.000000,120.000000,5040425,5041465,5109000,1.321883,0.020633,611.559307,output/operator_group_ablation/ILS_iRace/drop_strategic_operators/seed_078/input/google_hashcode/d_tough_choices.txt,,,da27c8e3402deb8a0832aaa211b98a39d670003f,true,3.11.2,Linux-6.1.0-44-cloud-amd64-x86_64-with-glibc2.36,
ok,ILS_iRace,drop_insert_operators,full,operator_group_ablation,group:insert,input/google_hashcode/d_tough_choices.txt,google_hashcode,89,irace_final,720.000000,600.000000,120.000000,5039450,5091710,5109000,0.338422,1.037018,615.662891,output/operator_group_ablation/ILS_iRace/drop_insert_operators/seed_089/input/google_hashcode/d_tough_choices.txt,,,da27c8e3402deb8a0832aaa211b98a39d670003f,true,3.11.2,Linux-6.1.0-44-cloud-amd64-x86_64-with-glibc2.36,
ok,ILS_iRace,drop_order_operators,full,operator_group_ablation,group:order,input/google_hashcode/d_tough_choices.txt,google_hashcode,89,irace_final,720.000000,600.000000,120.000000,5039450,5092815,5109000,0.316794,1.058945,615.833946,output/operator_group_ablation/ILS_iRace/drop_order_operators/seed_089/input/google_hashcode/d_tough_choices.txt,,,da27c8e3402deb8a0832aaa211b98a39d670003f,true,3.11.2,Linux-6.1.0-44-cloud-amd64-x86_64-with-glibc2.36,
ok,ILS_iRace,drop_strategic_operators,full,operator_group_ablation,group:strategic,input/google_hashcode/d_tough_choices.txt,google_hashcode,89,irace_final,720.000000,600.000000,120.000000,5039450,5041790,5109000,1.315522,0.046434,616.215211,output/operator_group_ablation/ILS_iRace/drop_strategic_operators/seed_089/input/google_hashcode/d_tough_choices.txt,,,da27c8e3402deb8a0832aaa211b98a39d670003f,true,3.11.2,Linux-6.1.0-44-cloud-amd64-x86_64-with-glibc2.36,
ok,ILS_iRace,drop_insert_operators,full,operator_group_ablation,group:insert,input/google_hashcode/d_tough_choices.txt,google_hashcode,100,irace_final,720.000000,600.000000,120.000000,5040230,5092880,5109000,0.315522,1.044595,611.832357,output/operator_group_ablation/ILS_iRace/drop_insert_operators/seed_100/input/google_hashcode/d_tough_choices.txt,,,da27c8e3402deb8a0832aaa211b98a39d670003f,true,3.11.2,Linux-6.1.0-44-cloud-amd64-x86_64-with-glibc2.36,
ok,ILS_iRace,drop_order_operators,full,operator_group_ablation,group:order,input/google_hashcode/d_tough_choices.txt,google_hashcode,100,irace_final,720.000000,600.000000,120.000000,5040230,5092360,5109000,0.325700,1.034278,616.281671,output/operator_group_ablation/ILS_iRace/drop_order_operators/seed_100/input/google_hashcode/d_tough_choices.txt,,,da27c8e3402deb8a0832aaa211b98a39d670003f,true,3.11.2,Linux-6.1.0-44-cloud-amd64-x86_64-with-glibc2.36,
ok,ILS_iRace,drop_strategic_operators,full,operator_group_ablation,group:strategic,input/google_hashcode/d_tough_choices.txt,google_hashcode,100,irace_final,720.000000,600.000000,120.000000,5040230,5041075,5109000,1.329517,0.016765,612.023174,output/operator_group_ablation/ILS_iRace/drop_strategic_operators/seed_100/input/google_hashcode/d_tough_choices.txt,,,da27c8e3402deb8a0832aaa211b98a39d670003f,true,3.11.2,Linux-6.1.0-44-cloud-amd64-x86_64-with-glibc2.36,
ok,ILS_iRace,drop_insert_operators,full,operator_group_ablation,group:insert,input/google_hashcode/e_so_many_books.txt,google_hashcode,1,irace_final,720.000000,600.000000,120.000000,5222608,5240018,12457261,57.936034,0.333358,612.653190,output/operator_group_ablation/ILS_iRace/drop_insert_operators/seed_001/input/google_hashcode/e_so_many_books.txt,,,da27c8e3402deb8a0832aaa211b98a39d670003f,true,3.11.2,Linux-6.1.0-44-cloud-amd64-x86_64-with-glibc2.36,
ok,ILS_iRace,drop_order_operators,full,operator_group_ablation,group:order,input/google_hashcode/e_so_many_books.txt,google_hashcode,1,irace_final,720.000000,600.000000,120.000000,5222608,5239676,12457261,57.938780,0.326810,613.717428,output/operator_group_ablation/ILS_iRace/drop_order_operators/seed_001/input/google_hashcode/e_so_many_books.txt,,,da27c8e3402deb8a0832aaa211b98a39d670003f,true,3.11.2,Linux-6.1.0-44-cloud-amd64-x86_64-with-glibc2.36,
ok,ILS_iRace,drop_strategic_operators,full,operator_group_ablation,group:strategic,input/google_hashcode/e_so_many_books.txt,google_hashcode,1,irace_final,720.000000,600.000000,120.000000,5222608,5239925,12457261,57.936781,0.331578,613.706251,output/operator_group_ablation/ILS_iRace/drop_strategic_operators/seed_001/input/google_hashcode/e_so_many_books.txt,,,da27c8e3402deb8a0832aaa211b98a39d670003f,true,3.11.2,Linux-6.1.0-44-cloud-amd64-x86_64-with-glibc2.36,
ok,ILS_iRace,drop_insert_operators,full,operator_group_ablation,group:insert,input/google_hashcode/e_so_many_books.txt,google_hashcode,12,irace_final,720.000000,600.000000,120.000000,5222608,5240139,12457261,57.935063,0.335675,609.721398,output/operator_group_ablation/ILS_iRace/drop_insert_operators/seed_012/input/google_hashcode/e_so_many_books.txt,,,da27c8e3402deb8a0832aaa211b98a39d670003f,true,3.11.2,Linux-6.1.0-44-cloud-amd64-x86_64-with-glibc2.36,
ok,ILS_iRace,drop_order_operators,full,operator_group_ablation,group:order,input/google_hashcode/e_so_many_books.txt,google_hashcode,12,irace_final,720.000000,600.000000,120.000000,5222608,5239758,12457261,57.938121,0.328380,613.987509,output/operator_group_ablation/ILS_iRace/drop_order_operators/seed_012/input/google_hashcode/e_so_many_books.txt,,,da27c8e3402deb8a0832aaa211b98a39d670003f,true,3.11.2,Linux-6.1.0-44-cloud-amd64-x86_64-with-glibc2.36,
ok,ILS_iRace,drop_strategic_operators,full,operator_group_ablation,group:strategic,input/google_hashcode/e_so_many_books.txt,google_hashcode,12,irace_final,720.000000,600.000000,120.000000,5222608,5240084,12457261,57.935504,0.334622,610.304837,output/operator_group_ablation/ILS_iRace/drop_strategic_operators/seed_012/input/google_hashcode/e_so_many_books.txt,,,da27c8e3402deb8a0832aaa211b98a39d670003f,true,3.11.2,Linux-6.1.0-44-cloud-amd64-x86_64-with-glibc2.36,
ok,ILS_iRace,drop_insert_operators,full,operator_group_ablation,group:insert,input/google_hashcode/e_so_many_books.txt,google_hashcode,23,irace_final,720.000000,600.000000,120.000000,5222608,5239993,12457261,57.936235,0.332880,613.806243,output/operator_group_ablation/ILS_iRace/drop_insert_operators/seed_023/input/google_hashcode/e_so_many_books.txt,,,da27c8e3402deb8a0832aaa211b98a39d670003f,true,3.11.2,Linux-6.1.0-44-cloud-amd64-x86_64-with-glibc2.36,
ok,ILS_iRace,drop_order_operators,full,operator_group_ablation,group:order,input/google_hashcode/e_so_many_books.txt,google_hashcode,23,irace_final,720.000000,600.000000,120.000000,5222608,5239618,12457261,57.939245,0.325699,613.927889,output/operator_group_ablation/ILS_iRace/drop_order_operators/seed_023/input/google_hashcode/e_so_many_books.txt,,,da27c8e3402deb8a0832aaa211b98a39d670003f,true,3.11.2,Linux-6.1.0-44-cloud-amd64-x86_64-with-glibc2.36,
ok,ILS_iRace,drop_strategic_operators,full,operator_group_ablation,group:strategic,input/google_hashcode/e_so_many_books.txt,google_hashcode,23,irace_final,720.000000,600.000000,120.000000,5222608,5240005,12457261,57.936139,0.333109,613.683691,output/operator_group_ablation/ILS_iRace/drop_strategic_operators/seed_023/input/google_hashcode/e_so_many_books.txt,,,da27c8e3402deb8a0832aaa211b98a39d670003f,true,3.11.2,Linux-6.1.0-44-cloud-amd64-x86_64-with-glibc2.36,
ok,ILS_iRace,drop_insert_operators,full,operator_group_ablation,group:insert,input/google_hashcode/e_so_many_books.txt,google_hashcode,34,irace_final,720.000000,600.000000,120.000000,5222608,5240051,12457261,57.935769,0.333990,609.725135,output/operator_group_ablation/ILS_iRace/drop_insert_operators/seed_034/input/google_hashcode/e_so_many_books.txt,,,da27c8e3402deb8a0832aaa211b98a39d670003f,true,3.11.2,Linux-6.1.0-44-cloud-amd64-x86_64-with-glibc2.36,
ok,ILS_iRace,drop_order_operators,full,operator_group_ablation,group:order,input/google_hashcode/e_so_many_books.txt,google_hashcode,34,irace_final,720.000000,600.000000,120.000000,5222608,5239575,12457261,57.939590,0.324876,613.701708,output/operator_group_ablation/ILS_iRace/drop_order_operators/seed_034/input/google_hashcode/e_so_many_books.txt,,,da27c8e3402deb8a0832aaa211b98a39d670003f,true,3.11.2,Linux-6.1.0-44-cloud-amd64-x86_64-with-glibc2.36,
ok,ILS_iRace,drop_strategic_operators,full,operator_group_ablation,group:strategic,input/google_hashcode/e_so_many_books.txt,google_hashcode,34,irace_final,720.000000,600.000000,120.000000,5222608,5240104,12457261,57.935344,0.335005,609.842112,output/operator_group_ablation/ILS_iRace/drop_strategic_operators/seed_034/input/google_hashcode/e_so_many_books.txt,,,da27c8e3402deb8a0832aaa211b98a39d670003f,true,3.11.2,Linux-6.1.0-44-cloud-amd64-x86_64-with-glibc2.36,
ok,ILS_iRace,drop_insert_operators,full,operator_group_ablation,group:insert,input/google_hashcode/e_so_many_books.txt,google_hashcode,45,irace_final,720.000000,600.000000,120.000000,5222608,5239845,12457261,57.937423,0.330046,613.324818,output/operator_group_ablation/ILS_iRace/drop_insert_operators/seed_045/input/google_hashcode/e_so_many_books.txt,,,da27c8e3402deb8a0832aaa211b98a39d670003f,true,3.11.2,Linux-6.1.0-44-cloud-amd64-x86_64-with-glibc2.36,
ok,ILS_iRace,drop_order_operators,full,operator_group_ablation,group:order,input/google_hashcode/e_so_many_books.txt,google_hashcode,45,irace_final,720.000000,600.000000,120.000000,5222608,5239740,12457261,57.938266,0.328035,613.773805,output/operator_group_ablation/ILS_iRace/drop_order_operators/seed_045/input/google_hashcode/e_so_many_books.txt,,,da27c8e3402deb8a0832aaa211b98a39d670003f,true,3.11.2,Linux-6.1.0-44-cloud-amd64-x86_64-with-glibc2.36,
ok,ILS_iRace,drop_strategic_operators,full,operator_group_ablation,group:strategic,input/google_hashcode/e_so_many_books.txt,google_hashcode,45,irace_final,720.000000,600.000000,120.000000,5222608,5240074,12457261,57.935585,0.334431,613.742924,output/operator_group_ablation/ILS_iRace/drop_strategic_operators/seed_045/input/google_hashcode/e_so_many_books.txt,,,da27c8e3402deb8a0832aaa211b98a39d670003f,true,3.11.2,Linux-6.1.0-44-cloud-amd64-x86_64-with-glibc2.36,
ok,ILS_iRace,drop_insert_operators,full,operator_group_ablation,group:insert,input/google_hashcode/e_so_many_books.txt,google_hashcode,56,irace_final,720.000000,600.000000,120.000000,5222608,5240029,12457261,57.935946,0.333569,610.189107,output/operator_group_ablation/ILS_iRace/drop_insert_operators/seed_056/input/google_hashcode/e_so_many_books.txt,,,da27c8e3402deb8a0832aaa211b98a39d670003f,true,3.11.2,Linux-6.1.0-44-cloud-amd64-x86_64-with-glibc2.36,
ok,ILS_iRace,drop_order_operators,full,operator_group_ablation,group:order,input/google_hashcode/e_so_many_books.txt,google_hashcode,56,irace_final,720.000000,600.000000,120.000000,5222608,5239854,12457261,57.937351,0.330218,614.160071,output/operator_group_ablation/ILS_iRace/drop_order_operators/seed_056/input/google_hashcode/e_so_many_books.txt,,,da27c8e3402deb8a0832aaa211b98a39d670003f,true,3.11.2,Linux-6.1.0-44-cloud-amd64-x86_64-with-glibc2.36,
ok,ILS_iRace,drop_strategic_operators,full,operator_group_ablation,group:strategic,input/google_hashcode/e_so_many_books.txt,google_hashcode,56,irace_final,720.000000,600.000000,120.000000,5222608,5240029,12457261,57.935946,0.333569,610.369280,output/operator_group_ablation/ILS_iRace/drop_strategic_operators/seed_056/input/google_hashcode/e_so_many_books.txt,,,da27c8e3402deb8a0832aaa211b98a39d670003f,true,3.11.2,Linux-6.1.0-44-cloud-amd64-x86_64-with-glibc2.36,
ok,ILS_iRace,drop_insert_operators,full,operator_group_ablation,group:insert,input/google_hashcode/e_so_many_books.txt,google_hashcode,67,irace_final,720.000000,600.000000,120.000000,5222608,5240008,12457261,57.936115,0.333167,613.731118,output/operator_group_ablation/ILS_iRace/drop_insert_operators/seed_067/input/google_hashcode/e_so_many_books.txt,,,da27c8e3402deb8a0832aaa211b98a39d670003f,true,3.11.2,Linux-6.1.0-44-cloud-amd64-x86_64-with-glibc2.36,
ok,ILS_iRace,drop_order_operators,full,operator_group_ablation,group:order,input/google_hashcode/e_so_many_books.txt,google_hashcode,67,irace_final,720.000000,600.000000,120.000000,5222608,5239656,12457261,57.938940,0.326427,613.520238,output/operator_group_ablation/ILS_iRace/drop_order_operators/seed_067/input/google_hashcode/e_so_many_books.txt,,,da27c8e3402deb8a0832aaa211b98a39d670003f,true,3.11.2,Linux-6.1.0-44-cloud-amd64-x86_64-with-glibc2.36,
ok,ILS_iRace,drop_strategic_operators,full,operator_group_ablation,group:strategic,input/google_hashcode/e_so_many_books.txt,google_hashcode,67,irace_final,720.000000,600.000000,120.000000,5222608,5240105,12457261,57.935336,0.335024,609.951844,output/operator_group_ablation/ILS_iRace/drop_strategic_operators/seed_067/input/google_hashcode/e_so_many_books.txt,,,da27c8e3402deb8a0832aaa211b98a39d670003f,true,3.11.2,Linux-6.1.0-44-cloud-amd64-x86_64-with-glibc2.36,
ok,ILS_iRace,drop_insert_operators,full,operator_group_ablation,group:insert,input/google_hashcode/e_so_many_books.txt,google_hashcode,78,irace_final,720.000000,600.000000,120.000000,5222608,5239926,12457261,57.936773,0.331597,614.201954,output/operator_group_ablation/ILS_iRace/drop_insert_operators/seed_078/input/google_hashcode/e_so_many_books.txt,,,da27c8e3402deb8a0832aaa211b98a39d670003f,true,3.11.2,Linux-6.1.0-44-cloud-amd64-x86_64-with-glibc2.36,
ok,ILS_iRace,drop_order_operators,full,operator_group_ablation,group:order,input/google_hashcode/e_so_many_books.txt,google_hashcode,78,irace_final,720.000000,600.000000,120.000000,5222608,5239855,12457261,57.937343,0.330237,610.032817,output/operator_group_ablation/ILS_iRace/drop_order_operators/seed_078/input/google_hashcode/e_so_many_books.txt,,,da27c8e3402deb8a0832aaa211b98a39d670003f,true,3.11.2,Linux-6.1.0-44-cloud-amd64-x86_64-with-glibc2.36,
ok,ILS_iRace,drop_strategic_operators,full,operator_group_ablation,group:strategic,input/google_hashcode/e_so_many_books.txt,google_hashcode,78,irace_final,720.000000,600.000000,120.000000,5222608,5239785,12457261,57.937905,0.328897,613.732409,output/operator_group_ablation/ILS_iRace/drop_strategic_operators/seed_078/input/google_hashcode/e_so_many_books.txt,,,da27c8e3402deb8a0832aaa211b98a39d670003f,true,3.11.2,Linux-6.1.0-44-cloud-amd64-x86_64-with-glibc2.36,
ok,ILS_iRace,drop_insert_operators,full,operator_group_ablation,group:insert,input/google_hashcode/e_so_many_books.txt,google_hashcode,89,irace_final,720.000000,600.000000,120.000000,5222608,5239978,12457261,57.936355,0.332592,613.980603,output/operator_group_ablation/ILS_iRace/drop_insert_operators/seed_089/input/google_hashcode/e_so_many_books.txt,,,da27c8e3402deb8a0832aaa211b98a39d670003f,true,3.11.2,Linux-6.1.0-44-cloud-amd64-x86_64-with-glibc2.36,
ok,ILS_iRace,drop_order_operators,full,operator_group_ablation,group:order,input/google_hashcode/e_so_many_books.txt,google_hashcode,89,irace_final,720.000000,600.000000,120.000000,5222608,5239649,12457261,57.938996,0.326293,613.698143,output/operator_group_ablation/ILS_iRace/drop_order_operators/seed_089/input/google_hashcode/e_so_many_books.txt,,,da27c8e3402deb8a0832aaa211b98a39d670003f,true,3.11.2,Linux-6.1.0-44-cloud-amd64-x86_64-with-glibc2.36,
ok,ILS_iRace,drop_strategic_operators,full,operator_group_ablation,group:strategic,input/google_hashcode/e_so_many_books.txt,google_hashcode,89,irace_final,720.000000,600.000000,120.000000,5222608,5240114,12457261,57.935264,0.335197,610.086703,output/operator_group_ablation/ILS_iRace/drop_strategic_operators/seed_089/input/google_hashcode/e_so_many_books.txt,,,da27c8e3402deb8a0832aaa211b98a39d670003f,true,3.11.2,Linux-6.1.0-44-cloud-amd64-x86_64-with-glibc2.36,
ok,ILS_iRace,drop_insert_operators,full,operator_group_ablation,group:insert,input/google_hashcode/e_so_many_books.txt,google_hashcode,100,irace_final,720.000000,600.000000,120.000000,5222608,5239874,12457261,57.937190,0.330601,613.903813,output/operator_group_ablation/ILS_iRace/drop_insert_operators/seed_100/input/google_hashcode/e_so_many_books.txt,,,da27c8e3402deb8a0832aaa211b98a39d670003f,true,3.11.2,Linux-6.1.0-44-cloud-amd64-x86_64-with-glibc2.36,
ok,ILS_iRace,drop_order_operators,full,operator_group_ablation,group:order,input/google_hashcode/e_so_many_books.txt,google_hashcode,100,irace_final,720.000000,600.000000,120.000000,5222608,5239831,12457261,57.937535,0.329778,610.032195,output/operator_group_ablation/ILS_iRace/drop_order_operators/seed_100/input/google_hashcode/e_so_many_books.txt,,,da27c8e3402deb8a0832aaa211b98a39d670003f,true,3.11.2,Linux-6.1.0-44-cloud-amd64-x86_64-with-glibc2.36,
ok,ILS_iRace,drop_strategic_operators,full,operator_group_ablation,group:strategic,input/google_hashcode/e_so_many_books.txt,google_hashcode,100,irace_final,720.000000,600.000000,120.000000,5222608,5239853,12457261,57.937359,0.330199,614.200697,output/operator_group_ablation/ILS_iRace/drop_strategic_operators/seed_100/input/google_hashcode/e_so_many_books.txt,,,da27c8e3402deb8a0832aaa211b98a39d670003f,true,3.11.2,Linux-6.1.0-44-cloud-amd64-x86_64-with-glibc2.36,
ok,ILS_iRace,drop_insert_operators,full,operator_group_ablation,group:insert,input/google_hashcode/f_libraries_of_the_world.txt,google_hashcode,1,irace_final,720.000000,600.000000,120.000000,5340296,5348248,39885586,86.591026,0.148906,609.968431,output/operator_group_ablation/ILS_iRace/drop_insert_operators/seed_001/input/google_hashcode/f_libraries_of_the_world.txt,,,da27c8e3402deb8a0832aaa211b98a39d670003f,true,3.11.2,Linux-6.1.0-44-cloud-amd64-x86_64-with-glibc2.36,
ok,ILS_iRace,drop_order_operators,full,operator_group_ablation,group:order,input/google_hashcode/f_libraries_of_the_world.txt,google_hashcode,1,irace_final,720.000000,600.000000,120.000000,5340296,5348248,39885586,86.591026,0.148906,610.115738,output/operator_group_ablation/ILS_iRace/drop_order_operators/seed_001/input/google_hashcode/f_libraries_of_the_world.txt,,,da27c8e3402deb8a0832aaa211b98a39d670003f,true,3.11.2,Linux-6.1.0-44-cloud-amd64-x86_64-with-glibc2.36,
ok,ILS_iRace,drop_strategic_operators,full,operator_group_ablation,group:strategic,input/google_hashcode/f_libraries_of_the_world.txt,google_hashcode,1,irace_final,720.000000,600.000000,120.000000,5340296,5348248,39885586,86.591026,0.148906,607.856107,output/operator_group_ablation/ILS_iRace/drop_strategic_operators/seed_001/input/google_hashcode/f_libraries_of_the_world.txt,,,da27c8e3402deb8a0832aaa211b98a39d670003f,true,3.11.2,Linux-6.1.0-44-cloud-amd64-x86_64-with-glibc2.36,
ok,ILS_iRace,drop_insert_operators,full,operator_group_ablation,group:insert,input/google_hashcode/f_libraries_of_the_world.txt,google_hashcode,12,irace_final,720.000000,600.000000,120.000000,5340296,5348248,39885586,86.591026,0.148906,609.306945,output/operator_group_ablation/ILS_iRace/drop_insert_operators/seed_012/input/google_hashcode/f_libraries_of_the_world.txt,,,da27c8e3402deb8a0832aaa211b98a39d670003f,true,3.11.2,Linux-6.1.0-44-cloud-amd64-x86_64-with-glibc2.36,
ok,ILS_iRace,drop_order_operators,full,operator_group_ablation,group:order,input/google_hashcode/f_libraries_of_the_world.txt,google_hashcode,12,irace_final,720.000000,600.000000,120.000000,5340296,5348248,39885586,86.591026,0.148906,607.849033,output/operator_group_ablation/ILS_iRace/drop_order_operators/seed_012/input/google_hashcode/f_libraries_of_the_world.txt,,,da27c8e3402deb8a0832aaa211b98a39d670003f,true,3.11.2,Linux-6.1.0-44-cloud-amd64-x86_64-with-glibc2.36,
ok,ILS_iRace,drop_strategic_operators,full,operator_group_ablation,group:strategic,input/google_hashcode/f_libraries_of_the_world.txt,google_hashcode,12,irace_final,720.000000,600.000000,120.000000,5340296,5348248,39885586,86.591026,0.148906,609.828284,output/operator_group_ablation/ILS_iRace/drop_strategic_operators/seed_012/input/google_hashcode/f_libraries_of_the_world.txt,,,da27c8e3402deb8a0832aaa211b98a39d670003f,true,3.11.2,Linux-6.1.0-44-cloud-amd64-x86_64-with-glibc2.36,
ok,ILS_iRace,drop_insert_operators,full,operator_group_ablation,group:insert,input/google_hashcode/f_libraries_of_the_world.txt,google_hashcode,23,irace_final,720.000000,600.000000,120.000000,5340296,5348248,39885586,86.591026,0.148906,610.053767,output/operator_group_ablation/ILS_iRace/drop_insert_operators/seed_023/input/google_hashcode/f_libraries_of_the_world.txt,,,da27c8e3402deb8a0832aaa211b98a39d670003f,true,3.11.2,Linux-6.1.0-44-cloud-amd64-x86_64-with-glibc2.36,
ok,ILS_iRace,drop_order_operators,full,operator_group_ablation,group:order,input/google_hashcode/f_libraries_of_the_world.txt,google_hashcode,23,irace_final,720.000000,600.000000,120.000000,5340296,5348248,39885586,86.591026,0.148906,610.190719,output/operator_group_ablation/ILS_iRace/drop_order_operators/seed_023/input/google_hashcode/f_libraries_of_the_world.txt,,,da27c8e3402deb8a0832aaa211b98a39d670003f,true,3.11.2,Linux-6.1.0-44-cloud-amd64-x86_64-with-glibc2.36,
ok,ILS_iRace,drop_strategic_operators,full,operator_group_ablation,group:strategic,input/google_hashcode/f_libraries_of_the_world.txt,google_hashcode,23,irace_final,720.000000,600.000000,120.000000,5340296,5348248,39885586,86.591026,0.148906,607.786152,output/operator_group_ablation/ILS_iRace/drop_strategic_operators/seed_023/input/google_hashcode/f_libraries_of_the_world.txt,,,da27c8e3402deb8a0832aaa211b98a39d670003f,true,3.11.2,Linux-6.1.0-44-cloud-amd64-x86_64-with-glibc2.36,
ok,ILS_iRace,drop_insert_operators,full,operator_group_ablation,group:insert,input/google_hashcode/f_libraries_of_the_world.txt,google_hashcode,34,irace_final,720.000000,600.000000,120.000000,5340296,5348248,39885586,86.591026,0.148906,610.023291,output/operator_group_ablation/ILS_iRace/drop_insert_operators/seed_034/input/google_hashcode/f_libraries_of_the_world.txt,,,da27c8e3402deb8a0832aaa211b98a39d670003f,true,3.11.2,Linux-6.1.0-44-cloud-amd64-x86_64-with-glibc2.36,
ok,ILS_iRace,drop_order_operators,full,operator_group_ablation,group:order,input/google_hashcode/f_libraries_of_the_world.txt,google_hashcode,34,irace_final,720.000000,600.000000,120.000000,5340296,5348248,39885586,86.591026,0.148906,608.055266,output/operator_group_ablation/ILS_iRace/drop_order_operators/seed_034/input/google_hashcode/f_libraries_of_the_world.txt,,,da27c8e3402deb8a0832aaa211b98a39d670003f,true,3.11.2,Linux-6.1.0-44-cloud-amd64-x86_64-with-glibc2.36,
ok,ILS_iRace,drop_strategic_operators,full,operator_group_ablation,group:strategic,input/google_hashcode/f_libraries_of_the_world.txt,google_hashcode,34,irace_final,720.000000,600.000000,120.000000,5340296,5348248,39885586,86.591026,0.148906,609.770469,output/operator_group_ablation/ILS_iRace/drop_strategic_operators/seed_034/input/google_hashcode/f_libraries_of_the_world.txt,,,da27c8e3402deb8a0832aaa211b98a39d670003f,true,3.11.2,Linux-6.1.0-44-cloud-amd64-x86_64-with-glibc2.36,
ok,ILS_iRace,drop_insert_operators,full,operator_group_ablation,group:insert,input/google_hashcode/f_libraries_of_the_world.txt,google_hashcode,45,irace_final,720.000000,600.000000,120.000000,5340296,5348248,39885586,86.591026,0.148906,609.814279,output/operator_group_ablation/ILS_iRace/drop_insert_operators/seed_045/input/google_hashcode/f_libraries_of_the_world.txt,,,da27c8e3402deb8a0832aaa211b98a39d670003f,true,3.11.2,Linux-6.1.0-44-cloud-amd64-x86_64-with-glibc2.36,
ok,ILS_iRace,drop_order_operators,full,operator_group_ablation,group:order,input/google_hashcode/f_libraries_of_the_world.txt,google_hashcode,45,irace_final,720.000000,600.000000,120.000000,5340296,5348248,39885586,86.591026,0.148906,609.302125,output/operator_group_ablation/ILS_iRace/drop_order_operators/seed_045/input/google_hashcode/f_libraries_of_the_world.txt,,,da27c8e3402deb8a0832aaa211b98a39d670003f,true,3.11.2,Linux-6.1.0-44-cloud-amd64-x86_64-with-glibc2.36,
ok,ILS_iRace,drop_strategic_operators,full,operator_group_ablation,group:strategic,input/google_hashcode/f_libraries_of_the_world.txt,google_hashcode,45,irace_final,720.000000,600.000000,120.000000,5340296,5348248,39885586,86.591026,0.148906,607.849746,output/operator_group_ablation/ILS_iRace/drop_strategic_operators/seed_045/input/google_hashcode/f_libraries_of_the_world.txt,,,da27c8e3402deb8a0832aaa211b98a39d670003f,true,3.11.2,Linux-6.1.0-44-cloud-amd64-x86_64-with-glibc2.36,
ok,ILS_iRace,drop_insert_operators,full,operator_group_ablation,group:insert,input/google_hashcode/f_libraries_of_the_world.txt,google_hashcode,56,irace_final,720.000000,600.000000,120.000000,5340296,5348248,39885586,86.591026,0.148906,609.996428,output/operator_group_ablation/ILS_iRace/drop_insert_operators/seed_056/input/google_hashcode/f_libraries_of_the_world.txt,,,da27c8e3402deb8a0832aaa211b98a39d670003f,true,3.11.2,Linux-6.1.0-44-cloud-amd64-x86_64-with-glibc2.36,
ok,ILS_iRace,drop_order_operators,full,operator_group_ablation,group:order,input/google_hashcode/f_libraries_of_the_world.txt,google_hashcode,56,irace_final,720.000000,600.000000,120.000000,5340296,5348248,39885586,86.591026,0.148906,607.789028,output/operator_group_ablation/ILS_iRace/drop_order_operators/seed_056/input/google_hashcode/f_libraries_of_the_world.txt,,,da27c8e3402deb8a0832aaa211b98a39d670003f,true,3.11.2,Linux-6.1.0-44-cloud-amd64-x86_64-with-glibc2.36,
ok,ILS_iRace,drop_strategic_operators,full,operator_group_ablation,group:strategic,input/google_hashcode/f_libraries_of_the_world.txt,google_hashcode,56,irace_final,720.000000,600.000000,120.000000,5340296,5348248,39885586,86.591026,0.148906,609.681623,output/operator_group_ablation/ILS_iRace/drop_strategic_operators/seed_056/input/google_hashcode/f_libraries_of_the_world.txt,,,da27c8e3402deb8a0832aaa211b98a39d670003f,true,3.11.2,Linux-6.1.0-44-cloud-amd64-x86_64-with-glibc2.36,
ok,ILS_iRace,drop_insert_operators,full,operator_group_ablation,group:insert,input/google_hashcode/f_libraries_of_the_world.txt,google_hashcode,67,irace_final,720.000000,600.000000,120.000000,5340296,5348248,39885586,86.591026,0.148906,609.622041,output/operator_group_ablation/ILS_iRace/drop_insert_operators/seed_067/input/google_hashcode/f_libraries_of_the_world.txt,,,da27c8e3402deb8a0832aaa211b98a39d670003f,true,3.11.2,Linux-6.1.0-44-cloud-amd64-x86_64-with-glibc2.36,
ok,ILS_iRace,drop_order_operators,full,operator_group_ablation,group:order,input/google_hashcode/f_libraries_of_the_world.txt,google_hashcode,67,irace_final,720.000000,600.000000,120.000000,5340296,5348248,39885586,86.591026,0.148906,609.314825,output/operator_group_ablation/ILS_iRace/drop_order_operators/seed_067/input/google_hashcode/f_libraries_of_the_world.txt,,,da27c8e3402deb8a0832aaa211b98a39d670003f,true,3.11.2,Linux-6.1.0-44-cloud-amd64-x86_64-with-glibc2.36,
ok,ILS_iRace,drop_strategic_operators,full,operator_group_ablation,group:strategic,input/google_hashcode/f_libraries_of_the_world.txt,google_hashcode,67,irace_final,720.000000,600.000000,120.000000,5340296,5348248,39885586,86.591026,0.148906,608.021694,output/operator_group_ablation/ILS_iRace/drop_strategic_operators/seed_067/input/google_hashcode/f_libraries_of_the_world.txt,,,da27c8e3402deb8a0832aaa211b98a39d670003f,true,3.11.2,Linux-6.1.0-44-cloud-amd64-x86_64-with-glibc2.36,
ok,ILS_iRace,drop_insert_operators,full,operator_group_ablation,group:insert,input/google_hashcode/f_libraries_of_the_world.txt,google_hashcode,78,irace_final,720.000000,600.000000,120.000000,5340296,5348248,39885586,86.591026,0.148906,609.706580,output/operator_group_ablation/ILS_iRace/drop_insert_operators/seed_078/input/google_hashcode/f_libraries_of_the_world.txt,,,da27c8e3402deb8a0832aaa211b98a39d670003f,true,3.11.2,Linux-6.1.0-44-cloud-amd64-x86_64-with-glibc2.36,
ok,ILS_iRace,drop_order_operators,full,operator_group_ablation,group:order,input/google_hashcode/f_libraries_of_the_world.txt,google_hashcode,78,irace_final,720.000000,600.000000,120.000000,5340296,5348248,39885586,86.591026,0.148906,607.799461,output/operator_group_ablation/ILS_iRace/drop_order_operators/seed_078/input/google_hashcode/f_libraries_of_the_world.txt,,,da27c8e3402deb8a0832aaa211b98a39d670003f,true,3.11.2,Linux-6.1.0-44-cloud-amd64-x86_64-with-glibc2.36,
ok,ILS_iRace,drop_strategic_operators,full,operator_group_ablation,group:strategic,input/google_hashcode/f_libraries_of_the_world.txt,google_hashcode,78,irace_final,720.000000,600.000000,120.000000,5340296,5348248,39885586,86.591026,0.148906,609.191394,output/operator_group_ablation/ILS_iRace/drop_strategic_operators/seed_078/input/google_hashcode/f_libraries_of_the_world.txt,,,da27c8e3402deb8a0832aaa211b98a39d670003f,true,3.11.2,Linux-6.1.0-44-cloud-amd64-x86_64-with-glibc2.36,
ok,ILS_iRace,drop_insert_operators,full,operator_group_ablation,group:insert,input/google_hashcode/f_libraries_of_the_world.txt,google_hashcode,89,irace_final,720.000000,600.000000,120.000000,5340296,5348248,39885586,86.591026,0.148906,609.818972,output/operator_group_ablation/ILS_iRace/drop_insert_operators/seed_089/input/google_hashcode/f_libraries_of_the_world.txt,,,da27c8e3402deb8a0832aaa211b98a39d670003f,true,3.11.2,Linux-6.1.0-44-cloud-amd64-x86_64-with-glibc2.36,
ok,ILS_iRace,drop_order_operators,full,operator_group_ablation,group:order,input/google_hashcode/f_libraries_of_the_world.txt,google_hashcode,89,irace_final,720.000000,600.000000,120.000000,5340296,5348248,39885586,86.591026,0.148906,610.100870,output/operator_group_ablation/ILS_iRace/drop_order_operators/seed_089/input/google_hashcode/f_libraries_of_the_world.txt,,,da27c8e3402deb8a0832aaa211b98a39d670003f,true,3.11.2,Linux-6.1.0-44-cloud-amd64-x86_64-with-glibc2.36,
ok,ILS_iRace,drop_strategic_operators,full,operator_group_ablation,group:strategic,input/google_hashcode/f_libraries_of_the_world.txt,google_hashcode,89,irace_final,720.000000,600.000000,120.000000,5340296,5348248,39885586,86.591026,0.148906,607.728825,output/operator_group_ablation/ILS_iRace/drop_strategic_operators/seed_089/input/google_hashcode/f_libraries_of_the_world.txt,,,da27c8e3402deb8a0832aaa211b98a39d670003f,true,3.11.2,Linux-6.1.0-44-cloud-amd64-x86_64-with-glibc2.36,
ok,ILS_iRace,drop_insert_operators,full,operator_group_ablation,group:insert,input/google_hashcode/f_libraries_of_the_world.txt,google_hashcode,100,irace_final,720.000000,600.000000,120.000000,5340296,5348248,39885586,86.591026,0.148906,609.378479,output/operator_group_ablation/ILS_iRace/drop_insert_operators/seed_100/input/google_hashcode/f_libraries_of_the_world.txt,,,da27c8e3402deb8a0832aaa211b98a39d670003f,true,3.11.2,Linux-6.1.0-44-cloud-amd64-x86_64-with-glibc2.36,
ok,ILS_iRace,drop_order_operators,full,operator_group_ablation,group:order,input/google_hashcode/f_libraries_of_the_world.txt,google_hashcode,100,irace_final,720.000000,600.000000,120.000000,5340296,5348248,39885586,86.591026,0.148906,607.826956,output/operator_group_ablation/ILS_iRace/drop_order_operators/seed_100/input/google_hashcode/f_libraries_of_the_world.txt,,,da27c8e3402deb8a0832aaa211b98a39d670003f,true,3.11.2,Linux-6.1.0-44-cloud-amd64-x86_64-with-glibc2.36,
ok,ILS_iRace,drop_strategic_operators,full,operator_group_ablation,group:strategic,input/google_hashcode/f_libraries_of_the_world.txt,google_hashcode,100,irace_final,720.000000,600.000000,120.000000,5340296,5348248,39885586,86.591026,0.148906,609.076531,output/operator_group_ablation/ILS_iRace/drop_strategic_operators/seed_100/input/google_hashcode/f_libraries_of_the_world.txt,,,da27c8e3402deb8a0832aaa211b98a39d670003f,true,3.11.2,Linux-6.1.0-44-cloud-amd64-x86_64-with-glibc2.36,
